score	concepts	kinds	video	timestamp	url_ts	text
9	blue-light	always,because,only	Dr Jack Kruse _Anti-aging scientists wrong! Truth about  mTO	00:46:31.500	https://www.youtube.com/watch?v=cy8cByk8H00&t=2791	really really appreciated because you know the one thing that's always flummoxed me he goes why do we have so much melanops in our brain we all know blue light doesn't get through
9	blue-light	always,because,only	Dr Jack Kruse _Anti-aging scientists wrong! Truth about  mTO	00:46:33.780	https://www.youtube.com/watch?v=cy8cByk8H00&t=2793	because you know the one thing that's always flummoxed me he goes why do we have so much melanops in our brain we all know blue light doesn't get through our skull except through our eyes
9	circadian	never,because,only	Dr Jack Kruse On Biohacking Your Water, EMFs, Blue Light, DH	00:44:07.680	https://www.youtube.com/watch?v=kZZSLQFZnQM&t=2647	that because it controls circadian biology what have I been consistent about like when you read the letin prescription those six steps the one thing you're never going to see in there
8	mitochondria,red-light	always,never,because	Beyond DNA: The Electromagnetic Blueprint of Life - Jack Kru	01:11:21.900	https://www.youtube.com/watch?v=zrdRVDk66JE&t=4281	why red light has such tremendous benefits for mitochondria why because sunlight always has red in it when Blue's available but guess what your iPhone never does that's the whole
8	red-light	always,never,because	Blue Light Kills the Fit People | Dr. Jack Kruse | EP 15	00:27:44.679	https://www.youtube.com/watch?v=0IjUzKzfIbI&t=1664	underwear yeah to come down because he technically gets red light when he does that and it the the answer always for every human is natural light no matter what is always better yeah never make
8	leptin	always,never,because	The Science of Sunlight and Cold: This Will Transform Your H	00:48:57.319	https://www.youtube.com/watch?v=2EqExGl4rQU&t=2937	leptin prescription never never dealt with why because remember when I wrote it I wrote it in 2005 to 2008 okay melan opson we didn't find out about until 2017 I always knew there was an option
8	mitochondria	always,never,because	Red Light, Blue Light, Brain Damage: Dr. Jack Kruse Explains	00:23:33.280	https://www.youtube.com/watch?v=2njvFN-W4zc&t=1413	because guess what? The guy that controlled the budget, Anthony Fouchy, made sure we always focused in on RNA and DNA, not the mitochondrial DNA. That's why you never learned about UPES.
8	red-light	always,never,must	Sunlight Is the Source of Life | Dr. Jack Kruse | EP 04	01:15:11.400	https://www.youtube.com/watch?v=6ClqKnD10p4&t=4511	to send sets red light is always present UVA light UVB light especially where you guys are it changes die early and sees them so you need to realize that purple light is never present on Earth without
8	vitamin-d	must,because,only	Toxic Screens: How to Protect Eyes from Blue Light with Dr. 	00:29:18.159	https://www.youtube.com/watch?v=9zJynVS_rYc&t=1758	sense because that lowers your vitamin d level and that's the one thing that's been shown to be very beneficial for kovit19 so i think people need to realize that
8	vitamin-d	causes,because,only	Neuro Surgeon by Day | Mito Hacker By Night | Dr. Jack Kruse	00:55:21.910	https://www.youtube.com/watch?v=I537lQoiu5c&t=3321	"and you start going through the ophthalmologist literature and the dermatologist literature ... One of the things that I love doing because you know I'm a shit stirrer in medicine, I love sitting down with the dermatologists and say, ""Tell me, why is it that people have the highest rates of melanoma and skin cancers, have the lowest levels of Vitamin D, if UV light is the cause, and we know that 3"
8	vitamin-d	causes,because,only	Neuro Surgeon by Day | Mito Hacker By Night | Dr. Jack Kruse	00:55:25.910	https://www.youtube.com/watch?v=I537lQoiu5c&t=3325	"... One of the things that I love doing because you know I'm a shit stirrer in medicine, I love sitting down with the dermatologists and say, ""Tell me, why is it that people have the highest rates of melanoma and skin cancers, have the lowest levels of Vitamin D, if UV light is the cause, and we know that 312 nano of light is the only thing that converts cholesterol to the active form of Vitamin D"
8	vitamin-d	causes,because,only	Neuro Surgeon by Day | Mito Hacker By Night | Dr. Jack Kruse	00:55:31.369	https://www.youtube.com/watch?v=I537lQoiu5c&t=3331	"love sitting down with the dermatologists and say, ""Tell me, why is it that people have the highest rates of melanoma and skin cancers, have the lowest levels of Vitamin D, if UV light is the cause, and we know that 312 nano of light is the only thing that converts cholesterol to the active form of Vitamin D."" They just look at you and dribble on themselves, because this is in their literature."
8	vitamin-d	causes,because,only	Neuro Surgeon by Day | Mito Hacker By Night | Dr. Jack Kruse	00:55:36.470	https://www.youtube.com/watch?v=I537lQoiu5c&t=3336	"the highest rates of melanoma and skin cancers, have the lowest levels of Vitamin D, if UV light is the cause, and we know that 312 nano of light is the only thing that converts cholesterol to the active form of Vitamin D."" They just look at you and dribble on themselves, because this is in their literature. They know it, but you know what they haven't been able to explain?"
8	vitamin-d	causes,because,only	Neuro Surgeon by Day | Mito Hacker By Night | Dr. Jack Kruse	00:55:42.489	https://www.youtube.com/watch?v=I537lQoiu5c&t=3342	"light is the cause, and we know that 312 nano of light is the only thing that converts cholesterol to the active form of Vitamin D."" They just look at you and dribble on themselves, because this is in their literature. They know it, but you know what they haven't been able to explain? Why the incidence of melanoma on the skin and in the eye, is exponentially greater today"
8	EMF	never,must,evidence	Beyond DNA: The Electromagnetic Blueprint of Life - Jack Kru	00:50:56.160	https://www.youtube.com/watch?v=zrdRVDk66JE&t=3056	science is maybe we need to go back and re-look at this with A New Perspective now that never happened but that study was out there and we now know there is non-native EMF effects the the reason
8	mitochondria	always,never,because	Beyond DNA: The Electromagnetic Blueprint of Life - Jack Kru	01:11:24.060	https://www.youtube.com/watch?v=zrdRVDk66JE&t=4284	benefits for mitochondria why because sunlight always has red in it when Blue's available but guess what your iPhone never does that's the whole [&nbsp;__&nbsp;] point that's the reason I'm very
8	melanin	never,because,i-proved	Beyond DNA: The Electromagnetic Blueprint of Life - Jack Kru	02:19:45.300	https://www.youtube.com/watch?v=zrdRVDk66JE&t=8385	fascinated by it since I'm a little boy but I didn't know what melanin really did until I got to be about 40 years old then when I figured out I'm like this is the [&nbsp;__&nbsp;] Greatest Story never told
8	quantum	always,never,because	Jack Kruse & Andrew Huberman (Rick Rubin Tetragrammaton Podc	03:18:13.200	https://www.youtube.com/watch?v=zs82rGFo6qg&t=11893	he was eating the french fries when the&nbsp; accident occurred this is a lady who never ate&nbsp;&nbsp; potatoes now Andrew the reason I'm telling&nbsp; you this story as a neurosurgeon you know&nbsp;&nbsp; there's nothing in our textbooks that can&nbsp; explain this but the quantum coherence of&nbsp;&nbsp; water and the story about Luke Montagne can that&nbsp; happened before Montagne ever did h
7	melanin,mitochondria	always,must,because	Dr. Jack Kruse: Decentralizing Medicine and Shaping Future H	02:01:40.679	https://www.youtube.com/watch?v=OJaR2XgTmPI&t=7300	understand this there is a reason that all five of our senses and the six sense which is our mitochondria has paly and melanin always between the environment why because it has to sense that issue
7	melanin,mitochondria	always,must,because	Dr. Jack Kruse: Decentralizing Medicine and Shaping Future H	02:01:43.360	https://www.youtube.com/watch?v=OJaR2XgTmPI&t=7303	all five of our senses and the six sense which is our mitochondria has paly and melanin always between the environment why because it has to sense that issue why because if it doesn't the resulting
7	melanin,mitochondria	always,must,because	Dr. Jack Kruse: Decentralizing Medicine and Shaping Future H	02:01:47.079	https://www.youtube.com/watch?v=OJaR2XgTmPI&t=7307	which is our mitochondria has paly and melanin always between the environment why because it has to sense that issue why because if it doesn't the resulting waveform that comes out of the thalamus
7	melanin,oxygen	always,must,because	Interview with Dr. Jack Kruse (04-08-2025)	00:54:37.120	https://www.youtube.com/watch?v=wwNutyiyQ2I&t=3277	There's no oxygen there. What else isn't there? There's no melanin, either. And why is that the case? Because it's always photo-oxidized all the time. So, that means it has to
7	mitochondria	must,because,evidence	Red Light, Blue Light, Brain Damage: Dr. Jack Kruse Explains	00:42:05.920	https://www.youtube.com/watch?v=2njvFN-W4zc&t=2525	mitochondrial DNA that we're talking about because you need to understand well yeah that's a big deal. And then when you think about the things that we now know that when we monitor
7	circadian	always,must,because	The Most Epic Jack Kruse Interview EVER! EP #75 & #76, The L	01:16:05.280	https://www.youtube.com/watch?v=5W6x7EsE8C4&t=4565	developing cancer. Why? Because this growth is sped up. That's what the clocks do. That's what circadian biology is all about. So, the way we're built, the top clock always has to run faster
7	mitochondria	never,must,because	Sunlight Is the Source of Life | Dr. Jack Kruse | EP 04	00:11:27.240	https://www.youtube.com/watch?v=6ClqKnD10p4&t=687	need to understand the details of why and you're never really going to understand why we spend 99 of the NIH Budget on on studying nuclear DNA and not mitochondrial DNA because it was
7	circadian	never,must,because	Sunlight Is the Source of Life | Dr. Jack Kruse | EP 04	00:37:43.260	https://www.youtube.com/watch?v=6ClqKnD10p4&t=2263	and never need the prescription part the lever needs to go see the doctor no because you'll have optimized circadian biology because circadian
7	becker	never,causes,because	Episode 19: Dr. Jack Kruse - The Light Connection: ADHD, Sle	01:27:06.360	https://www.youtube.com/watch?v=IHSMqhrfvaU&t=5226	is maybe how we end the wounds create the wisdom you have to embrace the suck the chaos why because what did Becker tell us the wound creates the Regeneration and it's never a bad thing
7	becker	never,causes,because	Episode 19: Dr. Jack Kruse - The Light Connection: ADHD, Sle	01:27:08.800	https://www.youtube.com/watch?v=IHSMqhrfvaU&t=5228	the wisdom you have to embrace the suck the chaos why because what did Becker tell us the wound creates the Regeneration and it's never a bad thing if you learn the lesson from the wound
7	becker	never,causes,because	Episode 19: Dr. Jack Kruse - The Light Connection: ADHD, Sle	01:27:11.360	https://www.youtube.com/watch?v=IHSMqhrfvaU&t=5231	the chaos why because what did Becker tell us the wound creates the Regeneration and it's never a bad thing if you learn the lesson from the wound you know when it is a bad thing when you
7	melanin	always,must,because	Dr. Jack Kruse: Decentralizing Medicine and Shaping Future H	02:01:51.159	https://www.youtube.com/watch?v=OJaR2XgTmPI&t=7311	melanin always between the environment why because it has to sense that issue why because if it doesn't the resulting waveform that comes out of the thalamus is not going to be accurate what does
7	oxygen	always,only	How The Earth Was Made: From Molten Rock to Green Planet | F	00:00:20.854	https://www.youtube.com/watch?v=WgjBaXpuSE4&t=20	of rock 25,000 miles around. It is a refuge. 1/3 land, 2/3 water, and with an atmosphere rich in oxygen, it is the only known home in the universe for living creatures. But this blue-green oasis has not always been so welcoming.
7	oxygen	always,only	How The Earth Was Made: From Molten Rock to Green Planet | F	00:00:25.692	https://www.youtube.com/watch?v=WgjBaXpuSE4&t=25	It is a refuge. 1/3 land, 2/3 water, and with an atmosphere rich in oxygen, it is the only known home in the universe for living creatures. But this blue-green oasis has not always been so welcoming. The planet bears the scars of a traumatic past,
7	oxygen	always,only	How The Earth Was Made: From Molten Rock to Green Planet | F	00:00:30.280	https://www.youtube.com/watch?v=WgjBaXpuSE4&t=30	1/3 land, 2/3 water, and with an atmosphere rich in oxygen, it is the only known home in the universe for living creatures. But this blue-green oasis has not always been so welcoming. The planet bears the scars of a traumatic past, a past of extreme environments, and extreme catastrophes.
7	blue-light	causes,because,i-proved	Blue Light, EMF, Circadian Rhythm, Mitochondria and Quantum 	00:05:44.229	https://www.youtube.com/watch?v=X5WCYlaPAwM&t=344	and his papers that were published in science challenged that in a big way and I've been saying that for 15 years because it's how I figured out that blue light was the cause of my obesity and
7	blue-light	causes,because,i-proved	Blue Light, EMF, Circadian Rhythm, Mitochondria and Quantum 	00:05:45.850	https://www.youtube.com/watch?v=X5WCYlaPAwM&t=345	science challenged that in a big way and I've been saying that for 15 years because it's how I figured out that blue light was the cause of my obesity and simplified my gut flora and what I did
7	blue-light	causes,because,i-proved	Blue Light, EMF, Circadian Rhythm, Mitochondria and Quantum 	00:05:48.669	https://www.youtube.com/watch?v=X5WCYlaPAwM&t=348	I've been saying that for 15 years because it's how I figured out that blue light was the cause of my obesity and simplified my gut flora and what I did is I used the central retinal pathways
7	blue-light	causes,because,i-proved	Blue Light, EMF, Circadian Rhythm, Mitochondria and Quantum 	00:05:50.680	https://www.youtube.com/watch?v=X5WCYlaPAwM&t=350	because it's how I figured out that blue light was the cause of my obesity and simplified my gut flora and what I did is I used the central retinal pathways and my skin as well as my gut surface to
7	melanin	always,because,fundamental	Uncomfortable Truths with Dr Jack Kruse	02:11:58.739	https://www.youtube.com/watch?v=Zka4Lnire1k&t=7918	had with mushrooms when I was a teenager had no effect on me at all and I think the reason for that is because my brain has always had pretty good melanin in it uh and I fundamentally believe that
7	melanin	always,because,fundamental	Uncomfortable Truths with Dr Jack Kruse	02:12:00.719	https://www.youtube.com/watch?v=Zka4Lnire1k&t=7920	had no effect on me at all and I think the reason for that is because my brain has always had pretty good melanin in it uh and I fundamentally believe that these medications help people
7	melanin	always,because,fundamental	Uncomfortable Truths with Dr Jack Kruse	02:12:03.599	https://www.youtube.com/watch?v=Zka4Lnire1k&t=7923	the reason for that is because my brain has always had pretty good melanin in it uh and I fundamentally believe that these medications help people who have very poor melanin renovation in
7	pollack	always,because,fundamental	Godfather of Quantum Biology: Upbringing, Andrew Huberman, L	01:00:13.720	https://www.youtube.com/watch?v=amM835C0i94&t=3613	is why you know I fundamentally have a problem with anybody who's like Casey means Cali means uberman even Jerry poock you know I put Pollack in there because you know he he always cries well
7	pollack	always,must,because	Godfather of Quantum Biology: Upbringing, Andrew Huberman, L	01:00:19.079	https://www.youtube.com/watch?v=amM835C0i94&t=3619	means Cali means uberman even Jerry poock you know I put Pollack in there because you know he he always cries well I need more money to do it I dude how much money do you need to go to Petco
7	pollack	always,must,because	Godfather of Quantum Biology: Upbringing, Andrew Huberman, L	01:00:21.359	https://www.youtube.com/watch?v=amM835C0i94&t=3621	poock you know I put Pollack in there because you know he he always cries well I need more money to do it I dude how much money do you need to go to Petco and buy a UV Bowl and get some dyum
7	red-light	never,must,because	#57 - Dr. Jack Kruse	01:28:25.600	https://www.youtube.com/watch?v=drdn_hDGALk&t=5305	utilizing anybody's red light panel that's LED based, you will never change the dialectric constant of their fluid. Is that a study that needs to be done? Yes. Because when people begin to
7	blue-light	always,must,because	Dr. Jack Kruse Lost 133 lbs in 1 Year Without Exercising - W	00:17:42.679	https://www.youtube.com/watch?v=fskWPCapafI&t=1062	blue-blocking glasses or actually use amber bulbs in your house at nighttime because you really need to cut all blue light exposure. And you know, I I always like
7	blue-light	always,must,because	Dr. Jack Kruse Lost 133 lbs in 1 Year Without Exercising - W	00:17:44.960	https://www.youtube.com/watch?v=fskWPCapafI&t=1064	amber bulbs in your house at nighttime because you really need to cut all blue light exposure. And you know, I I always like to tell people, think about the Pink
7	blue-light	always,must,because	Dr. Jack Kruse Lost 133 lbs in 1 Year Without Exercising - W	00:17:47.040	https://www.youtube.com/watch?v=fskWPCapafI&t=1067	bulbs in your house at nighttime because you really need to cut all blue light exposure. And you know, I I always like to tell people, think about the Pink Floyd album back from, you know, the
7	blue-light	never,causes,because	Jack Kruse on How Light sculpts Your Microbiome & Implicatio	00:40:30.880	https://www.youtube.com/watch?v=g_rlcavhGLs&t=2430	turns out that you have to turn on riboflavin and if riboflavin is not in your diet why because blue light will destroy it that's one of the causes of Lupton resistance you know then it turns out that your microbiome simplifies that's how Jack got fat and I realized that this was a big issue the problem I never knew so I didn't know the link to
7	blue-light	never,causes,because	Jack Kruse on How Light sculpts Your Microbiome & Implicatio	00:40:35.240	https://www.youtube.com/watch?v=g_rlcavhGLs&t=2435	your diet why because blue light will destroy it that's one of the causes of Lupton resistance you know then it turns out that your microbiome simplifies that's how Jack got fat and I realized that this was a big issue the problem I never knew so I didn't know the link to melanopsin until about truly about 2014 that's when everything fell into place
7	EMF	always,causes,because	Dr Jack Kruse On Biohacking Your Water, EMFs, Blue Light, DH	01:24:56.040	https://www.youtube.com/watch?v=kZZSLQFZnQM&t=5096	don't feel an effect from it I was always wondering well if grounding is so important why is this not producing any effect for me well a lot of times it's because most of them cause their own EMF
7	EMF	always,causes,because	Dr Jack Kruse On Biohacking Your Water, EMFs, Blue Light, DH	01:24:58.199	https://www.youtube.com/watch?v=kZZSLQFZnQM&t=5098	always wondering well if grounding is so important why is this not producing any effect for me well a lot of times it's because most of them cause their own EMF problems to begin with and remember I'm
7	mitochondria	never,causes,because	Optimize Your Health in the Modern World with Dr. Jack Kruse	01:07:54.880	https://www.youtube.com/watch?v=mYMUiOMkKMM&t=4074	there is cause and effect and we want to keep you there because that's the gold standard if we can keep you focused on RNA and DNA you'll never get to the mitochondrial DNA thing where actually
7	photoelectric	only,i-proved	Optimize Your Health in the Modern World with Dr. Jack Kruse	01:46:51.639	https://www.youtube.com/watch?v=mYMUiOMkKMM&t=6411	looked at what Helm holds did I looked about what Herz did I looked at the thermodynamic gens and he goes I figured out the photoelectric effect this is the only way it could work could you expand
7	photoelectric	only,i-proved	Optimize Your Health in the Modern World with Dr. Jack Kruse	01:46:54.440	https://www.youtube.com/watch?v=mYMUiOMkKMM&t=6414	about what Herz did I looked at the thermodynamic gens and he goes I figured out the photoelectric effect this is the only way it could work could you expand on what the photoelectric effect is yeah
7	photoelectric	only,i-proved	Optimize Your Health in the Modern World with Dr. Jack Kruse	01:46:55.719	https://www.youtube.com/watch?v=mYMUiOMkKMM&t=6415	thermodynamic gens and he goes I figured out the photoelectric effect this is the only way it could work could you expand on what the photoelectric effect is yeah it's the electrons in an atom gets
7	EMF	always,causes,because	Dr. Jack Kruse: Circadian Biology, Melanin & How To Heal You	01:50:04.860	https://www.youtube.com/watch?v=mfXkXp37oZM&t=6604	that you have other uh needs and requirements in&nbsp; you that eating a a vegan diet or a vegetarian&nbsp;&nbsp; diet it's not wise now it doesn't mean you&nbsp; can't get away doing it for a long time we saw&nbsp;&nbsp; that for 5 000 years people in Southern India&nbsp; were able to do it but guess what people in&nbsp;&nbsp; Southern India used to be constantly outside&nbsp; no non-native EMF a
7	EMF	always,causes,because	Dr. Jack Kruse: Circadian Biology, Melanin & How To Heal You	01:50:09.660	https://www.youtube.com/watch?v=mfXkXp37oZM&t=6609	diet it's not wise now it doesn't mean you&nbsp; can't get away doing it for a long time we saw&nbsp;&nbsp; that for 5 000 years people in Southern India&nbsp; were able to do it but guess what people in&nbsp;&nbsp; Southern India used to be constantly outside&nbsp; no non-native EMF always in the sun grounded&nbsp;&nbsp; now in the last 25 years since Google and Facebook&nbsp; moved all their stu
7	EMF	always,causes,because	Dr. Jack Kruse: Circadian Biology, Melanin & How To Heal You	01:50:17.220	https://www.youtube.com/watch?v=mfXkXp37oZM&t=6617	that for 5 000 years people in Southern India&nbsp; were able to do it but guess what people in&nbsp;&nbsp; Southern India used to be constantly outside&nbsp; no non-native EMF always in the sun grounded&nbsp;&nbsp; now in the last 25 years since Google and Facebook&nbsp; moved all their stuff over there they create they&nbsp;&nbsp; have created the most diabetics in the world&nbsp; combined wow m
7	EMF	always,causes,because	Dr. Jack Kruse: Circadian Biology, Melanin & How To Heal You	01:50:24.180	https://www.youtube.com/watch?v=mfXkXp37oZM&t=6624	Southern India used to be constantly outside&nbsp; no non-native EMF always in the sun grounded&nbsp;&nbsp; now in the last 25 years since Google and Facebook&nbsp; moved all their stuff over there they create they&nbsp;&nbsp; have created the most diabetics in the world&nbsp; combined wow most people don't even know that&nbsp;&nbsp; yeah 180 million people have become diabetic and&nbsp; vegetaria
7	mitochondria	never,causes,because	Dr. Jack Kruse: Circadian Biology, Melanin & How To Heal You	01:58:37.380	https://www.youtube.com/watch?v=mfXkXp37oZM&t=7117	what we just said should be no shock or why you&nbsp; never want to use fluoride why because it means&nbsp;&nbsp; that your water has lost the ability to imprint&nbsp; light inflammation and energy in it therefore&nbsp;&nbsp; there's not going to be the information&nbsp; transfer in your body that's the fundamental&nbsp;&nbsp; reason why what else does it do it's what I told&nbsp; uberman is that 
7	mitochondria	never,only	Interview with Dr. Jack Kruse (04-08-2025)	00:52:51.080	https://www.youtube.com/watch?v=wwNutyiyQ2I&t=3171	about the inner mitochondrial membrane? Two things. Doesn't have DHA in it. That should stop you cuz DHA is the only lipid that's never been replaced in 600
7	melanin	always,must,because	Interview with Dr. Jack Kruse (04-08-2025)	00:54:38.680	https://www.youtube.com/watch?v=wwNutyiyQ2I&t=3278	there? There's no melanin, either. And why is that the case? Because it's always photo-oxidized all the time. So, that means it has to be turned over constantly. Doesn't that
7	mitochondria	causes,because,i-proved	Jack Kruse & Andrew Huberman (Rick Rubin Tetragrammaton Podc	00:30:50.580	https://www.youtube.com/watch?v=zs82rGFo6qg&t=1850	and you can put it underneath there and if you&nbsp; look at the blogs that I wrote for you gentlemen&nbsp;&nbsp; I showed you pictures of living things flowers&nbsp; and you can see the emission you asked me a&nbsp;&nbsp; question about the light I'm telling you the key&nbsp; to this story is the light that we create inside&nbsp;&nbsp; now you're probably going to see the Quantum Leap&nbsp; that 
7	mitochondria	causes,because,i-proved	Jack Kruse & Andrew Huberman (Rick Rubin Tetragrammaton Podc	00:31:01.320	https://www.youtube.com/watch?v=zs82rGFo6qg&t=1861	I showed you pictures of living things flowers&nbsp; and you can see the emission you asked me a&nbsp;&nbsp; question about the light I'm telling you the key&nbsp; to this story is the light that we create inside&nbsp;&nbsp; now you're probably going to see the Quantum Leap&nbsp; that happen for me at Michelangelo's statue I&nbsp;&nbsp; realized that I needed to learn more about physics&nbsp; beca
7	melanin	never,must,because	Jack Kruse & Andrew Huberman (Rick Rubin Tetragrammaton Podc	01:04:10.920	https://www.youtube.com/watch?v=zs82rGFo6qg&t=3850	sidebars because I think it fills in the gaps&nbsp; that's something I learned from Rick's book&nbsp;&nbsp; that we need to talk about either the&nbsp; sidebars and throw it all together so&nbsp;&nbsp; you never know you never know what somebody&nbsp; else is going to get but I want to give you&nbsp;&nbsp; guys in total how this happened to me because&nbsp; the story is unbelievable I can't believ
7	melanin	never,must,because	Jack Kruse & Andrew Huberman (Rick Rubin Tetragrammaton Podc	01:04:14.520	https://www.youtube.com/watch?v=zs82rGFo6qg&t=3854	that we need to talk about either the&nbsp; sidebars and throw it all together so&nbsp;&nbsp; you never know you never know what somebody&nbsp; else is going to get but I want to give you&nbsp;&nbsp; guys in total how this happened to me because&nbsp; the story is unbelievable I can't believe it um getting emotional about it so the little&nbsp; creatures take the melanin and they internalize&nbsp;
7	photosynthesis	never,causes,because	Jack Kruse & Andrew Huberman (Rick Rubin Tetragrammaton Podc	01:30:19.740	https://www.youtube.com/watch?v=zs82rGFo6qg&t=5419	um I found that person you know what my crazy&nbsp; question was before I did this biohack on myself&nbsp;&nbsp; I said how long I I if the KT asteroid was six&nbsp; miles wide how long was photosynthesis disrupted&nbsp;&nbsp; to cause this process I thought you know from&nbsp; the books I had read they said anywhere from&nbsp;&nbsp; 100 to A Thousand Years I'm going that's kind of&nbsp; impossibl
7	photosynthesis	never,causes,because	Jack Kruse & Andrew Huberman (Rick Rubin Tetragrammaton Podc	01:30:24.540	https://www.youtube.com/watch?v=zs82rGFo6qg&t=5424	I said how long I I if the KT asteroid was six&nbsp; miles wide how long was photosynthesis disrupted&nbsp;&nbsp; to cause this process I thought you know from&nbsp; the books I had read they said anywhere from&nbsp;&nbsp; 100 to A Thousand Years I'm going that's kind of&nbsp; impossible to have the food chain disrupted that&nbsp;&nbsp; long for animals to survive because remember&nbsp; all the fo
7	photosynthesis	never,causes,because	Jack Kruse & Andrew Huberman (Rick Rubin Tetragrammaton Podc	01:30:29.700	https://www.youtube.com/watch?v=zs82rGFo6qg&t=5429	to cause this process I thought you know from&nbsp; the books I had read they said anywhere from&nbsp;&nbsp; 100 to A Thousand Years I'm going that's kind of&nbsp; impossible to have the food chain disrupted that&nbsp;&nbsp; long for animals to survive because remember&nbsp; all the food web and this plant is tied to&nbsp;&nbsp; photosynthesis contrary to what the food girls&nbsp; tell you um the 
7	red-light	always,must,because	Jack Kruse & Andrew Huberman (Rick Rubin Tetragrammaton Podc	02:20:10.260	https://www.youtube.com/watch?v=zs82rGFo6qg&t=8410	PBM which is you know 600 to 1100 nanometer&nbsp; light actually does something that big Pharma&nbsp;&nbsp; has a pill for it is red light always the solution&nbsp; red light is uh I will tell you it's the base the&nbsp;&nbsp; one thing you need to know about red light is&nbsp; from the time the sun up to the time Sun's down&nbsp;&nbsp; uh red light is present now here's the interesting&nbsp; thin
7	red-light	always,must,because	Jack Kruse & Andrew Huberman (Rick Rubin Tetragrammaton Podc	02:20:15.000	https://www.youtube.com/watch?v=zs82rGFo6qg&t=8415	has a pill for it is red light always the solution&nbsp; red light is uh I will tell you it's the base the&nbsp;&nbsp; one thing you need to know about red light is&nbsp; from the time the sun up to the time Sun's down&nbsp;&nbsp; uh red light is present now here's the interesting&nbsp; thing IRB IRC which is also in the Solar spectrum&nbsp;&nbsp; because solar Spectrum goes to 3100 like if you&nb
7	circadian	always,causes,because	Jack Kruse & Andrew Huberman (Rick Rubin Tetragrammaton Podc	02:41:37.319	https://www.youtube.com/watch?v=zs82rGFo6qg&t=9697	always say in circadian biology I didn't say it&nbsp; first of course like light is the most powerful&nbsp;&nbsp; zeitge Gaber time keeper because temperature will&nbsp; shift your circadian clock eating will change your&nbsp;&nbsp; circadian clock um so but light is it light is&nbsp; the most dominant but I want you to know why I&nbsp;&nbsp; I know that you know this fact but you know what&nbsp; 
6	melanin,mitochondria,circadian	must,causes,fundamental	Dr. Jack Kruse: Circadian Biology, Melanin & How To Heal You	00:53:13.920	https://www.youtube.com/watch?v=mfXkXp37oZM&t=3193	but I will tell you that some of the things about&nbsp; circadian biology some of the things that I write&nbsp;&nbsp; about some of the things I talk about death is the&nbsp; slowest form of of time we create or I should say&nbsp;&nbsp; maybe the other way around it was really bad um&nbsp; death is the slowest the slowest form of Health&nbsp;&nbsp; we create and we need to think about that we need
6	mitochondria,red-light,oxygen	must,causes,because	Jack Kruse & Andrew Huberman (Rick Rubin Tetragrammaton Podc	02:36:22.319	https://www.youtube.com/watch?v=zs82rGFo6qg&t=9382	from plus two to plus three what do you need to&nbsp; know you don't need to know a lot of fancy signs&nbsp;&nbsp; oxygen delivers to mitochondria when it's plus&nbsp; three and the reason why is what we talked to&nbsp;&nbsp; Andrew before about oxygen is Paramount what does&nbsp; that mean it's drawn to things with a magnetic&nbsp;&nbsp; field what is the atpase it's a faraday current&nbsp; elect
6	blue-light,EMF	must,causes,because	Regenerative Energy & the Light Inside You | Jack Kruse | 22	01:15:55.600	https://www.youtube.com/watch?v=67sLlXeMg2I&t=4555	from norcals work? We know that non-native EMF and blue light what's the fundamental thing they do? They cause a drop in NAD positive and pseudo hypoxia. That's all you need to know because what
6	blue-light,EMF	must,causes,because	Regenerative Energy & the Light Inside You | Jack Kruse | 22	01:15:57.840	https://www.youtube.com/watch?v=67sLlXeMg2I&t=4557	non-native EMF and blue light what's the fundamental thing they do? They cause a drop in NAD positive and pseudo hypoxia. That's all you need to know because what happens then? Blood glucose spikes. So
6	melanin,oxygen	never,evidence	Uncomfortable Truths with Dr Jack Kruse	00:59:22.140	https://www.youtube.com/watch?v=Zka4Lnire1k&t=3562	so when you have melanin you're creating huge amounts of oxygen tension in a Cell you're never going to be hypoxic well I want you to think about now biochemistry we now know clearly that when NAD
6	melanin,dopamine	causes,because,fundamental	#57 - Dr. Jack Kruse	01:01:59.920	https://www.youtube.com/watch?v=drdn_hDGALk&t=3719	leads to neurodeeneration. And fundamentally, this is the reason why everybody's addicted to things that emit microwaves and RF. Why? because it destroys your melanin, makes dopamine.
6	blue-light,EMF	must,causes,because	Jack Kruse on How Light sculpts Your Microbiome & Implicatio	00:40:22.520	https://www.youtube.com/watch?v=g_rlcavhGLs&t=2422	that's going on in the gut is radically different depending on the incident light EMF because it has to do with the free radical signal that's made and it turns out that you have to turn on riboflavin and if riboflavin is not in your diet why because blue light will destroy it that's one of the causes of Lupton resistance you know then it turns out
6	blue-light,EMF	must,causes,because	Jack Kruse on How Light sculpts Your Microbiome & Implicatio	00:40:27.170	https://www.youtube.com/watch?v=g_rlcavhGLs&t=2427	light EMF because it has to do with the free radical signal that's made and it turns out that you have to turn on riboflavin and if riboflavin is not in your diet why because blue light will destroy it that's one of the causes of Lupton resistance you know then it turns out that your microbiome simplifies that's how Jack got fat and I realized that
6	melanin,mitochondria	must,causes,fundamental	Dr. Jack Kruse: Circadian Biology, Melanin & How To Heal You	00:53:22.800	https://www.youtube.com/watch?v=mfXkXp37oZM&t=3202	about some of the things I talk about death is the&nbsp; slowest form of of time we create or I should say&nbsp;&nbsp; maybe the other way around it was really bad um&nbsp; death is the slowest the slowest form of Health&nbsp;&nbsp; we create and we need to think about that we need&nbsp; to think about the organization of cells we need&nbsp;&nbsp; to think about how melanin works with mitochondria
6	melanin,mitochondria	must,causes,fundamental	Dr. Jack Kruse: Circadian Biology, Melanin & How To Heal You	00:53:30.180	https://www.youtube.com/watch?v=mfXkXp37oZM&t=3210	maybe the other way around it was really bad um&nbsp; death is the slowest the slowest form of Health&nbsp;&nbsp; we create and we need to think about that we need&nbsp; to think about the organization of cells we need&nbsp;&nbsp; to think about how melanin works with mitochondria&nbsp; and really fundamentally why Rick was able to do&nbsp;&nbsp; the things that he was able to do and then you&nbsp
6	melanin,mitochondria	must,causes,fundamental	Dr. Jack Kruse: Circadian Biology, Melanin & How To Heal You	00:53:37.560	https://www.youtube.com/watch?v=mfXkXp37oZM&t=3217	we create and we need to think about that we need&nbsp; to think about the organization of cells we need&nbsp;&nbsp; to think about how melanin works with mitochondria&nbsp; and really fundamentally why Rick was able to do&nbsp;&nbsp; the things that he was able to do and then you&nbsp; know when you heard the story about him having&nbsp;&nbsp; to have this massive surgery after he's already&nbsp;
6	mitochondria,blue-light	must,causes,because	Banned Neurosurgeon: Decentralize Your Health B4 It's Too La	00:07:55.200	https://www.youtube.com/watch?v=unUTOBIXvdc&t=475	understand because I do think it's important that&nbsp; your breathing techniques should marry up to the&nbsp;&nbsp; environment that you're at why because let's just&nbsp; for argument sake say you're doing a breathing&nbsp;&nbsp; treatment and you're in London and they put you&nbsp; in um you know um a salt infused relaxation tub&nbsp;&nbsp; but it's blue lit yeah that's a problem because&nbsp; 
6	mitochondria,blue-light	must,causes,because	Banned Neurosurgeon: Decentralize Your Health B4 It's Too La	00:08:02.480	https://www.youtube.com/watch?v=unUTOBIXvdc&t=482	environment that you're at why because let's just&nbsp; for argument sake say you're doing a breathing&nbsp;&nbsp; treatment and you're in London and they put you&nbsp; in um you know um a salt infused relaxation tub&nbsp;&nbsp; but it's blue lit yeah that's a problem because&nbsp; the blue light causes a huge problem for your&nbsp;&nbsp; mitochondria warberg shifts you so the way in&nbsp; which y
6	mitochondria,blue-light	must,causes,because	Banned Neurosurgeon: Decentralize Your Health B4 It's Too La	00:08:08.240	https://www.youtube.com/watch?v=unUTOBIXvdc&t=488	treatment and you're in London and they put you&nbsp; in um you know um a salt infused relaxation tub&nbsp;&nbsp; but it's blue lit yeah that's a problem because&nbsp; the blue light causes a huge problem for your&nbsp;&nbsp; mitochondria warberg shifts you so the way in&nbsp; which you breathe needs to come down well if you&nbsp;&nbsp; espouse a breathing technique that breathes faster&nbsp; do y
6	mitochondria,blue-light	must,causes,because	Banned Neurosurgeon: Decentralize Your Health B4 It's Too La	00:08:13.280	https://www.youtube.com/watch?v=unUTOBIXvdc&t=493	but it's blue lit yeah that's a problem because&nbsp; the blue light causes a huge problem for your&nbsp;&nbsp; mitochondria warberg shifts you so the way in&nbsp; which you breathe needs to come down well if you&nbsp;&nbsp; espouse a breathing technique that breathes faster&nbsp; do you see how the mismatch would cause a problem&nbsp;&nbsp; and and the problem is the sophistication of&nbsp; peopl
6	blue-light,red-light	always,never	Dr. Jack Kruse: Reclaim Your Health, Wealth & Freedom in the	01:24:31.280	https://www.youtube.com/watch?v=zik08V9waJk&t=5071	red light is the antidote to Blue so guess what in the sun that's behind me you never get Blue by itself you always get the antidote with it that's the reason why blue light from the sun is
6	leptin,dopamine	because,only	Jack Kruse & Andrew Huberman (Rick Rubin Tetragrammaton Podc	00:02:43.620	https://www.youtube.com/watch?v=zs82rGFo6qg&t=163	dopamine and all of that is occurring within&nbsp; the action Spectra of sunlight I'd also love&nbsp;&nbsp; to learn from you about how changes in Ozone are&nbsp; changing did you read 29 I did did you like the&nbsp;&nbsp; whole story from the beginning because when you&nbsp; see it then you begin to go because the one thing&nbsp;&nbsp; that you and I I think are going to resonate&nbsp; a lot abou
6	quantum	rule,because	#58: Dr Jack Kruse - High Latitude Living, Cold Exposure, Su	00:29:30.760	https://www.youtube.com/watch?v=-VFTXZrbyNA&t=1770	then you begin to realize there is no correct answer and there is no real truth why because the truth is subject to new data that comes in and that actually is exactly what Quantum biology
6	quantum	rule,because	#58: Dr Jack Kruse - High Latitude Living, Cold Exposure, Su	00:29:33.960	https://www.youtube.com/watch?v=-VFTXZrbyNA&t=1773	correct answer and there is no real truth why because the truth is subject to new data that comes in and that actually is exactly what Quantum biology is about why because you can live at a
6	quantum	rule,because	#58: Dr Jack Kruse - High Latitude Living, Cold Exposure, Su	00:29:37.080	https://www.youtube.com/watch?v=-VFTXZrbyNA&t=1777	truth why because the truth is subject to new data that comes in and that actually is exactly what Quantum biology is about why because you can live at a very high latitude like you do and not
6	red-light	always,never	Blue Light Kills the Fit People | Dr. Jack Kruse | EP 15	00:27:48.559	https://www.youtube.com/watch?v=0IjUzKzfIbI&t=1668	technically gets red light when he does that and it the the answer always for every human is natural light no matter what is always better yeah never make that mistake like the problem is when I
6	melanin	because,only	Dr. Jack Kruse - Magnetism and Health	00:24:56.160	https://www.youtube.com/watch?v=0MmyVoqjkwQ&t=1496	to keep the MITF/AMPK pathway so that you're cognitively okay and you can still isotopically fractionate bad metals because melanin is the only way we do
6	melanin	because,only	Dr. Jack Kruse - Magnetism and Health	00:24:58.400	https://www.youtube.com/watch?v=0MmyVoqjkwQ&t=1498	pathway so that you're cognitively okay and you can still isotopically fractionate bad metals because melanin is the only way we do that.
6	melanin	because,only	Dr. Jack Kruse - Magnetism and Health	00:25:01.280	https://www.youtube.com/watch?v=0MmyVoqjkwQ&t=1501	and you can still isotopically fractionate bad metals because melanin is the only way we do that. I can't be any clearer than that. I
6	melanin	because,only	Dr. Jack Kruse - Magnetism and Health	00:25:03.160	https://www.youtube.com/watch?v=0MmyVoqjkwQ&t=1503	fractionate bad metals because melanin is the only way we do that. I can't be any clearer than that. I mean, this is like the whipped cream and
6	melanin	because,only	Dr. Jack Kruse - Magnetism and Health	00:25:05.680	https://www.youtube.com/watch?v=0MmyVoqjkwQ&t=1505	because melanin is the only way we do that. I can't be any clearer than that. I mean, this is like the whipped cream and cherry on top of Alexis Cowan's podcast.
6	melanin	always,i-proved	Dr. Jack Kruse - Magnetism and Health	01:21:28.880	https://www.youtube.com/watch?v=0MmyVoqjkwQ&t=4888	high-level signal here. How many times have I showed you that picture from tyrosine to melanin, and what do I always tell you?
6	melanin	always,i-proved	Dr. Jack Kruse - Magnetism and Health	01:21:32.720	https://www.youtube.com/watch?v=0MmyVoqjkwQ&t=4892	have I showed you that picture from tyrosine to melanin, and what do I always tell you? When you become hypoxic, that's how you
6	oxygen	must,only	Sunlight is King! w/ Dr. Jack Kruse	00:33:38.720	https://www.youtube.com/watch?v=2-AKskkKZzA&t=2018	audience. So if there's some problem with the quantum mechanics here, like for example, most people don't even know that oxygen is the only paramagnetic gas on the periodic table. Well, you need to
6	oxygen	must,only	Sunlight is King! w/ Dr. Jack Kruse	00:33:40.000	https://www.youtube.com/watch?v=2-AKskkKZzA&t=2020	with the quantum mechanics here, like for example, most people don't even know that oxygen is the only paramagnetic gas on the periodic table. Well, you need to know that how it affects things. Then
6	oxygen	must,only	Sunlight is King! w/ Dr. Jack Kruse	00:33:42.640	https://www.youtube.com/watch?v=2-AKskkKZzA&t=2022	for example, most people don't even know that oxygen is the only paramagnetic gas on the periodic table. Well, you need to know that how it affects things. Then think about what we said earlier about
6	oxygen	must,only	Sunlight is King! w/ Dr. Jack Kruse	00:33:44.960	https://www.youtube.com/watch?v=2-AKskkKZzA&t=2024	that oxygen is the only paramagnetic gas on the periodic table. Well, you need to know that how it affects things. Then think about what we said earlier about Wyoming. When you asked me about food,
6	mitochondria	always,never	Red Light, Blue Light, Brain Damage: Dr. Jack Kruse Explains	00:23:35.679	https://www.youtube.com/watch?v=2njvFN-W4zc&t=1415	controlled the budget, Anthony Fouchy, made sure we always focused in on RNA and DNA, not the mitochondrial DNA. That's why you never learned about UPES. That's why you never understood this
6	mitochondria	always,never	Red Light, Blue Light, Brain Damage: Dr. Jack Kruse Explains	00:23:39.280	https://www.youtube.com/watch?v=2njvFN-W4zc&t=1419	made sure we always focused in on RNA and DNA, not the mitochondrial DNA. That's why you never learned about UPES. That's why you never understood this recursive light. I I when I sit down and
6	red-light	because,only	Red Light, Blue Light, Brain Damage: Dr. Jack Kruse Explains	00:45:54.800	https://www.youtube.com/watch?v=2njvFN-W4zc&t=2754	long enough, what do I tell you is the single most important thing to do for your health? Sunrise. Why is that? Because Sunrise has the highest quality red light. That's the stuff that you're
6	blue-light	always,never	The Most Epic Jack Kruse Interview EVER! EP #75 & #76, The L	00:13:28.640	https://www.youtube.com/watch?v=5W6x7EsE8C4&t=808	Blue light from native situation, meaning the sun, is always balanced by red. So, it turns out, guess what runs all the regeneration programs in us? The red. So, you're never designed to see
6	mitochondria	always,never	Dr Jack Kruse | Counting Calories Doesn't Work!	00:00:38.960	https://www.youtube.com/watch?v=8V6D0GZbrAs&t=38	like light water magnetism and mitochondrial medicine that doctors and researchers never code for like for example every single study in obesity is always done on nocturnal
6	mitochondria	always,never	Dr Jack Kruse | Counting Calories Doesn't Work!	00:00:40.960	https://www.youtube.com/watch?v=8V6D0GZbrAs&t=40	mitochondrial medicine that doctors and researchers never code for like for example every single study in obesity is always done on nocturnal animals in a lab that's blue lit
6	vitamin-d	because,only	Toxic Screens: How to Protect Eyes from Blue Light with Dr. 	00:29:15.520	https://www.youtube.com/watch?v=9zJynVS_rYc&t=1755	on a scientific basis make absolutely no sense because that lowers your vitamin d level and that's the one thing that's been shown
6	vitamin-d	because,only	Toxic Screens: How to Protect Eyes from Blue Light with Dr. 	00:29:16.559	https://www.youtube.com/watch?v=9zJynVS_rYc&t=1756	a scientific basis make absolutely no sense because that lowers your vitamin d level and that's the one thing that's been shown to be very beneficial for kovit19
6	vitamin-d	must,only	Toxic Screens: How to Protect Eyes from Blue Light with Dr. 	00:29:20.880	https://www.youtube.com/watch?v=9zJynVS_rYc&t=1760	that lowers your vitamin d level and that's the one thing that's been shown to be very beneficial for kovit19 so i think people need to realize that blue blocking should be used while
6	vitamin-d	must,causes,because	How Obesity Begins in the Eye & How Sunlight is the Driving 	00:11:09.360	https://www.youtube.com/watch?v=AFLFYVgFI68&t=669	lowers your vitamin d by design so it actually creates a huge problem in your body and believe it or not when vitamin d drops what do you need to know because let's face it the
6	vitamin-d	must,causes,because	How Obesity Begins in the Eye & How Sunlight is the Driving 	00:11:10.720	https://www.youtube.com/watch?v=AFLFYVgFI68&t=670	so it actually creates a huge problem in your body and believe it or not when vitamin d drops what do you need to know because let's face it the current events right now globally
6	mitochondria	must,only	Episode 19: Dr. Jack Kruse - The Light Connection: ADHD, Sle	01:18:10.280	https://www.youtube.com/watch?v=IHSMqhrfvaU&t=4690	this is the beautiful part of decentralized medicine you don't need you need to understand every single cell in your body except one has mitochondria red blood cell is the only one that does
6	mitochondria	must,only	Episode 19: Dr. Jack Kruse - The Light Connection: ADHD, Sle	01:18:12.880	https://www.youtube.com/watch?v=IHSMqhrfvaU&t=4692	decentralized medicine you don't need you need to understand every single cell in your body except one has mitochondria red blood cell is the only one that does it that's it but do you understand the
6	mitochondria	must,only	Episode 19: Dr. Jack Kruse - The Light Connection: ADHD, Sle	01:18:16.520	https://www.youtube.com/watch?v=IHSMqhrfvaU&t=4696	you need to understand every single cell in your body except one has mitochondria red blood cell is the only one that does it that's it but do you understand the red blood cell also has a problem
6	mitochondria	because,only	Episode 19: Dr. Jack Kruse - The Light Connection: ADHD, Sle	01:18:18.040	https://www.youtube.com/watch?v=IHSMqhrfvaU&t=4698	in your body except one has mitochondria red blood cell is the only one that does it that's it but do you understand the red blood cell also has a problem because it's got he hemog
6	photosynthesis	because,only	Dr Jack Kruse: Light, Melanin, POMC in Human Evolution & Dis	00:16:13.380	https://www.youtube.com/watch?v=Ln3WszTq0uA&t=973	photosynthesis was interrupted but the one thing that we do know for sure it was interrupted enough that not one of those huge carnivore dinosaurs uh ever lived past that event because we
6	mitochondria	because,only	UC 327: Water, Light and Magnetism for Health with Dr Jack K	00:20:23.520	https://www.youtube.com/watch?v=MSJk1RDH7Aw&t=1223	world. Why? Because it turns out the way electromagnetic radiation works with your mitochondria it it means the environment that is literally one or two feet around you is the single most
6	mitochondria	because,only	UC 327: Water, Light and Magnetism for Health with Dr Jack K	01:00:41.680	https://www.youtube.com/watch?v=MSJk1RDH7Aw&t=3641	go away. Why? Because here's the good thing. Your country has great sun. &gt;&gt; And that's the single biggest thing. Your solar redux is the single fastest way to improve your mitochondria. The
6	mitochondria	causes,only	UC 327: Water, Light and Magnetism for Health with Dr Jack K	01:00:47.760	https://www.youtube.com/watch?v=MSJk1RDH7Aw&t=3647	Your solar redux is the single fastest way to improve your mitochondria. The problem is the water is so bad there that it can create big issues. Um,
6	blue-light	always,never	UC 327: Water, Light and Magnetism for Health with Dr Jack K	01:09:58.480	https://www.youtube.com/watch?v=MSJk1RDH7Aw&t=4198	way these are. I'm grateful for the fact that I've always been a sun advocate and I'd never wear glasses hardly. And I really am excited now to look closer at things like the blue light blockers,
6	blue-light	always,never	UC 327: Water, Light and Magnetism for Health with Dr Jack K	01:10:01.199	https://www.youtube.com/watch?v=MSJk1RDH7Aw&t=4201	that I've always been a sun advocate and I'd never wear glasses hardly. And I really am excited now to look closer at things like the blue light blockers, infrared, and of course, the most
6	mitochondria	must,because,fundamental	Nourish Vermont 2016 // Dr. Jack Kruse: How to Bio-Hack Your	00:10:57.079	https://www.youtube.com/watch?v=N-_DTk9hYvI&t=657	stop looking in the genome and I need to learn a little bit more about mitochondria because what is a mitoch Andria fundamentally it's an environmental
6	blue-light	must,only	Nourish Vermont 2016 // Dr. Jack Kruse: How to Bio-Hack Your	01:30:03.440	https://www.youtube.com/watch?v=N-_DTk9hYvI&t=5403	and I will tell you if you're a shift worker my advice term insurance make me the beneficiary it's KR e okay and it's the truth you need to protect blue light is the single biggest thing that's
6	blue-light	must,only	Nourish Vermont 2016 // Dr. Jack Kruse: How to Bio-Hack Your	01:30:07.960	https://www.youtube.com/watch?v=N-_DTk9hYvI&t=5407	worker my advice term insurance make me the beneficiary it's KR e okay and it's the truth you need to protect blue light is the single biggest thing that's destroying us and here's the irony and I
6	blue-light	must,only	Nourish Vermont 2016 // Dr. Jack Kruse: How to Bio-Hack Your	01:30:10.760	https://www.youtube.com/watch?v=N-_DTk9hYvI&t=5410	the beneficiary it's KR e okay and it's the truth you need to protect blue light is the single biggest thing that's destroying us and here's the irony and I don't know if Beth's still here it's the
6	blue-light	must,only	Nourish Vermont 2016 // Dr. Jack Kruse: How to Bio-Hack Your	01:30:12.679	https://www.youtube.com/watch?v=N-_DTk9hYvI&t=5412	the truth you need to protect blue light is the single biggest thing that's destroying us and here's the irony and I don't know if Beth's still here it's the single biggest thing that's destroying
6	photosynthesis	must,because,fundamental	Dr. Jack Kruse - Ketosis fails with circadian mismatches, qu	00:20:38.240	https://www.youtube.com/watch?v=SIs7wcGR0zY&t=1238	is interesting the path that I think people should go to really fundamentally understand this is what I told you earlier you need to understand photosynthesis why because Quantum
6	photosynthesis	must,because,fundamental	Dr. Jack Kruse - Ketosis fails with circadian mismatches, qu	00:20:39.400	https://www.youtube.com/watch?v=SIs7wcGR0zY&t=1239	people should go to really fundamentally understand this is what I told you earlier you need to understand photosynthesis why because Quantum physicists now know it happens in leaves
6	red-light	always,never	Blue Light, EMF, Circadian Rhythm, Mitochondria and Quantum 	00:18:42.820	https://www.youtube.com/watch?v=X5WCYlaPAwM&t=1122	his hosta study see how at the equator light never changes it's 12 hours of sunlight from sunup to sundown UV light shows up the same time every day red light is always present 12 hours a day
6	red-light	always,never	Blue Light, EMF, Circadian Rhythm, Mitochondria and Quantum 	00:18:45.700	https://www.youtube.com/watch?v=X5WCYlaPAwM&t=1125	light never changes it's 12 hours of sunlight from sunup to sundown UV light shows up the same time every day red light is always present 12 hours a day and the reason why Jeff found in the
6	red-light	because,only	Blue Light, EMF, Circadian Rhythm, Mitochondria and Quantum 	00:40:47.720	https://www.youtube.com/watch?v=X5WCYlaPAwM&t=2447	does your gut get that information because here's what most of your doctors listen to this and the patients that have these conditions don't know red light is the only part of the spectrum
6	red-light	because,only	Blue Light, EMF, Circadian Rhythm, Mitochondria and Quantum 	00:40:48.980	https://www.youtube.com/watch?v=X5WCYlaPAwM&t=2448	because here's what most of your doctors listen to this and the patients that have these conditions don't know red light is the only part of the spectrum of light that penetrates to touch every
6	oxygen	never,evidence	Uncomfortable Truths with Dr Jack Kruse	00:59:25.680	https://www.youtube.com/watch?v=Zka4Lnire1k&t=3565	huge amounts of oxygen tension in a Cell you're never going to be hypoxic well I want you to think about now biochemistry we now know clearly that when NAD positive drops at sine of curl One what
6	vitamin-d	must,causes,because	Uncomfortable Truths with Dr Jack Kruse	01:31:48.120	https://www.youtube.com/watch?v=Zka4Lnire1k&t=5508	like people don't realize when you take vitamin D pills what you're effectively doing because that's a fat lipid to get it to where it needs to go you have to create cholesterol in you LDL
6	vitamin-d	must,causes,because	Uncomfortable Truths with Dr Jack Kruse	01:31:50.520	https://www.youtube.com/watch?v=Zka4Lnire1k&t=5510	vitamin D pills what you're effectively doing because that's a fat lipid to get it to where it needs to go you have to create cholesterol in you LDL cholesterol to bring into those organs
6	deuterium	because,only	Uncomfortable Truths with Dr Jack Kruse	02:19:24.420	https://www.youtube.com/watch?v=Zka4Lnire1k&t=8364	it's deuterium depleted because it's gone through glycolysis so then it can enter the TCA cycle without having to go through that process again correct the one thing a lot of people I
6	red-light	must,causes,because	#57 - Dr. Jack Kruse	01:27:49.440	https://www.youtube.com/watch?v=drdn_hDGALk&t=5269	useless for this. You need to use sun. There is absolutely no question. Why? Because what do we know about vortexing? We know that UV and near infrared light create a
6	red-light	must,causes,because	#57 - Dr. Jack Kruse	01:27:51.360	https://www.youtube.com/watch?v=drdn_hDGALk&t=5271	for this. You need to use sun. There is absolutely no question. Why? Because what do we know about vortexing? We know that UV and near infrared light create a frequency called 0.66 electron volts
6	red-light	must,causes,because	dr Jack Kruse Podacast 2025	01:33:15.719	https://www.youtube.com/watch?v=iaEx7zhXIUI&t=5595	get him to do a study on red light and autism because that's how the pathway needs to start and I said I'll make a deal with you if you donate that money to those two causes I'll write you a
6	circadian	because,only	Dr Jack Kruse On Biohacking Your Water, EMFs, Blue Light, DH	00:43:57.960	https://www.youtube.com/watch?v=kZZSLQFZnQM&t=2637	what is the single most important physical Force in the ubiquination uh System Light and why is that because it controls circadian
6	mitochondria	must,because,fundamental	Dr Jack Kruse: WATER, non-native EMFs & mitochondrial basis 	00:51:36.599	https://www.youtube.com/watch?v=l9Ubguvfpys&t=3096	fundamentally false okay it's a sacred cow you need to go after means that you need to understand really how mitochondria work because of this change more and that's
6	leptin	must,because,fundamental	Optimize Your Health in the Modern World with Dr. Jack Kruse	03:27:52.560	https://www.youtube.com/watch?v=mYMUiOMkKMM&t=12472	of the prescription that I wrote 20 years ago the leptin prescription when you're in sunlight you don't need to eat food why because you're making energy from Light which is fundamentally the
6	leptin	must,because,fundamental	Optimize Your Health in the Modern World with Dr. Jack Kruse	03:27:53.840	https://www.youtube.com/watch?v=mYMUiOMkKMM&t=12473	years ago the leptin prescription when you're in sunlight you don't need to eat food why because you're making energy from Light which is fundamentally the reason I have huge problems with all the
6	circadian	must,causes,because	Dr. Jack Kruse: Sunlight is the Key to Health (Digestive Iss	01:55:21.679	https://www.youtube.com/watch?v=rKDl37lqEBg&t=6921	understand circadian biology the basics because he realized that if you're G to create the ultimate form of money what we call hard money that the governments can't steal it has to be valuable in
6	mitochondria	must,causes,because	Banned Neurosurgeon: Decentralize Your Health B4 It's Too La	00:08:20.160	https://www.youtube.com/watch?v=unUTOBIXvdc&t=500	mitochondria warberg shifts you so the way in&nbsp; which you breathe needs to come down well if you&nbsp;&nbsp; espouse a breathing technique that breathes faster&nbsp; do you see how the mismatch would cause a problem&nbsp;&nbsp; and and the problem is the sophistication of&nbsp; people that give this advice they do it you know&nbsp;&nbsp; I think at a spa level but not at a scientific&nbsp; lev
6	oxygen	must,causes,because	Banned Neurosurgeon: Decentralize Your Health B4 It's Too La	00:09:23.760	https://www.youtube.com/watch?v=unUTOBIXvdc&t=563	so if you're using a tool that doesn't measure&nbsp; accurately like when somebody is 86 87% the doctor&nbsp;&nbsp; is trained from medical school and residency&nbsp; oh we need to do something for their breathing&nbsp;&nbsp; because they can't breathe well and what did they&nbsp; default to the first thing they did is they put&nbsp;&nbsp; oxygen masks on or nasal canulas and what did I&nbsp; just
6	oxygen	must,causes,because	Banned Neurosurgeon: Decentralize Your Health B4 It's Too La	00:09:28.800	https://www.youtube.com/watch?v=unUTOBIXvdc&t=568	is trained from medical school and residency&nbsp; oh we need to do something for their breathing&nbsp;&nbsp; because they can't breathe well and what did they&nbsp; default to the first thing they did is they put&nbsp;&nbsp; oxygen masks on or nasal canulas and what did I&nbsp; just tell you your body has amazing wisdom in it&nbsp;&nbsp; get out of its way and let it do its own thing you&nbsp; do
6	oxygen	must,causes,because	Banned Neurosurgeon: Decentralize Your Health B4 It's Too La	00:09:37.040	https://www.youtube.com/watch?v=unUTOBIXvdc&t=577	because they can't breathe well and what did they&nbsp; default to the first thing they did is they put&nbsp;&nbsp; oxygen masks on or nasal canulas and what did I&nbsp; just tell you your body has amazing wisdom in it&nbsp;&nbsp; get out of its way and let it do its own thing you&nbsp; don't need to do any [&nbsp;__&nbsp;] to create a problem&nbsp;&nbsp; and unfortunately many people do that and 
6	oxygen	must,causes,because	Banned Neurosurgeon: Decentralize Your Health B4 It's Too La	00:09:44.560	https://www.youtube.com/watch?v=unUTOBIXvdc&t=584	oxygen masks on or nasal canulas and what did I&nbsp; just tell you your body has amazing wisdom in it&nbsp;&nbsp; get out of its way and let it do its own thing you&nbsp; don't need to do any [&nbsp;__&nbsp;] to create a problem&nbsp;&nbsp; and unfortunately many people do that and you know&nbsp; just so we finish this lesson because I think it's&nbsp;&nbsp; important just think about the functio
6	oxygen	must,causes,because	Banned Neurosurgeon: Decentralize Your Health B4 It's Too La	00:09:51.040	https://www.youtube.com/watch?v=unUTOBIXvdc&t=591	get out of its way and let it do its own thing you&nbsp; don't need to do any [&nbsp;__&nbsp;] to create a problem&nbsp;&nbsp; and unfortunately many people do that and you know&nbsp; just so we finish this lesson because I think it's&nbsp;&nbsp; important just think about the functional medicine&nbsp; doctors or you know what I would call the holistic&nbsp;&nbsp; doctors that tell you hey let's u
6	oxygen	always,never	Banned Neurosurgeon: Decentralize Your Health B4 It's Too La	00:56:15.280	https://www.youtube.com/watch?v=unUTOBIXvdc&t=3375	beginning of this podcast the great oxygenation&nbsp; event it's a very interesting event so one of the&nbsp;&nbsp; things that's always flammoxed Nick Lane is how&nbsp; we took bacteria and archa and put it together to&nbsp;&nbsp; make ukariots that's what we are and it turns&nbsp; out this happened when this great oxygenation&nbsp;&nbsp; event's coming but here's the interesting thing&nbsp; with
6	oxygen	always,never	Banned Neurosurgeon: Decentralize Your Health B4 It's Too La	00:56:20.320	https://www.youtube.com/watch?v=unUTOBIXvdc&t=3380	things that's always flammoxed Nick Lane is how&nbsp; we took bacteria and archa and put it together to&nbsp;&nbsp; make ukariots that's what we are and it turns&nbsp; out this happened when this great oxygenation&nbsp;&nbsp; event's coming but here's the interesting thing&nbsp; with bacteria and archa they never innovated&nbsp;&nbsp; he proteins and it turns Hem proteins are what&nbsp; protect yo
6	mitochondria	always,never	203: Dr. Jack Kruse - Bitcoin and Biology	00:45:19.280	https://www.youtube.com/watch?v=uzJYPj7mfyA&t=2719	of france living outside never got in a car she's always out nature always plugged into the decentralized network that mitochondria need maybe somebody
6	red-light	always,never	Dr. Jack Kruse: Reclaim Your Health, Wealth & Freedom in the	01:24:26.400	https://www.youtube.com/watch?v=zik08V9waJk&t=5066	there's a very specific action Spectra 250 to 600 nanom light that's red light red light is the antidote to Blue so guess what in the sun that's behind me you never get Blue by itself you always
6	red-light	always,never	Dr. Jack Kruse: Reclaim Your Health, Wealth & Freedom in the	01:24:28.840	https://www.youtube.com/watch?v=zik08V9waJk&t=5068	250 to 600 nanom light that's red light red light is the antidote to Blue so guess what in the sun that's behind me you never get Blue by itself you always get the antidote with it that's the
6	blue-light	always,never	Dr. Jack Kruse: Reclaim Your Health, Wealth & Freedom in the	01:24:33.400	https://www.youtube.com/watch?v=zik08V9waJk&t=5073	guess what in the sun that's behind me you never get Blue by itself you always get the antidote with it that's the reason why blue light from the sun is not like blue light from your device
6	blue-light	always,never	Dr. Jack Kruse: Reclaim Your Health, Wealth & Freedom in the	01:24:34.880	https://www.youtube.com/watch?v=zik08V9waJk&t=5074	you never get Blue by itself you always get the antidote with it that's the reason why blue light from the sun is not like blue light from your device guess what that's the information the
6	EMF	never,evidence	Beyond DNA: The Electromagnetic Blueprint of Life - Jack Kru	00:50:59.579	https://www.youtube.com/watch?v=zrdRVDk66JE&t=3059	re-look at this with A New Perspective now that never happened but that study was out there and we now know there is non-native EMF effects the the reason why it's important for me to tell you
6	EMF	never,evidence	Beyond DNA: The Electromagnetic Blueprint of Life - Jack Kru	00:51:01.920	https://www.youtube.com/watch?v=zrdRVDk66JE&t=3061	now that never happened but that study was out there and we now know there is non-native EMF effects the the reason why it's important for me to tell you about the story that's exactly what
6	blue-light	always,never	Beyond DNA: The Electromagnetic Blueprint of Life - Jack Kru	01:11:26.159	https://www.youtube.com/watch?v=zrdRVDk66JE&t=4286	sunlight always has red in it when Blue's available but guess what your iPhone never does that's the whole [&nbsp;__&nbsp;] point that's the reason I'm very allergic to Blue Light actually yeah I
6	melanin	never,i-proved	Beyond DNA: The Electromagnetic Blueprint of Life - Jack Kru	02:19:48.059	https://www.youtube.com/watch?v=zrdRVDk66JE&t=8388	but I didn't know what melanin really did until I got to be about 40 years old then when I figured out I'm like this is the [&nbsp;__&nbsp;] Greatest Story never told and when did I first tell that story in
6	dopamine	because,only	Jack Kruse & Andrew Huberman (Rick Rubin Tetragrammaton Podc	00:02:28.620	https://www.youtube.com/watch?v=zs82rGFo6qg&t=148	on board with what I've heard you say about the&nbsp; fact that the way that all the base pairs in DNA&nbsp;&nbsp; and the way that amino acids like tryptophan and&nbsp; tyrosine which are the precursors to serotonin and&nbsp;&nbsp; dopamine and all of that is occurring within&nbsp; the action Spectra of sunlight I'd also love&nbsp;&nbsp; to learn from you about how changes in Ozone are&nbsp; chan
6	dopamine	because,only	Jack Kruse & Andrew Huberman (Rick Rubin Tetragrammaton Podc	00:02:34.500	https://www.youtube.com/watch?v=zs82rGFo6qg&t=154	and the way that amino acids like tryptophan and&nbsp; tyrosine which are the precursors to serotonin and&nbsp;&nbsp; dopamine and all of that is occurring within&nbsp; the action Spectra of sunlight I'd also love&nbsp;&nbsp; to learn from you about how changes in Ozone are&nbsp; changing did you read 29 I did did you like the&nbsp;&nbsp; whole story from the beginning because when you&nbsp; see i
6	leptin	because,only	Jack Kruse & Andrew Huberman (Rick Rubin Tetragrammaton Podc	00:02:49.200	https://www.youtube.com/watch?v=zs82rGFo6qg&t=169	to learn from you about how changes in Ozone are&nbsp; changing did you read 29 I did did you like the&nbsp;&nbsp; whole story from the beginning because when you&nbsp; see it then you begin to go because the one thing&nbsp;&nbsp; that you and I I think are going to resonate&nbsp; a lot about Rick already knows this part of it&nbsp;&nbsp; but the Eureka moment for me was the leptin Milano&nbsp; co
6	leptin	because,only	Jack Kruse & Andrew Huberman (Rick Rubin Tetragrammaton Podc	00:02:53.340	https://www.youtube.com/watch?v=zs82rGFo6qg&t=173	whole story from the beginning because when you&nbsp; see it then you begin to go because the one thing&nbsp;&nbsp; that you and I I think are going to resonate&nbsp; a lot about Rick already knows this part of it&nbsp;&nbsp; but the Eureka moment for me was the leptin Milano&nbsp; court and pathway I wrote a Blog 15 years ago that&nbsp;&nbsp; I got pretty famous on the internet about it's&nbsp; c
6	circadian	always,never	Jack Kruse & Andrew Huberman (Rick Rubin Tetragrammaton Podc	00:16:32.340	https://www.youtube.com/watch?v=zs82rGFo6qg&t=992	six things are important turns out one of the&nbsp; things that are in there is alpha msh alpha msh&nbsp;&nbsp; is the reason you have a tan malarian stimulating&nbsp; hormone correct Alpha msh was big so I was like&nbsp;&nbsp; that's the part the biggest part of the story as I&nbsp; started to realize okay how do we assimilate light&nbsp;&nbsp; so one of the things in neurosurgery that always&nbs
6	circadian	always,never	Jack Kruse & Andrew Huberman (Rick Rubin Tetragrammaton Podc	00:16:40.500	https://www.youtube.com/watch?v=zs82rGFo6qg&t=1000	is the reason you have a tan malarian stimulating&nbsp; hormone correct Alpha msh was big so I was like&nbsp;&nbsp; that's the part the biggest part of the story as I&nbsp; started to realize okay how do we assimilate light&nbsp;&nbsp; so one of the things in neurosurgery that always&nbsp; confounded me in my training we never learned we&nbsp;&nbsp; know about the sen super cosmetic nucleus but we
6	circadian	always,never	Jack Kruse & Andrew Huberman (Rick Rubin Tetragrammaton Podc	00:16:46.140	https://www.youtube.com/watch?v=zs82rGFo6qg&t=1006	that's the part the biggest part of the story as I&nbsp; started to realize okay how do we assimilate light&nbsp;&nbsp; so one of the things in neurosurgery that always&nbsp; confounded me in my training we never learned we&nbsp;&nbsp; know about the sen super cosmetic nucleus but we&nbsp; didn't learn that much about circadian biology at&nbsp;&nbsp; all and I started to realize there were certain
6	circadian	always,never	Jack Kruse & Andrew Huberman (Rick Rubin Tetragrammaton Podc	00:16:52.860	https://www.youtube.com/watch?v=zs82rGFo6qg&t=1012	so one of the things in neurosurgery that always&nbsp; confounded me in my training we never learned we&nbsp;&nbsp; know about the sen super cosmetic nucleus but we&nbsp; didn't learn that much about circadian biology at&nbsp;&nbsp; all and I started to realize there were certain&nbsp; things I was taught in medical school that I knew&nbsp;&nbsp; were [&nbsp;__&nbsp;] place that I went to medical 
6	melanin	must,causes,because	Jack Kruse & Andrew Huberman (Rick Rubin Tetragrammaton Podc	01:29:40.440	https://www.youtube.com/watch?v=zs82rGFo6qg&t=5380	own light inside when the sun couldn't create it&nbsp; and melanin was the key to the story why because&nbsp;&nbsp; melanin is the darkest pigment on this planet&nbsp; it absorbs all frequencies of light so if you&nbsp;&nbsp; could create your own light inside you could get&nbsp; through that event so you can imagine Andrew the&nbsp;&nbsp; first thing that I thought of when all this was&nbsp; in m
6	mitochondria	because,only	Jack Kruse & Andrew Huberman (Rick Rubin Tetragrammaton Podc	03:24:17.880	https://www.youtube.com/watch?v=zs82rGFo6qg&t=12257	strength is the key to longevity no I think your&nbsp; heteroplasmic rate in your mitochondria here and&nbsp;&nbsp; here is the single most important thing if you're&nbsp; a human now if you're a gorilla I will agree with&nbsp;&nbsp; you and Peter they bury their mitochondrial&nbsp; density hence the reason they look as they do&nbsp;&nbsp; but what did we do from gorilla or eight to us&nbsp; we sh
6	mitochondria	because,only	Jack Kruse & Andrew Huberman (Rick Rubin Tetragrammaton Podc	03:24:25.560	https://www.youtube.com/watch?v=zs82rGFo6qg&t=12265	here is the single most important thing if you're&nbsp; a human now if you're a gorilla I will agree with&nbsp;&nbsp; you and Peter they bury their mitochondrial&nbsp; density hence the reason they look as they do&nbsp;&nbsp; but what did we do from gorilla or eight to us&nbsp; we shortened our guts expanded our brains we&nbsp;&nbsp; also lost our muscles why because what is energy&nbsp; in life i
6	melanin	always,never	Jack Kruse & Andrew Huberman (Rick Rubin Tetragrammaton Podc	03:46:26.220	https://www.youtube.com/watch?v=zs82rGFo6qg&t=13586	water is always adjacent to where melanin is&nbsp; and water does have a limit to what it can do&nbsp;&nbsp; and what happens is those melanin semiconductors&nbsp; in your ear degrade and if it's not recognized&nbsp;&nbsp; by the ENT doctor or the pediatrician what can&nbsp; happen is these kids can go from a very unusual&nbsp;&nbsp; hearing problem to a mental issue and many of&nbsp; the things t
5	mitochondria,cytochrome,red-light,iron	always,because	The Most Epic Jack Kruse Interview EVER! EP #75 & #76, The L	01:45:31.280	https://www.youtube.com/watch?v=5W6x7EsE8C4&t=6331	use that. Or if you want to do one and the other, I'm fine with that. But infrared is always helpful because the key red light chromophore in every mitochondria is a is cytochrome c
5	mitochondria,cytochrome,red-light,iron	always,because	The Most Epic Jack Kruse Interview EVER! EP #75 & #76, The L	01:45:34.200	https://www.youtube.com/watch?v=5W6x7EsE8C4&t=6334	the other, I'm fine with that. But infrared is always helpful because the key red light chromophore in every mitochondria is a is cytochrome c oxidase and the other one big one is
5	mitochondria,cytochrome,red-light,iron	always,because	The Most Epic Jack Kruse Interview EVER! EP #75 & #76, The L	01:45:36.040	https://www.youtube.com/watch?v=5W6x7EsE8C4&t=6336	infrared is always helpful because the key red light chromophore in every mitochondria is a is cytochrome c oxidase and the other one big one is blood. Blood is 93% water. And remember,
5	melanin,blue-light,dopamine	always,because	Uncomfortable Truths with Dr Jack Kruse	01:58:39.239	https://www.youtube.com/watch?v=Zka4Lnire1k&t=7119	always in the blue light Hazard between 435 and 465. I'm going to tell you the reason why because it lowers your dopamine level which means you degrade your melanin panels
5	melanin,dopamine,EMF	always,because	Dr. Jack Kruse: Circadian Biology, Melanin & How To Heal You	01:09:55.020	https://www.youtube.com/watch?v=mfXkXp37oZM&t=4195	this is now beginning to make some sense but what&nbsp; happens what's the other effect with non-native&nbsp;&nbsp; EMF it degrades melanin so that's when you have to&nbsp; look at all the slides and I don't know if you've&nbsp;&nbsp; seen my slides that I've done from probably 15&nbsp; to now I like to use this guy Alexander once a&nbsp;&nbsp; slide because he always shows you when you put&nbsp; 
5	melanin,dopamine,EMF	always,because	Dr. Jack Kruse: Circadian Biology, Melanin & How To Heal You	01:10:01.200	https://www.youtube.com/watch?v=mfXkXp37oZM&t=4201	EMF it degrades melanin so that's when you have to&nbsp; look at all the slides and I don't know if you've&nbsp;&nbsp; seen my slides that I've done from probably 15&nbsp; to now I like to use this guy Alexander once a&nbsp;&nbsp; slide because he always shows you when you put&nbsp; tyrosine phenylalanine on one side and it goes&nbsp;&nbsp; to melanin noradrenaline dopamine [Music] um&nbsp; all th
5	melanin,mitochondria,vitamin-d	always,because	Power of Light in Cancer Healing | SP Mini ft. Dr. Jack Krus	00:02:18.879	https://www.youtube.com/watch?v=sjg8IUmbqSY&t=138	You understand why he'll continue to always be at risk? Because if he doesn't understand the story of melanin, vitamin D, melatonin, the control of apoptosis, and mitochondrial biology, like I just
5	melanin,mitochondria,vitamin-d	always,because	Power of Light in Cancer Healing | SP Mini ft. Dr. Jack Krus	00:02:21.200	https://www.youtube.com/watch?v=sjg8IUmbqSY&t=141	always be at risk? Because if he doesn't understand the story of melanin, vitamin D, melatonin, the control of apoptosis, and mitochondrial biology, like I just gave you five layers to this onion.
5	mitochondria,red-light,leptin	because,i-proved	Jack Kruse & Andrew Huberman (Rick Rubin Tetragrammaton Podc	03:02:47.520	https://www.youtube.com/watch?v=zs82rGFo6qg&t=10967	you see it's got four red light chromophores&nbsp; 620 680 760 and 860. Chantal can tell you&nbsp;&nbsp; what are the frequencies that we program into&nbsp; the bed to everybody that comes in to see us&nbsp;&nbsp; those four and if you've got a brain problem I'm&nbsp; going to hit you with 1535 why because it controls&nbsp;&nbsp; proton movement in your mitochondria so how did&nbsp; I figure all t
5	melanin,dopamine	never,because	Dr. Jack Kruse - Magnetism and Health	01:21:48.080	https://www.youtube.com/watch?v=0MmyVoqjkwQ&t=4908	destroys melanin, turns it into dopamine? And that's a real problem, because then you become a low dopamine idiot that never realizes you can fix your problem.
5	blue-light,EMF	never,because	Regenerative Energy & the Light Inside You | Jack Kruse | 22	00:47:58.240	https://www.youtube.com/watch?v=67sLlXeMg2I&t=2878	never get to the regeneration pathway. That's actually on ankcoenesis. And that's effectively what's happening in the world today. Why? Because it turns out blue light and non-native EMF,
5	oxygen,iron	never,must	Regenerative Energy & the Light Inside You | Jack Kruse | 22	00:48:14.800	https://www.youtube.com/watch?v=67sLlXeMg2I&t=2894	oxidation state of iron. That means it'll keep it in the plus three state too long. So you never get to the plus two state. And it turns out plus two is what you need to move oxygen around and
5	mitochondria,vitamin-d	never,because	Why Mitochondria, Water, Light, Magnetism, & MitoHacking wit	00:31:41.480	https://www.youtube.com/watch?v=7SYSPlQa5eY&t=1901	that's the reason why you can be Buck ass naked in Los Angeles and your vitamin D will never go up because to actually make vitamin D your mitochondria have to make water because
5	mitochondria,vitamin-d	never,because	Why Mitochondria, Water, Light, Magnetism, & MitoHacking wit	00:31:44.039	https://www.youtube.com/watch?v=7SYSPlQa5eY&t=1904	ass naked in Los Angeles and your vitamin D will never go up because to actually make vitamin D your mitochondria have to make water because one of the things that people are not up
5	mitochondria,vitamin-d	never,because	Why Mitochondria, Water, Light, Magnetism, & MitoHacking wit	00:31:45.960	https://www.youtube.com/watch?v=7SYSPlQa5eY&t=1905	vitamin D will never go up because to actually make vitamin D your mitochondria have to make water because one of the things that people are not up on is all these little details so people
5	mitochondria,quantum	never,because	Why Mitochondria, Water, Light, Magnetism, & MitoHacking wit	00:54:25.760	https://www.youtube.com/watch?v=7SYSPlQa5eY&t=3265	goes back and see this is the cool part maybe we can end on this yeah this is the cool part about Quantum biology because guess what 10 years ago I never knew about that and when my mitochondria
5	mitochondria,quantum	never,because	Why Mitochondria, Water, Light, Magnetism, & MitoHacking wit	00:54:27.319	https://www.youtube.com/watch?v=7SYSPlQa5eY&t=3267	maybe we can end on this yeah this is the cool part about Quantum biology because guess what 10 years ago I never knew about that and when my mitochondria recovered in my brain and I started to
5	mitochondria,quantum	never,because	Why Mitochondria, Water, Light, Magnetism, & MitoHacking wit	00:54:29.319	https://www.youtube.com/watch?v=7SYSPlQa5eY&t=3269	the cool part about Quantum biology because guess what 10 years ago I never knew about that and when my mitochondria recovered in my brain and I started to really really think well I wanted to
5	blue-light,red-light	always,must	Toxic Screens: How to Protect Eyes from Blue Light with Dr. 	00:04:20.720	https://www.youtube.com/watch?v=9zJynVS_rYc&t=260	six other colors with it and it turns out that blue light has to be have its antidote uh within the sun that's present red light is always present when blue light's
5	blue-light,red-light	always,must	Toxic Screens: How to Protect Eyes from Blue Light with Dr. 	00:04:23.680	https://www.youtube.com/watch?v=9zJynVS_rYc&t=263	out that blue light has to be have its antidote uh within the sun that's present red light is always present when blue light's present
5	cytochrome,blue-light	never,because	Dr. Jack Kruse- the false belief that food and exercise is e	00:01:05.840	https://www.youtube.com/watch?v=AOLIbFIzPnI&t=65	that absorbed 340 nanometer light i never learned that cytochrome 2 absorbed more blue light because of the type of uh chromophore
5	cytochrome,blue-light	never,because	Dr. Jack Kruse- the false belief that food and exercise is e	00:01:08.799	https://www.youtube.com/watch?v=AOLIbFIzPnI&t=68	never learned that cytochrome 2 absorbed more blue light because of the type of uh chromophore that was present there it's a flavin
5	melanin,vitamin-d	always,because	Cancer Prevention Secret: Sunlight Beats Food? | Dr. Jack Kr	00:30:43.320	https://www.youtube.com/watch?v=B8VcGXbKR34&t=1843	doctors tell you about the sun you understand why he'll continue to always be at risk because if he doesn't understand the story of melanin vitamin D melatonin the control of apoptosis and
5	melanin,vitamin-d	always,because	Cancer Prevention Secret: Sunlight Beats Food? | Dr. Jack Kr	00:30:45.000	https://www.youtube.com/watch?v=B8VcGXbKR34&t=1845	sun you understand why he'll continue to always be at risk because if he doesn't understand the story of melanin vitamin D melatonin the control of apoptosis and mitochondri biology like I just gave you
5	melanin,vitamin-d	always,because	Cancer Prevention Secret: Sunlight Beats Food? | Dr. Jack Kr	00:30:47.240	https://www.youtube.com/watch?v=B8VcGXbKR34&t=1847	always be at risk because if he doesn't understand the story of melanin vitamin D melatonin the control of apoptosis and mitochondri biology like I just gave you five layers to this onion uh absolutely
5	deuterium,mitochondria	always,causes	Neuro Surgeon by Day | Mito Hacker By Night | Dr. Jack Kruse	01:02:36.120	https://www.youtube.com/watch?v=I537lQoiu5c&t=3756	You'll learn about what survivor soup is. Survivor soup is actually how you create deuterium-depleted water in your body, especially if you have a serious mitochondrial disease. Probably the last thing that I would say is, over my 10 years being in public now and talking about this, always had a goal, actually make a quantum clinic.
5	deuterium,mitochondria	always,causes	Neuro Surgeon by Day | Mito Hacker By Night | Dr. Jack Kruse	01:02:38.380	https://www.youtube.com/watch?v=I537lQoiu5c&t=3758	Survivor soup is actually how you create deuterium-depleted water in your body, especially if you have a serious mitochondrial disease. Probably the last thing that I would say is, over my 10 years being in public now and talking about this, always had a goal, actually make a quantum clinic. In other words, a place where black swan mitochondriacs in training could come to learn, to teach
5	mitochondria,photoelectric	always,fundamental	Nourish Vermont 2016 // Dr. Jack Kruse: How to Bio-Hack Your	00:32:54.919	https://www.youtube.com/watch?v=N-_DTk9hYvI&t=1974	mitochondria okay still think it's about food folks it's about light it's always been about light and you have to realize that life fundamentally is photoelectric okay technology in biology
5	mitochondria,cytochrome	always,because	Dr. Jack Kruse - Ketosis fails with circadian mismatches, qu	00:16:21.040	https://www.youtube.com/watch?v=SIs7wcGR0zY&t=981	people don't realize why cytochrome one is incredibly important because when [&nbsp;__&nbsp;] goes bad there cytochrome one is almost always next to where mitochondrial DNA is so when things go
5	mitochondria,cytochrome	always,because	Dr. Jack Kruse - Ketosis fails with circadian mismatches, qu	00:16:23.880	https://www.youtube.com/watch?v=SIs7wcGR0zY&t=983	is incredibly important because when [&nbsp;__&nbsp;] goes bad there cytochrome one is almost always next to where mitochondrial DNA is so when things go bad there mitochondrial DNA goes bad
5	blue-light,dopamine	always,because	Uncomfortable Truths with Dr Jack Kruse	01:58:36.540	https://www.youtube.com/watch?v=Zka4Lnire1k&t=7116	text screen is always blue lit and it's always in the blue light Hazard between 435 and 465. I'm going to tell you the reason why because it lowers your dopamine level which means you degrade
5	blue-light,EMF	never,must	Dr. Jack Kruse EMF Podcast Debrief, 5G Explained and Q&A | L	01:16:07.960	https://www.youtube.com/watch?v=cCU6JShp5-k&t=4567	need to realize girls are now having precocious puberty you know at six seven years old that's the effect of blue light and on Native EMF so that means they're never going to make it you know
5	blue-light,red-light	never,because	Dr. Jack Kruse: Silent Weapons for Silent Wars	00:51:03.040	https://www.youtube.com/watch?v=fVUJyK_y3KY&t=3063	[&nbsp;__&nbsp;] all the time. Yes. The only blue light you're designed to get is blue light from the sun. Why? Because the antidote in the sun is red light. Remember, blue light never shows up
5	blue-light,red-light	never,because	Dr. Jack Kruse: Silent Weapons for Silent Wars	00:51:05.280	https://www.youtube.com/watch?v=fVUJyK_y3KY&t=3065	light you're designed to get is blue light from the sun. Why? Because the antidote in the sun is red light. Remember, blue light never shows up without red light. And that's the key of
5	blue-light,red-light	never,because	Dr. Jack Kruse: Silent Weapons for Silent Wars	00:51:07.960	https://www.youtube.com/watch?v=fVUJyK_y3KY&t=3067	light from the sun. Why? Because the antidote in the sun is red light. Remember, blue light never shows up without red light. And that's the key of why you began to understand how
5	blue-light,red-light	never,because	Dr. Jack Kruse: Silent Weapons for Silent Wars	00:51:10.240	https://www.youtube.com/watch?v=fVUJyK_y3KY&t=3070	antidote in the sun is red light. Remember, blue light never shows up without red light. And that's the key of why you began to understand how nefarious Obama was because he took out
5	blue-light,red-light	never,because	Dr. Jack Kruse: Silent Weapons for Silent Wars	00:51:13.839	https://www.youtube.com/watch?v=fVUJyK_y3KY&t=3073	Remember, blue light never shows up without red light. And that's the key of why you began to understand how nefarious Obama was because he took out UV and IR light so that you would never
5	vitamin-d,iron	never,must	Jack Kruse on How Light sculpts Your Microbiome & Implicatio	00:33:41.840	https://www.youtube.com/watch?v=g_rlcavhGLs&t=2021	that they can absorb light what is hemoglobin absorb 250 to 600 nanometer light so red blood cells are ferryboats hmm then to work operationally they have to be sulfated what else do you know in your body that has to be sulfated most people never talk about cholesterol and vitamin D you know that vitamin D is made from cholesterol there's only one
5	circadian,blue-light	always,because	Dr Jack Kruse On Biohacking Your Water, EMFs, Blue Light, DH	00:23:33.400	https://www.youtube.com/watch?v=kZZSLQFZnQM&t=1413	doing this like wearing red glasses in the daytime but the problem is I was always afraid that I'm going to um ruin my circadian rhythm because you need blue light in the daytime to set those
5	circadian,blue-light	always,because	Dr Jack Kruse On Biohacking Your Water, EMFs, Blue Light, DH	00:23:36.480	https://www.youtube.com/watch?v=kZZSLQFZnQM&t=1416	the daytime but the problem is I was always afraid that I'm going to um ruin my circadian rhythm because you need blue light in the daytime to set those clock jeans um you only need the blue
5	circadian,blue-light	always,because	Dr Jack Kruse On Biohacking Your Water, EMFs, Blue Light, DH	00:23:38.120	https://www.youtube.com/watch?v=kZZSLQFZnQM&t=1418	always afraid that I'm going to um ruin my circadian rhythm because you need blue light in the daytime to set those clock jeans um you only need the blue light in the beginning of the morning
5	melanin,EMF	always,because	Dr. Jack Kruse: Circadian Biology, Melanin & How To Heal You	01:09:48.600	https://www.youtube.com/watch?v=mfXkXp37oZM&t=4188	ventricular system is actually an ultra filtrator&nbsp; of your blood so all of a sudden you start going&nbsp;&nbsp; this is now beginning to make some sense but what&nbsp; happens what's the other effect with non-native&nbsp;&nbsp; EMF it degrades melanin so that's when you have to&nbsp; look at all the slides and I don't know if you've&nbsp;&nbsp; seen my slides that I've done from probably 15&n
5	melanin,dopamine	always,because	Dr. Jack Kruse: Circadian Biology, Melanin & How To Heal You	01:10:06.900	https://www.youtube.com/watch?v=mfXkXp37oZM&t=4206	seen my slides that I've done from probably 15&nbsp; to now I like to use this guy Alexander once a&nbsp;&nbsp; slide because he always shows you when you put&nbsp; tyrosine phenylalanine on one side and it goes&nbsp;&nbsp; to melanin noradrenaline dopamine [Music] um&nbsp; all the basically neurotransmitters are made in&nbsp;&nbsp; your frontal lobes melanin can be degraded into&nbsp; those thing
5	melanin,dopamine	always,because	Dr. Jack Kruse: Circadian Biology, Melanin & How To Heal You	01:10:14.100	https://www.youtube.com/watch?v=mfXkXp37oZM&t=4214	slide because he always shows you when you put&nbsp; tyrosine phenylalanine on one side and it goes&nbsp;&nbsp; to melanin noradrenaline dopamine [Music] um&nbsp; all the basically neurotransmitters are made in&nbsp;&nbsp; your frontal lobes melanin can be degraded into&nbsp; those things so people who are creative this is&nbsp;&nbsp; something that Rick learned and he really&nbsp; liked creativit
5	melanin,leptin	never,because	Dr. Jack Kruse: Circadian Biology, Melanin & How To Heal You	01:17:20.220	https://www.youtube.com/watch?v=mfXkXp37oZM&t=4640	world and you like right in the middle of it uh&nbsp; and having this update you know after 12 years&nbsp;&nbsp; to discuss some of these things but the sad&nbsp; part for me is you learned about me because&nbsp;&nbsp; of all the luck and stuff you learned about&nbsp; me because of the cold thermogenesis stuff&nbsp;&nbsp; but you left me before you actually had to ask me&nbsp; the question about m
5	melanin,leptin	never,because	Dr. Jack Kruse: Circadian Biology, Melanin & How To Heal You	01:17:24.480	https://www.youtube.com/watch?v=mfXkXp37oZM&t=4644	to discuss some of these things but the sad&nbsp; part for me is you learned about me because&nbsp;&nbsp; of all the luck and stuff you learned about&nbsp; me because of the cold thermogenesis stuff&nbsp;&nbsp; but you left me before you actually had to ask me&nbsp; the question about melanin and what's the story&nbsp;&nbsp; why is that leptin Milano courtin thing there what&nbsp; I did I didn't n
5	melanin,leptin	never,because	Dr. Jack Kruse: Circadian Biology, Melanin & How To Heal You	01:17:33.540	https://www.youtube.com/watch?v=mfXkXp37oZM&t=4653	of all the luck and stuff you learned about&nbsp; me because of the cold thermogenesis stuff&nbsp;&nbsp; but you left me before you actually had to ask me&nbsp; the question about melanin and what's the story&nbsp;&nbsp; why is that leptin Milano courtin thing there what&nbsp; I did I didn't never got that far Jack tell me&nbsp;&nbsp; is that the part that's really important is that&nbsp; the part
5	melanin,leptin	never,because	Dr. Jack Kruse: Circadian Biology, Melanin & How To Heal You	01:17:41.940	https://www.youtube.com/watch?v=mfXkXp37oZM&t=4661	but you left me before you actually had to ask me&nbsp; the question about melanin and what's the story&nbsp;&nbsp; why is that leptin Milano courtin thing there what&nbsp; I did I didn't never got that far Jack tell me&nbsp;&nbsp; is that the part that's really important is that&nbsp; the part that we're kind of missing are we are we&nbsp;&nbsp; not paying attention to the whole story because&nbs
5	blue-light,leptin	causes,evidence	Dr. Jack Kruse Nourish Vermont 2017 Lecture part 7 of 10	00:09:22.150	https://www.youtube.com/watch?v=ncpbNXmJNzA&t=562	functionally is you can have leptin but if you can't do anything with the signal your leptin resistant and leptin resistance is what causes obesity we now know all the effects of blue light this
5	blue-light,leptin	causes,evidence	Dr. Jack Kruse Nourish Vermont 2017 Lecture part 7 of 10	00:09:24.280	https://www.youtube.com/watch?v=ncpbNXmJNzA&t=564	if you can't do anything with the signal your leptin resistant and leptin resistance is what causes obesity we now know all the effects of blue light this is the artificial light that were around
5	blue-light,leptin	causes,evidence	Dr. Jack Kruse Nourish Vermont 2017 Lecture part 7 of 10	00:09:27.100	https://www.youtube.com/watch?v=ncpbNXmJNzA&t=567	your leptin resistant and leptin resistance is what causes obesity we now know all the effects of blue light this is the artificial light that were around here causes all these things take a look
5	mitochondria,EMF	never,because	Neurosurgeon talks about genetics and longevity: Dr jack kru	00:44:35.359	https://www.youtube.com/watch?v=sf9VNlTiq5s&t=2675	Michael Leven and never got a fundamental answer because he tells everybody EMF doesn't have any role in biology. I said well tell me how do we get mitochondrial holetypes because
5	melanin,vitamin-d	always,because	Power of Light in Cancer Healing | SP Mini ft. Dr. Jack Krus	00:02:17.280	https://www.youtube.com/watch?v=sjg8IUmbqSY&t=137	all the doctors tell you about the sun. You understand why he'll continue to always be at risk? Because if he doesn't understand the story of melanin, vitamin D, melatonin, the control of apoptosis,
5	melanin,blue-light	never,because	Dr. Jack Kruse on How Light Controls Metabolism & Diabetes |	00:53:07.200	https://www.youtube.com/watch?v=tg9c6shuazI&t=3187	those are broken. So diabetics can never photo repair themselves because of this process. What allows them to gain control, get rid of the blue light and get melanin back in their body. So what
5	melanin,leptin	always,causes	Dr. Jack Kruse on How Light Controls Metabolism & Diabetes |	01:19:28.640	https://www.youtube.com/watch?v=tg9c6shuazI&t=4768	don't make melanin from pomsy without UV light. UV light is the stimulus that causes the translation of melanin. And then when you think about leptin and you put that slide up that I always put up
5	melanin,leptin	always,causes	Dr. Jack Kruse on How Light Controls Metabolism & Diabetes |	01:19:32.640	https://www.youtube.com/watch?v=tg9c6shuazI&t=4772	light. UV light is the stimulus that causes the translation of melanin. And then when you think about leptin and you put that slide up that I always put up that it acts at 220. Well [&nbsp;__&nbsp;] that's
5	melanin,leptin	always,causes	Dr. Jack Kruse on How Light Controls Metabolism & Diabetes |	01:19:34.400	https://www.youtube.com/watch?v=tg9c6shuazI&t=4774	causes the translation of melanin. And then when you think about leptin and you put that slide up that I always put up that it acts at 220. Well [&nbsp;__&nbsp;] that's even below sunlight. Where's that light
5	oxygen,iron	never,because	Banned Neurosurgeon: Decentralize Your Health B4 It's Too La	00:13:54.400	https://www.youtube.com/watch?v=unUTOBIXvdc&t=834	by Lane because in there it's the key part of&nbsp; the story and the question you just asked me&nbsp;&nbsp; it turns out in that event things happen on Earth&nbsp; for us to go from 1% to 21% oxygen we are today so&nbsp;&nbsp; everybody assumes that because there's 21% oxygen&nbsp; like in El Salvador and in Europe where you are&nbsp;&nbsp; now that you know oxygen's never an issue well&nbsp; it 
5	oxygen,iron	never,because	Banned Neurosurgeon: Decentralize Your Health B4 It's Too La	00:14:01.120	https://www.youtube.com/watch?v=unUTOBIXvdc&t=841	it turns out in that event things happen on Earth&nbsp; for us to go from 1% to 21% oxygen we are today so&nbsp;&nbsp; everybody assumes that because there's 21% oxygen&nbsp; like in El Salvador and in Europe where you are&nbsp;&nbsp; now that you know oxygen's never an issue well&nbsp; it turns out that's not true because it turns out&nbsp;&nbsp; from this great oxygenation event hemoglobin can&n
5	oxygen,iron	never,because	Banned Neurosurgeon: Decentralize Your Health B4 It's Too La	00:14:07.200	https://www.youtube.com/watch?v=unUTOBIXvdc&t=847	everybody assumes that because there's 21% oxygen&nbsp; like in El Salvador and in Europe where you are&nbsp;&nbsp; now that you know oxygen's never an issue well&nbsp; it turns out that's not true because it turns out&nbsp;&nbsp; from this great oxygenation event hemoglobin can&nbsp; only carry oxygen when it's in the plus two state&nbsp;&nbsp; hemoglobin can't carry oxygen when it's plus&nbsp; t
5	oxygen,iron	never,because	Banned Neurosurgeon: Decentralize Your Health B4 It's Too La	00:14:13.040	https://www.youtube.com/watch?v=unUTOBIXvdc&t=853	now that you know oxygen's never an issue well&nbsp; it turns out that's not true because it turns out&nbsp;&nbsp; from this great oxygenation event hemoglobin can&nbsp; only carry oxygen when it's in the plus two state&nbsp;&nbsp; hemoglobin can't carry oxygen when it's plus&nbsp; two three do you know what changes the oxidation&nbsp;&nbsp; state of all he proteins light so guess what the&nbsp; l
5	melanin,photosynthesis	never,because	Dr. Jack Kruse UNFILTERED: The FULL 1-Hour Interview They Do	00:17:50.559	https://www.youtube.com/watch?v=usB5IKPK04E&t=1070	"from photosynthesis on. It's like you and Joe never look back and go, ""What the [&nbsp;__&nbsp;] happened before?"" Why don't we ever talk about the three billion years? You know why? Because that's the melanin"
5	melanin,oxygen	always,because	Interview with Dr. Jack Kruse (04-08-2025)	00:54:35.120	https://www.youtube.com/watch?v=wwNutyiyQ2I&t=3275	retina. There's no oxygen there. What else isn't there? There's no melanin, either. And why is that the case? Because it's always photo-oxidized
5	vitamin-d,becker	causes,evidence	"""These People Must Pay"" Bitcoin, Trump, COVID, and Zionism w"	03:52:30.319	https://www.youtube.com/watch?v=yALOChgRrHQ&t=13950	Clean Diet Becker finds out that all the avionics in the plane the non-mf is what causes it and what else does he find their vitamin D levels drop he didn't know about pomy but we now know yeah
5	melanin,vitamin-d	causes,evidence	"""These People Must Pay"" Bitcoin, Trump, COVID, and Zionism w"	03:52:34.920	https://www.youtube.com/watch?v=yALOChgRrHQ&t=13954	causes it and what else does he find their vitamin D levels drop he didn't know about pomy but we now know yeah pomy drops so that means you have less melanin in your skin you remember in the
5	melanin,leptin	always,causes	Dr. Jack Kruse Explains How Sunlight Controls Leptin, Melani	00:06:21.240	https://www.youtube.com/watch?v=yo4h0B_JMQY&t=381	palm C without UV light. UV light is the stimulus that causes the translation of melanin. And then when you think about leptin and you put that slide up that I always put
5	melanin,leptin	always,causes	Dr. Jack Kruse Explains How Sunlight Controls Leptin, Melani	00:06:22.640	https://www.youtube.com/watch?v=yo4h0B_JMQY&t=382	stimulus that causes the translation of melanin. And then when you think about leptin and you put that slide up that I always put out
5	blue-light,leptin	causes,evidence	Dr. Jack Kruse-Nourish Vermont 2017 on Circadian Biology and	01:17:22.400	https://www.youtube.com/watch?v=zGAACx89jMU&t=4642	but if you can't do anything with the signal, you're leptin resistant. And leptin resistance is what causes obesity. We now know all the effects of blue light. This is the artificial light
5	blue-light,leptin	causes,evidence	Dr. Jack Kruse-Nourish Vermont 2017 on Circadian Biology and	01:17:24.199	https://www.youtube.com/watch?v=zGAACx89jMU&t=4644	signal, you're leptin resistant. And leptin resistance is what causes obesity. We now know all the effects of blue light. This is the artificial light that we're around here. Causes all these
5	blue-light,leptin	causes,evidence	Dr. Jack Kruse-Nourish Vermont 2017 on Circadian Biology and	01:17:27.679	https://www.youtube.com/watch?v=zGAACx89jMU&t=4647	leptin resistance is what causes obesity. We now know all the effects of blue light. This is the artificial light that we're around here. Causes all these things. Take a look at them. Every
5	red-light,dopamine	always,because	Beyond DNA: The Electromagnetic Blueprint of Life - Jack Kru	01:09:15.420	https://www.youtube.com/watch?v=zrdRVDk66JE&t=4155	a device that uses RF and microwaves always is blue lit well there's a reason for that because it lowers your dopamine level and do you know where the red light filter on all my screens you know
5	red-light,dopamine	always,because	Beyond DNA: The Electromagnetic Blueprint of Life - Jack Kru	01:09:17.219	https://www.youtube.com/watch?v=zrdRVDk66JE&t=4157	always is blue lit well there's a reason for that because it lowers your dopamine level and do you know where the red light filter on all my screens you know the reason why the DARPA got this this
5	mitochondria,red-light	always,because	Beyond DNA: The Electromagnetic Blueprint of Life - Jack Kru	01:11:17.520	https://www.youtube.com/watch?v=zrdRVDk66JE&t=4277	it may be somebody else that comes on a podcast it may begin to explain to you why red light has such tremendous benefits for mitochondria why because sunlight always has red in it when
5	mitochondria,red-light	always,because	Beyond DNA: The Electromagnetic Blueprint of Life - Jack Kru	01:11:19.679	https://www.youtube.com/watch?v=zrdRVDk66JE&t=4279	podcast it may begin to explain to you why red light has such tremendous benefits for mitochondria why because sunlight always has red in it when Blue's available but guess what your
5	deuterium,mitochondria	never,because	Beyond DNA: The Electromagnetic Blueprint of Life - Jack Kru	02:03:11.219	https://www.youtube.com/watch?v=zrdRVDk66JE&t=7391	deuterium depleted from the mitochondria and that to date with all the great science we know has never been studied the way it should be studied um and because of that many of the
5	blue-light,red-light	always,because	Jack Kruse & Andrew Huberman (Rick Rubin Tetragrammaton Podc	01:55:30.420	https://www.youtube.com/watch?v=zs82rGFo6qg&t=6930	I'm always willing to update I eat them at night&nbsp; because they help me sleep well they will but&nbsp;&nbsp; why because you're blue eye toxic and if I had an&nbsp; LED light here and check your pupil I could prove&nbsp;&nbsp; to you that I'm right do you know why you're&nbsp; the neurobiologist so I want to teach you this&nbsp;&nbsp; shine a blue light in your eye and I have a red&nbsp; light
5	melanin,iron	always,because	Jack Kruse & Andrew Huberman (Rick Rubin Tetragrammaton Podc	02:42:58.859	https://www.youtube.com/watch?v=zs82rGFo6qg&t=9778	the one that I thought was just about obesity&nbsp; it turns out it's about [&nbsp;__&nbsp;] everything yeah&nbsp;&nbsp; tell me what happens always the screen does&nbsp; anything else work is a screen or it's only&nbsp;&nbsp; melanin well what did I tell you was the big&nbsp; semiconductor before the KT event hemoglobin&nbsp;&nbsp; we haven't even talked about that sucker but&nbsp; guess what tha
5	melanin,iron	always,because	Jack Kruse & Andrew Huberman (Rick Rubin Tetragrammaton Podc	02:43:04.319	https://www.youtube.com/watch?v=zs82rGFo6qg&t=9784	tell me what happens always the screen does&nbsp; anything else work is a screen or it's only&nbsp;&nbsp; melanin well what did I tell you was the big&nbsp; semiconductor before the KT event hemoglobin&nbsp;&nbsp; we haven't even talked about that sucker but&nbsp; guess what that was so powerful for your hack&nbsp;&nbsp; and it's still powerful for your hack because I&nbsp; want Andrew to realize 
5	cytochrome,iron	never,fundamental	Jack Kruse & Andrew Huberman (Rick Rubin Tetragrammaton Podc	03:02:18.600	https://www.youtube.com/watch?v=zs82rGFo6qg&t=10938	of the things that physicists like Schrodinger&nbsp; couldn't accept they could never figure out how&nbsp;&nbsp; could you be entangled in a warm wet environment&nbsp; that's like a big problem for physics until you&nbsp;&nbsp; understand the chemistry of water what does water&nbsp; fundamentally do when it changes its Bond angles&nbsp;&nbsp; it's it basically controls the atomic&nbsp; organizatio
5	mitochondria,leptin	because,i-proved	Jack Kruse & Andrew Huberman (Rick Rubin Tetragrammaton Podc	03:02:53.580	https://www.youtube.com/watch?v=zs82rGFo6qg&t=10973	what are the frequencies that we program into&nbsp; the bed to everybody that comes in to see us&nbsp;&nbsp; those four and if you've got a brain problem I'm&nbsp; going to hit you with 1535 why because it controls&nbsp;&nbsp; proton movement in your mitochondria so how did&nbsp; I figure all this [&nbsp;__&nbsp;] out that I just told you&nbsp;&nbsp; through hacking it on me in this leptin&nbsp; p
5	mitochondria,leptin	because,i-proved	Jack Kruse & Andrew Huberman (Rick Rubin Tetragrammaton Podc	03:02:59.040	https://www.youtube.com/watch?v=zs82rGFo6qg&t=10979	those four and if you've got a brain problem I'm&nbsp; going to hit you with 1535 why because it controls&nbsp;&nbsp; proton movement in your mitochondria so how did&nbsp; I figure all this [&nbsp;__&nbsp;] out that I just told you&nbsp;&nbsp; through hacking it on me in this leptin&nbsp; prescription I figured out what was moving&nbsp;&nbsp; I've read physics papers I read somatina Kruse&nbsp; wo
5	quantum	never,because	#58: Dr Jack Kruse - High Latitude Living, Cold Exposure, Su	00:22:52.520	https://www.youtube.com/watch?v=-VFTXZrbyNA&t=1372	likely have to change your lifestyle that actually gave you the type 1 and type two diabetes to begin with the answer is yes why because Quantum biology tells us that you can never get
5	quantum	never,because	#58: Dr Jack Kruse - High Latitude Living, Cold Exposure, Su	00:22:54.120	https://www.youtube.com/watch?v=-VFTXZrbyNA&t=1374	that actually gave you the type 1 and type two diabetes to begin with the answer is yes why because Quantum biology tells us that you can never get well in the same environment you got
5	quantum	never,because	#58: Dr Jack Kruse - High Latitude Living, Cold Exposure, Su	00:22:56.400	https://www.youtube.com/watch?v=-VFTXZrbyNA&t=1376	type two diabetes to begin with the answer is yes why because Quantum biology tells us that you can never get well in the same environment you got sick in and that is a very
5	quantum	never,because	#58: Dr Jack Kruse - High Latitude Living, Cold Exposure, Su	00:22:58.159	https://www.youtube.com/watch?v=-VFTXZrbyNA&t=1378	answer is yes why because Quantum biology tells us that you can never get well in the same environment you got sick in and that is a very counterintuitive thing for modern humans
5	circadian	never,because	#58: Dr Jack Kruse - High Latitude Living, Cold Exposure, Su	01:04:10.559	https://www.youtube.com/watch?v=-VFTXZrbyNA&t=3850	started because I'm on trauma call now but the things that I'm GNA do in the next month I have never done in my life and they are going to be the biggest circadian disruptors that you can
5	blue-light	never,because	#58: Dr Jack Kruse - High Latitude Living, Cold Exposure, Su	01:31:41.840	https://www.youtube.com/watch?v=-VFTXZrbyNA&t=5501	times is the correct remember that the the blue light from the Sun never not has red well is that true when you put your LED light on above you right now since it's getting dark in your
5	blue-light	never,because	#58: Dr Jack Kruse - High Latitude Living, Cold Exposure, Su	01:31:44.119	https://www.youtube.com/watch?v=-VFTXZrbyNA&t=5504	the blue light from the Sun never not has red well is that true when you put your LED light on above you right now since it's getting dark in your environment no but see that that's the
5	red-light	always,because	Blue Light Kills the Fit People | Dr. Jack Kruse | EP 15	00:27:39.240	https://www.youtube.com/watch?v=0IjUzKzfIbI&t=1659	to you guys you know he's in Germany I got him to ski the Bavarian Alps in his underwear yeah to come down because he technically gets red light when he does that and it the the answer always for
5	red-light	always,because	Blue Light Kills the Fit People | Dr. Jack Kruse | EP 15	00:27:41.679	https://www.youtube.com/watch?v=0IjUzKzfIbI&t=1661	got him to ski the Bavarian Alps in his underwear yeah to come down because he technically gets red light when he does that and it the the answer always for every human is natural light no matter
5	melanin	always,because	Dr. Jack Kruse - Magnetism and Health	00:44:36.520	https://www.youtube.com/watch?v=0MmyVoqjkwQ&t=2676	Mhm. So, guess what? The neural crest cells through evolution, through morphogenesis in mammals, always has melanin there. So, I get a calcium index score because
5	melanin	always,because	Dr. Jack Kruse - Magnetism and Health	00:44:38.680	https://www.youtube.com/watch?v=0MmyVoqjkwQ&t=2678	cells through evolution, through morphogenesis in mammals, always has melanin there. So, I get a calcium index score because I know that wherever melanin is missing,
5	melanin	always,because	Dr. Jack Kruse - Magnetism and Health	00:44:41.080	https://www.youtube.com/watch?v=0MmyVoqjkwQ&t=2681	morphogenesis in mammals, always has melanin there. So, I get a calcium index score because I know that wherever melanin is missing, the scene of the crime of murdering
5	melanin	always,because	Dr. Jack Kruse - Magnetism and Health	00:44:42.880	https://www.youtube.com/watch?v=0MmyVoqjkwQ&t=2682	always has melanin there. So, I get a calcium index score because I know that wherever melanin is missing, the scene of the crime of murdering melanin
5	dopamine	never,because	Dr. Jack Kruse - Magnetism and Health	01:21:51.040	https://www.youtube.com/watch?v=0MmyVoqjkwQ&t=4911	dopamine? And that's a real problem, because then you become a low dopamine idiot that never realizes you can fix your problem. Okay?
5	dopamine	never,because	Dr. Jack Kruse - Magnetism and Health	01:21:53.760	https://www.youtube.com/watch?v=0MmyVoqjkwQ&t=4913	And that's a real problem, because then you become a low dopamine idiot that never realizes you can fix your problem. Okay? You This is when you sign up for
5	melanin	always,must	Dr. Jack Kruse - Magnetism and Health	01:29:19.560	https://www.youtube.com/watch?v=0MmyVoqjkwQ&t=5359	one horn. It's always grounded, has a small brain like a dinosaur. Why? Its skin is thick. It's armored. So it always has to stay grounded to the magnetosphere to keep its melanin.
5	melanin	always,must	Dr. Jack Kruse - Magnetism and Health	01:29:23.600	https://www.youtube.com/watch?v=0MmyVoqjkwQ&t=5363	small brain like a dinosaur. Why? Its skin is thick. It's armored. So it always has to stay grounded to the magnetosphere to keep its melanin. It doesn't have a big brain to support
5	melanin	always,must	Dr. Jack Kruse - Magnetism and Health	01:29:26.000	https://www.youtube.com/watch?v=0MmyVoqjkwQ&t=5366	Why? Its skin is thick. It's armored. So it always has to stay grounded to the magnetosphere to keep its melanin. It doesn't have a big brain to support it. So that's why its skin can its skin
5	melanin	always,must	Dr. Jack Kruse - Magnetism and Health	01:29:28.720	https://www.youtube.com/watch?v=0MmyVoqjkwQ&t=5368	So it always has to stay grounded to the magnetosphere to keep its melanin. It doesn't have a big brain to support it. So that's why its skin can its skin can be thick.
5	dopamine	always,because	Dr. Jack Kruse - Magnetism and Health	01:47:07.080	https://www.youtube.com/watch?v=0MmyVoqjkwQ&t=6427	"everybody was like, ""This is disgusting."" And what I'm trying to say to you is artists are always low dopamine people because they're isotopically damaged."
5	dopamine	always,because	Dr. Jack Kruse - Magnetism and Health	01:47:09.160	https://www.youtube.com/watch?v=0MmyVoqjkwQ&t=6429	"disgusting."" And what I'm trying to say to you is artists are always low dopamine people because they're isotopically damaged. They get to see the world as it is."
5	dopamine	always,because	Dr. Jack Kruse - Magnetism and Health	01:47:13.400	https://www.youtube.com/watch?v=0MmyVoqjkwQ&t=6433	And what I'm trying to say to you is artists are always low dopamine people because they're isotopically damaged. They get to see the world as it is. And guess what they do? They transfer it
5	dopamine	always,because	Dr. Jack Kruse - Magnetism and Health	01:47:16.280	https://www.youtube.com/watch?v=0MmyVoqjkwQ&t=6436	artists are always low dopamine people because they're isotopically damaged. They get to see the world as it is. And guess what they do? They transfer it to their artwork. So, this is the reason
5	vitamin-d	never,because	Revolution in Farming - God's Laws for Land, Animals and Hea	00:18:36.000	https://www.youtube.com/watch?v=1_eCsTz1sRw&t=1116	never been getting vitamin D. I've been doing everything outside the window that that narrow depending on where your latitude is. I've been doing everything outside of that because I was believing
5	methylene-blue	never,must	Sunlight is King! w/ Dr. Jack Kruse	00:17:47.280	https://www.youtube.com/watch?v=2-AKskkKZzA&t=1067	it. I also believe that you need to have a decentralized doctor under your care to tell you whether it's a good thing for your current template. that I never use methylene blue orally.
5	mitochondria	always,because	Sunlight is King! w/ Dr. Jack Kruse	00:18:03.280	https://www.youtube.com/watch?v=2-AKskkKZzA&t=1083	wanted to do the interview. It's uh uh uh learning valuable lessons. Okay. So, how would uh a person try to improve their mitochondria because uh you can always improve.
5	mitochondria	always,because	Sunlight is King! w/ Dr. Jack Kruse	00:18:06.960	https://www.youtube.com/watch?v=2-AKskkKZzA&t=1086	uh learning valuable lessons. Okay. So, how would uh a person try to improve their mitochondria because uh you can always improve. &gt;&gt; Well, I mean one of the things that you
5	mitochondria	always,because	Sunlight is King! w/ Dr. Jack Kruse	00:18:09.679	https://www.youtube.com/watch?v=2-AKskkKZzA&t=1089	how would uh a person try to improve their mitochondria because uh you can always improve. &gt;&gt; Well, I mean one of the things that you can do is sunlight. Remember what
5	mitochondria	always,because	Sunlight is King! w/ Dr. Jack Kruse	00:18:10.720	https://www.youtube.com/watch?v=2-AKskkKZzA&t=1090	their mitochondria because uh you can always improve. &gt;&gt; Well, I mean one of the things that you can do is sunlight. Remember what controls mitochondrial biogenesis? a a a
5	circadian	never,because	Sunlight is King! w/ Dr. Jack Kruse	00:20:24.799	https://www.youtube.com/watch?v=2-AKskkKZzA&t=1224	realize that light and dark is important. Why? Because you can never appreciate how beneficial the sun is without the darkness at night. Reason why circadian
5	circadian	never,because	Sunlight is King! w/ Dr. Jack Kruse	00:20:26.320	https://www.youtube.com/watch?v=2-AKskkKZzA&t=1226	important. Why? Because you can never appreciate how beneficial the sun is without the darkness at night. Reason why circadian biology uses those two together.
5	circadian	never,because	Sunlight is King! w/ Dr. Jack Kruse	00:20:27.679	https://www.youtube.com/watch?v=2-AKskkKZzA&t=1227	Because you can never appreciate how beneficial the sun is without the darkness at night. Reason why circadian biology uses those two together. Uh we're going to get back to the uh
5	leptin	always,must	Sunlight is King! w/ Dr. Jack Kruse	00:30:02.480	https://www.youtube.com/watch?v=2-AKskkKZzA&t=1802	fast at night. So here's the other part that we didn't talk about, but we need to. When you get the leptin prescription right, you're going to find that you're always going to eat dinner while the sun
5	leptin	always,must	Sunlight is King! w/ Dr. Jack Kruse	00:30:04.720	https://www.youtube.com/watch?v=2-AKskkKZzA&t=1804	that we didn't talk about, but we need to. When you get the leptin prescription right, you're going to find that you're always going to eat dinner while the sun is still out. Now, you know, you've been
5	oxygen	never,because	Sunlight is King! w/ Dr. Jack Kruse	00:33:18.720	https://www.youtube.com/watch?v=2-AKskkKZzA&t=1998	oxygen? Uh the answer is no, you don't. And guess what? Irwin got that right. That's something Whim has never gotten right. And he's never explain that to that detail. Why? Because he focuses in
5	iron	never,because	Sunlight is King! w/ Dr. Jack Kruse	00:51:58.480	https://www.youtube.com/watch?v=2-AKskkKZzA&t=3118	occasionally uh donate blood important for men than women because men the ability to lose blood especially if you eat a lot of meat. Making sure your uh iron levels are never too high.
5	iron	never,because	Sunlight is King! w/ Dr. Jack Kruse	00:52:00.559	https://www.youtube.com/watch?v=2-AKskkKZzA&t=3120	for men than women because men the ability to lose blood especially if you eat a lot of meat. Making sure your uh iron levels are never too high. &gt;&gt; If you would have asked me this question
5	mitochondria	never,must	The Science of Sunlight and Cold: This Will Transform Your H	00:22:21.440	https://www.youtube.com/watch?v=2EqExGl4rQU&t=1341	perspective need to ask yourself this question how does food explain a kid that's born with a retinol blastoma it doesn't Okay the kid never ate a meal but yet the kid has a mitochondrial
5	circadian	never,because	The Science of Sunlight and Cold: This Will Transform Your H	00:43:10.559	https://www.youtube.com/watch?v=2EqExGl4rQU&t=2590	but protein and fat but you never see the sunrise do you think it's a wise choice to eat that type of diet because really the carnivore diet is a wintertime diet what does the Circadian
5	leptin	never,because	The Science of Sunlight and Cold: This Will Transform Your H	00:48:52.000	https://www.youtube.com/watch?v=2EqExGl4rQU&t=2932	that most of you don't live in the environment that I'm in right now you're afflicted by the other part that the leptin prescription never never dealt with why because remember when I wrote
5	leptin	never,because	The Science of Sunlight and Cold: This Will Transform Your H	00:48:54.440	https://www.youtube.com/watch?v=2EqExGl4rQU&t=2934	environment that I'm in right now you're afflicted by the other part that the leptin prescription never never dealt with why because remember when I wrote it I wrote it in 2005 to 2008 okay melan
5	leptin	never,because	The Science of Sunlight and Cold: This Will Transform Your H	00:48:56.040	https://www.youtube.com/watch?v=2EqExGl4rQU&t=2936	afflicted by the other part that the leptin prescription never never dealt with why because remember when I wrote it I wrote it in 2005 to 2008 okay melan opson we didn't find out about until
5	red-light	never,because	The Science of Sunlight and Cold: This Will Transform Your H	01:32:18.840	https://www.youtube.com/watch?v=2EqExGl4rQU&t=5538	talking to me about before about big muscles uh the problem is when an orthopedic surgeon sees a bone at time of surgery he never sees a red light why because the light is conserved because
5	red-light	never,because	The Science of Sunlight and Cold: This Will Transform Your H	01:32:20.480	https://www.youtube.com/watch?v=2EqExGl4rQU&t=5540	muscles uh the problem is when an orthopedic surgeon sees a bone at time of surgery he never sees a red light why because the light is conserved because the current is rectified by two copper
5	red-light	never,because	The Science of Sunlight and Cold: This Will Transform Your H	01:32:22.639	https://www.youtube.com/watch?v=2EqExGl4rQU&t=5542	orthopedic surgeon sees a bone at time of surgery he never sees a red light why because the light is conserved because the current is rectified by two copper atoms that are in the appetite of bone
5	red-light	never,because	The Science of Sunlight and Cold: This Will Transform Your H	01:32:24.080	https://www.youtube.com/watch?v=2EqExGl4rQU&t=5544	of surgery he never sees a red light why because the light is conserved because the current is rectified by two copper atoms that are in the appetite of bone but does any orthopedic surgeon learn
5	mitochondria	always,because	Red Light, Blue Light, Brain Damage: Dr. Jack Kruse Explains	00:23:30.480	https://www.youtube.com/watch?v=2njvFN-W4zc&t=1410	reason why I didn't really learn this because guess what? The guy that controlled the budget, Anthony Fouchy, made sure we always focused in on RNA and DNA, not the mitochondrial DNA.
5	oxygen	always,because	Red Light, Blue Light, Brain Damage: Dr. Jack Kruse Explains	00:49:22.160	https://www.youtube.com/watch?v=2njvFN-W4zc&t=2962	oxygen. But you have to be able to use oxygen. I'm telling you that kids that have neurodedevelopmental delay can't, right? And this is the reason why they're always drawn to carbs because
5	oxygen	always,because	Red Light, Blue Light, Brain Damage: Dr. Jack Kruse Explains	00:49:25.119	https://www.youtube.com/watch?v=2njvFN-W4zc&t=2965	oxygen. I'm telling you that kids that have neurodedevelopmental delay can't, right? And this is the reason why they're always drawn to carbs because guess what? That runs other programs. So
5	leptin	never,because	Cracking the Health Code w/ Dr. Jack Kruse	00:03:19.000	https://www.youtube.com/watch?v=4RlbKZrkgEg&t=199	going to block it because it was about leptin trials and the leptin drug and Amgen and uh he said why don't you just put on the internet and I was like you know for me the internet I never use the
5	blue-light	always,because	Cracking the Health Code w/ Dr. Jack Kruse	00:10:46.440	https://www.youtube.com/watch?v=4RlbKZrkgEg&t=646	problems in the basil gang it's at the substantial but guess what say if somebody got I don't know say melanoma first their problem may be they are always inside blue light because they're
5	blue-light	always,because	Cracking the Health Code w/ Dr. Jack Kruse	00:10:48.360	https://www.youtube.com/watch?v=4RlbKZrkgEg&t=648	substantial but guess what say if somebody got I don't know say melanoma first their problem may be they are always inside blue light because they're an IT worker okay but are they more
5	blue-light	always,because	Cracking the Health Code w/ Dr. Jack Kruse	00:10:50.519	https://www.youtube.com/watch?v=4RlbKZrkgEg&t=650	somebody got I don't know say melanoma first their problem may be they are always inside blue light because they're an IT worker okay but are they more likely to get Parkinson's or Hashimoto
5	blue-light	always,because	Cracking the Health Code w/ Dr. Jack Kruse	00:10:51.760	https://www.youtube.com/watch?v=4RlbKZrkgEg&t=651	first their problem may be they are always inside blue light because they're an IT worker okay but are they more likely to get Parkinson's or Hashimoto yes how about the lady that's listening
5	blue-light	always,because	Cracking the Health Code w/ Dr. Jack Kruse	00:10:54.639	https://www.youtube.com/watch?v=4RlbKZrkgEg&t=654	always inside blue light because they're an IT worker okay but are they more likely to get Parkinson's or Hashimoto yes how about the lady that's listening to this that has hashimotos I have it
5	mitochondria	always,because	Cracking the Health Code w/ Dr. Jack Kruse	00:22:39.480	https://www.youtube.com/watch?v=4RlbKZrkgEg&t=1359	protocols you should incre increase your redo first why because what I have learned in 20 years is that the physics of organisms always is tied to Redux factors first that's the mitochondrial
5	mitochondria	always,because	Cracking the Health Code w/ Dr. Jack Kruse	00:22:42.760	https://www.youtube.com/watch?v=4RlbKZrkgEg&t=1362	redo first why because what I have learned in 20 years is that the physics of organisms always is tied to Redux factors first that's the mitochondrial story that's the story that your
5	mitochondria	never,must	The Most Epic Jack Kruse Interview EVER! EP #75 & #76, The L	00:28:34.080	https://www.youtube.com/watch?v=5W6x7EsE8C4&t=1714	also a little bit of a mitochondriac. You still need to add the other parts, but dude, you're going to your podcast the tribe that you hit, these are people that I will never be able to hit. And
5	dopamine	always,because	The Most Epic Jack Kruse Interview EVER! EP #75 & #76, The L	00:40:08.200	https://www.youtube.com/watch?v=5W6x7EsE8C4&t=2408	always there, but you know what the key thing is? We don't see them because we're obedient idiots because we're addicted to modern things that reduce our dopamine level. My job is to make
5	blue-light	always,because	The Most Epic Jack Kruse Interview EVER! EP #75 & #76, The L	01:06:49.680	https://www.youtube.com/watch?v=5W6x7EsE8C4&t=4009	more at night is because I think you're chronic blue light toxic. And what that means is you have a blue light hazard and it's because of your job. Because I always look at you when I see you on
5	blue-light	always,because	The Most Epic Jack Kruse Interview EVER! EP #75 & #76, The L	01:06:51.840	https://www.youtube.com/watch?v=5W6x7EsE8C4&t=4011	chronic blue light toxic. And what that means is you have a blue light hazard and it's because of your job. Because I always look at you when I see you on social media and I notice your eyes
5	blue-light	always,because	The Most Epic Jack Kruse Interview EVER! EP #75 & #76, The L	01:06:54.040	https://www.youtube.com/watch?v=5W6x7EsE8C4&t=4014	means is you have a blue light hazard and it's because of your job. Because I always look at you when I see you on social media and I notice your eyes aren't protected. And sometimes when
5	circadian	always,must	The Most Epic Jack Kruse Interview EVER! EP #75 & #76, The L	01:16:07.840	https://www.youtube.com/watch?v=5W6x7EsE8C4&t=4567	growth is sped up. That's what the clocks do. That's what circadian biology is all about. So, the way we're built, the top clock always has to run faster than every other. And the reason is a
5	circadian	always,must	The Most Epic Jack Kruse Interview EVER! EP #75 & #76, The L	01:16:10.760	https://www.youtube.com/watch?v=5W6x7EsE8C4&t=4570	clocks do. That's what circadian biology is all about. So, the way we're built, the top clock always has to run faster than every other. And the reason is a physics reason. It's tied back to
5	EMF	always,because	The Most Epic Jack Kruse Interview EVER! EP #75 & #76, The L	01:45:18.400	https://www.youtube.com/watch?v=5W6x7EsE8C4&t=6318	told you, anything that's infrared, as long as it's not run off any kind of EMF, helps because what does that do? It builds the regeneration programs up. That's great, but I would always put my
5	EMF	always,because	The Most Epic Jack Kruse Interview EVER! EP #75 & #76, The L	01:45:20.440	https://www.youtube.com/watch?v=5W6x7EsE8C4&t=6320	long as it's not run off any kind of EMF, helps because what does that do? It builds the regeneration programs up. That's great, but I would always put my naked foot on the metal before I'd even
5	EMF	always,because	The Most Epic Jack Kruse Interview EVER! EP #75 & #76, The L	01:45:22.880	https://www.youtube.com/watch?v=5W6x7EsE8C4&t=6322	EMF, helps because what does that do? It builds the regeneration programs up. That's great, but I would always put my naked foot on the metal before I'd even use that. Or if you want to do one and
5	red-light	always,because	The Most Epic Jack Kruse Interview EVER! EP #75 & #76, The L	01:45:29.120	https://www.youtube.com/watch?v=5W6x7EsE8C4&t=6329	naked foot on the metal before I'd even use that. Or if you want to do one and the other, I'm fine with that. But infrared is always helpful because the key red light chromophore in
5	mitochondria	always,must	The Most Epic Jack Kruse Interview EVER! EP #75 & #76, The L	01:48:32.840	https://www.youtube.com/watch?v=5W6x7EsE8C4&t=6512	"your mitochondria doesn't make enough water. That means you're not in the sun enough. So, you always hear functional medicine doctors, ""Well, if you have methylmercury in your body, you need to"
5	ez-water	always,must	#11 The Fourth Phase of Water: Why the Water in Your Body is	00:25:19.360	https://www.youtube.com/watch?v=5p2H9aTJTfg&t=1519	the energy that you need to build that fourth phase water is there it's in the environment it's all over the place and therefore you will always have a certain amount
5	oxygen	never,must	Regenerative Energy & the Light Inside You | Jack Kruse | 22	00:48:18.720	https://www.youtube.com/watch?v=67sLlXeMg2I&t=2898	it'll keep it in the plus three state too long. So you never get to the plus two state. And it turns out plus two is what you need to move oxygen around and stuff, right? That's how you get back
5	oxygen	never,must	Regenerative Energy & the Light Inside You | Jack Kruse | 22	00:48:20.160	https://www.youtube.com/watch?v=67sLlXeMg2I&t=2900	too long. So you never get to the plus two state. And it turns out plus two is what you need to move oxygen around and stuff, right? That's how you get back from a hypoxic state to an oxygenation
5	becker	never,because	Regenerative Energy & the Light Inside You | Jack Kruse | 22	01:04:16.799	https://www.youtube.com/watch?v=67sLlXeMg2I&t=3856	who are diabetic have no super oxide pulse and have shitty nitric oxide because they never go outside. They're never in the sun. Mhm. That's why they don't heal. They never get to Becker's
5	becker	never,because	Regenerative Energy & the Light Inside You | Jack Kruse | 22	01:04:18.160	https://www.youtube.com/watch?v=67sLlXeMg2I&t=3858	pulse and have shitty nitric oxide because they never go outside. They're never in the sun. Mhm. That's why they don't heal. They never get to Becker's regeneration
5	becker	never,because	Regenerative Energy & the Light Inside You | Jack Kruse | 22	01:04:19.920	https://www.youtube.com/watch?v=67sLlXeMg2I&t=3859	because they never go outside. They're never in the sun. Mhm. That's why they don't heal. They never get to Becker's regeneration currents. Duh. Because they're watching
5	becker	never,because	Regenerative Energy & the Light Inside You | Jack Kruse | 22	01:04:22.400	https://www.youtube.com/watch?v=67sLlXeMg2I&t=3862	never in the sun. Mhm. That's why they don't heal. They never get to Becker's regeneration currents. Duh. Because they're watching Jerry Springer and they're inside behind
5	becker	never,because	Regenerative Energy & the Light Inside You | Jack Kruse | 22	01:04:23.799	https://www.youtube.com/watch?v=67sLlXeMg2I&t=3863	don't heal. They never get to Becker's regeneration currents. Duh. Because they're watching Jerry Springer and they're inside behind glass, which blocks what? UV and near
5	photoelectric	always,must	Regenerative Energy & the Light Inside You | Jack Kruse | 22	01:08:25.600	https://www.youtube.com/watch?v=67sLlXeMg2I&t=4105	ring looks really similar. You know, there must be a story here. And the story was I thought the story was always going to be about the different number of electrons and the photoelectric
5	photoelectric	always,must	Regenerative Energy & the Light Inside You | Jack Kruse | 22	01:08:27.279	https://www.youtube.com/watch?v=67sLlXeMg2I&t=4107	there must be a story here. And the story was I thought the story was always going to be about the different number of electrons and the photoelectric effect. Turned out that's part of the
5	mitochondria	never,because	Sunlight Is the Source of Life | Dr. Jack Kruse | EP 04	00:11:31.200	https://www.youtube.com/watch?v=6ClqKnD10p4&t=691	and you're never really going to understand why we spend 99 of the NIH Budget on on studying nuclear DNA and not mitochondrial DNA because it was pretty odd that decreases energy in the
5	blue-light	never,because	Sunlight Is the Source of Life | Dr. Jack Kruse | EP 04	00:43:09.960	https://www.youtube.com/watch?v=6ClqKnD10p4&t=2589	because every single drug that we know has been tested in a lab under blue light how do we know that the effect is not going to be different under sunlight you don't know we never tested it
5	red-light	always,must	Sunlight Is the Source of Life | Dr. Jack Kruse | EP 04	01:15:01.860	https://www.youtube.com/watch?v=6ClqKnD10p4&t=4501	seven you need to have the other controller that protects you that protection is infrared a light so remember from the time it spins up time to send sets red light is always present
5	red-light	always,must	Sunlight Is the Source of Life | Dr. Jack Kruse | EP 04	01:15:08.820	https://www.youtube.com/watch?v=6ClqKnD10p4&t=4508	remember from the time it spins up time to send sets red light is always present UVA light UVB light especially where you guys are it changes die early and sees them so you need to realize that purple
5	mitochondria	always,because	Sunlight Is the Source of Life | Dr. Jack Kruse | EP 04	01:20:12.480	https://www.youtube.com/watch?v=6ClqKnD10p4&t=4812	diabetes so that's the reason why the disease process from the mitochondria is different that's why I always tell people your ZIP code trumps your genetic code because the way energy is
5	mitochondria	always,because	Sunlight Is the Source of Life | Dr. Jack Kruse | EP 04	01:20:14.040	https://www.youtube.com/watch?v=6ClqKnD10p4&t=4814	disease process from the mitochondria is different that's why I always tell people your ZIP code trumps your genetic code because the way energy is transformed into the mitochondria
5	mitochondria	always,because	Sunlight Is the Source of Life | Dr. Jack Kruse | EP 04	01:20:16.320	https://www.youtube.com/watch?v=6ClqKnD10p4&t=4816	different that's why I always tell people your ZIP code trumps your genetic code because the way energy is transformed into the mitochondria determines the diseases you get so this
5	leptin	never,because	Dr. Jack Kruse Reveals Insights _Banned TED Talk 2012	00:03:14.640	https://www.youtube.com/watch?v=7IjfRQSRLt8&t=194	something called the leptin reset and I never published this until last year on my blog I kept it very quiet in the hospital because I didn't want anybody think I
5	leptin	never,fundamental	Why Mitochondria, Water, Light, Magnetism, & MitoHacking wit	00:05:46.840	https://www.youtube.com/watch?v=7SYSPlQa5eY&t=346	post called my leptin prescription now when you read that blog post you'll never hear me talk about light but really the letin prescription is all about light fundamentally when you break
5	leptin	never,fundamental	Why Mitochondria, Water, Light, Magnetism, & MitoHacking wit	00:05:48.560	https://www.youtube.com/watch?v=7SYSPlQa5eY&t=348	when you read that blog post you'll never hear me talk about light but really the letin prescription is all about light fundamentally when you break it down well between the leptin receptor
5	leptin	never,fundamental	Why Mitochondria, Water, Light, Magnetism, & MitoHacking wit	00:05:50.240	https://www.youtube.com/watch?v=7SYSPlQa5eY&t=350	never hear me talk about light but really the letin prescription is all about light fundamentally when you break it down well between the leptin receptor and your retina is a thing called the
5	mitochondria	never,because	Why Mitochondria, Water, Light, Magnetism, & MitoHacking wit	00:07:07.759	https://www.youtube.com/watch?v=7SYSPlQa5eY&t=427	mitochondria in your central retinal pathway is bad you'll never have a good hormone panel and I can't tell you how many people you've probably had on this show that when you look at them because
5	quantum	always,because	Why Mitochondria, Water, Light, Magnetism, & MitoHacking wit	00:25:07.480	https://www.youtube.com/watch?v=7SYSPlQa5eY&t=1507	connected and I always believe this the reason why people become entangled is because you needed to hear that what you experienced back then is tied to Quantum biology that is the key and I would tell
5	vitamin-d	never,because	Why Mitochondria, Water, Light, Magnetism, & MitoHacking wit	00:31:38.080	https://www.youtube.com/watch?v=7SYSPlQa5eY&t=1898	seven to 10 devices that are bidirectional microwave devices so that's the reason why you can be Buck ass naked in Los Angeles and your vitamin D will never go up because to
5	vitamin-d	never,because	Why Mitochondria, Water, Light, Magnetism, & MitoHacking wit	00:31:39.519	https://www.youtube.com/watch?v=7SYSPlQa5eY&t=1899	bidirectional microwave devices so that's the reason why you can be Buck ass naked in Los Angeles and your vitamin D will never go up because to actually make vitamin D your
5	mitochondria	never,causes	Why Mitochondria, Water, Light, Magnetism, & MitoHacking wit	00:42:44.119	https://www.youtube.com/watch?v=7SYSPlQa5eY&t=2564	so when you start to understand all these parts you say man if I work I'm never out at that time of the day so if you do that for 20 30 40 years does that cause mitochondrial heteroplasia to rise
5	mitochondria	never,causes	Why Mitochondria, Water, Light, Magnetism, & MitoHacking wit	00:42:46.960	https://www.youtube.com/watch?v=7SYSPlQa5eY&t=2566	these parts you say man if I work I'm never out at that time of the day so if you do that for 20 30 40 years does that cause mitochondrial heteroplasia to rise is that the reason why some people do
5	mitochondria	never,causes	Why Mitochondria, Water, Light, Magnetism, & MitoHacking wit	00:42:49.599	https://www.youtube.com/watch?v=7SYSPlQa5eY&t=2569	never out at that time of the day so if you do that for 20 30 40 years does that cause mitochondrial heteroplasia to rise is that the reason why some people do better than others yeah turn out your
5	quantum	never,because	Why Mitochondria, Water, Light, Magnetism, & MitoHacking wit	00:54:22.880	https://www.youtube.com/watch?v=7SYSPlQa5eY&t=3262	even know about the history of how this goes back and see this is the cool part maybe we can end on this yeah this is the cool part about Quantum biology because guess what 10 years ago I never
5	mitochondria	never,because	Why Mitochondria, Water, Light, Magnetism, & MitoHacking wit	00:54:31.480	https://www.youtube.com/watch?v=7SYSPlQa5eY&t=3271	because guess what 10 years ago I never knew about that and when my mitochondria recovered in my brain and I started to really really think well I wanted to know why my profession went off the
5	leptin	always,must	How Obesity Begins in the Eye & How Sunlight is the Driving 	00:20:30.640	https://www.youtube.com/watch?v=AFLFYVgFI68&t=1230	so that it knows precisely what the energy balance is well turns out leptin has to have another photoreceptor in order for it to work i mean remember how i always
5	leptin	always,must	How Obesity Begins in the Eye & How Sunlight is the Driving 	00:20:33.360	https://www.youtube.com/watch?v=AFLFYVgFI68&t=1233	energy balance is well turns out leptin has to have another photoreceptor in order for it to work i mean remember how i always talk to people about
5	leptin	always,must	How Obesity Begins in the Eye & How Sunlight is the Driving 	00:20:34.000	https://www.youtube.com/watch?v=AFLFYVgFI68&t=1234	leptin has to have another photoreceptor in order for it to work i mean remember how i always talk to people about everything in biology is a coupled
5	mitochondria	never,must	Cancer Prevention Secret: Sunlight Beats Food? | Dr. Jack Kr	00:02:09.119	https://www.youtube.com/watch?v=B8VcGXbKR34&t=129	have an axiom that I teach my my people about that you never focus on a BC or D when the a is available so the thing that you really need to understand is all cancers or mitochondrial diseases
5	mitochondria	never,must	Cancer Prevention Secret: Sunlight Beats Food? | Dr. Jack Kr	00:02:11.879	https://www.youtube.com/watch?v=B8VcGXbKR34&t=131	about that you never focus on a BC or D when the a is available so the thing that you really need to understand is all cancers or mitochondrial diseases at their core that means they're
5	melanin	always,because	Cancer Prevention Secret: Sunlight Beats Food? | Dr. Jack Kr	00:30:38.440	https://www.youtube.com/watch?v=B8VcGXbKR34&t=1838	oncologist the pediatricians and all the doctors tell you about the sun you understand why he'll continue to always be at risk because if he doesn't understand the story of melanin vitamin
5	vitamin-d	never,because	Nature’s Hidden Healing Powers w/ Dr. Jack Kruse	00:37:32.640	https://www.youtube.com/watch?v=CVz-5qK4zBE&t=2252	and greater and greater then they're going to say oh look you got this cut off you got that cut off but they never ever ever check your vitamin D level because technically if the Sun is toxic
5	vitamin-d	never,because	Nature’s Hidden Healing Powers w/ Dr. Jack Kruse	00:37:34.960	https://www.youtube.com/watch?v=CVz-5qK4zBE&t=2254	going to say oh look you got this cut off you got that cut off but they never ever ever check your vitamin D level because technically if the Sun is toxic everybody's vitamin D should be I don't
5	vitamin-d	never,because	Nature’s Hidden Healing Powers w/ Dr. Jack Kruse	00:37:36.680	https://www.youtube.com/watch?v=CVz-5qK4zBE&t=2256	off you got that cut off but they never ever ever check your vitamin D level because technically if the Sun is toxic everybody's vitamin D should be I don't know 150 to 200 you know what you're
5	mitochondria	never,because	Nature’s Hidden Healing Powers w/ Dr. Jack Kruse	00:51:50.200	https://www.youtube.com/watch?v=CVz-5qK4zBE&t=3110	to do then is go on the internet and listen to Doug Wallace he's the PHD researcher that taught us everything about mitochondria he's never been funded because he's not a friend of
5	mitochondria	never,because	Nature’s Hidden Healing Powers w/ Dr. Jack Kruse	00:51:51.599	https://www.youtube.com/watch?v=CVz-5qK4zBE&t=3111	listen to Doug Wallace he's the PHD researcher that taught us everything about mitochondria he's never been funded because he's not a friend of Anthony fouchi um he works at the
5	mitochondria	never,because	Nature’s Hidden Healing Powers w/ Dr. Jack Kruse	00:51:53.599	https://www.youtube.com/watch?v=CVz-5qK4zBE&t=3113	researcher that taught us everything about mitochondria he's never been funded because he's not a friend of Anthony fouchi um he works at the Children's Hospital of Philadelphia
5	mitochondria	never,because	Nature’s Hidden Healing Powers w/ Dr. Jack Kruse	00:51:54.839	https://www.youtube.com/watch?v=CVz-5qK4zBE&t=3114	about mitochondria he's never been funded because he's not a friend of Anthony fouchi um he works at the Children's Hospital of Philadelphia someone like you who has your problems
5	melanin	never,because	'Sh*t Hitting the Fan is Coming Soon' Bitcoiners Prepare | K	01:08:01.500	https://www.youtube.com/watch?v=DAjTEOIH8Ww&t=4081	He's being drained of water and melanin. And what I'm trying to tell him this, this is not trying to be hyperbolic. This is actually biologic. And it's incredible that it's coming out in this podcast because I never thought we would ever go here.
5	ez-water	always,because	Dr Gerald Pollack _The Importance Of Water For Energy _Heart	00:07:16.240	https://www.youtube.com/watch?v=EWthpbsfMJI&t=436	Are you Is it the fourth phase of water, your book? Because I've got that cuz I wasn't sure if you had more than one cuz the the listeners always like to get books
5	ez-water	always,because	Dr Gerald Pollack _The Importance Of Water For Energy _Heart	00:07:18.320	https://www.youtube.com/watch?v=EWthpbsfMJI&t=438	Is it the fourth phase of water, your book? Because I've got that cuz I wasn't sure if you had more than one cuz the the listeners always like to get books and things. No, this one this one is
5	photoelectric	must,evidence	Stephen Wolfram's Radical Theory of Everything	00:45:43.760	https://www.youtube.com/watch?v=FkYer0xP37E&t=2743	it right. He didn't figure out the second law. As&nbsp; we now know, sort of the paradigmatic ideas that&nbsp;&nbsp; you need to figure out the second law come from&nbsp; ideas about computation and so on, which were&nbsp;&nbsp; another close to 100 years in the future, so to&nbsp; speak. But it's sort of interesting that he was&nbsp;&nbsp; applying those kinds of philosophical thinking&nbsp; idea
5	leptin	never,because	Neuro Surgeon by Day | Mito Hacker By Night | Dr. Jack Kruse	00:02:09.239	https://www.youtube.com/watch?v=I537lQoiu5c&t=129	"She goes, ""Look, I know why this happened to you. I'm going to send you six papers and a book."" That jumped me down the rabbit hole. She was trying to give me information tied to a hormone called leptin that I had absolutely never heard about, because I graduated in medical school in '93, and leptin wasn't discovered"
5	leptin	never,because	Neuro Surgeon by Day | Mito Hacker By Night | Dr. Jack Kruse	00:02:10.920	https://www.youtube.com/watch?v=I537lQoiu5c&t=130	"I'm going to send you six papers and a book."" That jumped me down the rabbit hole. She was trying to give me information tied to a hormone called leptin that I had absolutely never heard about, because I graduated in medical school in '93, and leptin wasn't discovered until '94."
5	leptin	never,because	Neuro Surgeon by Day | Mito Hacker By Night | Dr. Jack Kruse	00:02:17.269	https://www.youtube.com/watch?v=I537lQoiu5c&t=137	That jumped me down the rabbit hole. She was trying to give me information tied to a hormone called leptin that I had absolutely never heard about, because I graduated in medical school in '93, and leptin wasn't discovered until '94. I had no way of knowing about it.
5	leptin	never,because	Neuro Surgeon by Day | Mito Hacker By Night | Dr. Jack Kruse	00:02:23.120	https://www.youtube.com/watch?v=I537lQoiu5c&t=143	She was trying to give me information tied to a hormone called leptin that I had absolutely never heard about, because I graduated in medical school in '93, and leptin wasn't discovered until '94. I had no way of knowing about it. She was trying to get me the message that Amgen was trying to cook their clinical trials,
5	leptin	never,because	Neuro Surgeon by Day | Mito Hacker By Night | Dr. Jack Kruse	00:02:24.190	https://www.youtube.com/watch?v=I537lQoiu5c&t=144	never heard about, because I graduated in medical school in '93, and leptin wasn't discovered until '94. I had no way of knowing about it. She was trying to get me the message that Amgen was trying to cook their clinical trials, because at that time, back in the early 2000s, they had pulled their synthetic leptin drug
5	blue-light	always,causes	Neuro Surgeon by Day | Mito Hacker By Night | Dr. Jack Kruse	00:07:17.040	https://www.youtube.com/watch?v=I537lQoiu5c&t=437	Really all the moves in my life have always been associated with moving towards the sun, and getting blue light and non-AD BMF out of my life. It's not like this trend was new. This was a plan of mine for probably 10 years, but you know having a good idea without execution leads to deletion of every good idea.
5	leptin	always,because	Neuro Surgeon by Day | Mito Hacker By Night | Dr. Jack Kruse	00:37:48.390	https://www.youtube.com/watch?v=I537lQoiu5c&t=2268	"They have scotopic skin. That's the reason why you've always heard me say, ""Anything that we learned in medical school is bullshit."" Here's the reason why, because everything we've learned has been on nocturnal animals that have a completely different retinal melanopsin system, and that means leptin works differently."
5	leptin	always,because	Neuro Surgeon by Day | Mito Hacker By Night | Dr. Jack Kruse	00:37:50.059	https://www.youtube.com/watch?v=I537lQoiu5c&t=2270	"That's the reason why you've always heard me say, ""Anything that we learned in medical school is bullshit."" Here's the reason why, because everything we've learned has been on nocturnal animals that have a completely different retinal melanopsin system, and that means leptin works differently. Whatever you find from a mouse has no input into a human."
5	leptin	never,because	Neuro Surgeon by Day | Mito Hacker By Night | Dr. Jack Kruse	00:37:54.519	https://www.youtube.com/watch?v=I537lQoiu5c&t=2274	"school is bullshit."" Here's the reason why, because everything we've learned has been on nocturnal animals that have a completely different retinal melanopsin system, and that means leptin works differently. Whatever you find from a mouse has no input into a human. See, I never told anybody this because I was making hypotheses the whole time, but I didn't"
5	leptin	never,because	Neuro Surgeon by Day | Mito Hacker By Night | Dr. Jack Kruse	00:37:59.950	https://www.youtube.com/watch?v=I537lQoiu5c&t=2279	"Here's the reason why, because everything we've learned has been on nocturnal animals that have a completely different retinal melanopsin system, and that means leptin works differently. Whatever you find from a mouse has no input into a human. See, I never told anybody this because I was making hypotheses the whole time, but I didn't have the data even when you and I met in 2016, to tell you, ""No"
5	leptin	never,because	Neuro Surgeon by Day | Mito Hacker By Night | Dr. Jack Kruse	00:38:03.930	https://www.youtube.com/watch?v=I537lQoiu5c&t=2283	"that have a completely different retinal melanopsin system, and that means leptin works differently. Whatever you find from a mouse has no input into a human. See, I never told anybody this because I was making hypotheses the whole time, but I didn't have the data even when you and I met in 2016, to tell you, ""Now I do. Now I can let the cat out of the bag and tell you why I was saying what I was "
5	blue-light	never,causes	Neuro Surgeon by Day | Mito Hacker By Night | Dr. Jack Kruse	00:54:15.589	https://www.youtube.com/watch?v=I537lQoiu5c&t=3255	artificial blue light that really causes the cancer. Turns out that UV light taken out of its spectrum, so if you're thinking about the Pink Floyd album cover, remember, UV light only makes up purple. There's six other colors. UV light will never hurt you when the six other colors are present, okay?
5	red-light	never,must	Neuro Surgeon by Day | Mito Hacker By Night | Dr. Jack Kruse	00:59:51.019	https://www.youtube.com/watch?v=I537lQoiu5c&t=3591	The short story is, infrared A light forms up 42% of sunlight. It's the dominant form of light. Turns out red light in U is the fastest way for you to build your solar callus, so that means the more red light you get, the more UV light you can assimilate and you don't need to be outside and you'll never get red.
5	red-light	never,must	Neuro Surgeon by Day | Mito Hacker By Night | Dr. Jack Kruse	00:59:56.170	https://www.youtube.com/watch?v=I537lQoiu5c&t=3596	It's the dominant form of light. Turns out red light in U is the fastest way for you to build your solar callus, so that means the more red light you get, the more UV light you can assimilate and you don't need to be outside and you'll never get red. You know you've met me, I'm an Irish guy with freckles.
5	red-light	never,must	Neuro Surgeon by Day | Mito Hacker By Night | Dr. Jack Kruse	01:00:00.559	https://www.youtube.com/watch?v=I537lQoiu5c&t=3600	Turns out red light in U is the fastest way for you to build your solar callus, so that means the more red light you get, the more UV light you can assimilate and you don't need to be outside and you'll never get red. You know you've met me, I'm an Irish guy with freckles. I can stay out in the sun for eight to 10 hours.
5	red-light	never,must	Neuro Surgeon by Day | Mito Hacker By Night | Dr. Jack Kruse	01:00:02.269	https://www.youtube.com/watch?v=I537lQoiu5c&t=3602	means the more red light you get, the more UV light you can assimilate and you don't need to be outside and you'll never get red. You know you've met me, I'm an Irish guy with freckles. I can stay out in the sun for eight to 10 hours. In fact, this weekend on Sunday I was outside watching some of the NFL games, out 10 hours
5	blue-light	always,because	Episode 19: Dr. Jack Kruse - The Light Connection: ADHD, Sle	01:02:54.720	https://www.youtube.com/watch?v=IHSMqhrfvaU&t=3774	me here and then even I since I'm here in El Salvador I realized how addicted I was to many things in in life also drugs whatever but also it's always started with the blue light and since I'm more
5	blue-light	always,because	Episode 19: Dr. Jack Kruse - The Light Connection: ADHD, Sle	01:02:58.200	https://www.youtube.com/watch?v=IHSMqhrfvaU&t=3778	in El Salvador I realized how addicted I was to many things in in life also drugs whatever but also it's always started with the blue light and since I'm more in the sun I don't have the the feeling
5	blue-light	always,because	Episode 19: Dr. Jack Kruse - The Light Connection: ADHD, Sle	01:03:00.720	https://www.youtube.com/watch?v=IHSMqhrfvaU&t=3780	was to many things in in life also drugs whatever but also it's always started with the blue light and since I'm more in the sun I don't have the the feeling or the the the soak anymore for for all
5	blue-light	always,because	Episode 19: Dr. Jack Kruse - The Light Connection: ADHD, Sle	01:03:02.559	https://www.youtube.com/watch?v=IHSMqhrfvaU&t=3782	whatever but also it's always started with the blue light and since I'm more in the sun I don't have the the feeling or the the the soak anymore for for all this all this stuff and I feel like
5	blue-light	always,because	Episode 19: Dr. Jack Kruse - The Light Connection: ADHD, Sle	01:18:26.040	https://www.youtube.com/watch?v=IHSMqhrfvaU&t=4706	red blood cell also has a problem because it's got he hemog this is the reason why anemia of chronic disease always is associated with blue light toxicity always and guess what you
5	blue-light	always,because	Episode 19: Dr. Jack Kruse - The Light Connection: ADHD, Sle	01:18:28.440	https://www.youtube.com/watch?v=IHSMqhrfvaU&t=4708	because it's got he hemog this is the reason why anemia of chronic disease always is associated with blue light toxicity always and guess what you ask any doctor in the centralized
5	leptin	never,must	Dr Jack Kruse: Light, Melanin, POMC in Human Evolution & Dis	00:57:42.960	https://www.youtube.com/watch?v=Ln3WszTq0uA&t=3462	Clinic everywhere else and he was never able to knock this off so when I fixed his patient he called me up and said what do I need to do and I said well just follow this leptin
5	red-light	always,must	Dr Jack Kruse: Light, Melanin, POMC in Human Evolution & Dis	01:38:29.880	https://www.youtube.com/watch?v=Ln3WszTq0uA&t=5909	Light is irreplaceable I always tell people when I do podcasts they always say joculus you're one actionable task the actionable task is you need to harvest as much red light as you
5	red-light	always,must	Dr Jack Kruse: Light, Melanin, POMC in Human Evolution & Dis	01:38:32.400	https://www.youtube.com/watch?v=Ln3WszTq0uA&t=5912	people when I do podcasts they always say joculus you're one actionable task the actionable task is you need to harvest as much red light as you possibly can when you have atrophic skin
5	mitochondria	causes,evidence	Dr Jack Kruse: Light, Melanin, POMC in Human Evolution & Dis	01:45:40.860	https://www.youtube.com/watch?v=Ln3WszTq0uA&t=6340	once you create a coherence inside of every mitochondria in your body that means that you can use other Quantum processes like entanglement and we now know that entanglement
5	red-light	never,because	Dr Jack Kruse: Light, Melanin, POMC in Human Evolution & Dis	02:10:38.520	https://www.youtube.com/watch?v=Ln3WszTq0uA&t=7838	standpoint what does it tell me as a physician that person never went in the sun yeah because that's effectively what's happening that you are devoid of red light frequencies
5	red-light	never,because	Dr Jack Kruse: Light, Melanin, POMC in Human Evolution & Dis	02:10:40.800	https://www.youtube.com/watch?v=Ln3WszTq0uA&t=7840	physician that person never went in the sun yeah because that's effectively what's happening that you are devoid of red light frequencies and you're paying the toll you're paying
5	photoelectric	always,because	Dr Jack Kruse: Light, Melanin, POMC in Human Evolution & Dis	02:26:30.120	https://www.youtube.com/watch?v=Ln3WszTq0uA&t=8790	um with the photoelectric effect I always like to tell the story I told the story of Rick Rubin when we just did the podcast I'm going to recount it for you because people ask me
5	deuterium	never,because	Dr Jack Kruse: Light, Melanin, POMC in Human Evolution & Dis	02:48:21.120	https://www.youtube.com/watch?v=Ln3WszTq0uA&t=10101	wanted to jump in with deuterium and all that but look you'll lose people at hello yeah if you do that that's the reason why I never started with this stuff yeah because
5	iron	never,because	BORGES: A POET'S CREED  Lecture, 1968.	00:18:21.200	https://www.youtube.com/watch?v=MQv8ObsaG-U&t=1101	then i don't think we should remember that style stills meant an iron pen and that plane means flat because in that case i would never understand it
5	iron	never,because	BORGES: A POET'S CREED  Lecture, 1968.	00:18:25.200	https://www.youtube.com/watch?v=MQv8ObsaG-U&t=1105	we should remember that style stills meant an iron pen and that plane means flat because in that case i would never understand it now
5	iron	never,because	BORGES: A POET'S CREED  Lecture, 1968.	00:18:27.679	https://www.youtube.com/watch?v=MQv8ObsaG-U&t=1107	that style stills meant an iron pen and that plane means flat because in that case i would never understand it now i will go back to my boyhood days and
5	leptin	never,because	UC 327: Water, Light and Magnetism for Health with Dr Jack K	00:02:47.760	https://www.youtube.com/watch?v=MSJk1RDH7Aw&t=167	me a long time ago. Um I just never told you really what pinned down the leptin prescription, the cold thermogenesis protocol. I never really got into the physics behind it because I knew most
5	leptin	never,because	UC 327: Water, Light and Magnetism for Health with Dr Jack K	00:02:49.440	https://www.youtube.com/watch?v=MSJk1RDH7Aw&t=169	you really what pinned down the leptin prescription, the cold thermogenesis protocol. I never really got into the physics behind it because I knew most people back then. Um, we're still in a
5	mitochondria	never,because	UC 327: Water, Light and Magnetism for Health with Dr Jack K	00:32:59.840	https://www.youtube.com/watch?v=MSJk1RDH7Aw&t=1979	two parts. We'll probably never get to the basis of what the other two parts are in this podcast because it is pretty deep science, but it's actually related to mitochondrial biology and it's
5	vitamin-d	never,must	How Our Gut health is linkd with the Sun ... by Dr Jack Krus	00:33:48.600	https://www.youtube.com/watch?v=Mb8lQtKduVI&t=2028	work operationally they have to be sulfated what else do you know in your body that has to be sulfated most people never talk about cholesterol and vitamin D do you know that vitamin D is made
5	vitamin-d	never,must	How Our Gut health is linkd with the Sun ... by Dr Jack Krus	00:33:51.399	https://www.youtube.com/watch?v=Mb8lQtKduVI&t=2031	sulfated what else do you know in your body that has to be sulfated most people never talk about cholesterol and vitamin D do you know that vitamin D is made from cholesterol
5	vitamin-d	never,must	How Our Gut health is linkd with the Sun ... by Dr Jack Krus	00:33:53.760	https://www.youtube.com/watch?v=Mb8lQtKduVI&t=2033	body that has to be sulfated most people never talk about cholesterol and vitamin D do you know that vitamin D is made from cholesterol there's only one hydrogen difference and
5	quantum	always,must	IFS Podcast #1: Decoding The Science of Ultimate Human Healt	00:05:43.000	https://www.youtube.com/watch?v=MvrKwzXTtfw&t=343	always tell people on my site and on my Forum that you don't have to speak Chinese to like Chinese food and that's really kind of how Quantum biology is you just need to know a little bit about
5	mitochondria	always,fundamental	Nourish Vermont 2016 // Dr. Jack Kruse: How to Bio-Hack Your	00:32:51.880	https://www.youtube.com/watch?v=N-_DTk9hYvI&t=1971	respiratory proteins in mitochondria okay still think it's about food folks it's about light it's always been about light and you have to realize that life fundamentally is
5	photoelectric	always,fundamental	Nourish Vermont 2016 // Dr. Jack Kruse: How to Bio-Hack Your	00:32:57.080	https://www.youtube.com/watch?v=N-_DTk9hYvI&t=1977	food folks it's about light it's always been about light and you have to realize that life fundamentally is photoelectric okay technology in biology should be photonic not
5	circadian	never,because	Making Circadian Medicine & Quantum Biology accessible for e	00:22:14.400	https://www.youtube.com/watch?v=N5sbRPOR5uE&t=1334	light you know especially like a green light shining on my hand could disrupt my circadian rhythms and so um I may go back to the old generation one because I never sent it back in uh
5	circadian	never,because	Making Circadian Medicine & Quantum Biology accessible for e	00:22:17.340	https://www.youtube.com/watch?v=N5sbRPOR5uE&t=1337	light shining on my hand could disrupt my circadian rhythms and so um I may go back to the old generation one because I never sent it back in uh after the baby gets here but I just you
5	circadian	never,because	Making Circadian Medicine & Quantum Biology accessible for e	00:22:19.440	https://www.youtube.com/watch?v=N5sbRPOR5uE&t=1339	my circadian rhythms and so um I may go back to the old generation one because I never sent it back in uh after the baby gets here but I just you know keep it on airplane mode because
5	methylene-blue	never,because	Dr. Jack Kruse: Decentralizing Medicine and Shaping Future H	02:20:03.399	https://www.youtube.com/watch?v=OJaR2XgTmPI&t=8403	me and Ted did you know we would have went back and used methylene blue and nobody would have said anything about it because the idiots in the FDA and the CDC didn't know about it you would never
5	methylene-blue	never,because	Dr. Jack Kruse: Decentralizing Medicine and Shaping Future H	02:20:05.080	https://www.youtube.com/watch?v=OJaR2XgTmPI&t=8405	went back and used methylene blue and nobody would have said anything about it because the idiots in the FDA and the CDC didn't know about it you would never know that as a centralized or functional
5	mitochondria	never,because	Weight Loss, Mitochondria Health & Vitamin D  with Dr. Jack 	00:44:36.800	https://www.youtube.com/watch?v=PfEOtlJapfg&t=2676	that becomes really important because you linked it to timing of seeing the sun rise every single morning pareto's principle for black swan mitochondria you will never miss the sunrise any day
5	cytochrome	always,because	Dr. Jack Kruse - Ketosis fails with circadian mismatches, qu	00:16:19.440	https://www.youtube.com/watch?v=SIs7wcGR0zY&t=979	reason why this gets really complex is people don't realize why cytochrome one is incredibly important because when [&nbsp;__&nbsp;] goes bad there cytochrome one is almost always next to where
5	dopamine	always,causes	Is Reality an Illusion? | Dr. Donald Hoffman | EP 387	00:47:56.640	https://www.youtube.com/watch?v=SPnyxnvU4ko&t=2876	decreases somewhat, that produces a dopamine kick. And that's a signal of reduced entropy in relationship. And it seems to me that entropy is always calculated in
5	dopamine	always,causes	Is Reality an Illusion? | Dr. Donald Hoffman | EP 387	00:47:58.920	https://www.youtube.com/watch?v=SPnyxnvU4ko&t=2878	that produces a dopamine kick. And that's a signal of reduced entropy in relationship. And it seems to me that entropy is always calculated in relationship to a goal, right? You say,
5	red-light	always,because	Exiled Brain Surgeon: DARPA Mind Control, Quantum Biology & 	03:16:56.520	https://www.youtube.com/watch?v=SiBFtwbyv44&t=11816	big warning on yeah the warning is always there because you're protecting the manufacturer but I would tell you when you realize that you know infrared a and near infrared light are in
5	red-light	always,because	Exiled Brain Surgeon: DARPA Mind Control, Quantum Biology & 	03:16:58.560	https://www.youtube.com/watch?v=SiBFtwbyv44&t=11818	always there because you're protecting the manufacturer but I would tell you when you realize that you know infrared a and near infrared light are in sunlight it doesn't take a rocket
5	circadian	always,because	Exiled Brain Surgeon: DARPA Mind Control, Quantum Biology & 	03:36:20.279	https://www.youtube.com/watch?v=SiBFtwbyv44&t=12980	present in US we are the one mammal that doesn't really use it like we should why because what are the two metrics that circadian biology works on light and dark and temperature people always
5	circadian	always,because	Exiled Brain Surgeon: DARPA Mind Control, Quantum Biology & 	03:36:23.120	https://www.youtube.com/watch?v=SiBFtwbyv44&t=12983	doesn't really use it like we should why because what are the two metrics that circadian biology works on light and dark and temperature people always forget the temperature part right and
5	circadian	always,because	Exiled Brain Surgeon: DARPA Mind Control, Quantum Biology & 	03:36:25.640	https://www.youtube.com/watch?v=SiBFtwbyv44&t=12985	because what are the two metrics that circadian biology works on light and dark and temperature people always forget the temperature part right and that's where cold plays a role and it
5	blue-light	always,because	Exiled Brain Surgeon: DARPA Mind Control, Quantum Biology & 	04:03:32.760	https://www.youtube.com/watch?v=SiBFtwbyv44&t=14612	people who don't use the UV light have noticed the skin that comes back after you use the blue light always has less pigment in it and I think the reason for that is because the way nature wants
5	blue-light	always,because	Exiled Brain Surgeon: DARPA Mind Control, Quantum Biology & 	04:03:35.159	https://www.youtube.com/watch?v=SiBFtwbyv44&t=14615	noticed the skin that comes back after you use the blue light always has less pigment in it and I think the reason for that is because the way nature wants this done it needs not only the nitric
5	blue-light	always,because	Exiled Brain Surgeon: DARPA Mind Control, Quantum Biology & 	04:03:37.960	https://www.youtube.com/watch?v=SiBFtwbyv44&t=14617	you use the blue light always has less pigment in it and I think the reason for that is because the way nature wants this done it needs not only the nitric oxide stimulus but it also needs the UV
5	mitochondria	never,must	The Jack Kruse Series 001	01:15:49.199	https://www.youtube.com/watch?v=T3Ob-DMtR1M&t=4549	it means it must have changed chemicals all the time right would you assume that what's the only chemical in complex life that has a mitochondria that's never
5	becker	never,must	Activate Your Fat Burning Pathway with Dr. Jack Kruse	00:52:51.839	https://www.youtube.com/watch?v=U5j-NL3_LgA&t=3171	disease Generation Um the work of Dr robertto Becker in this area the guy was nominated twice for Nobel PR never one people need to go back to read what he
5	becker	never,must	Activate Your Fat Burning Pathway with Dr. Jack Kruse	00:52:53.920	https://www.youtube.com/watch?v=U5j-NL3_LgA&t=3173	Generation Um the work of Dr robertto Becker in this area the guy was nominated twice for Nobel PR never one people need to go back to read what he found 50 years ago and read what he
5	becker	never,must	Activate Your Fat Burning Pathway with Dr. Jack Kruse	00:52:57.920	https://www.youtube.com/watch?v=U5j-NL3_LgA&t=3177	Becker in this area the guy was nominated twice for Nobel PR never one people need to go back to read what he found 50 years ago and read what he wrote before he
5	cytochrome	always,because	Dr. Jack Kruse Nourish Vermont 2017 Q & A- part 10 of 10	00:11:19.279	https://www.youtube.com/watch?v=Uvm0dho_KRM&t=679	340 nanometer light so if you want to know why electrons from carbohydrates always enter at cytochrome 1 now you know why because carbohydrates
5	cytochrome	always,because	Dr. Jack Kruse Nourish Vermont 2017 Q & A- part 10 of 10	00:11:20.800	https://www.youtube.com/watch?v=Uvm0dho_KRM&t=680	so if you want to know why electrons from carbohydrates always enter at cytochrome 1 now you know why because carbohydrates grow when
5	cytochrome	always,because	Dr. Jack Kruse Nourish Vermont 2017 Q & A- part 10 of 10	00:11:22.000	https://www.youtube.com/watch?v=Uvm0dho_KRM&t=682	from carbohydrates always enter at cytochrome 1 now you know why because carbohydrates grow when long light cycles when what kind of
5	dopamine	always,because	Dr. Jack Kruse Nourish Vermont 2017 Q & A- part 10 of 10	00:18:21.760	https://www.youtube.com/watch?v=Uvm0dho_KRM&t=1101	time i went to chicago i always wanted to go back you know why what i just told you dopamine because when you have and you're around
5	iron	always,because	Eastern and Western Zen | 08| Eastern Wisdom  | Alan Watts	02:34:54.560	https://www.youtube.com/watch?v=VLQMGHBnxVg&t=9294	But human birth is the thing that is always regarded as most fortunate because you can be tied to the wheel not only by chains of iron, that is to say, by
5	iron	always,because	Eastern and Western Zen | 08| Eastern Wisdom  | Alan Watts	02:34:56.160	https://www.youtube.com/watch?v=VLQMGHBnxVg&t=9296	always regarded as most fortunate because you can be tied to the wheel not only by chains of iron, that is to say, by acting wrongly, you can also be bound by
5	becker	never,because	#13 - Jack Kruse	01:14:09.320	https://www.youtube.com/watch?v=VO4JwdXuXXs&t=4449	correctly his students never took it to the next level I I give Albert St Georgie a lot of credit even though he was wrong because without him we don't get robertto Becker without Becker we
5	becker	never,because	#13 - Jack Kruse	01:14:13.320	https://www.youtube.com/watch?v=VO4JwdXuXXs&t=4453	Georgie a lot of credit even though he was wrong because without him we don't get robertto Becker without Becker we don't get to where I am I could I can never do the things that I'm doing
5	becker	never,because	#13 - Jack Kruse	01:14:15.639	https://www.youtube.com/watch?v=VO4JwdXuXXs&t=4455	was wrong because without him we don't get robertto Becker without Becker we don't get to where I am I could I can never do the things that I'm doing without the insights that Becker gave me
5	becker	never,because	#13 - Jack Kruse	01:14:32.040	https://www.youtube.com/watch?v=VO4JwdXuXXs&t=4472	Becker's work um and there's so many different parts to this story and I have a reverence for those scientists that actually pulled me to the decentralized way why because I never get there
5	mitochondria	never,because	#13 - Jack Kruse	01:17:09.480	https://www.youtube.com/watch?v=VO4JwdXuXXs&t=4629	we got to take away we're never going to graduate to Doug Wallace's way of seeing the world and remember Doug Wallace also another guy I rever because he's the mitochondria man he's trying to get
5	red-light	never,because	8. Semiotics and Structuralism	00:36:22.250	https://www.youtube.com/watch?v=VsMfaIOsT3M&t=2182	"It ought to mean ""to go forward"" with everything behind it, but needless to say her thoughts on the subject were never implemented because &gt; if one day red light means ""stop"""
5	red-light	never,because	8. Semiotics and Structuralism	00:36:25.293	https://www.youtube.com/watch?v=VsMfaIOsT3M&t=2185	"with everything behind it, but needless to say her thoughts on the subject were never implemented because &gt; if one day red light means ""stop"" and the next day red light means ""go,"""
5	red-light	never,because	8. Semiotics and Structuralism	00:36:26.730	https://www.youtube.com/watch?v=VsMfaIOsT3M&t=2186	"thoughts on the subject were never implemented because &gt; if one day red light means ""stop"" and the next day red light means ""go,"" there might be a few problems."
5	red-light	never,because	Blue Light, EMF, Circadian Rhythm, Mitochondria and Quantum 	01:12:39.200	https://www.youtube.com/watch?v=X5WCYlaPAwM&t=4359	I'm inside like I am now I have infrared a light panels all around me my clinic has them I will never be inside without a red light somewhere on me because I know that the
5	red-light	never,because	Blue Light, EMF, Circadian Rhythm, Mitochondria and Quantum 	01:12:43.400	https://www.youtube.com/watch?v=X5WCYlaPAwM&t=4363	I have infrared a light panels all around me my clinic has them I will never be inside without a red light somewhere on me because I know that the glass blocks 40 to 60 percent of it and
5	red-light	never,because	Blue Light, EMF, Circadian Rhythm, Mitochondria and Quantum 	01:12:46.820	https://www.youtube.com/watch?v=X5WCYlaPAwM&t=4366	around me my clinic has them I will never be inside without a red light somewhere on me because I know that the glass blocks 40 to 60 percent of it and there's no UV getting through so those
5	red-light	never,because	Blue Light, EMF, Circadian Rhythm, Mitochondria and Quantum 	01:12:50.120	https://www.youtube.com/watch?v=X5WCYlaPAwM&t=4370	never be inside without a red light somewhere on me because I know that the glass blocks 40 to 60 percent of it and there's no UV getting through so those are the basic things I do I tend not to
5	red-light	always,because	Uncomfortable Truths with Dr Jack Kruse	01:09:24.299	https://www.youtube.com/watch?v=Zka4Lnire1k&t=4164	just the act of looking in there because I'm using a Xenon bulb on a Zeiss microscope is actually causing brain damage in my patient so why do I always put red light and UV light on the
5	vitamin-d	never,because	Uncomfortable Truths with Dr Jack Kruse	01:29:10.800	https://www.youtube.com/watch?v=Zka4Lnire1k&t=5350	bloodstream to the liver and the kidney to be changed but this is the key point the reason why so many people from the UK can go to the sun stay out and never raise their vitamin D up because they
5	vitamin-d	never,because	Uncomfortable Truths with Dr Jack Kruse	01:29:13.199	https://www.youtube.com/watch?v=Zka4Lnire1k&t=5353	to be changed but this is the key point the reason why so many people from the UK can go to the sun stay out and never raise their vitamin D up because they don't realize that their cholesterol on
5	vitamin-d	never,because	Uncomfortable Truths with Dr Jack Kruse	01:29:15.420	https://www.youtube.com/watch?v=Zka4Lnire1k&t=5355	the reason why so many people from the UK can go to the sun stay out and never raise their vitamin D up because they don't realize that their cholesterol on their surface doesn't allow the process
5	vitamin-d	never,because	Uncomfortable Truths with Dr Jack Kruse	01:29:17.460	https://www.youtube.com/watch?v=Zka4Lnire1k&t=5357	UK can go to the sun stay out and never raise their vitamin D up because they don't realize that their cholesterol on their surface doesn't allow the process to happen there's a photo isomerization
5	blue-light	always,because	Uncomfortable Truths with Dr Jack Kruse	01:58:34.980	https://www.youtube.com/watch?v=Zka4Lnire1k&t=7114	is it that every screen that's made on a text screen is always blue lit and it's always in the blue light Hazard between 435 and 465. I'm going to tell you the reason why because it lowers your
5	melanin	always,because	Uncomfortable Truths with Dr Jack Kruse	02:11:56.460	https://www.youtube.com/watch?v=Zka4Lnire1k&t=7916	um I I told her about an experience I had with mushrooms when I was a teenager had no effect on me at all and I think the reason for that is because my brain has always had pretty good melanin in it
5	melanin	always,fundamental	Uncomfortable Truths with Dr Jack Kruse	02:12:06.420	https://www.youtube.com/watch?v=Zka4Lnire1k&t=7926	has always had pretty good melanin in it uh and I fundamentally believe that these medications help people who have very poor melanin renovation in their body
5	pollack	always,because	Godfather of Quantum Biology: Upbringing, Andrew Huberman, L	01:00:17.319	https://www.youtube.com/watch?v=amM835C0i94&t=3617	problem with anybody who's like Casey means Cali means uberman even Jerry poock you know I put Pollack in there because you know he he always cries well I need more money to do it I dude how
5	EMF	always,because	Dr. Jack Kruse EMF Podcast Debrief, 5G Explained and Q&A | L	00:52:50.799	https://www.youtube.com/watch?v=cCU6JShp5-k&t=3170	reflective and perhaps even multiplying the EMF back into a different that's what I've always that's what I've always wondered with like the EMF clothing and stuff because it's not closed like your
5	EMF	always,because	Dr. Jack Kruse EMF Podcast Debrief, 5G Explained and Q&A | L	00:52:52.280	https://www.youtube.com/watch?v=cCU6JShp5-k&t=3172	the EMF back into a different that's what I've always that's what I've always wondered with like the EMF clothing and stuff because it's not closed like your head's sticking out of it your arms are
5	EMF	always,because	Dr. Jack Kruse EMF Podcast Debrief, 5G Explained and Q&A | L	00:52:54.280	https://www.youtube.com/watch?v=cCU6JShp5-k&t=3174	what I've always that's what I've always wondered with like the EMF clothing and stuff because it's not closed like your head's sticking out of it your arms are sticking out of it it's like is it just
5	melanin	always,because	Dr. Jack Kruse EMF Podcast Debrief, 5G Explained and Q&A | L	01:32:54.679	https://www.youtube.com/watch?v=cCU6JShp5-k&t=5574	about you Tristan thoughts on that since the podcast you know whenever anyone pulls out a supplement I'm always very skeptical he mentioned it was just kind of like precursor to melanin which yeah
5	blue-light	always,because	Dr Jack Kruse _Anti-aging scientists wrong! Truth about  mTO	00:46:35.819	https://www.youtube.com/watch?v=cy8cByk8H00&t=2795	always flummoxed me he goes why do we have so much melanops in our brain we all know blue light doesn't get through our skull except through our eyes because it doesn't make any sense to me
5	red-light	never,must	#57 - Dr. Jack Kruse	01:28:22.400	https://www.youtube.com/watch?v=drdn_hDGALk&t=5302	blood the most. If you run a test utilizing anybody's red light panel that's LED based, you will never change the dialectric constant of their fluid. Is that a study that needs to be done?
5	red-light	never,because	Dr. Jack Kruse: Silent Weapons for Silent Wars	00:51:15.440	https://www.youtube.com/watch?v=fVUJyK_y3KY&t=3075	without red light. And that's the key of why you began to understand how nefarious Obama was because he took out UV and IR light so that you would never have it. That's what was in an
5	blue-light	always,must	Dr. Jack Kruse Lost 133 lbs in 1 Year Without Exercising - W	00:17:48.800	https://www.youtube.com/watch?v=fskWPCapafI&t=1068	you really need to cut all blue light exposure. And you know, I I always like to tell people, think about the Pink Floyd album back from, you know, the late '60s and early '70s when he saw the
5	EMF	always,because	Jack Kruse on How Light sculpts Your Microbiome & Implicatio	00:05:30.460	https://www.youtube.com/watch?v=g_rlcavhGLs&t=330	the light of the star in the sky and the problem is 99% of people in the world today no longer live under that light and it turns out most of the chronic disease paradigms almost always involve light at some level and it turned out my obesity I realized was tied to the new light at night and a lack of sunlight during the day and turned out a lot of non-native EMF because of my job why as
5	EMF	always,because	Jack Kruse on How Light sculpts Your Microbiome & Implicatio	00:05:37.180	https://www.youtube.com/watch?v=g_rlcavhGLs&t=337	today no longer live under that light and it turns out most of the chronic disease paradigms almost always involve light at some level and it turned out my obesity I realized was tied to the new light at night and a lack of sunlight during the day and turned out a lot of non-native EMF because of my job why as a neurosurgeon most people get hurt you know after the Sun sets and that's what
5	EMF	always,because	Jack Kruse on How Light sculpts Your Microbiome & Implicatio	00:05:42.400	https://www.youtube.com/watch?v=g_rlcavhGLs&t=342	disease paradigms almost always involve light at some level and it turned out my obesity I realized was tied to the new light at night and a lack of sunlight during the day and turned out a lot of non-native EMF because of my job why as a neurosurgeon most people get hurt you know after the Sun sets and that's what I have to stay up late at night you know operating on them and it turned out for
5	dopamine	always,because	Jack Kruse on How Light sculpts Your Microbiome & Implicatio	00:10:45.560	https://www.youtube.com/watch?v=g_rlcavhGLs&t=645	people don't understand about dopamine as dopamine is created from the aromatic amino acid tyrosine and phenylalanine in humans and the reason why I use the word aromatic is not to confuse the audiences so the audience know the benzene ring is a photon trap and it turns out it's a photon trap for UV light because most people who come upon this information always think that melatonin is a
5	iron	never,must	Jack Kruse on How Light sculpts Your Microbiome & Implicatio	00:33:39.170	https://www.youtube.com/watch?v=g_rlcavhGLs&t=2019	thing happens what happens the blood vessels are raised to the surface so that they can absorb light what is hemoglobin absorb 250 to 600 nanometer light so red blood cells are ferryboats hmm then to work operationally they have to be sulfated what else do you know in your body that has to be sulfated most people never talk about cholesterol and
5	vitamin-d	never,must	Jack Kruse on How Light sculpts Your Microbiome & Implicatio	00:33:47.990	https://www.youtube.com/watch?v=g_rlcavhGLs&t=2027	nanometer light so red blood cells are ferryboats hmm then to work operationally they have to be sulfated what else do you know in your body that has to be sulfated most people never talk about cholesterol and vitamin D you know that vitamin D is made from cholesterol there's only one hydrogen difference and a little bond that's not there and 312 nanometer light
5	vitamin-d	never,must	Jack Kruse on How Light sculpts Your Microbiome & Implicatio	00:33:53.000	https://www.youtube.com/watch?v=g_rlcavhGLs&t=2033	hmm then to work operationally they have to be sulfated what else do you know in your body that has to be sulfated most people never talk about cholesterol and vitamin D you know that vitamin D is made from cholesterol there's only one hydrogen difference and a little bond that's not there and 312 nanometer light which is UVB light does this well once that is connected it also has to be
5	vitamin-d	never,must	Jack Kruse on How Light sculpts Your Microbiome & Implicatio	00:33:59.540	https://www.youtube.com/watch?v=g_rlcavhGLs&t=2039	your body that has to be sulfated most people never talk about cholesterol and vitamin D you know that vitamin D is made from cholesterol there's only one hydrogen difference and a little bond that's not there and 312 nanometer light which is UVB light does this well once that is connected it also has to be sulfated guess what sulphates it things that are going on in your gut mm-hmm and
5	circadian	always,because	Dr Jack Kruse On Biohacking Your Water, EMFs, Blue Light, DH	00:23:31.799	https://www.youtube.com/watch?v=kZZSLQFZnQM&t=1411	right the question is I've thought about doing this like wearing red glasses in the daytime but the problem is I was always afraid that I'm going to um ruin my circadian rhythm because you need
5	vitamin-d	never,because	Dr Jack Kruse On Biohacking Your Water, EMFs, Blue Light, DH	00:58:01.520	https://www.youtube.com/watch?v=kZZSLQFZnQM&t=3481	where you live on this planet will determine your level of vitamin D so for example if you live in Sweden you're not going to have a high level of vitamin D ever because the sun's power it never
5	vitamin-d	never,because	Dr Jack Kruse On Biohacking Your Water, EMFs, Blue Light, DH	00:58:03.960	https://www.youtube.com/watch?v=kZZSLQFZnQM&t=3483	determine your level of vitamin D so for example if you live in Sweden you're not going to have a high level of vitamin D ever because the sun's power it never gets you there when you're at the
5	vitamin-d	never,because	Dr Jack Kruse On Biohacking Your Water, EMFs, Blue Light, DH	00:58:06.680	https://www.youtube.com/watch?v=kZZSLQFZnQM&t=3486	example if you live in Sweden you're not going to have a high level of vitamin D ever because the sun's power it never gets you there when you're at the equator it's going to be way higher so
5	vitamin-d	never,because	Dr Jack Kruse On Biohacking Your Water, EMFs, Blue Light, DH	00:58:08.799	https://www.youtube.com/watch?v=kZZSLQFZnQM&t=3488	going to have a high level of vitamin D ever because the sun's power it never gets you there when you're at the equator it's going to be way higher so what should they do in Sweden well what
5	circadian	always,fundamental	Dr Jack Kruse On Biohacking Your Water, EMFs, Blue Light, DH	01:05:31.240	https://www.youtube.com/watch?v=kZZSLQFZnQM&t=3931	want to make to young guys like you is that I want you to understand fundamentally why we have these breakdowns and it almost always comes back to circadian biology it doesn't
5	circadian	always,fundamental	Dr Jack Kruse On Biohacking Your Water, EMFs, Blue Light, DH	01:05:33.520	https://www.youtube.com/watch?v=kZZSLQFZnQM&t=3933	that I want you to understand fundamentally why we have these breakdowns and it almost always comes back to circadian biology it doesn't start food and I know that when I say
5	circadian	always,fundamental	Dr Jack Kruse On Biohacking Your Water, EMFs, Blue Light, DH	01:05:35.079	https://www.youtube.com/watch?v=kZZSLQFZnQM&t=3935	fundamentally why we have these breakdowns and it almost always comes back to circadian biology it doesn't start food and I know that when I say that to people and don't give them the
5	mitochondria	always,must	Dr Jack Kruse: WATER, non-native EMFs & mitochondrial basis 	00:07:58.160	https://www.youtube.com/watch?v=l9Ubguvfpys&t=478	mistakes there's always a reason for what she's doing and then the second interesting thing you need to ask yourself is the water in the mitochondrial Matrix
5	mitochondria	never,because	Dr Jack Kruse: WATER, non-native EMFs & mitochondrial basis 	00:45:21.359	https://www.youtube.com/watch?v=l9Ubguvfpys&t=2721	you got to say to yourself what happened what happened is mitochondria yeah well that's a story that NASA my government will never let you hear because they don't want you
5	mitochondria	never,because	Dr Jack Kruse: WATER, non-native EMFs & mitochondrial basis 	00:45:23.040	https://www.youtube.com/watch?v=l9Ubguvfpys&t=2723	what happened is mitochondria yeah well that's a story that NASA my government will never let you hear because they don't want you to understand that the environment
5	mitochondria	always,because	Dr Jack Kruse: WATER, non-native EMFs & mitochondrial basis 	01:05:23.339	https://www.youtube.com/watch?v=l9Ubguvfpys&t=3923	X-ray because soft x-rays also decrease Water Production from mitochondria this is the reason why if you see radiated tissue from say cancer patients it almost looks always scarred it's devoid
5	mitochondria	always,because	Dr Jack Kruse: WATER, non-native EMFs & mitochondrial basis 	01:05:25.680	https://www.youtube.com/watch?v=l9Ubguvfpys&t=3925	Water Production from mitochondria this is the reason why if you see radiated tissue from say cancer patients it almost looks always scarred it's devoid of mitochondria why because the
5	mitochondria	always,because	Dr Jack Kruse: WATER, non-native EMFs & mitochondrial basis 	01:05:28.559	https://www.youtube.com/watch?v=l9Ubguvfpys&t=3928	is the reason why if you see radiated tissue from say cancer patients it almost looks always scarred it's devoid of mitochondria why because the mitochondria have been taken away if you
5	mitochondria	always,because	Dr Jack Kruse: WATER, non-native EMFs & mitochondrial basis 	01:05:30.839	https://www.youtube.com/watch?v=l9Ubguvfpys&t=3930	tissue from say cancer patients it almost looks always scarred it's devoid of mitochondria why because the mitochondria have been taken away if you don't have mitochondria there you can't
5	mitochondria	always,because	Dr Jack Kruse: WATER, non-native EMFs & mitochondrial basis 	01:05:32.579	https://www.youtube.com/watch?v=l9Ubguvfpys&t=3932	almost looks always scarred it's devoid of mitochondria why because the mitochondria have been taken away if you don't have mitochondria there you can't make water
5	melanin	never,because	Dr Jack Kruse: WATER, non-native EMFs & mitochondrial basis 	01:18:30.179	https://www.youtube.com/watch?v=l9Ubguvfpys&t=4710	to use Steve Jobs to explain it as well when you begin to understand it that's part of the reason why you'll see when I do podcasts I never put anything in my ears why because I value the melanin in
5	melanin	never,because	Dr Jack Kruse: WATER, non-native EMFs & mitochondrial basis 	01:18:31.560	https://www.youtube.com/watch?v=l9Ubguvfpys&t=4711	when you begin to understand it that's part of the reason why you'll see when I do podcasts I never put anything in my ears why because I value the melanin in my cochlea but I really value my
5	melanin	never,because	Dr Jack Kruse: WATER, non-native EMFs & mitochondrial basis 	01:18:34.260	https://www.youtube.com/watch?v=l9Ubguvfpys&t=4714	part of the reason why you'll see when I do podcasts I never put anything in my ears why because I value the melanin in my cochlea but I really value my temporal lobes uh uh and I refuse to use
5	melanin	never,because	Dr Jack Kruse: WATER, non-native EMFs & mitochondrial basis 	01:18:36.840	https://www.youtube.com/watch?v=l9Ubguvfpys&t=4716	do podcasts I never put anything in my ears why because I value the melanin in my cochlea but I really value my temporal lobes uh uh and I refuse to use them I will not use them I don't care if
5	mitochondria	never,because	Optimize Your Health in the Modern World with Dr. Jack Kruse	01:07:57.240	https://www.youtube.com/watch?v=mYMUiOMkKMM&t=4077	keep you there because that's the gold standard if we can keep you focused on RNA and DNA you'll never get to the mitochondrial DNA thing where actually true energy
5	circadian	never,because	Dr. Jack Kruse: Circadian Biology, Melanin & How To Heal You	00:11:38.880	https://www.youtube.com/watch?v=mfXkXp37oZM&t=698	and if you make a mistake on either side and it&nbsp; becomes unbalanced for want of a better term the&nbsp;&nbsp; Circadian mechanism is no longer yoked and that&nbsp; allows destruction to come to cells in terms of&nbsp;&nbsp; how cells are organized so you've probably heard&nbsp; in the Reuben podcast that the organization of&nbsp;&nbsp; cells also a solid state so I kind of blown&nbsp; that Pa
5	circadian	never,because	Dr. Jack Kruse: Circadian Biology, Melanin & How To Heal You	00:11:45.600	https://www.youtube.com/watch?v=mfXkXp37oZM&t=705	Circadian mechanism is no longer yoked and that&nbsp; allows destruction to come to cells in terms of&nbsp;&nbsp; how cells are organized so you've probably heard&nbsp; in the Reuben podcast that the organization of&nbsp;&nbsp; cells also a solid state so I kind of blown&nbsp; that Paradigm up I was never able to really&nbsp;&nbsp; get that far in the Paleo Community because&nbsp; they they effect
5	circadian	never,because	Dr. Jack Kruse: Circadian Biology, Melanin & How To Heal You	00:11:51.900	https://www.youtube.com/watch?v=mfXkXp37oZM&t=711	how cells are organized so you've probably heard&nbsp; in the Reuben podcast that the organization of&nbsp;&nbsp; cells also a solid state so I kind of blown&nbsp; that Paradigm up I was never able to really&nbsp;&nbsp; get that far in the Paleo Community because&nbsp; they they effectively try to cancel my message&nbsp;&nbsp; um so I just built my own site and did my own&nbsp; deal to teach peopl
5	circadian	never,because	Dr. Jack Kruse: Circadian Biology, Melanin & How To Heal You	00:11:59.940	https://www.youtube.com/watch?v=mfXkXp37oZM&t=719	cells also a solid state so I kind of blown&nbsp; that Paradigm up I was never able to really&nbsp;&nbsp; get that far in the Paleo Community because&nbsp; they they effectively try to cancel my message&nbsp;&nbsp; um so I just built my own site and did my own&nbsp; deal to teach people that circadian biology was&nbsp;&nbsp; the the key issue it's not food it's not exercise&nbsp; those things are 
5	mitochondria	never,fundamental	Dr. Jack Kruse: Circadian Biology, Melanin & How To Heal You	00:35:10.080	https://www.youtube.com/watch?v=mfXkXp37oZM&t=2110	telling you all I want you to do is examine what&nbsp; I'm saying you know I want you to be like the guy&nbsp;&nbsp; who sat maybe next to Emily beans and say you&nbsp; know I never thought about eating a banana at a&nbsp;&nbsp; season and what the effects of that potentially&nbsp; could be on my mitochondria in fact I've never&nbsp;&nbsp; heard anybody actually mention that before and&nbsp; this 
5	mitochondria	never,fundamental	Dr. Jack Kruse: Circadian Biology, Melanin & How To Heal You	00:35:16.380	https://www.youtube.com/watch?v=mfXkXp37oZM&t=2116	who sat maybe next to Emily beans and say you&nbsp; know I never thought about eating a banana at a&nbsp;&nbsp; season and what the effects of that potentially&nbsp; could be on my mitochondria in fact I've never&nbsp;&nbsp; heard anybody actually mention that before and&nbsp; this is the reason why I told people I thought&nbsp;&nbsp; that talk long ago it's the mark of an educated&nbsp; mind to t
5	mitochondria	never,fundamental	Dr. Jack Kruse: Circadian Biology, Melanin & How To Heal You	00:35:23.340	https://www.youtube.com/watch?v=mfXkXp37oZM&t=2123	season and what the effects of that potentially&nbsp; could be on my mitochondria in fact I've never&nbsp;&nbsp; heard anybody actually mention that before and&nbsp; this is the reason why I told people I thought&nbsp;&nbsp; that talk long ago it's the mark of an educated&nbsp; mind to take something fundamentally do not know&nbsp;&nbsp; and examine it for yourself and decide is this&nbsp; somethi
5	melanin	never,because	Dr. Jack Kruse: Circadian Biology, Melanin & How To Heal You	01:11:16.260	https://www.youtube.com/watch?v=mfXkXp37oZM&t=4276	so when I sit down with people especially someone&nbsp; like you as a Creator and I explain to you&nbsp;&nbsp; what I just said to you may sound defensive that&nbsp; basically I'm saying Abel has more in common with&nbsp;&nbsp; people who have mental disorder and that's truly&nbsp; what creativity is it's actually a mental disorder&nbsp;&nbsp; because you've degraded melanin I'm going to prove&nbs
5	melanin	never,because	Dr. Jack Kruse: Circadian Biology, Melanin & How To Heal You	01:11:22.020	https://www.youtube.com/watch?v=mfXkXp37oZM&t=4282	what I just said to you may sound defensive that&nbsp; basically I'm saying Abel has more in common with&nbsp;&nbsp; people who have mental disorder and that's truly&nbsp; what creativity is it's actually a mental disorder&nbsp;&nbsp; because you've degraded melanin I'm going to prove&nbsp; to you that there's something that you learned&nbsp;&nbsp; as a little boy that actually shows this effect&n
5	melanin	never,because	Dr. Jack Kruse: Circadian Biology, Melanin & How To Heal You	01:11:27.240	https://www.youtube.com/watch?v=mfXkXp37oZM&t=4287	people who have mental disorder and that's truly&nbsp; what creativity is it's actually a mental disorder&nbsp;&nbsp; because you've degraded melanin I'm going to prove&nbsp; to you that there's something that you learned&nbsp;&nbsp; as a little boy that actually shows this effect&nbsp; that you never realized it until I tell it to you&nbsp;&nbsp; when did cave painting show up in human history wh
5	melanin	never,because	Dr. Jack Kruse: Circadian Biology, Melanin & How To Heal You	01:11:33.300	https://www.youtube.com/watch?v=mfXkXp37oZM&t=4293	because you've degraded melanin I'm going to prove&nbsp; to you that there's something that you learned&nbsp;&nbsp; as a little boy that actually shows this effect&nbsp; that you never realized it until I tell it to you&nbsp;&nbsp; when did cave painting show up in human history when humans began to live where in caves let me&nbsp; ask you a question Abel is there any light in&nbsp;&nbsp; caves ge
5	leptin	never,because	Dr. Jack Kruse: Circadian Biology, Melanin & How To Heal You	01:17:50.100	https://www.youtube.com/watch?v=mfXkXp37oZM&t=4670	why is that leptin Milano courtin thing there what&nbsp; I did I didn't never got that far Jack tell me&nbsp;&nbsp; is that the part that's really important is that&nbsp; the part that we're kind of missing are we are we&nbsp;&nbsp; not paying attention to the whole story because&nbsp; we want to make sure Chris Kresser gets people&nbsp;&nbsp; to do Labs on everybody that don't matter that is&nbsp
5	melanin	never,because	Dr. Jack Kruse: Circadian Biology, Melanin & How To Heal You	01:44:34.920	https://www.youtube.com/watch?v=mfXkXp37oZM&t=6274	Lalonde and and and Rob wolf used to operate on in&nbsp; the Paleo committee but that's where they stopped&nbsp;&nbsp; they never got to the next level which is the&nbsp; level you know where light actually controls all&nbsp;&nbsp; this because to balance out the positive charge&nbsp; of a proton you got to have an electron and not&nbsp;&nbsp; electron can be excited by light and you offset&nbsp; 
5	melanin	never,because	Dr. Jack Kruse: Circadian Biology, Melanin & How To Heal You	01:44:39.780	https://www.youtube.com/watch?v=mfXkXp37oZM&t=6279	they never got to the next level which is the&nbsp; level you know where light actually controls all&nbsp;&nbsp; this because to balance out the positive charge&nbsp; of a proton you got to have an electron and not&nbsp;&nbsp; electron can be excited by light and you offset&nbsp; that light like a ferry boat to the proteins in&nbsp;&nbsp; your body and you know that's like the story of&nbsp; melan
5	EMF	always,must	Dr. Jack Kruse: Circadian Biology, Melanin & How To Heal You	01:49:59.520	https://www.youtube.com/watch?v=mfXkXp37oZM&t=6599	you know a nematode and you need to realize&nbsp; that you need to be smart enough to understand&nbsp;&nbsp; that you have other uh needs and requirements in&nbsp; you that eating a a vegan diet or a vegetarian&nbsp;&nbsp; diet it's not wise now it doesn't mean you&nbsp; can't get away doing it for a long time we saw&nbsp;&nbsp; that for 5 000 years people in Southern India&nbsp; were able to do i
5	melanin	always,because	Dr. Jack Kruse: Circadian Biology, Melanin & How To Heal You	02:00:09.000	https://www.youtube.com/watch?v=mfXkXp37oZM&t=7209	CSF also enriches the CSF with iodine so that&nbsp; you can also bring more proton conduction in&nbsp;&nbsp; water in your brain which is something else we&nbsp; use not something that I really talked about in&nbsp;&nbsp; the uberman podcast but what other tissues in the&nbsp; body do you know that iodine juice thyroid gland&nbsp;&nbsp; is a big one thyroid links directly to the melanin&nbsp; stor
5	melanin	always,because	Dr. Jack Kruse: Circadian Biology, Melanin & How To Heal You	02:00:15.240	https://www.youtube.com/watch?v=mfXkXp37oZM&t=7215	water in your brain which is something else we&nbsp; use not something that I really talked about in&nbsp;&nbsp; the uberman podcast but what other tissues in the&nbsp; body do you know that iodine juice thyroid gland&nbsp;&nbsp; is a big one thyroid links directly to the melanin&nbsp; story because of that slide I told you before T3&nbsp;&nbsp; and T4 can be made directly from melanin if you&nbsp
5	melanin	always,because	Dr. Jack Kruse: Circadian Biology, Melanin & How To Heal You	02:00:21.180	https://www.youtube.com/watch?v=mfXkXp37oZM&t=7221	the uberman podcast but what other tissues in the&nbsp; body do you know that iodine juice thyroid gland&nbsp;&nbsp; is a big one thyroid links directly to the melanin&nbsp; story because of that slide I told you before T3&nbsp;&nbsp; and T4 can be made directly from melanin if you&nbsp; degrade it so this is the reason why I always&nbsp;&nbsp; told people even if you had your thyroid cut out&nbsp
5	melanin	always,because	Dr. Jack Kruse: Circadian Biology, Melanin & How To Heal You	02:00:25.560	https://www.youtube.com/watch?v=mfXkXp37oZM&t=7225	is a big one thyroid links directly to the melanin&nbsp; story because of that slide I told you before T3&nbsp;&nbsp; and T4 can be made directly from melanin if you&nbsp; degrade it so this is the reason why I always&nbsp;&nbsp; told people even if you had your thyroid cut out&nbsp; there's still hope for you if you understand how&nbsp;&nbsp; this process works and the other big tissue that&nbsp;
5	melanin	always,because	Dr. Jack Kruse: Circadian Biology, Melanin & How To Heal You	02:00:30.720	https://www.youtube.com/watch?v=mfXkXp37oZM&t=7230	and T4 can be made directly from melanin if you&nbsp; degrade it so this is the reason why I always&nbsp;&nbsp; told people even if you had your thyroid cut out&nbsp; there's still hope for you if you understand how&nbsp;&nbsp; this process works and the other big tissue that&nbsp; it's in is in breasts especially human breasts&nbsp;&nbsp; for women most women that have fibrocystic disease&nbsp; i
5	blue-light	causes,evidence	Dr. Jack Kruse Nourish Vermont 2017 Lecture part 7 of 10	00:09:29.920	https://www.youtube.com/watch?v=ncpbNXmJNzA&t=569	resistance is what causes obesity we now know all the effects of blue light this is the artificial light that were around here causes all these things take a look at every single one notice that obesity
5	mitochondria	always,because	Ep. 57: Guest Interview - Dr. Jack Kruse - Kruse Longevity C	00:26:15.779	https://www.youtube.com/watch?v=oeJiX7LQq00&t=1575	truths we have to tell them now look the the engines the mitochondria engines are more important to get right than the fuel you put in them I always use this analogy because it's simple for for guys
5	mitochondria	always,because	Ep. 57: Guest Interview - Dr. Jack Kruse - Kruse Longevity C	00:26:17.400	https://www.youtube.com/watch?v=oeJiX7LQq00&t=1577	the engines the mitochondria engines are more important to get right than the fuel you put in them I always use this analogy because it's simple for for guys to get who like to work out
5	EMF	always,because	DR. KRUSE: Your Body Was Designed for 500 Years Ago	01:01:49.839	https://www.youtube.com/watch?v=pKEOaE3VTJA&t=3709	"music's so loud."" No, it wasn't. It was because the EMF that they had from their electric guitars from working at night. Got it. That's where that makes sense. Of course, it makes sense. It's always"
5	EMF	always,because	DR. KRUSE: Your Body Was Designed for 500 Years Ago	01:01:52.720	https://www.youtube.com/watch?v=pKEOaE3VTJA&t=3712	because the EMF that they had from their electric guitars from working at night. Got it. That's where that makes sense. Of course, it makes sense. It's always makes sense when it's decentralized. But
5	mitochondria	never,causes	A conversation with Dr. Jack Kruse	01:13:50.239	https://www.youtube.com/watch?v=pVlKjevjO90&t=4430	understand that how you're never going to understand how buying bitcoin on exchange could actually lead to optimal mitochondrial health so that you never
5	mitochondria	never,causes	A conversation with Dr. Jack Kruse	01:13:52.239	https://www.youtube.com/watch?v=pVlKjevjO90&t=4432	you're never going to understand how buying bitcoin on exchange could actually lead to optimal mitochondrial health so that you never have to fall prey you don't have to
5	mitochondria	never,causes	A conversation with Dr. Jack Kruse	01:13:54.400	https://www.youtube.com/watch?v=pVlKjevjO90&t=4434	buying bitcoin on exchange could actually lead to optimal mitochondrial health so that you never have to fall prey you don't have to become the sausage and the sausage maker
5	mitochondria	never,causes	A conversation with Dr. Jack Kruse	01:13:56.719	https://www.youtube.com/watch?v=pVlKjevjO90&t=4436	could actually lead to optimal mitochondrial health so that you never have to fall prey you don't have to become the sausage and the sausage maker brilliant yeah
5	blue-light	always,because	Functional Medicine Mistakes, EMF, Sunlight, and Your Mitoch	00:12:22.880	https://www.youtube.com/watch?v=qPY6FBkjqwA&t=742	&gt;&gt; Blue light penetrates all the way in to the fat layer. That is actually where the arterials are. That's actually a problem. So when you're inside, I always want people covered up because I don't
5	mitochondria	never,because	Functional Medicine Mistakes, EMF, Sunlight, and Your Mitoch	01:03:08.160	https://www.youtube.com/watch?v=qPY6FBkjqwA&t=3788	but not enough. And those people stay in ketosis. Why is chronic ketosis a bad thing to be in? Because you never get to autophagy. In other words, you never get to recycle your new mitochondria. See
5	mitochondria	never,because	Functional Medicine Mistakes, EMF, Sunlight, and Your Mitoch	01:03:10.240	https://www.youtube.com/watch?v=qPY6FBkjqwA&t=3790	ketosis. Why is chronic ketosis a bad thing to be in? Because you never get to autophagy. In other words, you never get to recycle your new mitochondria. See the key thing with our bodies.
5	mitochondria	never,because	Functional Medicine Mistakes, EMF, Sunlight, and Your Mitoch	01:03:12.400	https://www.youtube.com/watch?v=qPY6FBkjqwA&t=3792	thing to be in? Because you never get to autophagy. In other words, you never get to recycle your new mitochondria. See the key thing with our bodies. &gt;&gt; How about if you intermittent fast
5	vitamin-d	never,because	Functional Medicine Mistakes, EMF, Sunlight, and Your Mitoch	01:05:14.160	https://www.youtube.com/watch?v=qPY6FBkjqwA&t=3914	1950 was highly ketoic because they were never around UVA or UVB light except for three to four months out of the year. So most people don't even realize that vitamin D foods there's only two. It's
5	EMF	always,because	The War on Sunlight Is Real (And It’s Not an Accident) | Dr.	01:20:09.440	https://www.youtube.com/watch?v=qa3FaUXZFSc&t=4809	neurologic deficit tied to non-native EMF toxicity. Guess why? Because everything he did was based on digitization. He was always around a computer.
5	EMF	always,because	The War on Sunlight Is Real (And It’s Not an Accident) | Dr.	01:20:12.080	https://www.youtube.com/watch?v=qa3FaUXZFSc&t=4812	EMF toxicity. Guess why? Because everything he did was based on digitization. He was always around a computer. So what happens in the time between Sham
5	mitochondria	always,fundamental	Dr. Jack Kruse: Sunlight is the Key to Health (Digestive Iss	00:25:33.520	https://www.youtube.com/watch?v=rKDl37lqEBg&t=1533	Health Care moneya laundering they're stealing time from you then you'll begin to understand why I always say fundamentally when you strip down a mitochondria and understand it from a
5	mitochondria	always,fundamental	Dr. Jack Kruse: Sunlight is the Key to Health (Digestive Iss	00:25:35.720	https://www.youtube.com/watch?v=rKDl37lqEBg&t=1535	stealing time from you then you'll begin to understand why I always say fundamentally when you strip down a mitochondria and understand it from a biophysics perspective it's a time
5	mitochondria	always,fundamental	Dr. Jack Kruse: Sunlight is the Key to Health (Digestive Iss	00:25:37.480	https://www.youtube.com/watch?v=rKDl37lqEBg&t=1537	to understand why I always say fundamentally when you strip down a mitochondria and understand it from a biophysics perspective it's a time machine uh and that time machine gives
5	melanin	because,i-proved	Dr. Jack Kruse: Sunlight is the Key to Health (Digestive Iss	00:33:08.960	https://www.youtube.com/watch?v=rKDl37lqEBg&t=1988	you is a big deal now the cool part of this story is I figured out the gut before I figured out all the stuff that I've told people about in the last two years about melanin uh why because I
5	melanin	because,i-proved	Dr. Jack Kruse: Sunlight is the Key to Health (Digestive Iss	00:33:11.080	https://www.youtube.com/watch?v=rKDl37lqEBg&t=1991	this story is I figured out the gut before I figured out all the stuff that I've told people about in the last two years about melanin uh why because I reasoned 20 years ago that if we're
5	melanin	because,i-proved	Dr. Jack Kruse: Sunlight is the Key to Health (Digestive Iss	00:33:13.159	https://www.youtube.com/watch?v=rKDl37lqEBg&t=1993	before I figured out all the stuff that I've told people about in the last two years about melanin uh why because I reasoned 20 years ago that if we're making this light inside of our gut
5	photosynthesis	always,because	Neurosurgeon talks about genetics and longevity: Dr jack kru	00:25:21.600	https://www.youtube.com/watch?v=sf9VNlTiq5s&t=1521	always light. &gt;&gt; Light &gt;&gt; because the reason why you have no food without light. That's the that's the fact of photosynthesis that no one in
5	mitochondria	always,must	Neurosurgeon talks about genetics and longevity: Dr jack kru	00:44:17.920	https://www.youtube.com/watch?v=sf9VNlTiq5s&t=2657	always post it on Twitter all the time. It's time that we need to stop blaming genes for anything. It's the truth. I mean, we we have known literally for 120 years that mitochondria are the key. And
5	EMF	never,because	Neurosurgeon talks about genetics and longevity: Dr jack kru	00:44:32.880	https://www.youtube.com/watch?v=sf9VNlTiq5s&t=2672	about, Africa, I ask this question all the time. I even asked this question to Michael Leven and never got a fundamental answer because he tells everybody EMF doesn't have any role in
5	EMF	never,because	Neurosurgeon talks about genetics and longevity: Dr jack kru	00:44:34.079	https://www.youtube.com/watch?v=sf9VNlTiq5s&t=2674	the time. I even asked this question to Michael Leven and never got a fundamental answer because he tells everybody EMF doesn't have any role in biology. I said well tell me how do we
5	melanin	always,because	Power of Light in Cancer Healing | SP Mini ft. Dr. Jack Krus	00:02:14.400	https://www.youtube.com/watch?v=sjg8IUmbqSY&t=134	the oncologist, the pediatricians, and all the doctors tell you about the sun. You understand why he'll continue to always be at risk? Because if he doesn't understand the story of melanin, vitamin
5	mitochondria	never,must	Power of Light in Cancer Healing | SP Mini ft. Dr. Jack Krus	00:02:29.520	https://www.youtube.com/watch?v=sjg8IUmbqSY&t=149	and mitochondrial biology, like I just gave you five layers to this onion. &gt;&gt; Absolutely. &gt;&gt; You will never get the appropriate answer to help him. And he needs to
5	blue-light	never,because	Dr. Jack Kruse on How Light Controls Metabolism & Diabetes |	00:53:04.160	https://www.youtube.com/watch?v=tg9c6shuazI&t=3184	called PGC1 alpha. Guess what? Both of those are broken. So diabetics can never photo repair themselves because of this process. What allows them to gain control, get rid of the blue light and
5	mitochondria	always,because	Dr. Jack Kruse on How Light Controls Metabolism & Diabetes |	01:16:23.199	https://www.youtube.com/watch?v=tg9c6shuazI&t=4583	in the podcast. Uh because this optimizes uh the mitochondrial biogenesis. Um that's the bare minimum. Let me be very clear about that because I always show
5	mitochondria	always,because	Dr. Jack Kruse on How Light Controls Metabolism & Diabetes |	01:16:26.560	https://www.youtube.com/watch?v=tg9c6shuazI&t=4586	optimizes uh the mitochondrial biogenesis. Um that's the bare minimum. Let me be very clear about that because I always show the photo repair slide like on Twitter,
5	mitochondria	always,because	Dr. Jack Kruse on How Light Controls Metabolism & Diabetes |	01:16:28.719	https://www.youtube.com/watch?v=tg9c6shuazI&t=4588	uh the mitochondrial biogenesis. Um that's the bare minimum. Let me be very clear about that because I always show the photo repair slide like on Twitter, LinkedIn, Facebook, and also my Patreon
5	red-light	always,because	Dr. Jack Kruse on How Light Controls Metabolism & Diabetes |	01:30:29.360	https://www.youtube.com/watch?v=tg9c6shuazI&t=5429	see on Twitter when people ask me what's the best red light? I always put sun is Tina. What does Tina stand for? There no alternative, right? Hopefully now you understand why I say this because of
5	red-light	always,because	Dr. Jack Kruse on How Light Controls Metabolism & Diabetes |	01:30:32.080	https://www.youtube.com/watch?v=tg9c6shuazI&t=5432	the best red light? I always put sun is Tina. What does Tina stand for? There no alternative, right? Hopefully now you understand why I say this because of this story that I gave you for the last
5	leptin	never,because	Dr Jack Kruse On What Big Pharma & Big Food DON’T Want You t	00:02:30.560	https://www.youtube.com/watch?v=tha7IPtUTAU&t=150	second and the name of the book was uh monk Who Sold us for and then the papers were all about a hormone called leptin and I had never learned about leptin because it was
5	leptin	never,because	Dr Jack Kruse On What Big Pharma & Big Food DON’T Want You t	00:02:32.680	https://www.youtube.com/watch?v=tha7IPtUTAU&t=152	monk Who Sold us for and then the papers were all about a hormone called leptin and I had never learned about leptin because it was discovered after I had finished my
5	leptin	never,because	Dr Jack Kruse On What Big Pharma & Big Food DON’T Want You t	00:02:34.959	https://www.youtube.com/watch?v=tha7IPtUTAU&t=154	and then the papers were all about a hormone called leptin and I had never learned about leptin because it was discovered after I had finished my training so it was kind of um
5	leptin	never,because	Dr Jack Kruse On What Big Pharma & Big Food DON’T Want You t	00:02:36.720	https://www.youtube.com/watch?v=tha7IPtUTAU&t=156	hormone called leptin and I had never learned about leptin because it was discovered after I had finished my training so it was kind of um interesting and I went down the rabbit
5	oxygen	never,because	Banned Neurosurgeon: Decentralize Your Health B4 It's Too La	00:13:46.560	https://www.youtube.com/watch?v=unUTOBIXvdc&t=826	called Power Sex and Suicide i would tell any&nbsp; of your audience to go read those two books&nbsp;&nbsp; by Lane because in there it's the key part of&nbsp; the story and the question you just asked me&nbsp;&nbsp; it turns out in that event things happen on Earth&nbsp; for us to go from 1% to 21% oxygen we are today so&nbsp;&nbsp; everybody assumes that because there's 21% oxygen&nbsp; like in 
5	red-light	never,because	Banned Neurosurgeon: Decentralize Your Health B4 It's Too La	00:24:08.400	https://www.youtube.com/watch?v=unUTOBIXvdc&t=1448	you have a solar deficiency so let me explain to&nbsp; you something that's really really interesting&nbsp;&nbsp; there's another European uh doctor who's pretty&nbsp; good about light his name is Alexander W he's in&nbsp;&nbsp; Germany and he's got slides that he shows if you&nbsp; use red light LED light now I'm not a big fan of&nbsp;&nbsp; that but I'll explain to you how this works and&nbsp; y
5	red-light	never,because	Banned Neurosurgeon: Decentralize Your Health B4 It's Too La	00:24:15.680	https://www.youtube.com/watch?v=unUTOBIXvdc&t=1455	there's another European uh doctor who's pretty&nbsp; good about light his name is Alexander W he's in&nbsp;&nbsp; Germany and he's got slides that he shows if you&nbsp; use red light LED light now I'm not a big fan of&nbsp;&nbsp; that but I'll explain to you how this works and&nbsp; you pre-treat your skin for four to six weeks say&nbsp;&nbsp; before you go to Mexico you'll never get burned&nbsp;
5	red-light	never,because	Banned Neurosurgeon: Decentralize Your Health B4 It's Too La	00:24:20.720	https://www.youtube.com/watch?v=unUTOBIXvdc&t=1460	Germany and he's got slides that he shows if you&nbsp; use red light LED light now I'm not a big fan of&nbsp;&nbsp; that but I'll explain to you how this works and&nbsp; you pre-treat your skin for four to six weeks say&nbsp;&nbsp; before you go to Mexico you'll never get burned&nbsp; because it turns out that red light preconditions&nbsp;&nbsp; your skin for UV so you won't get as red so how&nbsp
5	red-light	never,because	Banned Neurosurgeon: Decentralize Your Health B4 It's Too La	00:24:25.760	https://www.youtube.com/watch?v=unUTOBIXvdc&t=1465	that but I'll explain to you how this works and&nbsp; you pre-treat your skin for four to six weeks say&nbsp;&nbsp; before you go to Mexico you'll never get burned&nbsp; because it turns out that red light preconditions&nbsp;&nbsp; your skin for UV so you won't get as red so how&nbsp; does this really work in nature well it should&nbsp;&nbsp; make sense to you you probably have a job where&nbsp; y
5	red-light	never,because	Banned Neurosurgeon: Decentralize Your Health B4 It's Too La	00:24:31.840	https://www.youtube.com/watch?v=unUTOBIXvdc&t=1471	before you go to Mexico you'll never get burned&nbsp; because it turns out that red light preconditions&nbsp;&nbsp; your skin for UV so you won't get as red so how&nbsp; does this really work in nature well it should&nbsp;&nbsp; make sense to you you probably have a job where&nbsp; you don't get up at sunrise what we're designed&nbsp;&nbsp; to do the first hour or two of sunrise is almost&nbsp; al
5	vitamin-d	never,because	Banned Neurosurgeon: Decentralize Your Health B4 It's Too La	00:27:55.440	https://www.youtube.com/watch?v=unUTOBIXvdc&t=1675	huge problem too because if your body is not&nbsp; fully exposed and you're only exposing your&nbsp;&nbsp; hands and your face why in the hell would you&nbsp; ever think your vitamin D was going up so this&nbsp;&nbsp; is the preventative medicine that I'm about&nbsp; that's not the things that Dr aia talks about&nbsp;&nbsp; in fact he tells people that if you wear those&nbsp; Apple things in your 
5	methylene-blue	never,because	Banned Neurosurgeon: Decentralize Your Health B4 It's Too La	00:28:20.160	https://www.youtube.com/watch?v=unUTOBIXvdc&t=1700	"push-ups you're okay that is total pseudocience&nbsp; total [&nbsp;__&nbsp;] and I could never get behind that&nbsp;&nbsp; uh and to be honest with you you know and this&nbsp; is a funny part i don't know if Rick will ever&nbsp;&nbsp; uh admit to this but Rick is friends with&nbsp; Peter and myself and he goes and talks to&nbsp;&nbsp; Peter then I'm the last one he comes talk to he&nbsp; goes ""Tel"
5	mitochondria	never,causes	Banned Neurosurgeon: Decentralize Your Health B4 It's Too La	01:00:13.680	https://www.youtube.com/watch?v=unUTOBIXvdc&t=3613	to see a world where a guy wasn't cancelled for&nbsp; using light and remember he wasn't using sunlight&nbsp;&nbsp; he's using different frequencies of light to&nbsp; show you the effect on plants animals humans and&nbsp;&nbsp; it's stunning at the same time he never realized&nbsp; there was physicist very famous at the time named&nbsp;&nbsp; Fritz Pop in the 1960s in Europe who built this&nbsp; m
5	mitochondria	never,causes	Banned Neurosurgeon: Decentralize Your Health B4 It's Too La	01:00:20.160	https://www.youtube.com/watch?v=unUTOBIXvdc&t=3620	he's using different frequencies of light to&nbsp; show you the effect on plants animals humans and&nbsp;&nbsp; it's stunning at the same time he never realized&nbsp; there was physicist very famous at the time named&nbsp;&nbsp; Fritz Pop in the 1960s in Europe who built this&nbsp; machine called the photo multiplier and he put&nbsp;&nbsp; all living things in it and guess what he found&nbsp; we c
5	mitochondria	never,causes	Banned Neurosurgeon: Decentralize Your Health B4 It's Too La	01:00:26.640	https://www.youtube.com/watch?v=unUTOBIXvdc&t=3626	it's stunning at the same time he never realized&nbsp; there was physicist very famous at the time named&nbsp;&nbsp; Fritz Pop in the 1960s in Europe who built this&nbsp; machine called the photo multiplier and he put&nbsp;&nbsp; all living things in it and guess what he found&nbsp; we create light from our mitochondria inside of us&nbsp;&nbsp; and it turned out when you use all the different&nbsp
5	melanin	never,because	Dr. Jack Kruse UNFILTERED: The FULL 1-Hour Interview They Do	00:17:52.400	https://www.youtube.com/watch?v=usB5IKPK04E&t=1072	"and Joe never look back and go, ""What the [&nbsp;__&nbsp;] happened before?"" Why don't we ever talk about the three billion years? You know why? Because that's the melanin story. And the reason they're imperative"
5	photosynthesis	never,because	Dr. Jack Kruse UNFILTERED: The FULL 1-Hour Interview They Do	00:29:24.240	https://www.youtube.com/watch?v=usB5IKPK04E&t=1764	engagement of photosynthesis. And what are they effectively doing? What effectively are they telegraphing us when you ask me this question? Because most people never get to this
5	photosynthesis	never,because	Dr. Jack Kruse UNFILTERED: The FULL 1-Hour Interview They Do	00:29:26.000	https://www.youtube.com/watch?v=usB5IKPK04E&t=1766	And what are they effectively doing? What effectively are they telegraphing us when you ask me this question? Because most people never get to this level of sophistication. Photosynthesis
5	photosynthesis	never,because	Dr. Jack Kruse UNFILTERED: The FULL 1-Hour Interview They Do	00:29:27.760	https://www.youtube.com/watch?v=usB5IKPK04E&t=1767	What effectively are they telegraphing us when you ask me this question? Because most people never get to this level of sophistication. Photosynthesis also is kind of like autism. It's got a
5	photosynthesis	never,because	Dr. Jack Kruse UNFILTERED: The FULL 1-Hour Interview They Do	00:29:30.480	https://www.youtube.com/watch?v=usB5IKPK04E&t=1770	us when you ask me this question? Because most people never get to this level of sophistication. Photosynthesis also is kind of like autism. It's got a spectrum in which it can work. Okay.
5	photosynthesis	never,because	Dr. Jack Kruse UNFILTERED: The FULL 1-Hour Interview They Do	00:29:33.279	https://www.youtube.com/watch?v=usB5IKPK04E&t=1773	Because most people never get to this level of sophistication. Photosynthesis also is kind of like autism. It's got a spectrum in which it can work. Okay. &gt;&gt; Okay. And what is the government
5	mitochondria	always,because	203: Dr. Jack Kruse - Bitcoin and Biology	00:49:11.680	https://www.youtube.com/watch?v=uzJYPj7mfyA&t=2951	about sitting in a car and how it affects our mitochondria and i thought you may have been referring to an electric vehicle with my magnetic fields because i always wonder what
5	mitochondria	always,because	203: Dr. Jack Kruse - Bitcoin and Biology	00:49:14.160	https://www.youtube.com/watch?v=uzJYPj7mfyA&t=2954	affects our mitochondria and i thought you may have been referring to an electric vehicle with my magnetic fields because i always wonder what any car any car with steel belts what's
5	bone-bioelectric	never,because	Interview with Dr. Jack Kruse (04-08-2025)	00:21:44.160	https://www.youtube.com/watch?v=wwNutyiyQ2I&t=1304	that Darwin could never figure out? Why all of a sudden did we get 32 phyla seems like overnight? Well, because guess what? We figured out we needed to use photo-bioelectric
5	leptin	never,because	Interview with Dr. Jack Kruse (04-08-2025)	00:49:40.800	https://www.youtube.com/watch?v=wwNutyiyQ2I&t=2980	really causing. Why? Because big pharma did a spectacular job hiding this basic information that I'm telling you by making sure that the leptin trials never went to to full course.
5	iron	never,causes	Interview with Dr. Jack Kruse (04-08-2025)	01:09:44.960	https://www.youtube.com/watch?v=wwNutyiyQ2I&t=4184	will say I never learned that light could change the oxidation state of iron from plus two to plus three, and certainly never learned about the implications that this creates
5	iron	never,causes	Interview with Dr. Jack Kruse (04-08-2025)	01:09:48.200	https://www.youtube.com/watch?v=wwNutyiyQ2I&t=4188	that light could change the oxidation state of iron from plus two to plus three, and certainly never learned about the implications that this creates methemoglobinemia.
5	iron	never,causes	Interview with Dr. Jack Kruse (04-08-2025)	01:09:51.080	https://www.youtube.com/watch?v=wwNutyiyQ2I&t=4191	state of iron from plus two to plus three, and certainly never learned about the implications that this creates methemoglobinemia. Yeah. I never learned I never learned
5	ez-water	never,because	#253 THE FOURTH PHASE OF WATER - GERALD H. POLLACK | Being H	00:41:29.900	https://www.youtube.com/watch?v=xT8Qtt8LCV0&t=2489	oxygens in in one of those unit hexagons this is what you get you get h3o2 so fourth phase water if our model is correct and you know obviously I think it's correct but one never knows because
5	ez-water	never,because	#253 THE FOURTH PHASE OF WATER - GERALD H. POLLACK | Being H	00:41:33.240	https://www.youtube.com/watch?v=xT8Qtt8LCV0&t=2493	this is what you get you get h3o2 so fourth phase water if our model is correct and you know obviously I think it's correct but one never knows because as as is uh well recognized How does it
5	ez-water	never,because	#253 THE FOURTH PHASE OF WATER - GERALD H. POLLACK | Being H	00:41:35.880	https://www.youtube.com/watch?v=xT8Qtt8LCV0&t=2495	fourth phase water if our model is correct and you know obviously I think it's correct but one never knows because as as is uh well recognized How does it go it's um even even even the most
5	photosynthesis	always,because	"""These People Must Pay"" Bitcoin, Trump, COVID, and Zionism w"	03:47:45.960	https://www.youtube.com/watch?v=yALOChgRrHQ&t=13665	that that light is always more important and it was obvious to me that light was more important because all food is tied to the photosynthetic webs like you don't have food without photosynthesis
5	vitamin-d	causes,evidence	"""These People Must Pay"" Bitcoin, Trump, COVID, and Zionism w"	03:52:32.680	https://www.youtube.com/watch?v=yALOChgRrHQ&t=13952	avionics in the plane the non-mf is what causes it and what else does he find their vitamin D levels drop he didn't know about pomy but we now know yeah pomy drops so that means you have less
5	photosynthesis	always,because	Dr. Jack Kruse: Fix The Money, Fix The Body. (Orange Pill Or	00:37:23.440	https://www.youtube.com/watch?v=yTrSFddva8Q&t=2243	&gt;&gt; So then I have this key question because I told you a big answer here that &gt;&gt; everybody who teaches you what is life? They always start right around the photosynthesis story. So, in 1986,
5	mitochondria	always,because	Dr. Jack Kruse Explains How Sunlight Controls Leptin, Melani	00:01:08.120	https://www.youtube.com/watch?v=yo4h0B_JMQY&t=68	Uh because this optimizes uh the mitochondrial biogenesis. Um that's the bare minimum. Let me be very clear about that because I always show the
5	mitochondria	always,because	Dr. Jack Kruse Explains How Sunlight Controls Leptin, Melani	00:01:11.240	https://www.youtube.com/watch?v=yo4h0B_JMQY&t=71	uh the mitochondrial biogenesis. Um that's the bare minimum. Let me be very clear about that because I always show the photo repair slide like on Twitter,
5	mitochondria	always,because	Dr. Jack Kruse Explains How Sunlight Controls Leptin, Melani	00:01:13.280	https://www.youtube.com/watch?v=yo4h0B_JMQY&t=73	the mitochondrial biogenesis. Um that's the bare minimum. Let me be very clear about that because I always show the photo repair slide like on Twitter, LinkedIn, Facebook, and also my Patreon
5	leptin	never,because	Dr. Jack Kruse-Nourish Vermont 2017 on Circadian Biology and	00:12:56.880	https://www.youtube.com/watch?v=zGAACx89jMU&t=776	because I'm going to tell you the answer is yes. And how I got pretty famous on the internet is by writing something called a leptin prescription. When you go read it, you'll never see the word
5	EMF	always,because	Dr. Jack Kruse-Nourish Vermont 2017 on Circadian Biology and	00:58:09.119	https://www.youtube.com/watch?v=zGAACx89jMU&t=3489	musicians? They're always around non-native EMF and they're always doing concerts when at night under what kind of light. Why do they have to use drugs? because their body can't make
5	EMF	always,because	Dr. Jack Kruse-Nourish Vermont 2017 on Circadian Biology and	00:58:11.440	https://www.youtube.com/watch?v=zGAACx89jMU&t=3491	non-native EMF and they're always doing concerts when at night under what kind of light. Why do they have to use drugs? because their body can't make betaendorphine. So guess
5	leptin	causes,evidence	Dr. Jack Kruse-Nourish Vermont 2017 on Circadian Biology and	01:17:20.320	https://www.youtube.com/watch?v=zGAACx89jMU&t=4640	functionally is. You can have leptin, but if you can't do anything with the signal, you're leptin resistant. And leptin resistance is what causes obesity. We now know all the effects of
5	blue-light	causes,evidence	Dr. Jack Kruse-Nourish Vermont 2017 on Circadian Biology and	01:17:29.760	https://www.youtube.com/watch?v=zGAACx89jMU&t=4649	obesity. We now know all the effects of blue light. This is the artificial light that we're around here. Causes all these things. Take a look at them. Every single one. Notice that obesity is on
5	blue-light	because,i-proved	Dr. Jack Kruse-Nourish Vermont 2017 on Circadian Biology and	01:27:29.679	https://www.youtube.com/watch?v=zGAACx89jMU&t=5249	eye in your radial artery by delivering infrared a light because you know it penetrates right in because I showed you a picture, didn't I? So, if you're an idiot and keep using blue light, can you
5	blue-light	because,i-proved	Dr. Jack Kruse-Nourish Vermont 2017 on Circadian Biology and	01:27:31.120	https://www.youtube.com/watch?v=zGAACx89jMU&t=5251	infrared a light because you know it penetrates right in because I showed you a picture, didn't I? So, if you're an idiot and keep using blue light, can you work around this in a certain way? The
5	blue-light	because,i-proved	Dr. Jack Kruse-Nourish Vermont 2017 on Circadian Biology and	01:27:34.639	https://www.youtube.com/watch?v=zGAACx89jMU&t=5254	penetrates right in because I showed you a picture, didn't I? So, if you're an idiot and keep using blue light, can you work around this in a certain way? The answer is you can. Turns out the retina
5	leptin	because,i-proved	Dr. Jack Kruse-Nourish Vermont 2017 on Circadian Biology and	01:43:37.679	https://www.youtube.com/watch?v=zGAACx89jMU&t=6217	is based on what I showed you. Why? Because now there's researchers out there showing you that it really does begin in the eye and in the skin. That's how leptin and all this is linked. And
5	mitochondria	must,i-proved	Dr. Jack Kruse-Nourish Vermont 2017 on Circadian Biology and	01:50:49.360	https://www.youtube.com/watch?v=zGAACx89jMU&t=6649	question. Her question I need to know data. I don't if I don't know the D. See, remember what I showed you in Wallace's video with the geography. Your mitochondrial hletype is tied to your
5	mitochondria	because,i-proved	Dr. Jack Kruse-Nourish Vermont 2017 on Circadian Biology and	01:50:53.520	https://www.youtube.com/watch?v=zGAACx89jMU&t=6653	See, remember what I showed you in Wallace's video with the geography. Your mitochondrial hletype is tied to your latitude. That's why mitochondrial changed. Why? Because when you live at
5	cytochrome	always,because	Dr. Jack Kruse-Nourish Vermont 2017 on Circadian Biology and	01:56:27.920	https://www.youtube.com/watch?v=zGAACx89jMU&t=6987	NAD positive NADH couple, it is a floror protein. It absorbs 340 nanometer light. So, if you want to know why electrons from carbohydrates always enter at cytochrome 1, now you know why. Because
5	cytochrome	always,because	Dr. Jack Kruse-Nourish Vermont 2017 on Circadian Biology and	01:56:29.599	https://www.youtube.com/watch?v=zGAACx89jMU&t=6989	protein. It absorbs 340 nanometer light. So, if you want to know why electrons from carbohydrates always enter at cytochrome 1, now you know why. Because carbohydrates grow when long light
5	cytochrome	always,because	Dr. Jack Kruse-Nourish Vermont 2017 on Circadian Biology and	01:56:31.119	https://www.youtube.com/watch?v=zGAACx89jMU&t=6991	So, if you want to know why electrons from carbohydrates always enter at cytochrome 1, now you know why. Because carbohydrates grow when long light cycles when what kind of lights out?
5	cytochrome	always,because	Dr. Jack Kruse-Nourish Vermont 2017 on Circadian Biology and	01:56:33.280	https://www.youtube.com/watch?v=zGAACx89jMU&t=6993	from carbohydrates always enter at cytochrome 1, now you know why. Because carbohydrates grow when long light cycles when what kind of lights out? Purple light. So, if you live in Vermont
5	dopamine	always,because	Dr. Jack Kruse-Nourish Vermont 2017 on Circadian Biology and	02:03:31.360	https://www.youtube.com/watch?v=zGAACx89jMU&t=7411	thing when I went to this restaurant every time I went to Chicago I always wanted to go back. You know why? What I just told you. Dopamine because when you have and
5	dopamine	always,because	Dr. Jack Kruse-Nourish Vermont 2017 on Circadian Biology and	02:03:33.280	https://www.youtube.com/watch?v=zGAACx89jMU&t=7413	every time I went to Chicago I always wanted to go back. You know why? What I just told you. Dopamine because when you have and you're around UV light, you become
5	melanin	never,because	Dr. Jack Kruse: Reclaim Your Health, Wealth & Freedom in the	00:50:21.200	https://www.youtube.com/watch?v=zik08V9waJk&t=3021	understand that what I was getting ready to unleash was probably the biggest story never told even bigger than the melanin story that I brought to Rick and uberman before that because it was about
5	melanin	never,because	Dr. Jack Kruse: Reclaim Your Health, Wealth & Freedom in the	00:50:23.559	https://www.youtube.com/watch?v=zik08V9waJk&t=3023	to unleash was probably the biggest story never told even bigger than the melanin story that I brought to Rick and uberman before that because it was about medical tyranny uh at the highest levels
5	melanin	never,because	Dr. Jack Kruse: Reclaim Your Health, Wealth & Freedom in the	00:50:26.119	https://www.youtube.com/watch?v=zik08V9waJk&t=3026	story never told even bigger than the melanin story that I brought to Rick and uberman before that because it was about medical tyranny uh at the highest levels in government and when fiser came out
5	leptin	never,because	Dr. Jack Kruse: Reclaim Your Health, Wealth & Freedom in the	01:53:14.159	https://www.youtube.com/watch?v=zik08V9waJk&t=6794	these drugs why when the synthetic leptin trials that I told you about in the Paleo times got canceled I never told you the reason why they were cancelled because they were using these
5	leptin	never,because	Dr. Jack Kruse: Reclaim Your Health, Wealth & Freedom in the	01:53:17.119	https://www.youtube.com/watch?v=zik08V9waJk&t=6797	leptin trials that I told you about in the Paleo times got canceled I never told you the reason why they were cancelled because they were using these peptides to actually control obesity
5	becker	never,because	Beyond DNA: The Electromagnetic Blueprint of Life - Jack Kru	01:05:14.940	https://www.youtube.com/watch?v=zrdRVDk66JE&t=3914	what I just told you about Becker Marina can you imagine coming up with such a novel idea and why jobs never told anybody about it because it would immediately brought the
5	dopamine	always,because	Beyond DNA: The Electromagnetic Blueprint of Life - Jack Kru	01:09:10.739	https://www.youtube.com/watch?v=zrdRVDk66JE&t=4150	why have you ever asked yourself the question why every single screen tied to a device that uses RF and microwaves always is blue lit well there's a reason for that because it lowers your dopamine
5	dopamine	always,because	Beyond DNA: The Electromagnetic Blueprint of Life - Jack Kru	01:09:12.779	https://www.youtube.com/watch?v=zrdRVDk66JE&t=4152	question why every single screen tied to a device that uses RF and microwaves always is blue lit well there's a reason for that because it lowers your dopamine level and do you know where the red
5	melanin	because,i-proved	Beyond DNA: The Electromagnetic Blueprint of Life - Jack Kru	02:19:43.439	https://www.youtube.com/watch?v=zrdRVDk66JE&t=8383	about melanin a long time ago I've been fascinated by it since I'm a little boy but I didn't know what melanin really did until I got to be about 40 years old then when I figured out I'm like this is
5	circadian	never,because	Jack Kruse & Andrew Huberman (Rick Rubin Tetragrammaton Podc	00:16:57.180	https://www.youtube.com/watch?v=zs82rGFo6qg&t=1017	know about the sen super cosmetic nucleus but we&nbsp; didn't learn that much about circadian biology at&nbsp;&nbsp; all and I started to realize there were certain&nbsp; things I was taught in medical school that I knew&nbsp;&nbsp; were [&nbsp;__&nbsp;] place that I went to medical school&nbsp; you may know this guy very well Nicholas bazan&nbsp;&nbsp; oh yeah okay Nicholas bazan and uh he taught
5	oxygen	always,because	Jack Kruse & Andrew Huberman (Rick Rubin Tetragrammaton Podc	00:43:19.620	https://www.youtube.com/watch?v=zs82rGFo6qg&t=2599	you're the biologist I'm asking you to step in my&nbsp; realm as a physicist yeah so the sun is a G-Class&nbsp;&nbsp; star correct and then when it gets to its midlife&nbsp; what do all G-Class stars do they make 10 more&nbsp;&nbsp; UV light that was the stimulus to join the two&nbsp; domains of life why because of the effect that&nbsp;&nbsp; oxygen had on the planet so we call this event&nbsp; an
5	oxygen	always,because	Jack Kruse & Andrew Huberman (Rick Rubin Tetragrammaton Podc	00:43:27.360	https://www.youtube.com/watch?v=zs82rGFo6qg&t=2607	star correct and then when it gets to its midlife&nbsp; what do all G-Class stars do they make 10 more&nbsp;&nbsp; UV light that was the stimulus to join the two&nbsp; domains of life why because of the effect that&nbsp;&nbsp; oxygen had on the planet so we call this event&nbsp; and brick I know you've heard it it's called&nbsp;&nbsp; the Cambrian explosion why do I always laugh at&nbsp; people wh
5	oxygen	always,because	Jack Kruse & Andrew Huberman (Rick Rubin Tetragrammaton Podc	00:43:32.160	https://www.youtube.com/watch?v=zs82rGFo6qg&t=2612	UV light that was the stimulus to join the two&nbsp; domains of life why because of the effect that&nbsp;&nbsp; oxygen had on the planet so we call this event&nbsp; and brick I know you've heard it it's called&nbsp;&nbsp; the Cambrian explosion why do I always laugh at&nbsp; people who are like Richard Dawkins Neo darwinists&nbsp;&nbsp; they always love to get on Catholics and religious&nbsp; peop
5	oxygen	always,because	Jack Kruse & Andrew Huberman (Rick Rubin Tetragrammaton Podc	00:43:37.500	https://www.youtube.com/watch?v=zs82rGFo6qg&t=2617	oxygen had on the planet so we call this event&nbsp; and brick I know you've heard it it's called&nbsp;&nbsp; the Cambrian explosion why do I always laugh at&nbsp; people who are like Richard Dawkins Neo darwinists&nbsp;&nbsp; they always love to get on Catholics and religious&nbsp; people because you know the [&nbsp;__&nbsp;] that we believe&nbsp;&nbsp; in religion he fights with well guess what 
5	melanin	never,because	Jack Kruse & Andrew Huberman (Rick Rubin Tetragrammaton Podc	01:04:26.100	https://www.youtube.com/watch?v=zs82rGFo6qg&t=3866	you never know you never know what somebody&nbsp; else is going to get but I want to give you&nbsp;&nbsp; guys in total how this happened to me because&nbsp; the story is unbelievable I can't believe it um getting emotional about it so the little&nbsp; creatures take the melanin and they internalize&nbsp;&nbsp; it now do they hibernate I'm going to tell you&nbsp; why this is really they they were 
5	mitochondria	always,because	Jack Kruse & Andrew Huberman (Rick Rubin Tetragrammaton Podc	01:21:24.600	https://www.youtube.com/watch?v=zs82rGFo6qg&t=4884	cell not the protein level not the macronutrient&nbsp; level not even the mitochondria level we're&nbsp;&nbsp; talking about all the way down to the periodic&nbsp; table of elements and then what happens with water&nbsp;&nbsp; so you went Ultra reduction yes totally but I&nbsp; had to also realize that the things that I was&nbsp;&nbsp; learning in physics at the time okay because what&nbsp; I did 
5	becker	always,because	Jack Kruse & Andrew Huberman (Rick Rubin Tetragrammaton Podc	01:21:31.440	https://www.youtube.com/watch?v=zs82rGFo6qg&t=4891	talking about all the way down to the periodic&nbsp; table of elements and then what happens with water&nbsp;&nbsp; so you went Ultra reduction yes totally but I&nbsp; had to also realize that the things that I was&nbsp;&nbsp; learning in physics at the time okay because what&nbsp; I did effectively is very similar I stole this&nbsp;&nbsp; from Einstein I always tell people the four most&nbsp; imp
5	becker	always,because	Jack Kruse & Andrew Huberman (Rick Rubin Tetragrammaton Podc	01:21:38.580	https://www.youtube.com/watch?v=zs82rGFo6qg&t=4898	so you went Ultra reduction yes totally but I&nbsp; had to also realize that the things that I was&nbsp;&nbsp; learning in physics at the time okay because what&nbsp; I did effectively is very similar I stole this&nbsp;&nbsp; from Einstein I always tell people the four most&nbsp; important scientists to me were Einstein Da Vinci&nbsp;&nbsp; Michelangelo and Roberto Becker those were the&nbsp; four
5	becker	always,because	Jack Kruse & Andrew Huberman (Rick Rubin Tetragrammaton Podc	01:21:43.560	https://www.youtube.com/watch?v=zs82rGFo6qg&t=4903	learning in physics at the time okay because what&nbsp; I did effectively is very similar I stole this&nbsp;&nbsp; from Einstein I always tell people the four most&nbsp; important scientists to me were Einstein Da Vinci&nbsp;&nbsp; Michelangelo and Roberto Becker those were the&nbsp; four people that have defined my life and find him&nbsp;&nbsp; into I I got to put number five and Fineman was&nbsp
5	becker	always,because	Jack Kruse & Andrew Huberman (Rick Rubin Tetragrammaton Podc	01:21:52.680	https://www.youtube.com/watch?v=zs82rGFo6qg&t=4912	from Einstein I always tell people the four most&nbsp; important scientists to me were Einstein Da Vinci&nbsp;&nbsp; Michelangelo and Roberto Becker those were the&nbsp; four people that have defined my life and find him&nbsp;&nbsp; into I I got to put number five and Fineman was&nbsp; big when he won the Nobel Prize in 65 why because&nbsp;&nbsp; most of what I believe is tied to fineman's&nbsp; w
5	photosynthesis	never,causes	Jack Kruse & Andrew Huberman (Rick Rubin Tetragrammaton Podc	01:30:10.920	https://www.youtube.com/watch?v=zs82rGFo6qg&t=5410	black person who's got vitiligo and you happen to&nbsp; know one of those guys Michael Jackson is now dead&nbsp;&nbsp; um I found that person you know what my crazy&nbsp; question was before I did this biohack on myself&nbsp;&nbsp; I said how long I I if the KT asteroid was six&nbsp; miles wide how long was photosynthesis disrupted&nbsp;&nbsp; to cause this process I thought you know from&nbsp; th
5	photosynthesis	never,because	Jack Kruse & Andrew Huberman (Rick Rubin Tetragrammaton Podc	01:30:35.460	https://www.youtube.com/watch?v=zs82rGFo6qg&t=5435	100 to A Thousand Years I'm going that's kind of&nbsp; impossible to have the food chain disrupted that&nbsp;&nbsp; long for animals to survive because remember&nbsp; all the food web and this plant is tied to&nbsp;&nbsp; photosynthesis contrary to what the food girls&nbsp; tell you um the interesting part of the story is&nbsp;&nbsp; to answer the question I took this lady I put&nbsp; her picture 
5	leptin	never,because	Jack Kruse & Andrew Huberman (Rick Rubin Tetragrammaton Podc	01:40:52.260	https://www.youtube.com/watch?v=zs82rGFo6qg&t=6052	than exercise more and it didn't work I put 30&nbsp; pounds on I said why don't I give crazy a shot&nbsp;&nbsp; nothing to lose all right so I went and did it&nbsp; and guess what 11 months I lost 133 pounds you're&nbsp;&nbsp; gonna tell us what you did yeah it's called the&nbsp; leptin prescription it's on on my Jack crews.com&nbsp;&nbsp; site six steps if you read it you'll never&nbsp; see anyth
5	leptin	never,because	Jack Kruse & Andrew Huberman (Rick Rubin Tetragrammaton Podc	01:40:57.900	https://www.youtube.com/watch?v=zs82rGFo6qg&t=6057	nothing to lose all right so I went and did it&nbsp; and guess what 11 months I lost 133 pounds you're&nbsp;&nbsp; gonna tell us what you did yeah it's called the&nbsp; leptin prescription it's on on my Jack crews.com&nbsp;&nbsp; site six steps if you read it you'll never&nbsp; see anything that we're talking about today&nbsp;&nbsp; that blog is just like Rick's book it's written&nbsp; with words 
5	leptin	never,because	Jack Kruse & Andrew Huberman (Rick Rubin Tetragrammaton Podc	01:41:04.020	https://www.youtube.com/watch?v=zs82rGFo6qg&t=6064	gonna tell us what you did yeah it's called the&nbsp; leptin prescription it's on on my Jack crews.com&nbsp;&nbsp; site six steps if you read it you'll never&nbsp; see anything that we're talking about today&nbsp;&nbsp; that blog is just like Rick's book it's written&nbsp; with words without signs why because I knew if&nbsp;&nbsp; I told you the truth you'd get the same story&nbsp; that you got fr
5	leptin	never,because	Jack Kruse & Andrew Huberman (Rick Rubin Tetragrammaton Podc	01:41:11.100	https://www.youtube.com/watch?v=zs82rGFo6qg&t=6071	site six steps if you read it you'll never&nbsp; see anything that we're talking about today&nbsp;&nbsp; that blog is just like Rick's book it's written&nbsp; with words without signs why because I knew if&nbsp;&nbsp; I told you the truth you'd get the same story&nbsp; that you got from Peter Adia or your surgeon at&nbsp;&nbsp; Stanford so what am I laying out to you today all&nbsp; the details of
5	vitamin-d	always,because	Jack Kruse & Andrew Huberman (Rick Rubin Tetragrammaton Podc	01:52:13.140	https://www.youtube.com/watch?v=zs82rGFo6qg&t=6733	going and hiring a guy at the gym to do push-ups&nbsp; for you and thinking you're getting the benefit&nbsp;&nbsp; that's the analogy I want you to&nbsp; understand now the caveat is as a physician&nbsp;&nbsp; is there times where I'll use different substances&nbsp; that I would consider as a supplement for example&nbsp;&nbsp; the big one that I always get asked about is&nbsp; vitamin D I don't wa
5	vitamin-d	always,because	Jack Kruse & Andrew Huberman (Rick Rubin Tetragrammaton Podc	01:52:19.860	https://www.youtube.com/watch?v=zs82rGFo6qg&t=6739	that's the analogy I want you to&nbsp; understand now the caveat is as a physician&nbsp;&nbsp; is there times where I'll use different substances&nbsp; that I would consider as a supplement for example&nbsp;&nbsp; the big one that I always get asked about is&nbsp; vitamin D I don't want the lay public taken&nbsp;&nbsp; care of it but I can't practice medicine on the&nbsp; internet because a lot of
5	vitamin-d	always,because	Jack Kruse & Andrew Huberman (Rick Rubin Tetragrammaton Podc	01:52:25.080	https://www.youtube.com/watch?v=zs82rGFo6qg&t=6745	is there times where I'll use different substances&nbsp; that I would consider as a supplement for example&nbsp;&nbsp; the big one that I always get asked about is&nbsp; vitamin D I don't want the lay public taken&nbsp;&nbsp; care of it but I can't practice medicine on the&nbsp; internet because a lot of people ask me questions&nbsp;&nbsp; on patreon on Facebook and Twitter but I do tell&nbsp; the
5	vitamin-d	always,because	Jack Kruse & Andrew Huberman (Rick Rubin Tetragrammaton Podc	01:52:29.160	https://www.youtube.com/watch?v=zs82rGFo6qg&t=6749	the big one that I always get asked about is&nbsp; vitamin D I don't want the lay public taken&nbsp;&nbsp; care of it but I can't practice medicine on the&nbsp; internet because a lot of people ask me questions&nbsp;&nbsp; on patreon on Facebook and Twitter but I do tell&nbsp; them the reason why is what what I just told you&nbsp;&nbsp; when you take uh exogenous vitamin D&nbsp; you're down regula
5	blue-light	always,because	Jack Kruse & Andrew Huberman (Rick Rubin Tetragrammaton Podc	01:55:24.720	https://www.youtube.com/watch?v=zs82rGFo6qg&t=6924	to eat the carbs this is where you and I are&nbsp; different eat them in the morning not at night&nbsp;&nbsp; I'm always willing to update I eat them at night&nbsp; because they help me sleep well they will but&nbsp;&nbsp; why because you're blue eye toxic and if I had an&nbsp; LED light here and check your pupil I could prove&nbsp;&nbsp; to you that I'm right do you know why you're&nbsp; the neur
5	leptin	always,because	Jack Kruse & Andrew Huberman (Rick Rubin Tetragrammaton Podc	02:04:15.720	https://www.youtube.com/watch?v=zs82rGFo6qg&t=7455	think what I did as a neurosurgeon was focused&nbsp; on the science and I think my opposite side of&nbsp;&nbsp; the brain always had this potential but it's the&nbsp; art of Medicine that the leptin prescription is&nbsp;&nbsp; based around it's doing brain surgery without&nbsp; a scalpel that I'm more passionate about&nbsp;&nbsp; than when I do it with a scalpel and that&nbsp; doesn't mean that I 
5	leptin	always,because	Jack Kruse & Andrew Huberman (Rick Rubin Tetragrammaton Podc	02:04:21.180	https://www.youtube.com/watch?v=zs82rGFo6qg&t=7461	the brain always had this potential but it's the&nbsp; art of Medicine that the leptin prescription is&nbsp;&nbsp; based around it's doing brain surgery without&nbsp; a scalpel that I'm more passionate about&nbsp;&nbsp; than when I do it with a scalpel and that&nbsp; doesn't mean that I don't like doing brain&nbsp;&nbsp; surgery because I do I still do it to this very&nbsp; day I find the brain in
5	melanin	never,because	Jack Kruse & Andrew Huberman (Rick Rubin Tetragrammaton Podc	02:07:14.580	https://www.youtube.com/watch?v=zs82rGFo6qg&t=7634	you guys when you guys were talking about Eddie&nbsp; and that broke his aratuma I'm sitting there going&nbsp;&nbsp; man once you know that melanin can move around&nbsp; it makes total sense why broke his error wasn't&nbsp;&nbsp; where I was supposed to be because the mitosis&nbsp; was broken in that air from the tumor the tumor&nbsp;&nbsp; informed Broca's air it's time to move that is&nbsp; reta
5	melanin	never,because	Jack Kruse & Andrew Huberman (Rick Rubin Tetragrammaton Podc	02:07:19.920	https://www.youtube.com/watch?v=zs82rGFo6qg&t=7639	man once you know that melanin can move around&nbsp; it makes total sense why broke his error wasn't&nbsp;&nbsp; where I was supposed to be because the mitosis&nbsp; was broken in that air from the tumor the tumor&nbsp;&nbsp; informed Broca's air it's time to move that is&nbsp; retained in your neuroactoderm your brain is&nbsp;&nbsp; neuro ectoderm you will never get that Eddie Chang&nbsp; will ne
5	red-light	always,must	Jack Kruse & Andrew Huberman (Rick Rubin Tetragrammaton Podc	02:19:55.200	https://www.youtube.com/watch?v=zs82rGFo6qg&t=8395	a paper the title of a is red light a drug therapy&nbsp; and after you read the whole paper the last line&nbsp;&nbsp; is Tina crew goes I come to the conclusion that&nbsp; it is so that means that every frequency within&nbsp;&nbsp; PBM which is you know 600 to 1100 nanometer&nbsp; light actually does something that big Pharma&nbsp;&nbsp; has a pill for it is red light always the solution&nbsp; red
5	red-light	always,must	Jack Kruse & Andrew Huberman (Rick Rubin Tetragrammaton Podc	02:20:01.979	https://www.youtube.com/watch?v=zs82rGFo6qg&t=8401	is Tina crew goes I come to the conclusion that&nbsp; it is so that means that every frequency within&nbsp;&nbsp; PBM which is you know 600 to 1100 nanometer&nbsp; light actually does something that big Pharma&nbsp;&nbsp; has a pill for it is red light always the solution&nbsp; red light is uh I will tell you it's the base the&nbsp;&nbsp; one thing you need to know about red light is&nbsp; from th
5	dopamine	always,because	Jack Kruse & Andrew Huberman (Rick Rubin Tetragrammaton Podc	02:39:40.380	https://www.youtube.com/watch?v=zs82rGFo6qg&t=9580	when we talk about dopamine we always talk&nbsp; about Parkinson's or something else no no&nbsp;&nbsp; no no dude this story is way bigger way bigger&nbsp; dopamine actually controls myopia in the eyeball&nbsp;&nbsp; when you get myopia your eyeball elongates when&nbsp; the dopamine level is optimized by the rpe and&nbsp;&nbsp; light coming in it you don't get myopia this is&nbsp; the reason why a
5	circadian	always,because	Jack Kruse & Andrew Huberman (Rick Rubin Tetragrammaton Podc	02:41:22.560	https://www.youtube.com/watch?v=zs82rGFo6qg&t=9682	so Bueno for things deep to it which is your&nbsp; area and my area do you see how simple this is&nbsp;&nbsp; when you well I too now that excuse me if I&nbsp; just keep reminding myself and and it's like&nbsp;&nbsp; it's definitely today there's an of course bulb&nbsp; going off for me like of course like light is we&nbsp;&nbsp; always say in circadian biology I didn't say it&nbsp; first of cours
5	circadian	always,because	Jack Kruse & Andrew Huberman (Rick Rubin Tetragrammaton Podc	02:41:29.280	https://www.youtube.com/watch?v=zs82rGFo6qg&t=9689	when you well I too now that excuse me if I&nbsp; just keep reminding myself and and it's like&nbsp;&nbsp; it's definitely today there's an of course bulb&nbsp; going off for me like of course like light is we&nbsp;&nbsp; always say in circadian biology I didn't say it&nbsp; first of course like light is the most powerful&nbsp;&nbsp; zeitge Gaber time keeper because temperature will&nbsp; shift yo
5	circadian	always,because	Jack Kruse & Andrew Huberman (Rick Rubin Tetragrammaton Podc	02:41:32.580	https://www.youtube.com/watch?v=zs82rGFo6qg&t=9692	it's definitely today there's an of course bulb&nbsp; going off for me like of course like light is we&nbsp;&nbsp; always say in circadian biology I didn't say it&nbsp; first of course like light is the most powerful&nbsp;&nbsp; zeitge Gaber time keeper because temperature will&nbsp; shift your circadian clock eating will change your&nbsp;&nbsp; circadian clock um so but light is it light is&nbsp;
5	leptin	because,i-proved	Jack Kruse & Andrew Huberman (Rick Rubin Tetragrammaton Podc	03:03:10.800	https://www.youtube.com/watch?v=zs82rGFo6qg&t=10990	through hacking it on me in this leptin&nbsp; prescription I figured out what was moving&nbsp;&nbsp; I've read physics papers I read somatina Kruse&nbsp; work you know I read Michael Hamill's work at&nbsp;&nbsp; Harvard like I went even deeper I did exactly what&nbsp; gasia did in neurosurgery I learned the lesson in&nbsp;&nbsp; neurosurgery to look smaller to find the answer&nbsp; well but as I m
5	dopamine	always,causes	Jack Kruse & Andrew Huberman (Rick Rubin Tetragrammaton Podc	03:10:54.899	https://www.youtube.com/watch?v=zs82rGFo6qg&t=11454	the whole time I realized like we're talking about&nbsp; neural energy what do I mean by that well you know&nbsp;&nbsp; yes we have stored energy is fat and protein and&nbsp; stuff in our body but it was like ethylene those&nbsp;&nbsp; are like ethylene yeah whatever it is yeah what&nbsp; I'm interested in is what creates that feeling&nbsp;&nbsp; of like yes that more of that the stuff that&nbsp; 
5	dopamine	always,causes	Jack Kruse & Andrew Huberman (Rick Rubin Tetragrammaton Podc	03:11:00.779	https://www.youtube.com/watch?v=zs82rGFo6qg&t=11460	yes we have stored energy is fat and protein and&nbsp; stuff in our body but it was like ethylene those&nbsp;&nbsp; are like ethylene yeah whatever it is yeah what&nbsp; I'm interested in is what creates that feeling&nbsp;&nbsp; of like yes that more of that the stuff that&nbsp; creates bonding between people I mean you know&nbsp;&nbsp; dopamine is I can tell you I've always thought&nbsp; that Chi
5	dopamine	always,causes	Jack Kruse & Andrew Huberman (Rick Rubin Tetragrammaton Podc	03:11:07.380	https://www.youtube.com/watch?v=zs82rGFo6qg&t=11467	are like ethylene yeah whatever it is yeah what&nbsp; I'm interested in is what creates that feeling&nbsp;&nbsp; of like yes that more of that the stuff that&nbsp; creates bonding between people I mean you know&nbsp;&nbsp; dopamine is I can tell you I've always thought&nbsp; that Chi and dopamine are are sort of synonymous&nbsp;&nbsp; or another I think they are but I would tell you&nbsp; this is 
5	dopamine	always,causes	Jack Kruse & Andrew Huberman (Rick Rubin Tetragrammaton Podc	03:11:12.660	https://www.youtube.com/watch?v=zs82rGFo6qg&t=11472	of like yes that more of that the stuff that&nbsp; creates bonding between people I mean you know&nbsp;&nbsp; dopamine is I can tell you I've always thought&nbsp; that Chi and dopamine are are sort of synonymous&nbsp;&nbsp; or another I think they are but I would tell you&nbsp; this is the reason why when I meet people like&nbsp;&nbsp; I have to give Chantal a lot of credit here for&nbsp; her I am
5	quantum	always,because	Jack Kruse & Andrew Huberman (Rick Rubin Tetragrammaton Podc	03:18:19.020	https://www.youtube.com/watch?v=zs82rGFo6qg&t=11899	potatoes now Andrew the reason I'm telling&nbsp; you this story as a neurosurgeon you know&nbsp;&nbsp; there's nothing in our textbooks that can&nbsp; explain this but the quantum coherence of&nbsp;&nbsp; water and the story about Luke Montagne can that&nbsp; happened before Montagne ever did his experiment&nbsp;&nbsp; I always believe that lady now it's happened&nbsp; two other times in my career
5	quantum	always,because	Jack Kruse & Andrew Huberman (Rick Rubin Tetragrammaton Podc	03:18:27.180	https://www.youtube.com/watch?v=zs82rGFo6qg&t=11907	there's nothing in our textbooks that can&nbsp; explain this but the quantum coherence of&nbsp;&nbsp; water and the story about Luke Montagne can that&nbsp; happened before Montagne ever did his experiment&nbsp;&nbsp; I always believe that lady now it's happened&nbsp; two other times in my career since then now I&nbsp;&nbsp; didn't know any of this when I fell in love with&nbsp; your work now I un
5	melanin	always,must	Jack Kruse & Andrew Huberman (Rick Rubin Tetragrammaton Podc	03:45:57.779	https://www.youtube.com/watch?v=zs82rGFo6qg&t=13557	that's why people who are teenagers tend to do&nbsp; crazy things you know at that part of their life&nbsp;&nbsp; uh the big thing is though when you're not&nbsp; myelinated you need to realize as a clinician&nbsp;&nbsp; that these kids melanin semiconductors are at risk&nbsp; huge now the one good thing about melanin it even&nbsp;&nbsp; absorbs all the way up to gamma level radiation&nbsp; the pr
5	melanin	always,must	Jack Kruse & Andrew Huberman (Rick Rubin Tetragrammaton Podc	03:46:05.160	https://www.youtube.com/watch?v=zs82rGFo6qg&t=13565	uh the big thing is though when you're not&nbsp; myelinated you need to realize as a clinician&nbsp;&nbsp; that these kids melanin semiconductors are at risk&nbsp; huge now the one good thing about melanin it even&nbsp;&nbsp; absorbs all the way up to gamma level radiation&nbsp; the problem becomes the way in which we use it&nbsp;&nbsp; water is always adjacent to where melanin is&nbsp; and water 
5	melanin	always,because	Jack Kruse & Andrew Huberman (Rick Rubin Tetragrammaton Podc	03:52:41.160	https://www.youtube.com/watch?v=zs82rGFo6qg&t=13961	a particular feel for me feel is everything it's&nbsp; what guided my choices of what to experiment on&nbsp;&nbsp; of course it's not how I got my interpretation&nbsp; of the data because the data or the data as you&nbsp;&nbsp; know but for me it's always been like who are&nbsp; the people looking at things differently so&nbsp;&nbsp; I'm not disagreeing at all I'm I'm dazzled and&nbsp; delighted a
5	melanin	always,because	Jack Kruse & Andrew Huberman (Rick Rubin Tetragrammaton Podc	03:52:48.000	https://www.youtube.com/watch?v=zs82rGFo6qg&t=13968	of course it's not how I got my interpretation&nbsp; of the data because the data or the data as you&nbsp;&nbsp; know but for me it's always been like who are&nbsp; the people looking at things differently so&nbsp;&nbsp; I'm not disagreeing at all I'm I'm dazzled and&nbsp; delighted and to me like I don't know a ton of&nbsp;&nbsp; um physics I know some um so I have a lot to learn&nbsp; but I know
