[2026-07-10T11:17:28-04:00] === archive runner start ===
  ↓ downloading 3 files for the-universal-one-1926-walter-russell
    skip (have): TheUniversalOne1926WalterRussell.pdf
    skip (have): TheUniversalOne1926WalterRussell.epub
    skip (have): TheUniversalOne1926WalterRussell_djvu.txt
/home/gian/agfarms/bucket-foundation/archive/the-universal-one-1926-walter-russell
  ↓ downloading 3 files for principlesofchem00menduoft
    skip (have): principlesofchem00menduoft.pdf
    skip (have): principlesofchem00menduoft.epub
    skip (have): principlesofchem00menduoft_djvu.txt
/home/gian/agfarms/bucket-foundation/archive/principlesofchem00menduoft
  ↓ downloading 3 files for principlesofchem01menduoft
    skip (have): principlesofchem01menduoft.pdf
    skip (have): principlesofchem01menduoft.epub
    skip (have): principlesofchem01menduoft_djvu.txt
/home/gian/agfarms/bucket-foundation/archive/principlesofchem01menduoft
? "walter russell new concept universe" → ExtrasensoryPerceptionResearchFinding (Notes on the Paranormal)
  ↓ downloading 3 files for ExtrasensoryPerceptionResearchFinding
    skip (have): Extrasensory_Perception_Research_Finding.pdf
    skip (have): Extrasensory_Perception_Research_Finding.epub
    skip (have): Extrasensory_Perception_Research_Finding_djvu.txt
/home/gian/agfarms/bucket-foundation/archive/ExtrasensoryPerceptionResearchFinding
  ↓ downloading 3 files for newtonspmathema00newtrich
    skip (have): newtonspmathema00newtrich.pdf
    skip (have): newtonspmathema00newtrich.epub
    skip (have): newtonspmathema00newtrich_djvu.txt
/home/gian/agfarms/bucket-foundation/archive/newtonspmathema00newtrich
  ↓ downloading 3 files for principia00newtuoft
    skip (have): principia00newtuoft.pdf
    skip (have): principia00newtuoft.epub
    skip (have): principia00newtuoft_djvu.txt
/home/gian/agfarms/bucket-foundation/archive/principia00newtuoft
? "Newton Opticks 1704" → opticks_1203_librivox (Opticks)
  ↓ downloading 2 files for opticks_1203_librivox
    skip (have): opticks_1207.pdf
    skip (have): opticks_1207_djvu.txt
/home/gian/agfarms/bucket-foundation/archive/opticks_1203_librivox
? "Maxwell Treatise on Electricity and Magnetism volume 1" → electricandmagne01maxwrich (A treatise on electricity and magnetism)
  ↓ downloading 3 files for electricandmagne01maxwrich
    skip (have): electricandmagne01maxwrich.pdf
    skip (have): electricandmagne01maxwrich.epub
    skip (have): electricandmagne01maxwrich_djvu.txt
/home/gian/agfarms/bucket-foundation/archive/electricandmagne01maxwrich
? "Maxwell Treatise on Electricity and Magnetism volume 2" → electricandmagne01maxwrich (A treatise on electricity and magnetism)
  ↓ downloading 3 files for electricandmagne01maxwrich
    skip (have): electricandmagne01maxwrich.pdf
    skip (have): electricandmagne01maxwrich.epub
    skip (have): electricandmagne01maxwrich_djvu.txt
/home/gian/agfarms/bucket-foundation/archive/electricandmagne01maxwrich
? "Maxwell scientific papers" → scientificpapers01maxw (The scientific papers of James Clerk Maxwell)
  ↓ downloading 3 files for scientificpapers01maxw
    skip (have): scientificpapers01maxw.pdf
    skip (have): scientificpapers01maxw.epub
    skip (have): scientificpapers01maxw_djvu.txt
/home/gian/agfarms/bucket-foundation/archive/scientificpapers01maxw
? "Faraday Experimental Researches in Electricity volume 1" → ExtrasensoryPerceptionResearchFinding (Notes on the Paranormal)
  ↓ downloading 3 files for ExtrasensoryPerceptionResearchFinding
    skip (have): Extrasensory_Perception_Research_Finding.pdf
    skip (have): Extrasensory_Perception_Research_Finding.epub
    skip (have): Extrasensory_Perception_Research_Finding_djvu.txt
/home/gian/agfarms/bucket-foundation/archive/ExtrasensoryPerceptionResearchFinding
? "Faraday Experimental Researches in Electricity volume 2" → ExtrasensoryPerceptionResearchFinding (Notes on the Paranormal)
  ↓ downloading 3 files for ExtrasensoryPerceptionResearchFinding
    skip (have): Extrasensory_Perception_Research_Finding.pdf
    skip (have): Extrasensory_Perception_Research_Finding.epub
    skip (have): Extrasensory_Perception_Research_Finding_djvu.txt
/home/gian/agfarms/bucket-foundation/archive/ExtrasensoryPerceptionResearchFinding
? "Faraday Experimental Researches in Electricity volume 3" → ExtrasensoryPerceptionResearchFinding (Notes on the Paranormal)
  ↓ downloading 3 files for ExtrasensoryPerceptionResearchFinding
    skip (have): Extrasensory_Perception_Research_Finding.pdf
    skip (have): Extrasensory_Perception_Research_Finding.epub
    skip (have): Extrasensory_Perception_Research_Finding_djvu.txt
/home/gian/agfarms/bucket-foundation/archive/ExtrasensoryPerceptionResearchFinding
? "Tesla My Inventions" → pbsnovadocs (PBS Nova Documentaries)
  ↓ downloading 0 files for pbsnovadocs
/home/gian/agfarms/bucket-foundation/archive/pbsnovadocs
? "Tesla Colorado Springs Notes" → majestic-12-files (MAJESTIC 12 Files)
  ↓ downloading 0 files for majestic-12-files
/home/gian/agfarms/bucket-foundation/archive/majestic-12-files
? "Tesla problem of increasing human energy" → sharware (chestnut-multimedia)
  ↓ downloading 2 files for sharware
    FAIL chestnut/DLR/CONTENTS.pdf: [Errno 2] No such file or directory: '/home/gian/agfarms/bucket-foundation/archive/sharware/chestnut/DLR/CONTENTS.pdf'
    FAIL chestnut/DLR/CONTENTS_djvu.txt: [Errno 2] No such file or directory: '/home/gian/agfarms/bucket-foundation/archive/sharware/chestnut/DLR/CONTENTS_djvu.txt'
/home/gian/agfarms/bucket-foundation/archive/sharware
? "Einstein Relativity special general theory" → relativity_librivox (Relativity: The Special and General Theory)
  ↓ downloading 2 files for relativity_librivox
    skip (have): relativity_1003.pdf
    skip (have): relativity_1003_djvu.txt
/home/gian/agfarms/bucket-foundation/archive/relativity_librivox
? "Einstein 1905 photoelectric" → cia-readingroom-document-cia-rdp96-00788r001100010004-6 (CIA Reading Room cia-rdp96-00788r001100010004-6: PROCEEDINGS)
  ↓ downloading 3 files for cia-readingroom-document-cia-rdp96-00788r001100010004-6
    skip (have): cia-rdp96-00788r001100010004-6.pdf
    skip (have): cia-rdp96-00788r001100010004-6.epub
    ok      238,270  cia-rdp96-00788r001100010004-6_djvu.txt
/home/gian/agfarms/bucket-foundation/archive/cia-readingroom-document-cia-rdp96-00788r001100010004-6
? "Szent-Györgyi Bioenergetics" → bioenergetics00szen (Bioenergetics)
  ↓ downloading 3 files for bioenergetics00szen
    skip (have): bioenergetics00szen.pdf
    skip (have): bioenergetics00szen.epub
    skip (have): bioenergetics00szen_djvu.txt
/home/gian/agfarms/bucket-foundation/archive/bioenergetics00szen
NO HITS: Szent-Györgyi submolecular biology
? "Becker Body Electric" → die-or-d.i.y.-full-archive ((Blogger) Die or D.I.Y.? Full Archive)
  ↓ downloading 0 files for die-or-d.i.y.-full-archive
/home/gian/agfarms/bucket-foundation/archive/die-or-d.i.y.-full-archive
? "Becker Cross Currents" → ExtrasensoryPerceptionResearchFinding (Notes on the Paranormal)
  ↓ downloading 3 files for ExtrasensoryPerceptionResearchFinding
    skip (have): Extrasensory_Perception_Research_Finding.pdf
    skip (have): Extrasensory_Perception_Research_Finding.epub
    skip (have): Extrasensory_Perception_Research_Finding_djvu.txt
/home/gian/agfarms/bucket-foundation/archive/ExtrasensoryPerceptionResearchFinding
? "Ling physical theory living state" → BluePlanetProjectUFOTECHNOLOGY (Blue Planet Project UFO TECHNOLOGY)
  ↓ downloading 3 files for BluePlanetProjectUFOTECHNOLOGY
    skip (have): Blue Planet Project UFO TECHNOLOGY.pdf
    skip (have): Blue Planet Project UFO TECHNOLOGY.epub
    skip (have): Blue Planet Project UFO TECHNOLOGY_djvu.txt
/home/gian/agfarms/bucket-foundation/archive/BluePlanetProjectUFOTECHNOLOGY
? "Ling association induction" → ibogaine_literature (Ibogaine Literature)
  ↓ downloading 3 files for ibogaine_literature
    skip (have): abaul1989.pdf
    skip (have): agwada1975.pdf
    skip (have): abaul1989_djvu.txt
/home/gian/agfarms/bucket-foundation/archive/ibogaine_literature
? "Nordenström Biologically Closed Electric Circuits" → biokinetic-impacts-on-structure-and-imaging-of-the-lung-the-concept-of-biologica (Biokinetic Impacts on Structure and Imaging of the Lung the )
  ↓ downloading 2 files for biokinetic-impacts-on-structure-and-imaging-of-the-lung-the-concept-of-biologica
    skip (have): Biokinetic impacts on structure and imaging of the lung the concept of biologically closed electric circuits - Nordenstrom AJR 1985.pdf
    skip (have): Biokinetic impacts on structure and imaging of the lung the concept of biologically closed electric circuits - Nordenstrom AJR 1985_djvu.txt
/home/gian/agfarms/bucket-foundation/archive/biokinetic-impacts-on-structure-and-imaging-of-the-lung-the-concept-of-biologica
? "Euclid Elements Heath translation" → EuclidsElementsBooksIIIVolume1Heath (Euclid's Elements Books I II Volume 1 Heath)
  ↓ downloading 2 files for EuclidsElementsBooksIIIVolume1Heath
    skip (have): Euclid's_Elements_Books_I-II_Volume_1-Heath.pdf
    skip (have): Euclid's_Elements_Books_I-II_Volume_1-Heath_djvu.txt
/home/gian/agfarms/bucket-foundation/archive/EuclidsElementsBooksIIIVolume1Heath
? "Gauss Disquisitiones Arithmeticae" → disquisitionesa00gaus (Disquisitiones arithmeticae)
  ↓ downloading 3 files for disquisitionesa00gaus
    skip (have): disquisitionesa00gaus.pdf
    skip (have): disquisitionesa00gaus.epub
    skip (have): disquisitionesa00gaus_djvu.txt
/home/gian/agfarms/bucket-foundation/archive/disquisitionesa00gaus
? "Riemann zeta hypothesis" → logicalcross (LogicalCross)
  ↓ downloading 2 files for logicalcross
    skip (have): essay.pdf
    skip (have): essay_djvu.txt
/home/gian/agfarms/bucket-foundation/archive/logicalcross
? "Cantor set theory" → YouDontNeedAWeathermanToKnowWhichWayTheWindBlows_925 (You Don't Need A Weatherman To Know Which Way The Wind Blows)
  ↓ downloading 3 files for YouDontNeedAWeathermanToKnowWhichWayTheWindBlows_925
    skip (have): YouDontNeedAWeathermanToKnowWhichWayTheWindBlows_925.pdf
    skip (have): YouDontNeedAWeathermanToKnowWhichWayTheWindBlows_925.epub
    skip (have): YouDontNeedAWeathermanToKnowWhichWayTheWindBlows_925_djvu.txt
/home/gian/agfarms/bucket-foundation/archive/YouDontNeedAWeathermanToKnowWhichWayTheWindBlows_925
? "Dirac Principles of Quantum Mechanics" → academictorrents_f24122f15283757aa8a9bf9cb638db266273442d ([Coursera] Exploring Quantum Physics)
  ↓ downloading 3 files for academictorrents_f24122f15283757aa8a9bf9cb638db266273442d
    FAIL Lectures/Week 1 - 02 Wavefunctions and Schrdinger Equation/01_Part_I-_Comments_on_studying_QM_10-11.pdf: [Errno 2] No such file or directory: '/home/gian/agfarms/bucket-foundation/archive/academictorrents_f24122f15283757aa8a9bf9cb638db266273442d/Lectures/Week 1 - 02 Wavefunctions and Schrdinger Equation/01_Part_I-_Comments_on_studying_QM_10-11.pdf'
    FAIL Lectures/Week 8 - 17 Time-dependent quantum mechanics Victor Galitski/01_Part_I-_Time-dependent_Schrdinger_Eq._general_remarks_23-04.pdf: [Errno 2] No such file or directory: '/home/gian/agfarms/bucket-foundation/archive/academictorrents_f24122f15283757aa8a9bf9cb638db266273442d/Lectures/Week 8 - 17 Time-dependent quantum mechanics Victor Galitski/01_Part_I-_Time-dependent_Schrdinger_Eq._general_remarks_23-04.pdf'
    FAIL Lectures/Week 1 - 02 Wavefunctions and Schrdinger Equation/01_Part_I-_Comments_on_studying_QM_10-11_djvu.txt: [Errno 2] No such file or directory: '/home/gian/agfarms/bucket-foundation/archive/academictorrents_f24122f15283757aa8a9bf9cb638db266273442d/Lectures/Week 1 - 02 Wavefunctions and Schrdinger Equation/01_Part_I-_Comments_on_studying_QM_10-11_djvu.txt'
/home/gian/agfarms/bucket-foundation/archive/academictorrents_f24122f15283757aa8a9bf9cb638db266273442d
? "Feynman lectures on physics" → academictorrents_f24122f15283757aa8a9bf9cb638db266273442d ([Coursera] Exploring Quantum Physics)
  ↓ downloading 3 files for academictorrents_f24122f15283757aa8a9bf9cb638db266273442d
    FAIL Lectures/Week 1 - 02 Wavefunctions and Schrdinger Equation/01_Part_I-_Comments_on_studying_QM_10-11.pdf: [Errno 2] No such file or directory: '/home/gian/agfarms/bucket-foundation/archive/academictorrents_f24122f15283757aa8a9bf9cb638db266273442d/Lectures/Week 1 - 02 Wavefunctions and Schrdinger Equation/01_Part_I-_Comments_on_studying_QM_10-11.pdf'
    FAIL Lectures/Week 8 - 17 Time-dependent quantum mechanics Victor Galitski/01_Part_I-_Time-dependent_Schrdinger_Eq._general_remarks_23-04.pdf: [Errno 2] No such file or directory: '/home/gian/agfarms/bucket-foundation/archive/academictorrents_f24122f15283757aa8a9bf9cb638db266273442d/Lectures/Week 8 - 17 Time-dependent quantum mechanics Victor Galitski/01_Part_I-_Time-dependent_Schrdinger_Eq._general_remarks_23-04.pdf'
    FAIL Lectures/Week 1 - 02 Wavefunctions and Schrdinger Equation/01_Part_I-_Comments_on_studying_QM_10-11_djvu.txt: [Errno 2] No such file or directory: '/home/gian/agfarms/bucket-foundation/archive/academictorrents_f24122f15283757aa8a9bf9cb638db266273442d/Lectures/Week 1 - 02 Wavefunctions and Schrdinger Equation/01_Part_I-_Comments_on_studying_QM_10-11_djvu.txt'
/home/gian/agfarms/bucket-foundation/archive/academictorrents_f24122f15283757aa8a9bf9cb638db266273442d
? "Shannon mathematical theory of communication" → communications_primer (Communications Primer, A)
  ↓ downloading 0 files for communications_primer
/home/gian/agfarms/bucket-foundation/archive/communications_primer
? "Turing computable numbers 1936" → turingsvisionbir0000bern (Turing's vision : the birth of computer science)
  ↓ downloading 3 files for turingsvisionbir0000bern
    FAIL turingsvisionbir0000bern.pdf: HTTP Error 401: Unauthorized
    FAIL turingsvisionbir0000bern.epub: HTTP Error 401: Unauthorized
    FAIL turingsvisionbir0000bern_djvu.txt: HTTP Error 401: Unauthorized
/home/gian/agfarms/bucket-foundation/archive/turingsvisionbir0000bern
? "Helmholtz On the Sensations of Tone" → onsensationsofto00helmrich (On the sensations of tone as a physiological basis for the t)
  ↓ downloading 3 files for onsensationsofto00helmrich
    skip (have): onsensationsofto00helmrich.pdf
    skip (have): onsensationsofto00helmrich.epub
    skip (have): onsensationsofto00helmrich_djvu.txt
/home/gian/agfarms/bucket-foundation/archive/onsensationsofto00helmrich
? "Helmholtz Treatise Physiological Optics" → ExtrasensoryPerceptionResearchFinding (Notes on the Paranormal)
  ↓ downloading 3 files for ExtrasensoryPerceptionResearchFinding
    skip (have): Extrasensory_Perception_Research_Finding.pdf
    skip (have): Extrasensory_Perception_Research_Finding.epub
    skip (have): Extrasensory_Perception_Research_Finding_djvu.txt
/home/gian/agfarms/bucket-foundation/archive/ExtrasensoryPerceptionResearchFinding
? "Schrodinger What is Life" → WhatIsLife-EdwardSchrodinger (WHAT IS LIFE? - ERWIN SCHRODINGER)
  ↓ downloading 3 files for WhatIsLife-EdwardSchrodinger
    skip (have): whatislife-schrodinger.pdf
    skip (have): whatislife-schrodinger.epub
    skip (have): whatislife-schrodinger_djvu.txt
/home/gian/agfarms/bucket-foundation/archive/WhatIsLife-EdwardSchrodinger
? "Schrödinger Mind and Matter" → Necktar2017Volume9 (Necktar 2017 volume 9)
  ↓ downloading 0 files for Necktar2017Volume9
/home/gian/agfarms/bucket-foundation/archive/Necktar2017Volume9
? "Bohr Atomic Theory Description Nature" → ExtrasensoryPerceptionResearchFinding (Notes on the Paranormal)
  ↓ downloading 3 files for ExtrasensoryPerceptionResearchFinding
    skip (have): Extrasensory_Perception_Research_Finding.pdf
    skip (have): Extrasensory_Perception_Research_Finding.epub
    skip (have): Extrasensory_Perception_Research_Finding_djvu.txt
/home/gian/agfarms/bucket-foundation/archive/ExtrasensoryPerceptionResearchFinding
? "Heisenberg Physics Philosophy" → 216.TheLastEpisodeAtLeastForAWhileOrMaybeForever_670 (216. The Last Episode, at Least for a While, or Maybe Foreve)
  ↓ downloading 0 files for 216.TheLastEpisodeAtLeastForAWhileOrMaybeForever_670
/home/gian/agfarms/bucket-foundation/archive/216.TheLastEpisodeAtLeastForAWhileOrMaybeForever_670
? "Pauli Wolfgang lectures physics" → 1_20210412_20210412_0345 (Epigenesis, Existentialism and Creativity)
  ↓ downloading 0 files for 1_20210412_20210412_0345
/home/gian/agfarms/bucket-foundation/archive/1_20210412_20210412_0345
? "Wigner Eugene mind in physics" → cia-readingroom-document-cia-rdp96-00787r000500380004-4 (CIA Reading Room cia-rdp96-00787r000500380004-4: PSYCHIC PRO)
  ↓ downloading 3 files for cia-readingroom-document-cia-rdp96-00787r000500380004-4
    skip (have): cia-rdp96-00787r000500380004-4.pdf
    skip (have): cia-rdp96-00787r000500380004-4.epub
    skip (have): cia-rdp96-00787r000500380004-4_djvu.txt
/home/gian/agfarms/bucket-foundation/archive/cia-readingroom-document-cia-rdp96-00787r000500380004-4
? "Wheeler Geons Black Holes Quantum Foam" → geonsblackholesq00whee (Geons, black holes, and quantum foam : a life in physics)
  ↓ downloading 3 files for geonsblackholesq00whee
    FAIL geonsblackholesq00whee.pdf: HTTP Error 401: Unauthorized
    FAIL geonsblackholesq00whee.epub: HTTP Error 401: Unauthorized
    FAIL geonsblackholesq00whee_djvu.txt: HTTP Error 401: Unauthorized
/home/gian/agfarms/bucket-foundation/archive/geonsblackholesq00whee
? "Pasteur fermentation" → mmoiresurlafer00past (Mémoire sur la fermentation alcoolique)
  ↓ downloading 2 files for mmoiresurlafer00past
    skip (have): mmoiresurlafer00past.pdf
    skip (have): mmoiresurlafer00past_djvu.txt
/home/gian/agfarms/bucket-foundation/archive/mmoiresurlafer00past
? "Darwin Origin of Species" → origin_species_librivox (On the Origin of Species by Means of Natural Selection)
  ↓ downloading 2 files for origin_species_librivox
    skip (have): On_the_Origin_of_Species_by_Means_of_Natural_Selection_1005.pdf
    skip (have): On_the_Origin_of_Species_by_Means_of_Natural_Selection_1005_djvu.txt
/home/gian/agfarms/bucket-foundation/archive/origin_species_librivox
? "Wallace contributions theory natural selection" → ExtrasensoryPerceptionResearchFinding (Notes on the Paranormal)
  ↓ downloading 3 files for ExtrasensoryPerceptionResearchFinding
    skip (have): Extrasensory_Perception_Research_Finding.pdf
    skip (have): Extrasensory_Perception_Research_Finding.epub
    skip (have): Extrasensory_Perception_Research_Finding_djvu.txt
/home/gian/agfarms/bucket-foundation/archive/ExtrasensoryPerceptionResearchFinding
? "Linus Pauling general chemistry" → introductiontoqu031712mbp (['Introduction To Quantum Mechanics', 'With Applications To Chemistry.'])
  ↓ downloading 3 files for introductiontoqu031712mbp
    skip (have): introductiontoqu031712mbp.pdf
    skip (have): introductiontoqu031712mbp.epub
    skip (have): introductiontoqu031712mbp_djvu.txt
/home/gian/agfarms/bucket-foundation/archive/introductiontoqu031712mbp
? "Linus Pauling vitamin C" → How_To_Live_Longer_And_Feel_Better_PDF (Linus Pauling PhD: How To Live Longer And Feel Better pdf)
  ↓ downloading 3 files for How_To_Live_Longer_And_Feel_Better_PDF
    skip (have): How to live longer and feel better - Pauling, Linus, 1901-1994.pdf
    skip (have): How to live longer and feel better - Pauling, Linus, 1901-1994.epub
    skip (have): How to live longer and feel better - Pauling, Linus, 1901-1994_djvu.txt
/home/gian/agfarms/bucket-foundation/archive/How_To_Live_Longer_And_Feel_Better_PDF
? "Crick what mad pursuit" → oxfordbookofmode0000unse_a2g6 (The Oxford book of modern science writing)
  ↓ downloading 3 files for oxfordbookofmode0000unse_a2g6
    FAIL oxfordbookofmode0000unse_a2g6.pdf: HTTP Error 401: Unauthorized
    FAIL oxfordbookofmode0000unse_a2g6.epub: HTTP Error 401: Unauthorized
    FAIL oxfordbookofmode0000unse_a2g6_djvu.txt: HTTP Error 401: Unauthorized
/home/gian/agfarms/bucket-foundation/archive/oxfordbookofmode0000unse_a2g6
? "Schrödinger statistical thermodynamics" → yavorskydetlafamodernhandbookofphysicsmir1982 (A Modern Handbook Of Physics)
  ↓ downloading 3 files for yavorskydetlafamodernhandbookofphysicsmir1982
    skip (have): Yavorsky-Detlaf-A-Modern-Handbook-of-Physics-Mir-1982.pdf
    skip (have): Yavorsky-Detlaf-A-Modern-Handbook-of-Physics-Mir-1982.epub
    skip (have): Yavorsky-Detlaf-A-Modern-Handbook-of-Physics-Mir-1982_djvu.txt
/home/gian/agfarms/bucket-foundation/archive/yavorskydetlafamodernhandbookofphysicsmir1982
? "Boltzmann lectures gas theory" → lectures-on-gas-theory-ludwig-boltzmann (Lectures on Gas Theory - Ludwig Boltzmann, Stephen G. Brush)
  ↓ downloading 3 files for lectures-on-gas-theory-ludwig-boltzmann
    skip (have): Lectures on Gas Theory - Ludwig Boltzmann.pdf
    skip (have): Lectures on Gas Theory - Ludwig Boltzmann.epub
    skip (have): Lectures on Gas Theory - Ludwig Boltzmann_djvu.txt
/home/gian/agfarms/bucket-foundation/archive/lectures-on-gas-theory-ludwig-boltzmann
? "Carnot reflections motive power fire" → cia-readingroom-document-cia-rdp79-01194a000400140001-7 (CIA Reading Room cia-rdp79-01194a000400140001-7: CA PROPAGAN)
  ↓ downloading 3 files for cia-readingroom-document-cia-rdp79-01194a000400140001-7
    skip (have): cia-rdp79-01194a000400140001-7.pdf
    skip (have): cia-rdp79-01194a000400140001-7.epub
    skip (have): cia-rdp79-01194a000400140001-7_djvu.txt
/home/gian/agfarms/bucket-foundation/archive/cia-readingroom-document-cia-rdp79-01194a000400140001-7
? "Planck thermodynamik thermodynamics" → vorlesungenbert01plangoog (Vorlesungen über thermodynamik)
  ↓ downloading 2 files for vorlesungenbert01plangoog
    skip (have): vorlesungenbert01plangoog.pdf
    skip (have): vorlesungenbert01plangoog_djvu.txt
/home/gian/agfarms/bucket-foundation/archive/vorlesungenbert01plangoog
? "Lavoisier elements chemistry" → understanding-science (Understanding Science, Collected Edition, Vols 1-12)
  ↓ downloading 3 files for understanding-science
    skip (have): Understanding_Science-Vol_01_jpg85.pdf
    skip (have): Understanding_Science-Vol_01_jpg85.epub
    skip (have): Understanding_Science-Vol_01_jpg85_djvu.txt
/home/gian/agfarms/bucket-foundation/archive/understanding-science
? "Fourier analytical theory heat" → analyticaltheory00fourrich (The analytical theory of heat)
  ↓ downloading 3 files for analyticaltheory00fourrich
    skip (have): analyticaltheory00fourrich.pdf
    skip (have): analyticaltheory00fourrich.epub
    skip (have): analyticaltheory00fourrich_djvu.txt
/home/gian/agfarms/bucket-foundation/archive/analyticaltheory00fourrich
? "Galileo dialogue two world systems" → GalileiGalileoDialogueConcerningTheTwoChiefWorldSystemsEN155P. (Galilei, Galileo - Dialogue Concerning the two Chief World S)
  ↓ downloading 3 files for GalileiGalileoDialogueConcerningTheTwoChiefWorldSystemsEN155P.
    skip (have): Galilei, Galileo - Dialogue Concerning the two Chief World Systems (EN, 155 p.).pdf
    skip (have): Galilei, Galileo - Dialogue Concerning the two Chief World Systems (EN, 155 p.).epub
    skip (have): Galilei, Galileo - Dialogue Concerning the two Chief World Systems (EN, 155 p.)_djvu.txt
/home/gian/agfarms/bucket-foundation/archive/GalileiGalileoDialogueConcerningTheTwoChiefWorldSystemsEN155P.
? "Feynman QED" → MIT8.701F20 (MIT 8.701 Introduction to Nuclear and Particle Physics, Fall)
  ↓ downloading 0 files for MIT8.701F20
/home/gian/agfarms/bucket-foundation/archive/MIT8.701F20
? "Crick Watson DNA" → MIT7.01SCF11 (OCW Scholar: Fundamentals of Biology)
  ↓ downloading 0 files for MIT7.01SCF11
/home/gian/agfarms/bucket-foundation/archive/MIT7.01SCF11
? "Darwin descent of man" → descent_man_1_1011_librivox (The Descent of Man and Selection in Relation to Sex Part 1)
  ↓ downloading 2 files for descent_man_1_1011_librivox
    skip (have): descentman1_1011.pdf
    skip (have): descentman1_1011_djvu.txt
/home/gian/agfarms/bucket-foundation/archive/descent_man_1_1011_librivox
[2026-07-10T11:20:00-04:00] === archive runner done ===
[2026-07-11T10:23:16-04:00] === archive runner start ===
  ↓ downloading 3 files for the-universal-one-1926-walter-russell
    skip (have): TheUniversalOne1926WalterRussell.pdf
    skip (have): TheUniversalOne1926WalterRussell.epub
    skip (have): TheUniversalOne1926WalterRussell_djvu.txt
/home/gian/agfarms/bucket-foundation/archive/the-universal-one-1926-walter-russell
  ↓ downloading 3 files for principlesofchem00menduoft
    skip (have): principlesofchem00menduoft.pdf
    skip (have): principlesofchem00menduoft.epub
    skip (have): principlesofchem00menduoft_djvu.txt
/home/gian/agfarms/bucket-foundation/archive/principlesofchem00menduoft
  ↓ downloading 3 files for principlesofchem01menduoft
    skip (have): principlesofchem01menduoft.pdf
    skip (have): principlesofchem01menduoft.epub
    skip (have): principlesofchem01menduoft_djvu.txt
/home/gian/agfarms/bucket-foundation/archive/principlesofchem01menduoft
? "walter russell new concept universe" → ExtrasensoryPerceptionResearchFinding (Notes on the Paranormal)
  ↓ downloading 3 files for ExtrasensoryPerceptionResearchFinding
    skip (have): Extrasensory_Perception_Research_Finding.pdf
    skip (have): Extrasensory_Perception_Research_Finding.epub
    skip (have): Extrasensory_Perception_Research_Finding_djvu.txt
/home/gian/agfarms/bucket-foundation/archive/ExtrasensoryPerceptionResearchFinding
  ↓ downloading 3 files for newtonspmathema00newtrich
    skip (have): newtonspmathema00newtrich.pdf
    skip (have): newtonspmathema00newtrich.epub
    skip (have): newtonspmathema00newtrich_djvu.txt
/home/gian/agfarms/bucket-foundation/archive/newtonspmathema00newtrich
  ↓ downloading 3 files for principia00newtuoft
    skip (have): principia00newtuoft.pdf
    skip (have): principia00newtuoft.epub
    skip (have): principia00newtuoft_djvu.txt
/home/gian/agfarms/bucket-foundation/archive/principia00newtuoft
? "Newton Opticks 1704" → opticks_1203_librivox (Opticks)
  ↓ downloading 2 files for opticks_1203_librivox
    skip (have): opticks_1207.pdf
    skip (have): opticks_1207_djvu.txt
/home/gian/agfarms/bucket-foundation/archive/opticks_1203_librivox
? "Maxwell Treatise on Electricity and Magnetism volume 1" → electricandmagne01maxwrich (A treatise on electricity and magnetism)
  ↓ downloading 3 files for electricandmagne01maxwrich
    skip (have): electricandmagne01maxwrich.pdf
    skip (have): electricandmagne01maxwrich.epub
    skip (have): electricandmagne01maxwrich_djvu.txt
/home/gian/agfarms/bucket-foundation/archive/electricandmagne01maxwrich
? "Maxwell Treatise on Electricity and Magnetism volume 2" → electricandmagne01maxwrich (A treatise on electricity and magnetism)
  ↓ downloading 3 files for electricandmagne01maxwrich
    skip (have): electricandmagne01maxwrich.pdf
    skip (have): electricandmagne01maxwrich.epub
    skip (have): electricandmagne01maxwrich_djvu.txt
/home/gian/agfarms/bucket-foundation/archive/electricandmagne01maxwrich
? "Maxwell scientific papers" → scientificpapers01maxw (The scientific papers of James Clerk Maxwell)
  ↓ downloading 3 files for scientificpapers01maxw
    skip (have): scientificpapers01maxw.pdf
    skip (have): scientificpapers01maxw.epub
    skip (have): scientificpapers01maxw_djvu.txt
/home/gian/agfarms/bucket-foundation/archive/scientificpapers01maxw
? "Faraday Experimental Researches in Electricity volume 1" → ExtrasensoryPerceptionResearchFinding (Notes on the Paranormal)
  ↓ downloading 3 files for ExtrasensoryPerceptionResearchFinding
    skip (have): Extrasensory_Perception_Research_Finding.pdf
    skip (have): Extrasensory_Perception_Research_Finding.epub
    skip (have): Extrasensory_Perception_Research_Finding_djvu.txt
/home/gian/agfarms/bucket-foundation/archive/ExtrasensoryPerceptionResearchFinding
? "Faraday Experimental Researches in Electricity volume 2" → ExtrasensoryPerceptionResearchFinding (Notes on the Paranormal)
  ↓ downloading 3 files for ExtrasensoryPerceptionResearchFinding
    skip (have): Extrasensory_Perception_Research_Finding.pdf
    skip (have): Extrasensory_Perception_Research_Finding.epub
    skip (have): Extrasensory_Perception_Research_Finding_djvu.txt
/home/gian/agfarms/bucket-foundation/archive/ExtrasensoryPerceptionResearchFinding
? "Faraday Experimental Researches in Electricity volume 3" → ExtrasensoryPerceptionResearchFinding (Notes on the Paranormal)
  ↓ downloading 3 files for ExtrasensoryPerceptionResearchFinding
    skip (have): Extrasensory_Perception_Research_Finding.pdf
    skip (have): Extrasensory_Perception_Research_Finding.epub
    skip (have): Extrasensory_Perception_Research_Finding_djvu.txt
/home/gian/agfarms/bucket-foundation/archive/ExtrasensoryPerceptionResearchFinding
? "Tesla My Inventions" → pbsnovadocs (PBS Nova Documentaries)
  ↓ downloading 0 files for pbsnovadocs
/home/gian/agfarms/bucket-foundation/archive/pbsnovadocs
? "Tesla Colorado Springs Notes" → majestic-12-files (MAJESTIC 12 Files)
  ↓ downloading 0 files for majestic-12-files
/home/gian/agfarms/bucket-foundation/archive/majestic-12-files
? "Tesla problem of increasing human energy" → sharware (chestnut-multimedia)
  ↓ downloading 2 files for sharware
    FAIL chestnut/DLR/CONTENTS.pdf: [Errno 2] No such file or directory: '/home/gian/agfarms/bucket-foundation/archive/sharware/chestnut/DLR/CONTENTS.pdf'
    FAIL chestnut/DLR/CONTENTS_djvu.txt: [Errno 2] No such file or directory: '/home/gian/agfarms/bucket-foundation/archive/sharware/chestnut/DLR/CONTENTS_djvu.txt'
/home/gian/agfarms/bucket-foundation/archive/sharware
? "Einstein Relativity special general theory" → relativity_librivox (Relativity: The Special and General Theory)
  ↓ downloading 2 files for relativity_librivox
    skip (have): relativity_1003.pdf
    skip (have): relativity_1003_djvu.txt
/home/gian/agfarms/bucket-foundation/archive/relativity_librivox
? "Einstein 1905 photoelectric" → cia-readingroom-document-cia-rdp96-00788r001100010004-6 (CIA Reading Room cia-rdp96-00788r001100010004-6: PROCEEDINGS)
  ↓ downloading 3 files for cia-readingroom-document-cia-rdp96-00788r001100010004-6
    skip (have): cia-rdp96-00788r001100010004-6.pdf
    skip (have): cia-rdp96-00788r001100010004-6.epub
    skip (have): cia-rdp96-00788r001100010004-6_djvu.txt
/home/gian/agfarms/bucket-foundation/archive/cia-readingroom-document-cia-rdp96-00788r001100010004-6
? "Szent-Györgyi Bioenergetics" → bioenergetics00szen (Bioenergetics)
  ↓ downloading 3 files for bioenergetics00szen
    skip (have): bioenergetics00szen.pdf
    skip (have): bioenergetics00szen.epub
    skip (have): bioenergetics00szen_djvu.txt
/home/gian/agfarms/bucket-foundation/archive/bioenergetics00szen
NO HITS: Szent-Györgyi submolecular biology
? "Becker Body Electric" → die-or-d.i.y.-full-archive ((Blogger) Die or D.I.Y.? Full Archive)
  ↓ downloading 0 files for die-or-d.i.y.-full-archive
/home/gian/agfarms/bucket-foundation/archive/die-or-d.i.y.-full-archive
? "Becker Cross Currents" → ExtrasensoryPerceptionResearchFinding (Notes on the Paranormal)
  ↓ downloading 3 files for ExtrasensoryPerceptionResearchFinding
    skip (have): Extrasensory_Perception_Research_Finding.pdf
    skip (have): Extrasensory_Perception_Research_Finding.epub
    skip (have): Extrasensory_Perception_Research_Finding_djvu.txt
/home/gian/agfarms/bucket-foundation/archive/ExtrasensoryPerceptionResearchFinding
? "Ling physical theory living state" → BluePlanetProjectUFOTECHNOLOGY (Blue Planet Project UFO TECHNOLOGY)
  ↓ downloading 3 files for BluePlanetProjectUFOTECHNOLOGY
    skip (have): Blue Planet Project UFO TECHNOLOGY.pdf
    skip (have): Blue Planet Project UFO TECHNOLOGY.epub
    skip (have): Blue Planet Project UFO TECHNOLOGY_djvu.txt
/home/gian/agfarms/bucket-foundation/archive/BluePlanetProjectUFOTECHNOLOGY
? "Ling association induction" → ibogaine_literature (Ibogaine Literature)
  ↓ downloading 3 files for ibogaine_literature
    skip (have): abaul1989.pdf
    skip (have): agwada1975.pdf
    skip (have): abaul1989_djvu.txt
/home/gian/agfarms/bucket-foundation/archive/ibogaine_literature
? "Nordenström Biologically Closed Electric Circuits" → biokinetic-impacts-on-structure-and-imaging-of-the-lung-the-concept-of-biologica (Biokinetic Impacts on Structure and Imaging of the Lung the )
  ↓ downloading 2 files for biokinetic-impacts-on-structure-and-imaging-of-the-lung-the-concept-of-biologica
    skip (have): Biokinetic impacts on structure and imaging of the lung the concept of biologically closed electric circuits - Nordenstrom AJR 1985.pdf
    skip (have): Biokinetic impacts on structure and imaging of the lung the concept of biologically closed electric circuits - Nordenstrom AJR 1985_djvu.txt
/home/gian/agfarms/bucket-foundation/archive/biokinetic-impacts-on-structure-and-imaging-of-the-lung-the-concept-of-biologica
? "Euclid Elements Heath translation" → EuclidsElementsBooksIIIVolume1Heath (Euclid's Elements Books I II Volume 1 Heath)
  ↓ downloading 2 files for EuclidsElementsBooksIIIVolume1Heath
    skip (have): Euclid's_Elements_Books_I-II_Volume_1-Heath.pdf
    skip (have): Euclid's_Elements_Books_I-II_Volume_1-Heath_djvu.txt
/home/gian/agfarms/bucket-foundation/archive/EuclidsElementsBooksIIIVolume1Heath
? "Gauss Disquisitiones Arithmeticae" → disquisitionesa00gaus (Disquisitiones arithmeticae)
  ↓ downloading 3 files for disquisitionesa00gaus
    skip (have): disquisitionesa00gaus.pdf
    skip (have): disquisitionesa00gaus.epub
    skip (have): disquisitionesa00gaus_djvu.txt
/home/gian/agfarms/bucket-foundation/archive/disquisitionesa00gaus
? "Riemann zeta hypothesis" → logicalcross (LogicalCross)
  ↓ downloading 2 files for logicalcross
    skip (have): essay.pdf
    skip (have): essay_djvu.txt
/home/gian/agfarms/bucket-foundation/archive/logicalcross
? "Cantor set theory" → YouDontNeedAWeathermanToKnowWhichWayTheWindBlows_925 (You Don't Need A Weatherman To Know Which Way The Wind Blows)
  ↓ downloading 3 files for YouDontNeedAWeathermanToKnowWhichWayTheWindBlows_925
    skip (have): YouDontNeedAWeathermanToKnowWhichWayTheWindBlows_925.pdf
    skip (have): YouDontNeedAWeathermanToKnowWhichWayTheWindBlows_925.epub
    skip (have): YouDontNeedAWeathermanToKnowWhichWayTheWindBlows_925_djvu.txt
/home/gian/agfarms/bucket-foundation/archive/YouDontNeedAWeathermanToKnowWhichWayTheWindBlows_925
? "Dirac Principles of Quantum Mechanics" → academictorrents_f24122f15283757aa8a9bf9cb638db266273442d ([Coursera] Exploring Quantum Physics)
  ↓ downloading 3 files for academictorrents_f24122f15283757aa8a9bf9cb638db266273442d
    FAIL Lectures/Week 1 - 02 Wavefunctions and Schrdinger Equation/01_Part_I-_Comments_on_studying_QM_10-11.pdf: [Errno 2] No such file or directory: '/home/gian/agfarms/bucket-foundation/archive/academictorrents_f24122f15283757aa8a9bf9cb638db266273442d/Lectures/Week 1 - 02 Wavefunctions and Schrdinger Equation/01_Part_I-_Comments_on_studying_QM_10-11.pdf'
    FAIL Lectures/Week 8 - 17 Time-dependent quantum mechanics Victor Galitski/01_Part_I-_Time-dependent_Schrdinger_Eq._general_remarks_23-04.pdf: [Errno 2] No such file or directory: '/home/gian/agfarms/bucket-foundation/archive/academictorrents_f24122f15283757aa8a9bf9cb638db266273442d/Lectures/Week 8 - 17 Time-dependent quantum mechanics Victor Galitski/01_Part_I-_Time-dependent_Schrdinger_Eq._general_remarks_23-04.pdf'
    FAIL Lectures/Week 1 - 02 Wavefunctions and Schrdinger Equation/01_Part_I-_Comments_on_studying_QM_10-11_djvu.txt: [Errno 2] No such file or directory: '/home/gian/agfarms/bucket-foundation/archive/academictorrents_f24122f15283757aa8a9bf9cb638db266273442d/Lectures/Week 1 - 02 Wavefunctions and Schrdinger Equation/01_Part_I-_Comments_on_studying_QM_10-11_djvu.txt'
/home/gian/agfarms/bucket-foundation/archive/academictorrents_f24122f15283757aa8a9bf9cb638db266273442d
? "Feynman lectures on physics" → academictorrents_f24122f15283757aa8a9bf9cb638db266273442d ([Coursera] Exploring Quantum Physics)
  ↓ downloading 3 files for academictorrents_f24122f15283757aa8a9bf9cb638db266273442d
    FAIL Lectures/Week 1 - 02 Wavefunctions and Schrdinger Equation/01_Part_I-_Comments_on_studying_QM_10-11.pdf: [Errno 2] No such file or directory: '/home/gian/agfarms/bucket-foundation/archive/academictorrents_f24122f15283757aa8a9bf9cb638db266273442d/Lectures/Week 1 - 02 Wavefunctions and Schrdinger Equation/01_Part_I-_Comments_on_studying_QM_10-11.pdf'
    FAIL Lectures/Week 8 - 17 Time-dependent quantum mechanics Victor Galitski/01_Part_I-_Time-dependent_Schrdinger_Eq._general_remarks_23-04.pdf: [Errno 2] No such file or directory: '/home/gian/agfarms/bucket-foundation/archive/academictorrents_f24122f15283757aa8a9bf9cb638db266273442d/Lectures/Week 8 - 17 Time-dependent quantum mechanics Victor Galitski/01_Part_I-_Time-dependent_Schrdinger_Eq._general_remarks_23-04.pdf'
    FAIL Lectures/Week 1 - 02 Wavefunctions and Schrdinger Equation/01_Part_I-_Comments_on_studying_QM_10-11_djvu.txt: [Errno 2] No such file or directory: '/home/gian/agfarms/bucket-foundation/archive/academictorrents_f24122f15283757aa8a9bf9cb638db266273442d/Lectures/Week 1 - 02 Wavefunctions and Schrdinger Equation/01_Part_I-_Comments_on_studying_QM_10-11_djvu.txt'
/home/gian/agfarms/bucket-foundation/archive/academictorrents_f24122f15283757aa8a9bf9cb638db266273442d
? "Shannon mathematical theory of communication" → communications_primer (Communications Primer, A)
  ↓ downloading 0 files for communications_primer
/home/gian/agfarms/bucket-foundation/archive/communications_primer
? "Turing computable numbers 1936" → turingsvisionbir0000bern (Turing's vision : the birth of computer science)
  ↓ downloading 3 files for turingsvisionbir0000bern
    FAIL turingsvisionbir0000bern.pdf: HTTP Error 401: Unauthorized
    FAIL turingsvisionbir0000bern.epub: HTTP Error 401: Unauthorized
    FAIL turingsvisionbir0000bern_djvu.txt: HTTP Error 401: Unauthorized
/home/gian/agfarms/bucket-foundation/archive/turingsvisionbir0000bern
? "Helmholtz On the Sensations of Tone" → onsensationsofto00helmrich (On the sensations of tone as a physiological basis for the t)
  ↓ downloading 3 files for onsensationsofto00helmrich
    skip (have): onsensationsofto00helmrich.pdf
    skip (have): onsensationsofto00helmrich.epub
    skip (have): onsensationsofto00helmrich_djvu.txt
/home/gian/agfarms/bucket-foundation/archive/onsensationsofto00helmrich
? "Helmholtz Treatise Physiological Optics" → ExtrasensoryPerceptionResearchFinding (Notes on the Paranormal)
  ↓ downloading 3 files for ExtrasensoryPerceptionResearchFinding
    skip (have): Extrasensory_Perception_Research_Finding.pdf
    skip (have): Extrasensory_Perception_Research_Finding.epub
    skip (have): Extrasensory_Perception_Research_Finding_djvu.txt
/home/gian/agfarms/bucket-foundation/archive/ExtrasensoryPerceptionResearchFinding
? "Schrodinger What is Life" → WhatIsLife-EdwardSchrodinger (WHAT IS LIFE? - ERWIN SCHRODINGER)
  ↓ downloading 3 files for WhatIsLife-EdwardSchrodinger
    skip (have): whatislife-schrodinger.pdf
    skip (have): whatislife-schrodinger.epub
    skip (have): whatislife-schrodinger_djvu.txt
/home/gian/agfarms/bucket-foundation/archive/WhatIsLife-EdwardSchrodinger
? "Schrödinger Mind and Matter" → Necktar2017Volume9 (Necktar 2017 volume 9)
  ↓ downloading 0 files for Necktar2017Volume9
/home/gian/agfarms/bucket-foundation/archive/Necktar2017Volume9
? "Bohr Atomic Theory Description Nature" → ExtrasensoryPerceptionResearchFinding (Notes on the Paranormal)
  ↓ downloading 3 files for ExtrasensoryPerceptionResearchFinding
    skip (have): Extrasensory_Perception_Research_Finding.pdf
    skip (have): Extrasensory_Perception_Research_Finding.epub
    skip (have): Extrasensory_Perception_Research_Finding_djvu.txt
/home/gian/agfarms/bucket-foundation/archive/ExtrasensoryPerceptionResearchFinding
? "Heisenberg Physics Philosophy" → 216.TheLastEpisodeAtLeastForAWhileOrMaybeForever_670 (216. The Last Episode, at Least for a While, or Maybe Foreve)
  ↓ downloading 0 files for 216.TheLastEpisodeAtLeastForAWhileOrMaybeForever_670
/home/gian/agfarms/bucket-foundation/archive/216.TheLastEpisodeAtLeastForAWhileOrMaybeForever_670
? "Pauli Wolfgang lectures physics" → 1_20210412_20210412_0345 (Epigenesis, Existentialism and Creativity)
  ↓ downloading 0 files for 1_20210412_20210412_0345
/home/gian/agfarms/bucket-foundation/archive/1_20210412_20210412_0345
? "Wigner Eugene mind in physics" → cia-readingroom-document-cia-rdp96-00787r000500380004-4 (CIA Reading Room cia-rdp96-00787r000500380004-4: PSYCHIC PRO)
  ↓ downloading 3 files for cia-readingroom-document-cia-rdp96-00787r000500380004-4
    skip (have): cia-rdp96-00787r000500380004-4.pdf
    skip (have): cia-rdp96-00787r000500380004-4.epub
    skip (have): cia-rdp96-00787r000500380004-4_djvu.txt
/home/gian/agfarms/bucket-foundation/archive/cia-readingroom-document-cia-rdp96-00787r000500380004-4
? "Wheeler Geons Black Holes Quantum Foam" → geonsblackholesq00whee (Geons, black holes, and quantum foam : a life in physics)
  ↓ downloading 3 files for geonsblackholesq00whee
    FAIL geonsblackholesq00whee.pdf: HTTP Error 401: Unauthorized
    FAIL geonsblackholesq00whee.epub: HTTP Error 401: Unauthorized
    FAIL geonsblackholesq00whee_djvu.txt: HTTP Error 401: Unauthorized
/home/gian/agfarms/bucket-foundation/archive/geonsblackholesq00whee
? "Pasteur fermentation" → mmoiresurlafer00past (Mémoire sur la fermentation alcoolique)
  ↓ downloading 2 files for mmoiresurlafer00past
    skip (have): mmoiresurlafer00past.pdf
    skip (have): mmoiresurlafer00past_djvu.txt
/home/gian/agfarms/bucket-foundation/archive/mmoiresurlafer00past
? "Darwin Origin of Species" → origin_species_librivox (On the Origin of Species by Means of Natural Selection)
  ↓ downloading 2 files for origin_species_librivox
    skip (have): On_the_Origin_of_Species_by_Means_of_Natural_Selection_1005.pdf
    skip (have): On_the_Origin_of_Species_by_Means_of_Natural_Selection_1005_djvu.txt
/home/gian/agfarms/bucket-foundation/archive/origin_species_librivox
? "Wallace contributions theory natural selection" → ExtrasensoryPerceptionResearchFinding (Notes on the Paranormal)
  ↓ downloading 3 files for ExtrasensoryPerceptionResearchFinding
    skip (have): Extrasensory_Perception_Research_Finding.pdf
    skip (have): Extrasensory_Perception_Research_Finding.epub
    skip (have): Extrasensory_Perception_Research_Finding_djvu.txt
/home/gian/agfarms/bucket-foundation/archive/ExtrasensoryPerceptionResearchFinding
? "Linus Pauling general chemistry" → introductiontoqu031712mbp (['Introduction To Quantum Mechanics', 'With Applications To Chemistry.'])
  ↓ downloading 3 files for introductiontoqu031712mbp
    skip (have): introductiontoqu031712mbp.pdf
    skip (have): introductiontoqu031712mbp.epub
    skip (have): introductiontoqu031712mbp_djvu.txt
/home/gian/agfarms/bucket-foundation/archive/introductiontoqu031712mbp
? "Linus Pauling vitamin C" → How_To_Live_Longer_And_Feel_Better_PDF (Linus Pauling PhD: How To Live Longer And Feel Better pdf)
  ↓ downloading 3 files for How_To_Live_Longer_And_Feel_Better_PDF
    skip (have): How to live longer and feel better - Pauling, Linus, 1901-1994.pdf
    skip (have): How to live longer and feel better - Pauling, Linus, 1901-1994.epub
    skip (have): How to live longer and feel better - Pauling, Linus, 1901-1994_djvu.txt
/home/gian/agfarms/bucket-foundation/archive/How_To_Live_Longer_And_Feel_Better_PDF
? "Crick what mad pursuit" → oxfordbookofmode0000unse_a2g6 (The Oxford book of modern science writing)
  ↓ downloading 3 files for oxfordbookofmode0000unse_a2g6
    FAIL oxfordbookofmode0000unse_a2g6.pdf: HTTP Error 403: Forbidden
    FAIL oxfordbookofmode0000unse_a2g6.epub: HTTP Error 403: Forbidden
    FAIL oxfordbookofmode0000unse_a2g6_djvu.txt: HTTP Error 403: Forbidden
/home/gian/agfarms/bucket-foundation/archive/oxfordbookofmode0000unse_a2g6
? "Schrödinger statistical thermodynamics" → yavorskydetlafamodernhandbookofphysicsmir1982 (A Modern Handbook Of Physics)
  ↓ downloading 3 files for yavorskydetlafamodernhandbookofphysicsmir1982
    skip (have): Yavorsky-Detlaf-A-Modern-Handbook-of-Physics-Mir-1982.pdf
    skip (have): Yavorsky-Detlaf-A-Modern-Handbook-of-Physics-Mir-1982.epub
    skip (have): Yavorsky-Detlaf-A-Modern-Handbook-of-Physics-Mir-1982_djvu.txt
/home/gian/agfarms/bucket-foundation/archive/yavorskydetlafamodernhandbookofphysicsmir1982
? "Boltzmann lectures gas theory" → lectures-on-gas-theory-ludwig-boltzmann (Lectures on Gas Theory - Ludwig Boltzmann, Stephen G. Brush)
  ↓ downloading 3 files for lectures-on-gas-theory-ludwig-boltzmann
    skip (have): Lectures on Gas Theory - Ludwig Boltzmann.pdf
    skip (have): Lectures on Gas Theory - Ludwig Boltzmann.epub
    skip (have): Lectures on Gas Theory - Ludwig Boltzmann_djvu.txt
/home/gian/agfarms/bucket-foundation/archive/lectures-on-gas-theory-ludwig-boltzmann
? "Carnot reflections motive power fire" → cia-readingroom-document-cia-rdp79-01194a000400140001-7 (CIA Reading Room cia-rdp79-01194a000400140001-7: CA PROPAGAN)
  ↓ downloading 3 files for cia-readingroom-document-cia-rdp79-01194a000400140001-7
    skip (have): cia-rdp79-01194a000400140001-7.pdf
    skip (have): cia-rdp79-01194a000400140001-7.epub
    skip (have): cia-rdp79-01194a000400140001-7_djvu.txt
/home/gian/agfarms/bucket-foundation/archive/cia-readingroom-document-cia-rdp79-01194a000400140001-7
? "Planck thermodynamik thermodynamics" → vorlesungenbert01plangoog (Vorlesungen über thermodynamik)
  ↓ downloading 2 files for vorlesungenbert01plangoog
    skip (have): vorlesungenbert01plangoog.pdf
    skip (have): vorlesungenbert01plangoog_djvu.txt
/home/gian/agfarms/bucket-foundation/archive/vorlesungenbert01plangoog
? "Lavoisier elements chemistry" → understanding-science (Understanding Science, Collected Edition, Vols 1-12)
  ↓ downloading 3 files for understanding-science
    skip (have): Understanding_Science-Vol_01_jpg85.pdf
    skip (have): Understanding_Science-Vol_01_jpg85.epub
    skip (have): Understanding_Science-Vol_01_jpg85_djvu.txt
/home/gian/agfarms/bucket-foundation/archive/understanding-science
? "Fourier analytical theory heat" → analyticaltheory00fourrich (The analytical theory of heat)
  ↓ downloading 3 files for analyticaltheory00fourrich
    skip (have): analyticaltheory00fourrich.pdf
    skip (have): analyticaltheory00fourrich.epub
    skip (have): analyticaltheory00fourrich_djvu.txt
/home/gian/agfarms/bucket-foundation/archive/analyticaltheory00fourrich
? "Galileo dialogue two world systems" → GalileiGalileoDialogueConcerningTheTwoChiefWorldSystemsEN155P. (Galilei, Galileo - Dialogue Concerning the two Chief World S)
  ↓ downloading 3 files for GalileiGalileoDialogueConcerningTheTwoChiefWorldSystemsEN155P.
    skip (have): Galilei, Galileo - Dialogue Concerning the two Chief World Systems (EN, 155 p.).pdf
    skip (have): Galilei, Galileo - Dialogue Concerning the two Chief World Systems (EN, 155 p.).epub
    skip (have): Galilei, Galileo - Dialogue Concerning the two Chief World Systems (EN, 155 p.)_djvu.txt
/home/gian/agfarms/bucket-foundation/archive/GalileiGalileoDialogueConcerningTheTwoChiefWorldSystemsEN155P.
? "Feynman QED" → MIT8.701F20 (MIT 8.701 Introduction to Nuclear and Particle Physics, Fall)
  ↓ downloading 0 files for MIT8.701F20
/home/gian/agfarms/bucket-foundation/archive/MIT8.701F20
? "Crick Watson DNA" → MIT7.01SCF11 (OCW Scholar: Fundamentals of Biology)
  ↓ downloading 0 files for MIT7.01SCF11
/home/gian/agfarms/bucket-foundation/archive/MIT7.01SCF11
? "Darwin descent of man" → descent_man_1_1011_librivox (The Descent of Man and Selection in Relation to Sex Part 1)
  ↓ downloading 2 files for descent_man_1_1011_librivox
    skip (have): descentman1_1011.pdf
    skip (have): descentman1_1011_djvu.txt
/home/gian/agfarms/bucket-foundation/archive/descent_man_1_1011_librivox
[2026-07-11T10:25:59-04:00] === archive runner done ===
[2026-07-11T10:33:07-04:00] === archive runner start ===
  ↓ downloading 3 files for the-universal-one-1926-walter-russell
    skip (have): TheUniversalOne1926WalterRussell.pdf
    skip (have): TheUniversalOne1926WalterRussell.epub
    skip (have): TheUniversalOne1926WalterRussell_djvu.txt
/home/gian/agfarms/bucket-foundation/archive/the-universal-one-1926-walter-russell
  ↓ downloading 3 files for principlesofchem00menduoft
    skip (have): principlesofchem00menduoft.pdf
    skip (have): principlesofchem00menduoft.epub
    skip (have): principlesofchem00menduoft_djvu.txt
/home/gian/agfarms/bucket-foundation/archive/principlesofchem00menduoft
  ↓ downloading 3 files for principlesofchem01menduoft
    skip (have): principlesofchem01menduoft.pdf
    skip (have): principlesofchem01menduoft.epub
    skip (have): principlesofchem01menduoft_djvu.txt
/home/gian/agfarms/bucket-foundation/archive/principlesofchem01menduoft
? "walter russell new concept universe" → ExtrasensoryPerceptionResearchFinding (Notes on the Paranormal)
  ↓ downloading 3 files for ExtrasensoryPerceptionResearchFinding
    skip (have): Extrasensory_Perception_Research_Finding.pdf
    skip (have): Extrasensory_Perception_Research_Finding.epub
    skip (have): Extrasensory_Perception_Research_Finding_djvu.txt
/home/gian/agfarms/bucket-foundation/archive/ExtrasensoryPerceptionResearchFinding
  ↓ downloading 3 files for newtonspmathema00newtrich
    skip (have): newtonspmathema00newtrich.pdf
    skip (have): newtonspmathema00newtrich.epub
    skip (have): newtonspmathema00newtrich_djvu.txt
/home/gian/agfarms/bucket-foundation/archive/newtonspmathema00newtrich
  ↓ downloading 3 files for principia00newtuoft
    skip (have): principia00newtuoft.pdf
    skip (have): principia00newtuoft.epub
    skip (have): principia00newtuoft_djvu.txt
/home/gian/agfarms/bucket-foundation/archive/principia00newtuoft
? "Newton Opticks 1704" → opticks_1203_librivox (Opticks)
  ↓ downloading 2 files for opticks_1203_librivox
    skip (have): opticks_1207.pdf
    skip (have): opticks_1207_djvu.txt
/home/gian/agfarms/bucket-foundation/archive/opticks_1203_librivox
? "Maxwell Treatise on Electricity and Magnetism volume 1" → electricandmagne01maxwrich (A treatise on electricity and magnetism)
  ↓ downloading 3 files for electricandmagne01maxwrich
    skip (have): electricandmagne01maxwrich.pdf
    skip (have): electricandmagne01maxwrich.epub
    skip (have): electricandmagne01maxwrich_djvu.txt
/home/gian/agfarms/bucket-foundation/archive/electricandmagne01maxwrich
? "Maxwell Treatise on Electricity and Magnetism volume 2" → electricandmagne01maxwrich (A treatise on electricity and magnetism)
  ↓ downloading 3 files for electricandmagne01maxwrich
    skip (have): electricandmagne01maxwrich.pdf
    skip (have): electricandmagne01maxwrich.epub
    skip (have): electricandmagne01maxwrich_djvu.txt
/home/gian/agfarms/bucket-foundation/archive/electricandmagne01maxwrich
? "Maxwell scientific papers" → scientificpapers01maxw (The scientific papers of James Clerk Maxwell)
  ↓ downloading 3 files for scientificpapers01maxw
    skip (have): scientificpapers01maxw.pdf
    skip (have): scientificpapers01maxw.epub
    skip (have): scientificpapers01maxw_djvu.txt
/home/gian/agfarms/bucket-foundation/archive/scientificpapers01maxw
? "Faraday Experimental Researches in Electricity volume 1" → ExtrasensoryPerceptionResearchFinding (Notes on the Paranormal)
  ↓ downloading 3 files for ExtrasensoryPerceptionResearchFinding
    skip (have): Extrasensory_Perception_Research_Finding.pdf
    skip (have): Extrasensory_Perception_Research_Finding.epub
    skip (have): Extrasensory_Perception_Research_Finding_djvu.txt
/home/gian/agfarms/bucket-foundation/archive/ExtrasensoryPerceptionResearchFinding
? "Faraday Experimental Researches in Electricity volume 2" → ExtrasensoryPerceptionResearchFinding (Notes on the Paranormal)
  ↓ downloading 3 files for ExtrasensoryPerceptionResearchFinding
    skip (have): Extrasensory_Perception_Research_Finding.pdf
    skip (have): Extrasensory_Perception_Research_Finding.epub
    skip (have): Extrasensory_Perception_Research_Finding_djvu.txt
/home/gian/agfarms/bucket-foundation/archive/ExtrasensoryPerceptionResearchFinding
? "Faraday Experimental Researches in Electricity volume 3" → ExtrasensoryPerceptionResearchFinding (Notes on the Paranormal)
  ↓ downloading 3 files for ExtrasensoryPerceptionResearchFinding
    skip (have): Extrasensory_Perception_Research_Finding.pdf
    skip (have): Extrasensory_Perception_Research_Finding.epub
    skip (have): Extrasensory_Perception_Research_Finding_djvu.txt
/home/gian/agfarms/bucket-foundation/archive/ExtrasensoryPerceptionResearchFinding
? "Tesla My Inventions" → pbsnovadocs (PBS Nova Documentaries)
  ↓ downloading 0 files for pbsnovadocs
/home/gian/agfarms/bucket-foundation/archive/pbsnovadocs
? "Tesla Colorado Springs Notes" → majestic-12-files (MAJESTIC 12 Files)
  ↓ downloading 0 files for majestic-12-files
/home/gian/agfarms/bucket-foundation/archive/majestic-12-files
? "Tesla problem of increasing human energy" → sharware (chestnut-multimedia)
  ↓ downloading 2 files for sharware
    FAIL chestnut/DLR/CONTENTS.pdf: [Errno 2] No such file or directory: '/home/gian/agfarms/bucket-foundation/archive/sharware/chestnut/DLR/CONTENTS.pdf'
    FAIL chestnut/DLR/CONTENTS_djvu.txt: [Errno 2] No such file or directory: '/home/gian/agfarms/bucket-foundation/archive/sharware/chestnut/DLR/CONTENTS_djvu.txt'
/home/gian/agfarms/bucket-foundation/archive/sharware
? "Einstein Relativity special general theory" → relativity_librivox (Relativity: The Special and General Theory)
  ↓ downloading 2 files for relativity_librivox
    skip (have): relativity_1003.pdf
    skip (have): relativity_1003_djvu.txt
/home/gian/agfarms/bucket-foundation/archive/relativity_librivox
? "Einstein 1905 photoelectric" → cia-readingroom-document-cia-rdp96-00788r001100010004-6 (CIA Reading Room cia-rdp96-00788r001100010004-6: PROCEEDINGS)
  ↓ downloading 3 files for cia-readingroom-document-cia-rdp96-00788r001100010004-6
    skip (have): cia-rdp96-00788r001100010004-6.pdf
    skip (have): cia-rdp96-00788r001100010004-6.epub
    skip (have): cia-rdp96-00788r001100010004-6_djvu.txt
/home/gian/agfarms/bucket-foundation/archive/cia-readingroom-document-cia-rdp96-00788r001100010004-6
? "Szent-Györgyi Bioenergetics" → bioenergetics00szen (Bioenergetics)
  ↓ downloading 3 files for bioenergetics00szen
    skip (have): bioenergetics00szen.pdf
    skip (have): bioenergetics00szen.epub
    skip (have): bioenergetics00szen_djvu.txt
/home/gian/agfarms/bucket-foundation/archive/bioenergetics00szen
NO HITS: Szent-Györgyi submolecular biology
? "Becker Body Electric" → die-or-d.i.y.-full-archive ((Blogger) Die or D.I.Y.? Full Archive)
  ↓ downloading 0 files for die-or-d.i.y.-full-archive
/home/gian/agfarms/bucket-foundation/archive/die-or-d.i.y.-full-archive
? "Becker Cross Currents" → ExtrasensoryPerceptionResearchFinding (Notes on the Paranormal)
  ↓ downloading 3 files for ExtrasensoryPerceptionResearchFinding
    skip (have): Extrasensory_Perception_Research_Finding.pdf
    skip (have): Extrasensory_Perception_Research_Finding.epub
    skip (have): Extrasensory_Perception_Research_Finding_djvu.txt
/home/gian/agfarms/bucket-foundation/archive/ExtrasensoryPerceptionResearchFinding
? "Ling physical theory living state" → BluePlanetProjectUFOTECHNOLOGY (Blue Planet Project UFO TECHNOLOGY)
  ↓ downloading 3 files for BluePlanetProjectUFOTECHNOLOGY
    skip (have): Blue Planet Project UFO TECHNOLOGY.pdf
    skip (have): Blue Planet Project UFO TECHNOLOGY.epub
    skip (have): Blue Planet Project UFO TECHNOLOGY_djvu.txt
/home/gian/agfarms/bucket-foundation/archive/BluePlanetProjectUFOTECHNOLOGY
? "Ling association induction" → ibogaine_literature (Ibogaine Literature)
  ↓ downloading 3 files for ibogaine_literature
    skip (have): abaul1989.pdf
    skip (have): agwada1975.pdf
    skip (have): abaul1989_djvu.txt
/home/gian/agfarms/bucket-foundation/archive/ibogaine_literature
? "Nordenström Biologically Closed Electric Circuits" → biokinetic-impacts-on-structure-and-imaging-of-the-lung-the-concept-of-biologica (Biokinetic Impacts on Structure and Imaging of the Lung the )
  ↓ downloading 2 files for biokinetic-impacts-on-structure-and-imaging-of-the-lung-the-concept-of-biologica
    skip (have): Biokinetic impacts on structure and imaging of the lung the concept of biologically closed electric circuits - Nordenstrom AJR 1985.pdf
    skip (have): Biokinetic impacts on structure and imaging of the lung the concept of biologically closed electric circuits - Nordenstrom AJR 1985_djvu.txt
/home/gian/agfarms/bucket-foundation/archive/biokinetic-impacts-on-structure-and-imaging-of-the-lung-the-concept-of-biologica
? "Euclid Elements Heath translation" → EuclidsElementsBooksIIIVolume1Heath (Euclid's Elements Books I II Volume 1 Heath)
  ↓ downloading 2 files for EuclidsElementsBooksIIIVolume1Heath
    skip (have): Euclid's_Elements_Books_I-II_Volume_1-Heath.pdf
    skip (have): Euclid's_Elements_Books_I-II_Volume_1-Heath_djvu.txt
/home/gian/agfarms/bucket-foundation/archive/EuclidsElementsBooksIIIVolume1Heath
? "Gauss Disquisitiones Arithmeticae" → disquisitionesa00gaus (Disquisitiones arithmeticae)
  ↓ downloading 3 files for disquisitionesa00gaus
    skip (have): disquisitionesa00gaus.pdf
    skip (have): disquisitionesa00gaus.epub
    skip (have): disquisitionesa00gaus_djvu.txt
/home/gian/agfarms/bucket-foundation/archive/disquisitionesa00gaus
? "Riemann zeta hypothesis" → logicalcross (LogicalCross)
  ↓ downloading 2 files for logicalcross
    skip (have): essay.pdf
    skip (have): essay_djvu.txt
/home/gian/agfarms/bucket-foundation/archive/logicalcross
? "Cantor set theory" → YouDontNeedAWeathermanToKnowWhichWayTheWindBlows_925 (You Don't Need A Weatherman To Know Which Way The Wind Blows)
  ↓ downloading 3 files for YouDontNeedAWeathermanToKnowWhichWayTheWindBlows_925
    skip (have): YouDontNeedAWeathermanToKnowWhichWayTheWindBlows_925.pdf
    skip (have): YouDontNeedAWeathermanToKnowWhichWayTheWindBlows_925.epub
    skip (have): YouDontNeedAWeathermanToKnowWhichWayTheWindBlows_925_djvu.txt
/home/gian/agfarms/bucket-foundation/archive/YouDontNeedAWeathermanToKnowWhichWayTheWindBlows_925
? "Dirac Principles of Quantum Mechanics" → academictorrents_f24122f15283757aa8a9bf9cb638db266273442d ([Coursera] Exploring Quantum Physics)
  ↓ downloading 3 files for academictorrents_f24122f15283757aa8a9bf9cb638db266273442d
    FAIL Lectures/Week 1 - 02 Wavefunctions and Schrdinger Equation/01_Part_I-_Comments_on_studying_QM_10-11.pdf: [Errno 2] No such file or directory: '/home/gian/agfarms/bucket-foundation/archive/academictorrents_f24122f15283757aa8a9bf9cb638db266273442d/Lectures/Week 1 - 02 Wavefunctions and Schrdinger Equation/01_Part_I-_Comments_on_studying_QM_10-11.pdf'
    FAIL Lectures/Week 8 - 17 Time-dependent quantum mechanics Victor Galitski/01_Part_I-_Time-dependent_Schrdinger_Eq._general_remarks_23-04.pdf: [Errno 2] No such file or directory: '/home/gian/agfarms/bucket-foundation/archive/academictorrents_f24122f15283757aa8a9bf9cb638db266273442d/Lectures/Week 8 - 17 Time-dependent quantum mechanics Victor Galitski/01_Part_I-_Time-dependent_Schrdinger_Eq._general_remarks_23-04.pdf'
    FAIL Lectures/Week 1 - 02 Wavefunctions and Schrdinger Equation/01_Part_I-_Comments_on_studying_QM_10-11_djvu.txt: [Errno 2] No such file or directory: '/home/gian/agfarms/bucket-foundation/archive/academictorrents_f24122f15283757aa8a9bf9cb638db266273442d/Lectures/Week 1 - 02 Wavefunctions and Schrdinger Equation/01_Part_I-_Comments_on_studying_QM_10-11_djvu.txt'
/home/gian/agfarms/bucket-foundation/archive/academictorrents_f24122f15283757aa8a9bf9cb638db266273442d
? "Feynman lectures on physics" → academictorrents_f24122f15283757aa8a9bf9cb638db266273442d ([Coursera] Exploring Quantum Physics)
  ↓ downloading 3 files for academictorrents_f24122f15283757aa8a9bf9cb638db266273442d
    FAIL Lectures/Week 1 - 02 Wavefunctions and Schrdinger Equation/01_Part_I-_Comments_on_studying_QM_10-11.pdf: [Errno 2] No such file or directory: '/home/gian/agfarms/bucket-foundation/archive/academictorrents_f24122f15283757aa8a9bf9cb638db266273442d/Lectures/Week 1 - 02 Wavefunctions and Schrdinger Equation/01_Part_I-_Comments_on_studying_QM_10-11.pdf'
    FAIL Lectures/Week 8 - 17 Time-dependent quantum mechanics Victor Galitski/01_Part_I-_Time-dependent_Schrdinger_Eq._general_remarks_23-04.pdf: [Errno 2] No such file or directory: '/home/gian/agfarms/bucket-foundation/archive/academictorrents_f24122f15283757aa8a9bf9cb638db266273442d/Lectures/Week 8 - 17 Time-dependent quantum mechanics Victor Galitski/01_Part_I-_Time-dependent_Schrdinger_Eq._general_remarks_23-04.pdf'
    FAIL Lectures/Week 1 - 02 Wavefunctions and Schrdinger Equation/01_Part_I-_Comments_on_studying_QM_10-11_djvu.txt: [Errno 2] No such file or directory: '/home/gian/agfarms/bucket-foundation/archive/academictorrents_f24122f15283757aa8a9bf9cb638db266273442d/Lectures/Week 1 - 02 Wavefunctions and Schrdinger Equation/01_Part_I-_Comments_on_studying_QM_10-11_djvu.txt'
/home/gian/agfarms/bucket-foundation/archive/academictorrents_f24122f15283757aa8a9bf9cb638db266273442d
? "Shannon mathematical theory of communication" → communications_primer (Communications Primer, A)
  ↓ downloading 0 files for communications_primer
/home/gian/agfarms/bucket-foundation/archive/communications_primer
? "Turing computable numbers 1936" → turingsvisionbir0000bern (Turing's vision : the birth of computer science)
  ↓ downloading 3 files for turingsvisionbir0000bern
    FAIL turingsvisionbir0000bern.pdf: HTTP Error 401: Unauthorized
    FAIL turingsvisionbir0000bern.epub: HTTP Error 401: Unauthorized
    FAIL turingsvisionbir0000bern_djvu.txt: HTTP Error 403: Forbidden
/home/gian/agfarms/bucket-foundation/archive/turingsvisionbir0000bern
? "Helmholtz On the Sensations of Tone" → onsensationsofto00helmrich (On the sensations of tone as a physiological basis for the t)
  ↓ downloading 3 files for onsensationsofto00helmrich
    skip (have): onsensationsofto00helmrich.pdf
    skip (have): onsensationsofto00helmrich.epub
    skip (have): onsensationsofto00helmrich_djvu.txt
/home/gian/agfarms/bucket-foundation/archive/onsensationsofto00helmrich
? "Helmholtz Treatise Physiological Optics" → ExtrasensoryPerceptionResearchFinding (Notes on the Paranormal)
  ↓ downloading 3 files for ExtrasensoryPerceptionResearchFinding
    skip (have): Extrasensory_Perception_Research_Finding.pdf
    skip (have): Extrasensory_Perception_Research_Finding.epub
    skip (have): Extrasensory_Perception_Research_Finding_djvu.txt
/home/gian/agfarms/bucket-foundation/archive/ExtrasensoryPerceptionResearchFinding
? "Schrodinger What is Life" → WhatIsLife-EdwardSchrodinger (WHAT IS LIFE? - ERWIN SCHRODINGER)
  ↓ downloading 3 files for WhatIsLife-EdwardSchrodinger
    skip (have): whatislife-schrodinger.pdf
    skip (have): whatislife-schrodinger.epub
    skip (have): whatislife-schrodinger_djvu.txt
/home/gian/agfarms/bucket-foundation/archive/WhatIsLife-EdwardSchrodinger
? "Schrödinger Mind and Matter" → Necktar2017Volume9 (Necktar 2017 volume 9)
  ↓ downloading 0 files for Necktar2017Volume9
/home/gian/agfarms/bucket-foundation/archive/Necktar2017Volume9
? "Bohr Atomic Theory Description Nature" → ExtrasensoryPerceptionResearchFinding (Notes on the Paranormal)
  ↓ downloading 3 files for ExtrasensoryPerceptionResearchFinding
    skip (have): Extrasensory_Perception_Research_Finding.pdf
    skip (have): Extrasensory_Perception_Research_Finding.epub
    skip (have): Extrasensory_Perception_Research_Finding_djvu.txt
/home/gian/agfarms/bucket-foundation/archive/ExtrasensoryPerceptionResearchFinding
? "Heisenberg Physics Philosophy" → 216.TheLastEpisodeAtLeastForAWhileOrMaybeForever_670 (216. The Last Episode, at Least for a While, or Maybe Foreve)
  ↓ downloading 0 files for 216.TheLastEpisodeAtLeastForAWhileOrMaybeForever_670
/home/gian/agfarms/bucket-foundation/archive/216.TheLastEpisodeAtLeastForAWhileOrMaybeForever_670
? "Pauli Wolfgang lectures physics" → 1_20210412_20210412_0345 (Epigenesis, Existentialism and Creativity)
  ↓ downloading 0 files for 1_20210412_20210412_0345
/home/gian/agfarms/bucket-foundation/archive/1_20210412_20210412_0345
? "Wigner Eugene mind in physics" → cia-readingroom-document-cia-rdp96-00787r000500380004-4 (CIA Reading Room cia-rdp96-00787r000500380004-4: PSYCHIC PRO)
  ↓ downloading 3 files for cia-readingroom-document-cia-rdp96-00787r000500380004-4
    skip (have): cia-rdp96-00787r000500380004-4.pdf
    skip (have): cia-rdp96-00787r000500380004-4.epub
    skip (have): cia-rdp96-00787r000500380004-4_djvu.txt
/home/gian/agfarms/bucket-foundation/archive/cia-readingroom-document-cia-rdp96-00787r000500380004-4
? "Wheeler Geons Black Holes Quantum Foam" → geonsblackholesq00whee (Geons, black holes, and quantum foam : a life in physics)
  ↓ downloading 3 files for geonsblackholesq00whee
    FAIL geonsblackholesq00whee.pdf: HTTP Error 401: Unauthorized
    FAIL geonsblackholesq00whee.epub: HTTP Error 401: Unauthorized
    FAIL geonsblackholesq00whee_djvu.txt: HTTP Error 401: Unauthorized
/home/gian/agfarms/bucket-foundation/archive/geonsblackholesq00whee
? "Pasteur fermentation" → mmoiresurlafer00past (Mémoire sur la fermentation alcoolique)
  ↓ downloading 2 files for mmoiresurlafer00past
    skip (have): mmoiresurlafer00past.pdf
    skip (have): mmoiresurlafer00past_djvu.txt
/home/gian/agfarms/bucket-foundation/archive/mmoiresurlafer00past
? "Darwin Origin of Species" → origin_species_librivox (On the Origin of Species by Means of Natural Selection)
  ↓ downloading 2 files for origin_species_librivox
    skip (have): On_the_Origin_of_Species_by_Means_of_Natural_Selection_1005.pdf
    skip (have): On_the_Origin_of_Species_by_Means_of_Natural_Selection_1005_djvu.txt
/home/gian/agfarms/bucket-foundation/archive/origin_species_librivox
? "Wallace contributions theory natural selection" → ExtrasensoryPerceptionResearchFinding (Notes on the Paranormal)
  ↓ downloading 3 files for ExtrasensoryPerceptionResearchFinding
    skip (have): Extrasensory_Perception_Research_Finding.pdf
    skip (have): Extrasensory_Perception_Research_Finding.epub
    skip (have): Extrasensory_Perception_Research_Finding_djvu.txt
/home/gian/agfarms/bucket-foundation/archive/ExtrasensoryPerceptionResearchFinding
? "Linus Pauling general chemistry" → introductiontoqu031712mbp (['Introduction To Quantum Mechanics', 'With Applications To Chemistry.'])
  ↓ downloading 3 files for introductiontoqu031712mbp
    skip (have): introductiontoqu031712mbp.pdf
    skip (have): introductiontoqu031712mbp.epub
    skip (have): introductiontoqu031712mbp_djvu.txt
/home/gian/agfarms/bucket-foundation/archive/introductiontoqu031712mbp
? "Linus Pauling vitamin C" → How_To_Live_Longer_And_Feel_Better_PDF (Linus Pauling PhD: How To Live Longer And Feel Better pdf)
  ↓ downloading 3 files for How_To_Live_Longer_And_Feel_Better_PDF
    skip (have): How to live longer and feel better - Pauling, Linus, 1901-1994.pdf
    skip (have): How to live longer and feel better - Pauling, Linus, 1901-1994.epub
    skip (have): How to live longer and feel better - Pauling, Linus, 1901-1994_djvu.txt
/home/gian/agfarms/bucket-foundation/archive/How_To_Live_Longer_And_Feel_Better_PDF
? "Crick what mad pursuit" → oxfordbookofmode0000unse_a2g6 (The Oxford book of modern science writing)
  ↓ downloading 3 files for oxfordbookofmode0000unse_a2g6
    FAIL oxfordbookofmode0000unse_a2g6.pdf: HTTP Error 403: Forbidden
    FAIL oxfordbookofmode0000unse_a2g6.epub: HTTP Error 403: Forbidden
    FAIL oxfordbookofmode0000unse_a2g6_djvu.txt: HTTP Error 403: Forbidden
/home/gian/agfarms/bucket-foundation/archive/oxfordbookofmode0000unse_a2g6
? "Schrödinger statistical thermodynamics" → yavorskydetlafamodernhandbookofphysicsmir1982 (A Modern Handbook Of Physics)
  ↓ downloading 3 files for yavorskydetlafamodernhandbookofphysicsmir1982
    skip (have): Yavorsky-Detlaf-A-Modern-Handbook-of-Physics-Mir-1982.pdf
    skip (have): Yavorsky-Detlaf-A-Modern-Handbook-of-Physics-Mir-1982.epub
    skip (have): Yavorsky-Detlaf-A-Modern-Handbook-of-Physics-Mir-1982_djvu.txt
/home/gian/agfarms/bucket-foundation/archive/yavorskydetlafamodernhandbookofphysicsmir1982
? "Boltzmann lectures gas theory" → lectures-on-gas-theory-ludwig-boltzmann (Lectures on Gas Theory - Ludwig Boltzmann, Stephen G. Brush)
  ↓ downloading 3 files for lectures-on-gas-theory-ludwig-boltzmann
    skip (have): Lectures on Gas Theory - Ludwig Boltzmann.pdf
    skip (have): Lectures on Gas Theory - Ludwig Boltzmann.epub
    skip (have): Lectures on Gas Theory - Ludwig Boltzmann_djvu.txt
/home/gian/agfarms/bucket-foundation/archive/lectures-on-gas-theory-ludwig-boltzmann
? "Carnot reflections motive power fire" → cia-readingroom-document-cia-rdp79-01194a000400140001-7 (CIA Reading Room cia-rdp79-01194a000400140001-7: CA PROPAGAN)
  ↓ downloading 3 files for cia-readingroom-document-cia-rdp79-01194a000400140001-7
    skip (have): cia-rdp79-01194a000400140001-7.pdf
    skip (have): cia-rdp79-01194a000400140001-7.epub
    skip (have): cia-rdp79-01194a000400140001-7_djvu.txt
/home/gian/agfarms/bucket-foundation/archive/cia-readingroom-document-cia-rdp79-01194a000400140001-7
? "Planck thermodynamik thermodynamics" → vorlesungenbert01plangoog (Vorlesungen über thermodynamik)
  ↓ downloading 2 files for vorlesungenbert01plangoog
    skip (have): vorlesungenbert01plangoog.pdf
    skip (have): vorlesungenbert01plangoog_djvu.txt
/home/gian/agfarms/bucket-foundation/archive/vorlesungenbert01plangoog
? "Lavoisier elements chemistry" → understanding-science (Understanding Science, Collected Edition, Vols 1-12)
  ↓ downloading 3 files for understanding-science
    skip (have): Understanding_Science-Vol_01_jpg85.pdf
    skip (have): Understanding_Science-Vol_01_jpg85.epub
    skip (have): Understanding_Science-Vol_01_jpg85_djvu.txt
/home/gian/agfarms/bucket-foundation/archive/understanding-science
? "Fourier analytical theory heat" → analyticaltheory00fourrich (The analytical theory of heat)
  ↓ downloading 3 files for analyticaltheory00fourrich
    skip (have): analyticaltheory00fourrich.pdf
    skip (have): analyticaltheory00fourrich.epub
    skip (have): analyticaltheory00fourrich_djvu.txt
/home/gian/agfarms/bucket-foundation/archive/analyticaltheory00fourrich
? "Galileo dialogue two world systems" → GalileiGalileoDialogueConcerningTheTwoChiefWorldSystemsEN155P. (Galilei, Galileo - Dialogue Concerning the two Chief World S)
  ↓ downloading 3 files for GalileiGalileoDialogueConcerningTheTwoChiefWorldSystemsEN155P.
    skip (have): Galilei, Galileo - Dialogue Concerning the two Chief World Systems (EN, 155 p.).pdf
    skip (have): Galilei, Galileo - Dialogue Concerning the two Chief World Systems (EN, 155 p.).epub
    skip (have): Galilei, Galileo - Dialogue Concerning the two Chief World Systems (EN, 155 p.)_djvu.txt
/home/gian/agfarms/bucket-foundation/archive/GalileiGalileoDialogueConcerningTheTwoChiefWorldSystemsEN155P.
? "Feynman QED" → MIT8.701F20 (MIT 8.701 Introduction to Nuclear and Particle Physics, Fall)
  ↓ downloading 0 files for MIT8.701F20
/home/gian/agfarms/bucket-foundation/archive/MIT8.701F20
? "Crick Watson DNA" → MIT7.01SCF11 (OCW Scholar: Fundamentals of Biology)
  ↓ downloading 0 files for MIT7.01SCF11
/home/gian/agfarms/bucket-foundation/archive/MIT7.01SCF11
? "Darwin descent of man" → descent_man_1_1011_librivox (The Descent of Man and Selection in Relation to Sex Part 1)
  ↓ downloading 2 files for descent_man_1_1011_librivox
    skip (have): descentman1_1011.pdf
    skip (have): descentman1_1011_djvu.txt
/home/gian/agfarms/bucket-foundation/archive/descent_man_1_1011_librivox
[2026-07-11T10:34:50-04:00] === archive runner done ===
[2026-07-12T10:54:07-04:00] === archive runner start ===
  ↓ downloading 3 files for the-universal-one-1926-walter-russell
    skip (have): TheUniversalOne1926WalterRussell.pdf
    skip (have): TheUniversalOne1926WalterRussell.epub
    skip (have): TheUniversalOne1926WalterRussell_djvu.txt
/home/gian/agfarms/bucket-foundation/archive/the-universal-one-1926-walter-russell
  ↓ downloading 3 files for principlesofchem00menduoft
    skip (have): principlesofchem00menduoft.pdf
    skip (have): principlesofchem00menduoft.epub
    skip (have): principlesofchem00menduoft_djvu.txt
/home/gian/agfarms/bucket-foundation/archive/principlesofchem00menduoft
  ↓ downloading 3 files for principlesofchem01menduoft
    skip (have): principlesofchem01menduoft.pdf
    skip (have): principlesofchem01menduoft.epub
    skip (have): principlesofchem01menduoft_djvu.txt
/home/gian/agfarms/bucket-foundation/archive/principlesofchem01menduoft
? "walter russell new concept universe" → ExtrasensoryPerceptionResearchFinding (Notes on the Paranormal)
  ↓ downloading 3 files for ExtrasensoryPerceptionResearchFinding
    skip (have): Extrasensory_Perception_Research_Finding.pdf
    skip (have): Extrasensory_Perception_Research_Finding.epub
    skip (have): Extrasensory_Perception_Research_Finding_djvu.txt
/home/gian/agfarms/bucket-foundation/archive/ExtrasensoryPerceptionResearchFinding
  ↓ downloading 3 files for newtonspmathema00newtrich
    skip (have): newtonspmathema00newtrich.pdf
    skip (have): newtonspmathema00newtrich.epub
    skip (have): newtonspmathema00newtrich_djvu.txt
/home/gian/agfarms/bucket-foundation/archive/newtonspmathema00newtrich
  ↓ downloading 3 files for principia00newtuoft
    skip (have): principia00newtuoft.pdf
    skip (have): principia00newtuoft.epub
    skip (have): principia00newtuoft_djvu.txt
/home/gian/agfarms/bucket-foundation/archive/principia00newtuoft
? "Newton Opticks 1704" → opticks_1203_librivox (Opticks)
  ↓ downloading 2 files for opticks_1203_librivox
    skip (have): opticks_1207.pdf
    skip (have): opticks_1207_djvu.txt
/home/gian/agfarms/bucket-foundation/archive/opticks_1203_librivox
? "Maxwell Treatise on Electricity and Magnetism volume 1" → electricandmagne01maxwrich (A treatise on electricity and magnetism)
  ↓ downloading 3 files for electricandmagne01maxwrich
    skip (have): electricandmagne01maxwrich.pdf
    skip (have): electricandmagne01maxwrich.epub
    skip (have): electricandmagne01maxwrich_djvu.txt
/home/gian/agfarms/bucket-foundation/archive/electricandmagne01maxwrich
? "Maxwell Treatise on Electricity and Magnetism volume 2" → electricandmagne01maxwrich (A treatise on electricity and magnetism)
  ↓ downloading 3 files for electricandmagne01maxwrich
    skip (have): electricandmagne01maxwrich.pdf
    skip (have): electricandmagne01maxwrich.epub
    skip (have): electricandmagne01maxwrich_djvu.txt
/home/gian/agfarms/bucket-foundation/archive/electricandmagne01maxwrich
? "Maxwell scientific papers" → scientificpapers01maxw (The scientific papers of James Clerk Maxwell)
  ↓ downloading 3 files for scientificpapers01maxw
    skip (have): scientificpapers01maxw.pdf
    skip (have): scientificpapers01maxw.epub
    skip (have): scientificpapers01maxw_djvu.txt
/home/gian/agfarms/bucket-foundation/archive/scientificpapers01maxw
? "Faraday Experimental Researches in Electricity volume 1" → ExtrasensoryPerceptionResearchFinding (Notes on the Paranormal)
  ↓ downloading 3 files for ExtrasensoryPerceptionResearchFinding
    skip (have): Extrasensory_Perception_Research_Finding.pdf
    skip (have): Extrasensory_Perception_Research_Finding.epub
    skip (have): Extrasensory_Perception_Research_Finding_djvu.txt
/home/gian/agfarms/bucket-foundation/archive/ExtrasensoryPerceptionResearchFinding
? "Faraday Experimental Researches in Electricity volume 2" → ExtrasensoryPerceptionResearchFinding (Notes on the Paranormal)
  ↓ downloading 3 files for ExtrasensoryPerceptionResearchFinding
    skip (have): Extrasensory_Perception_Research_Finding.pdf
    skip (have): Extrasensory_Perception_Research_Finding.epub
    skip (have): Extrasensory_Perception_Research_Finding_djvu.txt
/home/gian/agfarms/bucket-foundation/archive/ExtrasensoryPerceptionResearchFinding
? "Faraday Experimental Researches in Electricity volume 3" → ExtrasensoryPerceptionResearchFinding (Notes on the Paranormal)
  ↓ downloading 3 files for ExtrasensoryPerceptionResearchFinding
    skip (have): Extrasensory_Perception_Research_Finding.pdf
    skip (have): Extrasensory_Perception_Research_Finding.epub
    skip (have): Extrasensory_Perception_Research_Finding_djvu.txt
/home/gian/agfarms/bucket-foundation/archive/ExtrasensoryPerceptionResearchFinding
? "Tesla My Inventions" → pbsnovadocs (PBS Nova Documentaries)
  ↓ downloading 0 files for pbsnovadocs
/home/gian/agfarms/bucket-foundation/archive/pbsnovadocs
? "Tesla Colorado Springs Notes" → majestic-12-files (MAJESTIC 12 Files)
  ↓ downloading 0 files for majestic-12-files
/home/gian/agfarms/bucket-foundation/archive/majestic-12-files
? "Tesla problem of increasing human energy" → sharware (chestnut-multimedia)
  ↓ downloading 2 files for sharware
    FAIL chestnut/DLR/CONTENTS.pdf: [Errno 2] No such file or directory: '/home/gian/agfarms/bucket-foundation/archive/sharware/chestnut/DLR/CONTENTS.pdf'
    FAIL chestnut/DLR/CONTENTS_djvu.txt: [Errno 2] No such file or directory: '/home/gian/agfarms/bucket-foundation/archive/sharware/chestnut/DLR/CONTENTS_djvu.txt'
/home/gian/agfarms/bucket-foundation/archive/sharware
? "Einstein Relativity special general theory" → relativity_librivox (Relativity: The Special and General Theory)
  ↓ downloading 2 files for relativity_librivox
    skip (have): relativity_1003.pdf
    skip (have): relativity_1003_djvu.txt
/home/gian/agfarms/bucket-foundation/archive/relativity_librivox
? "Einstein 1905 photoelectric" → cia-readingroom-document-cia-rdp96-00788r001100010004-6 (CIA Reading Room cia-rdp96-00788r001100010004-6: PROCEEDINGS)
  ↓ downloading 3 files for cia-readingroom-document-cia-rdp96-00788r001100010004-6
    skip (have): cia-rdp96-00788r001100010004-6.pdf
    skip (have): cia-rdp96-00788r001100010004-6.epub
    skip (have): cia-rdp96-00788r001100010004-6_djvu.txt
/home/gian/agfarms/bucket-foundation/archive/cia-readingroom-document-cia-rdp96-00788r001100010004-6
? "Szent-Györgyi Bioenergetics" → bioenergetics00szen (Bioenergetics)
  ↓ downloading 3 files for bioenergetics00szen
    skip (have): bioenergetics00szen.pdf
    skip (have): bioenergetics00szen.epub
    skip (have): bioenergetics00szen_djvu.txt
/home/gian/agfarms/bucket-foundation/archive/bioenergetics00szen
NO HITS: Szent-Györgyi submolecular biology
? "Becker Body Electric" → die-or-d.i.y.-full-archive ((Blogger) Die or D.I.Y.? Full Archive)
  ↓ downloading 0 files for die-or-d.i.y.-full-archive
/home/gian/agfarms/bucket-foundation/archive/die-or-d.i.y.-full-archive
? "Becker Cross Currents" → ExtrasensoryPerceptionResearchFinding (Notes on the Paranormal)
  ↓ downloading 3 files for ExtrasensoryPerceptionResearchFinding
    skip (have): Extrasensory_Perception_Research_Finding.pdf
    skip (have): Extrasensory_Perception_Research_Finding.epub
    skip (have): Extrasensory_Perception_Research_Finding_djvu.txt
/home/gian/agfarms/bucket-foundation/archive/ExtrasensoryPerceptionResearchFinding
? "Ling physical theory living state" → BluePlanetProjectUFOTECHNOLOGY (Blue Planet Project UFO TECHNOLOGY)
  ↓ downloading 3 files for BluePlanetProjectUFOTECHNOLOGY
    skip (have): Blue Planet Project UFO TECHNOLOGY.pdf
    skip (have): Blue Planet Project UFO TECHNOLOGY.epub
    skip (have): Blue Planet Project UFO TECHNOLOGY_djvu.txt
/home/gian/agfarms/bucket-foundation/archive/BluePlanetProjectUFOTECHNOLOGY
? "Ling association induction" → ibogaine_literature (Ibogaine Literature)
  ↓ downloading 3 files for ibogaine_literature
    skip (have): abaul1989.pdf
    skip (have): agwada1975.pdf
    skip (have): abaul1989_djvu.txt
/home/gian/agfarms/bucket-foundation/archive/ibogaine_literature
? "Nordenström Biologically Closed Electric Circuits" → biokinetic-impacts-on-structure-and-imaging-of-the-lung-the-concept-of-biologica (Biokinetic Impacts on Structure and Imaging of the Lung the )
  ↓ downloading 2 files for biokinetic-impacts-on-structure-and-imaging-of-the-lung-the-concept-of-biologica
    skip (have): Biokinetic impacts on structure and imaging of the lung the concept of biologically closed electric circuits - Nordenstrom AJR 1985.pdf
    skip (have): Biokinetic impacts on structure and imaging of the lung the concept of biologically closed electric circuits - Nordenstrom AJR 1985_djvu.txt
/home/gian/agfarms/bucket-foundation/archive/biokinetic-impacts-on-structure-and-imaging-of-the-lung-the-concept-of-biologica
? "Euclid Elements Heath translation" → EuclidsElementsBooksIIIVolume1Heath (Euclid's Elements Books I II Volume 1 Heath)
  ↓ downloading 2 files for EuclidsElementsBooksIIIVolume1Heath
    skip (have): Euclid's_Elements_Books_I-II_Volume_1-Heath.pdf
    skip (have): Euclid's_Elements_Books_I-II_Volume_1-Heath_djvu.txt
/home/gian/agfarms/bucket-foundation/archive/EuclidsElementsBooksIIIVolume1Heath
? "Gauss Disquisitiones Arithmeticae" → disquisitionesa00gaus (Disquisitiones arithmeticae)
  ↓ downloading 3 files for disquisitionesa00gaus
    skip (have): disquisitionesa00gaus.pdf
    skip (have): disquisitionesa00gaus.epub
    skip (have): disquisitionesa00gaus_djvu.txt
/home/gian/agfarms/bucket-foundation/archive/disquisitionesa00gaus
? "Riemann zeta hypothesis" → logicalcross (LogicalCross)
  ↓ downloading 2 files for logicalcross
    skip (have): essay.pdf
    skip (have): essay_djvu.txt
/home/gian/agfarms/bucket-foundation/archive/logicalcross
? "Cantor set theory" → YouDontNeedAWeathermanToKnowWhichWayTheWindBlows_925 (You Don't Need A Weatherman To Know Which Way The Wind Blows)
  ↓ downloading 3 files for YouDontNeedAWeathermanToKnowWhichWayTheWindBlows_925
    skip (have): YouDontNeedAWeathermanToKnowWhichWayTheWindBlows_925.pdf
    skip (have): YouDontNeedAWeathermanToKnowWhichWayTheWindBlows_925.epub
    skip (have): YouDontNeedAWeathermanToKnowWhichWayTheWindBlows_925_djvu.txt
/home/gian/agfarms/bucket-foundation/archive/YouDontNeedAWeathermanToKnowWhichWayTheWindBlows_925
? "Dirac Principles of Quantum Mechanics" → academictorrents_f24122f15283757aa8a9bf9cb638db266273442d ([Coursera] Exploring Quantum Physics)
  ↓ downloading 3 files for academictorrents_f24122f15283757aa8a9bf9cb638db266273442d
    FAIL Lectures/Week 1 - 02 Wavefunctions and Schrdinger Equation/01_Part_I-_Comments_on_studying_QM_10-11.pdf: [Errno 2] No such file or directory: '/home/gian/agfarms/bucket-foundation/archive/academictorrents_f24122f15283757aa8a9bf9cb638db266273442d/Lectures/Week 1 - 02 Wavefunctions and Schrdinger Equation/01_Part_I-_Comments_on_studying_QM_10-11.pdf'
    FAIL Lectures/Week 8 - 17 Time-dependent quantum mechanics Victor Galitski/01_Part_I-_Time-dependent_Schrdinger_Eq._general_remarks_23-04.pdf: [Errno 2] No such file or directory: '/home/gian/agfarms/bucket-foundation/archive/academictorrents_f24122f15283757aa8a9bf9cb638db266273442d/Lectures/Week 8 - 17 Time-dependent quantum mechanics Victor Galitski/01_Part_I-_Time-dependent_Schrdinger_Eq._general_remarks_23-04.pdf'
    FAIL Lectures/Week 1 - 02 Wavefunctions and Schrdinger Equation/01_Part_I-_Comments_on_studying_QM_10-11_djvu.txt: [Errno 2] No such file or directory: '/home/gian/agfarms/bucket-foundation/archive/academictorrents_f24122f15283757aa8a9bf9cb638db266273442d/Lectures/Week 1 - 02 Wavefunctions and Schrdinger Equation/01_Part_I-_Comments_on_studying_QM_10-11_djvu.txt'
/home/gian/agfarms/bucket-foundation/archive/academictorrents_f24122f15283757aa8a9bf9cb638db266273442d
? "Feynman lectures on physics" → academictorrents_f24122f15283757aa8a9bf9cb638db266273442d ([Coursera] Exploring Quantum Physics)
  ↓ downloading 3 files for academictorrents_f24122f15283757aa8a9bf9cb638db266273442d
    FAIL Lectures/Week 1 - 02 Wavefunctions and Schrdinger Equation/01_Part_I-_Comments_on_studying_QM_10-11.pdf: [Errno 2] No such file or directory: '/home/gian/agfarms/bucket-foundation/archive/academictorrents_f24122f15283757aa8a9bf9cb638db266273442d/Lectures/Week 1 - 02 Wavefunctions and Schrdinger Equation/01_Part_I-_Comments_on_studying_QM_10-11.pdf'
    FAIL Lectures/Week 8 - 17 Time-dependent quantum mechanics Victor Galitski/01_Part_I-_Time-dependent_Schrdinger_Eq._general_remarks_23-04.pdf: [Errno 2] No such file or directory: '/home/gian/agfarms/bucket-foundation/archive/academictorrents_f24122f15283757aa8a9bf9cb638db266273442d/Lectures/Week 8 - 17 Time-dependent quantum mechanics Victor Galitski/01_Part_I-_Time-dependent_Schrdinger_Eq._general_remarks_23-04.pdf'
    FAIL Lectures/Week 1 - 02 Wavefunctions and Schrdinger Equation/01_Part_I-_Comments_on_studying_QM_10-11_djvu.txt: [Errno 2] No such file or directory: '/home/gian/agfarms/bucket-foundation/archive/academictorrents_f24122f15283757aa8a9bf9cb638db266273442d/Lectures/Week 1 - 02 Wavefunctions and Schrdinger Equation/01_Part_I-_Comments_on_studying_QM_10-11_djvu.txt'
/home/gian/agfarms/bucket-foundation/archive/academictorrents_f24122f15283757aa8a9bf9cb638db266273442d
? "Shannon mathematical theory of communication" → communications_primer (Communications Primer, A)
  ↓ downloading 0 files for communications_primer
/home/gian/agfarms/bucket-foundation/archive/communications_primer
? "Turing computable numbers 1936" → turingsvisionbir0000bern (Turing's vision : the birth of computer science)
  ↓ downloading 3 files for turingsvisionbir0000bern
    FAIL turingsvisionbir0000bern.pdf: HTTP Error 401: Unauthorized
    FAIL turingsvisionbir0000bern.epub: HTTP Error 401: Unauthorized
    FAIL turingsvisionbir0000bern_djvu.txt: HTTP Error 401: Unauthorized
/home/gian/agfarms/bucket-foundation/archive/turingsvisionbir0000bern
? "Helmholtz On the Sensations of Tone" → onsensationsofto00helmrich (On the sensations of tone as a physiological basis for the t)
  ↓ downloading 3 files for onsensationsofto00helmrich
    skip (have): onsensationsofto00helmrich.pdf
    skip (have): onsensationsofto00helmrich.epub
    skip (have): onsensationsofto00helmrich_djvu.txt
/home/gian/agfarms/bucket-foundation/archive/onsensationsofto00helmrich
? "Helmholtz Treatise Physiological Optics" → ExtrasensoryPerceptionResearchFinding (Notes on the Paranormal)
  ↓ downloading 3 files for ExtrasensoryPerceptionResearchFinding
    skip (have): Extrasensory_Perception_Research_Finding.pdf
    skip (have): Extrasensory_Perception_Research_Finding.epub
    skip (have): Extrasensory_Perception_Research_Finding_djvu.txt
/home/gian/agfarms/bucket-foundation/archive/ExtrasensoryPerceptionResearchFinding
? "Schrodinger What is Life" → WhatIsLife-EdwardSchrodinger (WHAT IS LIFE? - ERWIN SCHRODINGER)
  ↓ downloading 3 files for WhatIsLife-EdwardSchrodinger
    skip (have): whatislife-schrodinger.pdf
    skip (have): whatislife-schrodinger.epub
    skip (have): whatislife-schrodinger_djvu.txt
/home/gian/agfarms/bucket-foundation/archive/WhatIsLife-EdwardSchrodinger
? "Schrödinger Mind and Matter" → Necktar2017Volume9 (Necktar 2017 volume 9)
  ↓ downloading 0 files for Necktar2017Volume9
/home/gian/agfarms/bucket-foundation/archive/Necktar2017Volume9
? "Bohr Atomic Theory Description Nature" → ExtrasensoryPerceptionResearchFinding (Notes on the Paranormal)
  ↓ downloading 3 files for ExtrasensoryPerceptionResearchFinding
    skip (have): Extrasensory_Perception_Research_Finding.pdf
    skip (have): Extrasensory_Perception_Research_Finding.epub
    skip (have): Extrasensory_Perception_Research_Finding_djvu.txt
/home/gian/agfarms/bucket-foundation/archive/ExtrasensoryPerceptionResearchFinding
? "Heisenberg Physics Philosophy" → 216.TheLastEpisodeAtLeastForAWhileOrMaybeForever_670 (216. The Last Episode, at Least for a While, or Maybe Foreve)
  ↓ downloading 0 files for 216.TheLastEpisodeAtLeastForAWhileOrMaybeForever_670
/home/gian/agfarms/bucket-foundation/archive/216.TheLastEpisodeAtLeastForAWhileOrMaybeForever_670
? "Pauli Wolfgang lectures physics" → 1_20210412_20210412_0345 (Epigenesis, Existentialism and Creativity)
  ↓ downloading 0 files for 1_20210412_20210412_0345
/home/gian/agfarms/bucket-foundation/archive/1_20210412_20210412_0345
? "Wigner Eugene mind in physics" → cia-readingroom-document-cia-rdp96-00787r000500380004-4 (CIA Reading Room cia-rdp96-00787r000500380004-4: PSYCHIC PRO)
  ↓ downloading 3 files for cia-readingroom-document-cia-rdp96-00787r000500380004-4
    skip (have): cia-rdp96-00787r000500380004-4.pdf
    skip (have): cia-rdp96-00787r000500380004-4.epub
    skip (have): cia-rdp96-00787r000500380004-4_djvu.txt
/home/gian/agfarms/bucket-foundation/archive/cia-readingroom-document-cia-rdp96-00787r000500380004-4
? "Wheeler Geons Black Holes Quantum Foam" → geonsblackholesq00whee (Geons, black holes, and quantum foam : a life in physics)
  ↓ downloading 3 files for geonsblackholesq00whee
    FAIL geonsblackholesq00whee.pdf: HTTP Error 401: Unauthorized
    FAIL geonsblackholesq00whee.epub: HTTP Error 403: Forbidden
    FAIL geonsblackholesq00whee_djvu.txt: HTTP Error 403: Forbidden
/home/gian/agfarms/bucket-foundation/archive/geonsblackholesq00whee
? "Pasteur fermentation" → mmoiresurlafer00past (Mémoire sur la fermentation alcoolique)
  ↓ downloading 2 files for mmoiresurlafer00past
    skip (have): mmoiresurlafer00past.pdf
    skip (have): mmoiresurlafer00past_djvu.txt
/home/gian/agfarms/bucket-foundation/archive/mmoiresurlafer00past
? "Darwin Origin of Species" → origin_species_librivox (On the Origin of Species by Means of Natural Selection)
  ↓ downloading 2 files for origin_species_librivox
    skip (have): On_the_Origin_of_Species_by_Means_of_Natural_Selection_1005.pdf
    skip (have): On_the_Origin_of_Species_by_Means_of_Natural_Selection_1005_djvu.txt
/home/gian/agfarms/bucket-foundation/archive/origin_species_librivox
? "Wallace contributions theory natural selection" → ExtrasensoryPerceptionResearchFinding (Notes on the Paranormal)
  ↓ downloading 3 files for ExtrasensoryPerceptionResearchFinding
    skip (have): Extrasensory_Perception_Research_Finding.pdf
    skip (have): Extrasensory_Perception_Research_Finding.epub
    skip (have): Extrasensory_Perception_Research_Finding_djvu.txt
/home/gian/agfarms/bucket-foundation/archive/ExtrasensoryPerceptionResearchFinding
? "Linus Pauling general chemistry" → introductiontoqu031712mbp (['Introduction To Quantum Mechanics', 'With Applications To Chemistry.'])
  ↓ downloading 3 files for introductiontoqu031712mbp
    skip (have): introductiontoqu031712mbp.pdf
    skip (have): introductiontoqu031712mbp.epub
    skip (have): introductiontoqu031712mbp_djvu.txt
/home/gian/agfarms/bucket-foundation/archive/introductiontoqu031712mbp
? "Linus Pauling vitamin C" → How_To_Live_Longer_And_Feel_Better_PDF (Linus Pauling PhD: How To Live Longer And Feel Better pdf)
  ↓ downloading 3 files for How_To_Live_Longer_And_Feel_Better_PDF
    skip (have): How to live longer and feel better - Pauling, Linus, 1901-1994.pdf
    skip (have): How to live longer and feel better - Pauling, Linus, 1901-1994.epub
    skip (have): How to live longer and feel better - Pauling, Linus, 1901-1994_djvu.txt
/home/gian/agfarms/bucket-foundation/archive/How_To_Live_Longer_And_Feel_Better_PDF
? "Crick what mad pursuit" → oxfordbookofmode0000unse_a2g6 (The Oxford book of modern science writing)
  ↓ downloading 3 files for oxfordbookofmode0000unse_a2g6
    FAIL oxfordbookofmode0000unse_a2g6.pdf: HTTP Error 401: Unauthorized
    FAIL oxfordbookofmode0000unse_a2g6.epub: HTTP Error 401: Unauthorized
    FAIL oxfordbookofmode0000unse_a2g6_djvu.txt: HTTP Error 401: Unauthorized
/home/gian/agfarms/bucket-foundation/archive/oxfordbookofmode0000unse_a2g6
? "Schrödinger statistical thermodynamics" → yavorskydetlafamodernhandbookofphysicsmir1982 (A Modern Handbook Of Physics)
  ↓ downloading 3 files for yavorskydetlafamodernhandbookofphysicsmir1982
    skip (have): Yavorsky-Detlaf-A-Modern-Handbook-of-Physics-Mir-1982.pdf
    skip (have): Yavorsky-Detlaf-A-Modern-Handbook-of-Physics-Mir-1982.epub
    skip (have): Yavorsky-Detlaf-A-Modern-Handbook-of-Physics-Mir-1982_djvu.txt
/home/gian/agfarms/bucket-foundation/archive/yavorskydetlafamodernhandbookofphysicsmir1982
? "Boltzmann lectures gas theory" → lectures-on-gas-theory-ludwig-boltzmann (Lectures on Gas Theory - Ludwig Boltzmann, Stephen G. Brush)
  ↓ downloading 3 files for lectures-on-gas-theory-ludwig-boltzmann
    skip (have): Lectures on Gas Theory - Ludwig Boltzmann.pdf
    skip (have): Lectures on Gas Theory - Ludwig Boltzmann.epub
    skip (have): Lectures on Gas Theory - Ludwig Boltzmann_djvu.txt
/home/gian/agfarms/bucket-foundation/archive/lectures-on-gas-theory-ludwig-boltzmann
? "Carnot reflections motive power fire" → cia-readingroom-document-cia-rdp79-01194a000400140001-7 (CIA Reading Room cia-rdp79-01194a000400140001-7: CA PROPAGAN)
  ↓ downloading 3 files for cia-readingroom-document-cia-rdp79-01194a000400140001-7
    skip (have): cia-rdp79-01194a000400140001-7.pdf
    skip (have): cia-rdp79-01194a000400140001-7.epub
    skip (have): cia-rdp79-01194a000400140001-7_djvu.txt
/home/gian/agfarms/bucket-foundation/archive/cia-readingroom-document-cia-rdp79-01194a000400140001-7
? "Planck thermodynamik thermodynamics" → vorlesungenbert01plangoog (Vorlesungen über thermodynamik)
  ↓ downloading 2 files for vorlesungenbert01plangoog
    skip (have): vorlesungenbert01plangoog.pdf
    skip (have): vorlesungenbert01plangoog_djvu.txt
/home/gian/agfarms/bucket-foundation/archive/vorlesungenbert01plangoog
? "Lavoisier elements chemistry" → understanding-science (Understanding Science, Collected Edition, Vols 1-12)
  ↓ downloading 3 files for understanding-science
    skip (have): Understanding_Science-Vol_01_jpg85.pdf
    skip (have): Understanding_Science-Vol_01_jpg85.epub
    skip (have): Understanding_Science-Vol_01_jpg85_djvu.txt
/home/gian/agfarms/bucket-foundation/archive/understanding-science
? "Fourier analytical theory heat" → analyticaltheory00fourrich (The analytical theory of heat)
  ↓ downloading 3 files for analyticaltheory00fourrich
    skip (have): analyticaltheory00fourrich.pdf
    skip (have): analyticaltheory00fourrich.epub
    skip (have): analyticaltheory00fourrich_djvu.txt
/home/gian/agfarms/bucket-foundation/archive/analyticaltheory00fourrich
? "Galileo dialogue two world systems" → GalileiGalileoDialogueConcerningTheTwoChiefWorldSystemsEN155P. (Galilei, Galileo - Dialogue Concerning the two Chief World S)
  ↓ downloading 3 files for GalileiGalileoDialogueConcerningTheTwoChiefWorldSystemsEN155P.
    skip (have): Galilei, Galileo - Dialogue Concerning the two Chief World Systems (EN, 155 p.).pdf
    skip (have): Galilei, Galileo - Dialogue Concerning the two Chief World Systems (EN, 155 p.).epub
    skip (have): Galilei, Galileo - Dialogue Concerning the two Chief World Systems (EN, 155 p.)_djvu.txt
/home/gian/agfarms/bucket-foundation/archive/GalileiGalileoDialogueConcerningTheTwoChiefWorldSystemsEN155P.
? "Feynman QED" → MIT8.701F20 (MIT 8.701 Introduction to Nuclear and Particle Physics, Fall)
  ↓ downloading 0 files for MIT8.701F20
/home/gian/agfarms/bucket-foundation/archive/MIT8.701F20
? "Crick Watson DNA" → MIT7.01SCF11 (OCW Scholar: Fundamentals of Biology)
  ↓ downloading 0 files for MIT7.01SCF11
/home/gian/agfarms/bucket-foundation/archive/MIT7.01SCF11
? "Darwin descent of man" → descent_man_1_1011_librivox (The Descent of Man and Selection in Relation to Sex Part 1)
  ↓ downloading 2 files for descent_man_1_1011_librivox
    skip (have): descentman1_1011.pdf
    skip (have): descentman1_1011_djvu.txt
/home/gian/agfarms/bucket-foundation/archive/descent_man_1_1011_librivox
[2026-07-12T10:56:02-04:00] === archive runner done ===
[2026-07-13T16:23:56-04:00] === archive runner start ===
  ↓ downloading 3 files for the-universal-one-1926-walter-russell
    skip (have): TheUniversalOne1926WalterRussell.pdf
    skip (have): TheUniversalOne1926WalterRussell.epub
    skip (have): TheUniversalOne1926WalterRussell_djvu.txt
/home/gian/agfarms/bucket-foundation/archive/the-universal-one-1926-walter-russell
  ↓ downloading 3 files for principlesofchem00menduoft
    skip (have): principlesofchem00menduoft.pdf
    skip (have): principlesofchem00menduoft.epub
    skip (have): principlesofchem00menduoft_djvu.txt
/home/gian/agfarms/bucket-foundation/archive/principlesofchem00menduoft
  ↓ downloading 3 files for principlesofchem01menduoft
    skip (have): principlesofchem01menduoft.pdf
    skip (have): principlesofchem01menduoft.epub
    skip (have): principlesofchem01menduoft_djvu.txt
/home/gian/agfarms/bucket-foundation/archive/principlesofchem01menduoft
? "walter russell new concept universe" → ExtrasensoryPerceptionResearchFinding (Notes on the Paranormal)
  ↓ downloading 3 files for ExtrasensoryPerceptionResearchFinding
    skip (have): Extrasensory_Perception_Research_Finding.pdf
    skip (have): Extrasensory_Perception_Research_Finding.epub
    skip (have): Extrasensory_Perception_Research_Finding_djvu.txt
/home/gian/agfarms/bucket-foundation/archive/ExtrasensoryPerceptionResearchFinding
  ↓ downloading 3 files for newtonspmathema00newtrich
    skip (have): newtonspmathema00newtrich.pdf
    skip (have): newtonspmathema00newtrich.epub
    skip (have): newtonspmathema00newtrich_djvu.txt
/home/gian/agfarms/bucket-foundation/archive/newtonspmathema00newtrich
  ↓ downloading 3 files for principia00newtuoft
    skip (have): principia00newtuoft.pdf
    skip (have): principia00newtuoft.epub
    skip (have): principia00newtuoft_djvu.txt
/home/gian/agfarms/bucket-foundation/archive/principia00newtuoft
? "Newton Opticks 1704" → opticks_1203_librivox (Opticks)
  ↓ downloading 2 files for opticks_1203_librivox
    skip (have): opticks_1207.pdf
    skip (have): opticks_1207_djvu.txt
/home/gian/agfarms/bucket-foundation/archive/opticks_1203_librivox
? "Maxwell Treatise on Electricity and Magnetism volume 1" → electricandmagne01maxwrich (A treatise on electricity and magnetism)
  ↓ downloading 3 files for electricandmagne01maxwrich
    skip (have): electricandmagne01maxwrich.pdf
    skip (have): electricandmagne01maxwrich.epub
    skip (have): electricandmagne01maxwrich_djvu.txt
/home/gian/agfarms/bucket-foundation/archive/electricandmagne01maxwrich
? "Maxwell Treatise on Electricity and Magnetism volume 2" → electricandmagne01maxwrich (A treatise on electricity and magnetism)
  ↓ downloading 3 files for electricandmagne01maxwrich
    skip (have): electricandmagne01maxwrich.pdf
    skip (have): electricandmagne01maxwrich.epub
    skip (have): electricandmagne01maxwrich_djvu.txt
/home/gian/agfarms/bucket-foundation/archive/electricandmagne01maxwrich
? "Maxwell scientific papers" → scientificpapers01maxw (The scientific papers of James Clerk Maxwell)
  ↓ downloading 3 files for scientificpapers01maxw
    skip (have): scientificpapers01maxw.pdf
    skip (have): scientificpapers01maxw.epub
    skip (have): scientificpapers01maxw_djvu.txt
/home/gian/agfarms/bucket-foundation/archive/scientificpapers01maxw
? "Faraday Experimental Researches in Electricity volume 1" → ExtrasensoryPerceptionResearchFinding (Notes on the Paranormal)
  ↓ downloading 3 files for ExtrasensoryPerceptionResearchFinding
    skip (have): Extrasensory_Perception_Research_Finding.pdf
    skip (have): Extrasensory_Perception_Research_Finding.epub
    skip (have): Extrasensory_Perception_Research_Finding_djvu.txt
/home/gian/agfarms/bucket-foundation/archive/ExtrasensoryPerceptionResearchFinding
? "Faraday Experimental Researches in Electricity volume 2" → ExtrasensoryPerceptionResearchFinding (Notes on the Paranormal)
  ↓ downloading 3 files for ExtrasensoryPerceptionResearchFinding
    skip (have): Extrasensory_Perception_Research_Finding.pdf
    skip (have): Extrasensory_Perception_Research_Finding.epub
    skip (have): Extrasensory_Perception_Research_Finding_djvu.txt
/home/gian/agfarms/bucket-foundation/archive/ExtrasensoryPerceptionResearchFinding
? "Faraday Experimental Researches in Electricity volume 3" → ExtrasensoryPerceptionResearchFinding (Notes on the Paranormal)
  ↓ downloading 3 files for ExtrasensoryPerceptionResearchFinding
    skip (have): Extrasensory_Perception_Research_Finding.pdf
    skip (have): Extrasensory_Perception_Research_Finding.epub
    skip (have): Extrasensory_Perception_Research_Finding_djvu.txt
/home/gian/agfarms/bucket-foundation/archive/ExtrasensoryPerceptionResearchFinding
? "Tesla My Inventions" → pbsnovadocs (PBS Nova Documentaries)
  ↓ downloading 0 files for pbsnovadocs
/home/gian/agfarms/bucket-foundation/archive/pbsnovadocs
? "Tesla Colorado Springs Notes" → majestic-12-files (MAJESTIC 12 Files)
  ↓ downloading 0 files for majestic-12-files
/home/gian/agfarms/bucket-foundation/archive/majestic-12-files
? "Tesla problem of increasing human energy" → sharware (chestnut-multimedia)
  ↓ downloading 2 files for sharware
    FAIL chestnut/DLR/CONTENTS.pdf: [Errno 2] No such file or directory: '/home/gian/agfarms/bucket-foundation/archive/sharware/chestnut/DLR/CONTENTS.pdf'
    FAIL chestnut/DLR/CONTENTS_djvu.txt: [Errno 2] No such file or directory: '/home/gian/agfarms/bucket-foundation/archive/sharware/chestnut/DLR/CONTENTS_djvu.txt'
/home/gian/agfarms/bucket-foundation/archive/sharware
? "Einstein Relativity special general theory" → relativity_librivox (Relativity: The Special and General Theory)
  ↓ downloading 2 files for relativity_librivox
    skip (have): relativity_1003.pdf
    skip (have): relativity_1003_djvu.txt
/home/gian/agfarms/bucket-foundation/archive/relativity_librivox
? "Einstein 1905 photoelectric" → cia-readingroom-document-cia-rdp96-00788r001100010004-6 (CIA Reading Room cia-rdp96-00788r001100010004-6: PROCEEDINGS)
  ↓ downloading 3 files for cia-readingroom-document-cia-rdp96-00788r001100010004-6
    skip (have): cia-rdp96-00788r001100010004-6.pdf
    skip (have): cia-rdp96-00788r001100010004-6.epub
    skip (have): cia-rdp96-00788r001100010004-6_djvu.txt
/home/gian/agfarms/bucket-foundation/archive/cia-readingroom-document-cia-rdp96-00788r001100010004-6
? "Szent-Györgyi Bioenergetics" → bioenergetics00szen (Bioenergetics)
  ↓ downloading 3 files for bioenergetics00szen
    skip (have): bioenergetics00szen.pdf
    skip (have): bioenergetics00szen.epub
    skip (have): bioenergetics00szen_djvu.txt
/home/gian/agfarms/bucket-foundation/archive/bioenergetics00szen
NO HITS: Szent-Györgyi submolecular biology
? "Becker Body Electric" → die-or-d.i.y.-full-archive ((Blogger) Die or D.I.Y.? Full Archive)
  ↓ downloading 0 files for die-or-d.i.y.-full-archive
/home/gian/agfarms/bucket-foundation/archive/die-or-d.i.y.-full-archive
? "Becker Cross Currents" → ExtrasensoryPerceptionResearchFinding (Notes on the Paranormal)
  ↓ downloading 3 files for ExtrasensoryPerceptionResearchFinding
    skip (have): Extrasensory_Perception_Research_Finding.pdf
    skip (have): Extrasensory_Perception_Research_Finding.epub
    skip (have): Extrasensory_Perception_Research_Finding_djvu.txt
/home/gian/agfarms/bucket-foundation/archive/ExtrasensoryPerceptionResearchFinding
? "Ling physical theory living state" → BluePlanetProjectUFOTECHNOLOGY (Blue Planet Project UFO TECHNOLOGY)
  ↓ downloading 3 files for BluePlanetProjectUFOTECHNOLOGY
    skip (have): Blue Planet Project UFO TECHNOLOGY.pdf
    skip (have): Blue Planet Project UFO TECHNOLOGY.epub
    skip (have): Blue Planet Project UFO TECHNOLOGY_djvu.txt
/home/gian/agfarms/bucket-foundation/archive/BluePlanetProjectUFOTECHNOLOGY
? "Ling association induction" → ibogaine_literature (Ibogaine Literature)
  ↓ downloading 3 files for ibogaine_literature
    skip (have): abaul1989.pdf
    skip (have): agwada1975.pdf
    skip (have): abaul1989_djvu.txt
/home/gian/agfarms/bucket-foundation/archive/ibogaine_literature
? "Nordenström Biologically Closed Electric Circuits" → biokinetic-impacts-on-structure-and-imaging-of-the-lung-the-concept-of-biologica (Biokinetic Impacts on Structure and Imaging of the Lung the )
  ↓ downloading 2 files for biokinetic-impacts-on-structure-and-imaging-of-the-lung-the-concept-of-biologica
    skip (have): Biokinetic impacts on structure and imaging of the lung the concept of biologically closed electric circuits - Nordenstrom AJR 1985.pdf
    skip (have): Biokinetic impacts on structure and imaging of the lung the concept of biologically closed electric circuits - Nordenstrom AJR 1985_djvu.txt
/home/gian/agfarms/bucket-foundation/archive/biokinetic-impacts-on-structure-and-imaging-of-the-lung-the-concept-of-biologica
? "Euclid Elements Heath translation" → EuclidsElementsBooksIIIVolume1Heath (Euclid's Elements Books I II Volume 1 Heath)
  ↓ downloading 2 files for EuclidsElementsBooksIIIVolume1Heath
    skip (have): Euclid's_Elements_Books_I-II_Volume_1-Heath.pdf
    skip (have): Euclid's_Elements_Books_I-II_Volume_1-Heath_djvu.txt
/home/gian/agfarms/bucket-foundation/archive/EuclidsElementsBooksIIIVolume1Heath
? "Gauss Disquisitiones Arithmeticae" → disquisitionesa00gaus (Disquisitiones arithmeticae)
  ↓ downloading 3 files for disquisitionesa00gaus
    skip (have): disquisitionesa00gaus.pdf
    skip (have): disquisitionesa00gaus.epub
    skip (have): disquisitionesa00gaus_djvu.txt
/home/gian/agfarms/bucket-foundation/archive/disquisitionesa00gaus
? "Riemann zeta hypothesis" → logicalcross (LogicalCross)
  ↓ downloading 2 files for logicalcross
    skip (have): essay.pdf
    skip (have): essay_djvu.txt
/home/gian/agfarms/bucket-foundation/archive/logicalcross
? "Cantor set theory" → YouDontNeedAWeathermanToKnowWhichWayTheWindBlows_925 (You Don't Need A Weatherman To Know Which Way The Wind Blows)
  ↓ downloading 3 files for YouDontNeedAWeathermanToKnowWhichWayTheWindBlows_925
    skip (have): YouDontNeedAWeathermanToKnowWhichWayTheWindBlows_925.pdf
    skip (have): YouDontNeedAWeathermanToKnowWhichWayTheWindBlows_925.epub
    skip (have): YouDontNeedAWeathermanToKnowWhichWayTheWindBlows_925_djvu.txt
/home/gian/agfarms/bucket-foundation/archive/YouDontNeedAWeathermanToKnowWhichWayTheWindBlows_925
? "Dirac Principles of Quantum Mechanics" → academictorrents_f24122f15283757aa8a9bf9cb638db266273442d ([Coursera] Exploring Quantum Physics)
  ↓ downloading 3 files for academictorrents_f24122f15283757aa8a9bf9cb638db266273442d
    FAIL Lectures/Week 1 - 02 Wavefunctions and Schrdinger Equation/01_Part_I-_Comments_on_studying_QM_10-11.pdf: [Errno 2] No such file or directory: '/home/gian/agfarms/bucket-foundation/archive/academictorrents_f24122f15283757aa8a9bf9cb638db266273442d/Lectures/Week 1 - 02 Wavefunctions and Schrdinger Equation/01_Part_I-_Comments_on_studying_QM_10-11.pdf'
    FAIL Lectures/Week 8 - 17 Time-dependent quantum mechanics Victor Galitski/01_Part_I-_Time-dependent_Schrdinger_Eq._general_remarks_23-04.pdf: [Errno 2] No such file or directory: '/home/gian/agfarms/bucket-foundation/archive/academictorrents_f24122f15283757aa8a9bf9cb638db266273442d/Lectures/Week 8 - 17 Time-dependent quantum mechanics Victor Galitski/01_Part_I-_Time-dependent_Schrdinger_Eq._general_remarks_23-04.pdf'
    FAIL Lectures/Week 1 - 02 Wavefunctions and Schrdinger Equation/01_Part_I-_Comments_on_studying_QM_10-11_djvu.txt: [Errno 2] No such file or directory: '/home/gian/agfarms/bucket-foundation/archive/academictorrents_f24122f15283757aa8a9bf9cb638db266273442d/Lectures/Week 1 - 02 Wavefunctions and Schrdinger Equation/01_Part_I-_Comments_on_studying_QM_10-11_djvu.txt'
/home/gian/agfarms/bucket-foundation/archive/academictorrents_f24122f15283757aa8a9bf9cb638db266273442d
? "Feynman lectures on physics" → academictorrents_f24122f15283757aa8a9bf9cb638db266273442d ([Coursera] Exploring Quantum Physics)
  ↓ downloading 3 files for academictorrents_f24122f15283757aa8a9bf9cb638db266273442d
    FAIL Lectures/Week 1 - 02 Wavefunctions and Schrdinger Equation/01_Part_I-_Comments_on_studying_QM_10-11.pdf: [Errno 2] No such file or directory: '/home/gian/agfarms/bucket-foundation/archive/academictorrents_f24122f15283757aa8a9bf9cb638db266273442d/Lectures/Week 1 - 02 Wavefunctions and Schrdinger Equation/01_Part_I-_Comments_on_studying_QM_10-11.pdf'
    FAIL Lectures/Week 8 - 17 Time-dependent quantum mechanics Victor Galitski/01_Part_I-_Time-dependent_Schrdinger_Eq._general_remarks_23-04.pdf: [Errno 2] No such file or directory: '/home/gian/agfarms/bucket-foundation/archive/academictorrents_f24122f15283757aa8a9bf9cb638db266273442d/Lectures/Week 8 - 17 Time-dependent quantum mechanics Victor Galitski/01_Part_I-_Time-dependent_Schrdinger_Eq._general_remarks_23-04.pdf'
    FAIL Lectures/Week 1 - 02 Wavefunctions and Schrdinger Equation/01_Part_I-_Comments_on_studying_QM_10-11_djvu.txt: [Errno 2] No such file or directory: '/home/gian/agfarms/bucket-foundation/archive/academictorrents_f24122f15283757aa8a9bf9cb638db266273442d/Lectures/Week 1 - 02 Wavefunctions and Schrdinger Equation/01_Part_I-_Comments_on_studying_QM_10-11_djvu.txt'
/home/gian/agfarms/bucket-foundation/archive/academictorrents_f24122f15283757aa8a9bf9cb638db266273442d
? "Shannon mathematical theory of communication" → communications_primer (Communications Primer, A)
  ↓ downloading 0 files for communications_primer
/home/gian/agfarms/bucket-foundation/archive/communications_primer
? "Turing computable numbers 1936" → turingsvisionbir0000bern (Turing's vision : the birth of computer science)
  ↓ downloading 3 files for turingsvisionbir0000bern
    FAIL turingsvisionbir0000bern.pdf: HTTP Error 401: Unauthorized
    FAIL turingsvisionbir0000bern.epub: HTTP Error 401: Unauthorized
    FAIL turingsvisionbir0000bern_djvu.txt: HTTP Error 401: Unauthorized
/home/gian/agfarms/bucket-foundation/archive/turingsvisionbir0000bern
? "Helmholtz On the Sensations of Tone" → onsensationsofto00helmrich (On the sensations of tone as a physiological basis for the t)
  ↓ downloading 3 files for onsensationsofto00helmrich
    skip (have): onsensationsofto00helmrich.pdf
    skip (have): onsensationsofto00helmrich.epub
    skip (have): onsensationsofto00helmrich_djvu.txt
/home/gian/agfarms/bucket-foundation/archive/onsensationsofto00helmrich
? "Helmholtz Treatise Physiological Optics" → ExtrasensoryPerceptionResearchFinding (Notes on the Paranormal)
  ↓ downloading 3 files for ExtrasensoryPerceptionResearchFinding
    skip (have): Extrasensory_Perception_Research_Finding.pdf
    skip (have): Extrasensory_Perception_Research_Finding.epub
    skip (have): Extrasensory_Perception_Research_Finding_djvu.txt
/home/gian/agfarms/bucket-foundation/archive/ExtrasensoryPerceptionResearchFinding
? "Schrodinger What is Life" → WhatIsLife-EdwardSchrodinger (WHAT IS LIFE? - ERWIN SCHRODINGER)
  ↓ downloading 3 files for WhatIsLife-EdwardSchrodinger
    skip (have): whatislife-schrodinger.pdf
    skip (have): whatislife-schrodinger.epub
    skip (have): whatislife-schrodinger_djvu.txt
/home/gian/agfarms/bucket-foundation/archive/WhatIsLife-EdwardSchrodinger
? "Schrödinger Mind and Matter" → Necktar2017Volume9 (Necktar 2017 volume 9)
  ↓ downloading 0 files for Necktar2017Volume9
/home/gian/agfarms/bucket-foundation/archive/Necktar2017Volume9
? "Bohr Atomic Theory Description Nature" → ExtrasensoryPerceptionResearchFinding (Notes on the Paranormal)
  ↓ downloading 3 files for ExtrasensoryPerceptionResearchFinding
    skip (have): Extrasensory_Perception_Research_Finding.pdf
    skip (have): Extrasensory_Perception_Research_Finding.epub
    skip (have): Extrasensory_Perception_Research_Finding_djvu.txt
/home/gian/agfarms/bucket-foundation/archive/ExtrasensoryPerceptionResearchFinding
? "Heisenberg Physics Philosophy" → 216.TheLastEpisodeAtLeastForAWhileOrMaybeForever_670 (216. The Last Episode, at Least for a While, or Maybe Foreve)
  ↓ downloading 0 files for 216.TheLastEpisodeAtLeastForAWhileOrMaybeForever_670
/home/gian/agfarms/bucket-foundation/archive/216.TheLastEpisodeAtLeastForAWhileOrMaybeForever_670
? "Pauli Wolfgang lectures physics" → 1_20210412_20210412_0345 (Epigenesis, Existentialism and Creativity)
  ↓ downloading 0 files for 1_20210412_20210412_0345
/home/gian/agfarms/bucket-foundation/archive/1_20210412_20210412_0345
? "Wigner Eugene mind in physics" → cia-readingroom-document-cia-rdp96-00787r000500380004-4 (CIA Reading Room cia-rdp96-00787r000500380004-4: PSYCHIC PRO)
  ↓ downloading 3 files for cia-readingroom-document-cia-rdp96-00787r000500380004-4
    skip (have): cia-rdp96-00787r000500380004-4.pdf
    skip (have): cia-rdp96-00787r000500380004-4.epub
    skip (have): cia-rdp96-00787r000500380004-4_djvu.txt
/home/gian/agfarms/bucket-foundation/archive/cia-readingroom-document-cia-rdp96-00787r000500380004-4
? "Wheeler Geons Black Holes Quantum Foam" → geonsblackholesq00whee (Geons, black holes, and quantum foam : a life in physics)
  ↓ downloading 3 files for geonsblackholesq00whee
    FAIL geonsblackholesq00whee.pdf: HTTP Error 401: Unauthorized
    FAIL geonsblackholesq00whee.epub: HTTP Error 403: Forbidden
    FAIL geonsblackholesq00whee_djvu.txt: HTTP Error 401: Unauthorized
/home/gian/agfarms/bucket-foundation/archive/geonsblackholesq00whee
? "Pasteur fermentation" → mmoiresurlafer00past (Mémoire sur la fermentation alcoolique)
  ↓ downloading 2 files for mmoiresurlafer00past
    skip (have): mmoiresurlafer00past.pdf
    skip (have): mmoiresurlafer00past_djvu.txt
/home/gian/agfarms/bucket-foundation/archive/mmoiresurlafer00past
? "Darwin Origin of Species" → origin_species_librivox (On the Origin of Species by Means of Natural Selection)
  ↓ downloading 2 files for origin_species_librivox
    skip (have): On_the_Origin_of_Species_by_Means_of_Natural_Selection_1005.pdf
    skip (have): On_the_Origin_of_Species_by_Means_of_Natural_Selection_1005_djvu.txt
/home/gian/agfarms/bucket-foundation/archive/origin_species_librivox
? "Wallace contributions theory natural selection" → ExtrasensoryPerceptionResearchFinding (Notes on the Paranormal)
  ↓ downloading 3 files for ExtrasensoryPerceptionResearchFinding
    skip (have): Extrasensory_Perception_Research_Finding.pdf
    skip (have): Extrasensory_Perception_Research_Finding.epub
    skip (have): Extrasensory_Perception_Research_Finding_djvu.txt
/home/gian/agfarms/bucket-foundation/archive/ExtrasensoryPerceptionResearchFinding
? "Linus Pauling general chemistry" → introductiontoqu031712mbp (['Introduction To Quantum Mechanics', 'With Applications To Chemistry.'])
  ↓ downloading 3 files for introductiontoqu031712mbp
    skip (have): introductiontoqu031712mbp.pdf
    skip (have): introductiontoqu031712mbp.epub
    skip (have): introductiontoqu031712mbp_djvu.txt
/home/gian/agfarms/bucket-foundation/archive/introductiontoqu031712mbp
? "Linus Pauling vitamin C" → How_To_Live_Longer_And_Feel_Better_PDF (Linus Pauling PhD: How To Live Longer And Feel Better pdf)
  ↓ downloading 3 files for How_To_Live_Longer_And_Feel_Better_PDF
    skip (have): How to live longer and feel better - Pauling, Linus, 1901-1994.pdf
    skip (have): How to live longer and feel better - Pauling, Linus, 1901-1994.epub
    skip (have): How to live longer and feel better - Pauling, Linus, 1901-1994_djvu.txt
/home/gian/agfarms/bucket-foundation/archive/How_To_Live_Longer_And_Feel_Better_PDF
? "Crick what mad pursuit" → oxfordbookofmode0000unse_a2g6 (The Oxford book of modern science writing)
  ↓ downloading 3 files for oxfordbookofmode0000unse_a2g6
    FAIL oxfordbookofmode0000unse_a2g6.pdf: HTTP Error 403: Forbidden
    FAIL oxfordbookofmode0000unse_a2g6.epub: HTTP Error 403: Forbidden
    FAIL oxfordbookofmode0000unse_a2g6_djvu.txt: HTTP Error 403: Forbidden
/home/gian/agfarms/bucket-foundation/archive/oxfordbookofmode0000unse_a2g6
? "Schrödinger statistical thermodynamics" → yavorskydetlafamodernhandbookofphysicsmir1982 (A Modern Handbook Of Physics)
  ↓ downloading 3 files for yavorskydetlafamodernhandbookofphysicsmir1982
    skip (have): Yavorsky-Detlaf-A-Modern-Handbook-of-Physics-Mir-1982.pdf
    skip (have): Yavorsky-Detlaf-A-Modern-Handbook-of-Physics-Mir-1982.epub
    skip (have): Yavorsky-Detlaf-A-Modern-Handbook-of-Physics-Mir-1982_djvu.txt
/home/gian/agfarms/bucket-foundation/archive/yavorskydetlafamodernhandbookofphysicsmir1982
? "Boltzmann lectures gas theory" → lectures-on-gas-theory-ludwig-boltzmann (Lectures on Gas Theory - Ludwig Boltzmann, Stephen G. Brush)
  ↓ downloading 3 files for lectures-on-gas-theory-ludwig-boltzmann
    skip (have): Lectures on Gas Theory - Ludwig Boltzmann.pdf
    skip (have): Lectures on Gas Theory - Ludwig Boltzmann.epub
    skip (have): Lectures on Gas Theory - Ludwig Boltzmann_djvu.txt
/home/gian/agfarms/bucket-foundation/archive/lectures-on-gas-theory-ludwig-boltzmann
? "Carnot reflections motive power fire" → cia-readingroom-document-cia-rdp79-01194a000400140001-7 (CIA Reading Room cia-rdp79-01194a000400140001-7: CA PROPAGAN)
  ↓ downloading 3 files for cia-readingroom-document-cia-rdp79-01194a000400140001-7
    skip (have): cia-rdp79-01194a000400140001-7.pdf
    skip (have): cia-rdp79-01194a000400140001-7.epub
    skip (have): cia-rdp79-01194a000400140001-7_djvu.txt
/home/gian/agfarms/bucket-foundation/archive/cia-readingroom-document-cia-rdp79-01194a000400140001-7
? "Planck thermodynamik thermodynamics" → vorlesungenbert01plangoog (Vorlesungen über thermodynamik)
  ↓ downloading 2 files for vorlesungenbert01plangoog
    skip (have): vorlesungenbert01plangoog.pdf
    skip (have): vorlesungenbert01plangoog_djvu.txt
/home/gian/agfarms/bucket-foundation/archive/vorlesungenbert01plangoog
? "Lavoisier elements chemistry" → understanding-science (Understanding Science, Collected Edition, Vols 1-12)
  ↓ downloading 3 files for understanding-science
    skip (have): Understanding_Science-Vol_01_jpg85.pdf
    skip (have): Understanding_Science-Vol_01_jpg85.epub
    skip (have): Understanding_Science-Vol_01_jpg85_djvu.txt
/home/gian/agfarms/bucket-foundation/archive/understanding-science
? "Fourier analytical theory heat" → analyticaltheory00fourrich (The analytical theory of heat)
  ↓ downloading 3 files for analyticaltheory00fourrich
    skip (have): analyticaltheory00fourrich.pdf
    skip (have): analyticaltheory00fourrich.epub
    skip (have): analyticaltheory00fourrich_djvu.txt
/home/gian/agfarms/bucket-foundation/archive/analyticaltheory00fourrich
? "Galileo dialogue two world systems" → GalileiGalileoDialogueConcerningTheTwoChiefWorldSystemsEN155P. (Galilei, Galileo - Dialogue Concerning the two Chief World S)
  ↓ downloading 3 files for GalileiGalileoDialogueConcerningTheTwoChiefWorldSystemsEN155P.
    skip (have): Galilei, Galileo - Dialogue Concerning the two Chief World Systems (EN, 155 p.).pdf
    skip (have): Galilei, Galileo - Dialogue Concerning the two Chief World Systems (EN, 155 p.).epub
    skip (have): Galilei, Galileo - Dialogue Concerning the two Chief World Systems (EN, 155 p.)_djvu.txt
/home/gian/agfarms/bucket-foundation/archive/GalileiGalileoDialogueConcerningTheTwoChiefWorldSystemsEN155P.
? "Feynman QED" → MIT8.701F20 (MIT 8.701 Introduction to Nuclear and Particle Physics, Fall)
  ↓ downloading 0 files for MIT8.701F20
/home/gian/agfarms/bucket-foundation/archive/MIT8.701F20
? "Crick Watson DNA" → MIT7.01SCF11 (OCW Scholar: Fundamentals of Biology)
  ↓ downloading 0 files for MIT7.01SCF11
/home/gian/agfarms/bucket-foundation/archive/MIT7.01SCF11
? "Darwin descent of man" → descent_man_1_1011_librivox (The Descent of Man and Selection in Relation to Sex Part 1)
  ↓ downloading 2 files for descent_man_1_1011_librivox
    skip (have): descentman1_1011.pdf
    skip (have): descentman1_1011_djvu.txt
/home/gian/agfarms/bucket-foundation/archive/descent_man_1_1011_librivox
[2026-07-13T16:25:45-04:00] === archive runner done ===
[2026-07-15T09:08:46-04:00] === archive runner start ===
FAIL the-universal-one-1926-walter-russell: <urlopen error [Errno -3] Temporary failure in name resolution>
FAIL principlesofchem00menduoft: <urlopen error [Errno -3] Temporary failure in name resolution>
FAIL principlesofchem01menduoft: <urlopen error [Errno -3] Temporary failure in name resolution>
FAIL ?walter russell new concept universe: <urlopen error [Errno -3] Temporary failure in name resolution>
FAIL newtonspmathema00newtrich: <urlopen error [Errno -3] Temporary failure in name resolution>
FAIL principia00newtuoft: <urlopen error [Errno -3] Temporary failure in name resolution>
FAIL ?Newton Opticks 1704: <urlopen error [Errno -3] Temporary failure in name resolution>
FAIL ?Maxwell Treatise on Electricity and Magnetism volume 1: <urlopen error [Errno -3] Temporary failure in name resolution>
FAIL ?Maxwell Treatise on Electricity and Magnetism volume 2: <urlopen error [Errno -3] Temporary failure in name resolution>
FAIL ?Maxwell scientific papers: <urlopen error [Errno -3] Temporary failure in name resolution>
FAIL ?Faraday Experimental Researches in Electricity volume 1: <urlopen error [Errno -3] Temporary failure in name resolution>
FAIL ?Faraday Experimental Researches in Electricity volume 2: <urlopen error [Errno -3] Temporary failure in name resolution>
FAIL ?Faraday Experimental Researches in Electricity volume 3: <urlopen error [Errno -3] Temporary failure in name resolution>
FAIL ?Tesla My Inventions: <urlopen error [Errno -3] Temporary failure in name resolution>
FAIL ?Tesla Colorado Springs Notes: <urlopen error [Errno -3] Temporary failure in name resolution>
FAIL ?Tesla problem of increasing human energy: <urlopen error [Errno -3] Temporary failure in name resolution>
FAIL ?Einstein Relativity special general theory: <urlopen error [Errno -3] Temporary failure in name resolution>
FAIL ?Einstein 1905 photoelectric: <urlopen error [Errno -3] Temporary failure in name resolution>
FAIL ?Szent-Györgyi Bioenergetics: <urlopen error [Errno -3] Temporary failure in name resolution>
FAIL ?Szent-Györgyi submolecular biology: <urlopen error [Errno -3] Temporary failure in name resolution>
FAIL ?Becker Body Electric: <urlopen error [Errno -3] Temporary failure in name resolution>
FAIL ?Becker Cross Currents: <urlopen error [Errno -3] Temporary failure in name resolution>
FAIL ?Ling physical theory living state: <urlopen error [Errno -3] Temporary failure in name resolution>
FAIL ?Ling association induction: <urlopen error [Errno -3] Temporary failure in name resolution>
FAIL ?Nordenström Biologically Closed Electric Circuits: <urlopen error [Errno -3] Temporary failure in name resolution>
FAIL ?Euclid Elements Heath translation: <urlopen error [Errno -3] Temporary failure in name resolution>
FAIL ?Gauss Disquisitiones Arithmeticae: <urlopen error [Errno -3] Temporary failure in name resolution>
FAIL ?Riemann zeta hypothesis: <urlopen error [Errno -3] Temporary failure in name resolution>
FAIL ?Cantor set theory: <urlopen error [Errno -3] Temporary failure in name resolution>
FAIL ?Dirac Principles of Quantum Mechanics: <urlopen error [Errno -3] Temporary failure in name resolution>
FAIL ?Feynman lectures on physics: <urlopen error [Errno -3] Temporary failure in name resolution>
FAIL ?Shannon mathematical theory of communication: <urlopen error [Errno -3] Temporary failure in name resolution>
FAIL ?Turing computable numbers 1936: <urlopen error [Errno -3] Temporary failure in name resolution>
FAIL ?Helmholtz On the Sensations of Tone: <urlopen error [Errno -3] Temporary failure in name resolution>
FAIL ?Helmholtz Treatise Physiological Optics: <urlopen error [Errno -3] Temporary failure in name resolution>
FAIL ?Schrodinger What is Life: <urlopen error [Errno -3] Temporary failure in name resolution>
FAIL ?Schrödinger Mind and Matter: <urlopen error [Errno -3] Temporary failure in name resolution>
FAIL ?Bohr Atomic Theory Description Nature: <urlopen error [Errno -3] Temporary failure in name resolution>
FAIL ?Heisenberg Physics Philosophy: <urlopen error [Errno -3] Temporary failure in name resolution>
FAIL ?Pauli Wolfgang lectures physics: <urlopen error [Errno -3] Temporary failure in name resolution>
FAIL ?Wigner Eugene mind in physics: <urlopen error [Errno -3] Temporary failure in name resolution>
FAIL ?Wheeler Geons Black Holes Quantum Foam: <urlopen error [Errno -3] Temporary failure in name resolution>
FAIL ?Pasteur fermentation: <urlopen error [Errno -3] Temporary failure in name resolution>
FAIL ?Darwin Origin of Species: <urlopen error [Errno -3] Temporary failure in name resolution>
FAIL ?Wallace contributions theory natural selection: <urlopen error [Errno -3] Temporary failure in name resolution>
FAIL ?Linus Pauling general chemistry: <urlopen error [Errno -3] Temporary failure in name resolution>
FAIL ?Linus Pauling vitamin C: <urlopen error [Errno -3] Temporary failure in name resolution>
FAIL ?Crick what mad pursuit: <urlopen error [Errno -3] Temporary failure in name resolution>
FAIL ?Schrödinger statistical thermodynamics: <urlopen error [Errno -3] Temporary failure in name resolution>
FAIL ?Boltzmann lectures gas theory: <urlopen error [Errno -3] Temporary failure in name resolution>
FAIL ?Carnot reflections motive power fire: <urlopen error [Errno -3] Temporary failure in name resolution>
FAIL ?Planck thermodynamik thermodynamics: <urlopen error [Errno -3] Temporary failure in name resolution>
FAIL ?Lavoisier elements chemistry: <urlopen error [Errno -3] Temporary failure in name resolution>
FAIL ?Fourier analytical theory heat: <urlopen error [Errno -3] Temporary failure in name resolution>
FAIL ?Galileo dialogue two world systems: <urlopen error [Errno -3] Temporary failure in name resolution>
FAIL ?Feynman QED: <urlopen error [Errno -3] Temporary failure in name resolution>
FAIL ?Crick Watson DNA: <urlopen error [Errno -3] Temporary failure in name resolution>
FAIL ?Darwin descent of man: <urlopen error [Errno -3] Temporary failure in name resolution>
[2026-07-15T09:08:46-04:00] === archive runner done ===
[2026-07-15T09:53:32-04:00] === archive runner start ===
FAIL the-universal-one-1926-walter-russell: <urlopen error [Errno -3] Temporary failure in name resolution>
FAIL principlesofchem00menduoft: <urlopen error [Errno -3] Temporary failure in name resolution>
FAIL principlesofchem01menduoft: <urlopen error [Errno -3] Temporary failure in name resolution>
FAIL ?walter russell new concept universe: <urlopen error [Errno -3] Temporary failure in name resolution>
FAIL newtonspmathema00newtrich: <urlopen error [Errno -3] Temporary failure in name resolution>
FAIL principia00newtuoft: <urlopen error [Errno -3] Temporary failure in name resolution>
FAIL ?Newton Opticks 1704: <urlopen error [Errno -3] Temporary failure in name resolution>
FAIL ?Maxwell Treatise on Electricity and Magnetism volume 1: <urlopen error [Errno -3] Temporary failure in name resolution>
FAIL ?Maxwell Treatise on Electricity and Magnetism volume 2: <urlopen error [Errno -3] Temporary failure in name resolution>
FAIL ?Maxwell scientific papers: <urlopen error [Errno -3] Temporary failure in name resolution>
FAIL ?Faraday Experimental Researches in Electricity volume 1: <urlopen error [Errno -3] Temporary failure in name resolution>
FAIL ?Faraday Experimental Researches in Electricity volume 2: <urlopen error [Errno -3] Temporary failure in name resolution>
FAIL ?Faraday Experimental Researches in Electricity volume 3: <urlopen error [Errno -3] Temporary failure in name resolution>
FAIL ?Tesla My Inventions: <urlopen error [Errno -3] Temporary failure in name resolution>
FAIL ?Tesla Colorado Springs Notes: <urlopen error [Errno -3] Temporary failure in name resolution>
FAIL ?Tesla problem of increasing human energy: <urlopen error [Errno -3] Temporary failure in name resolution>
FAIL ?Einstein Relativity special general theory: <urlopen error [Errno -3] Temporary failure in name resolution>
FAIL ?Einstein 1905 photoelectric: <urlopen error [Errno -3] Temporary failure in name resolution>
FAIL ?Szent-Györgyi Bioenergetics: <urlopen error [Errno -3] Temporary failure in name resolution>
FAIL ?Szent-Györgyi submolecular biology: <urlopen error [Errno -3] Temporary failure in name resolution>
FAIL ?Becker Body Electric: <urlopen error [Errno -3] Temporary failure in name resolution>
FAIL ?Becker Cross Currents: <urlopen error [Errno -3] Temporary failure in name resolution>
FAIL ?Ling physical theory living state: <urlopen error [Errno -3] Temporary failure in name resolution>
FAIL ?Ling association induction: <urlopen error [Errno -3] Temporary failure in name resolution>
FAIL ?Nordenström Biologically Closed Electric Circuits: <urlopen error [Errno -3] Temporary failure in name resolution>
FAIL ?Euclid Elements Heath translation: <urlopen error [Errno -3] Temporary failure in name resolution>
FAIL ?Gauss Disquisitiones Arithmeticae: <urlopen error [Errno -3] Temporary failure in name resolution>
FAIL ?Riemann zeta hypothesis: <urlopen error [Errno -3] Temporary failure in name resolution>
FAIL ?Cantor set theory: <urlopen error [Errno -3] Temporary failure in name resolution>
FAIL ?Dirac Principles of Quantum Mechanics: <urlopen error [Errno -3] Temporary failure in name resolution>
FAIL ?Feynman lectures on physics: <urlopen error [Errno -3] Temporary failure in name resolution>
FAIL ?Shannon mathematical theory of communication: <urlopen error [Errno -3] Temporary failure in name resolution>
FAIL ?Turing computable numbers 1936: <urlopen error [Errno -3] Temporary failure in name resolution>
FAIL ?Helmholtz On the Sensations of Tone: <urlopen error [Errno -3] Temporary failure in name resolution>
FAIL ?Helmholtz Treatise Physiological Optics: <urlopen error [Errno -3] Temporary failure in name resolution>
FAIL ?Schrodinger What is Life: <urlopen error [Errno -3] Temporary failure in name resolution>
FAIL ?Schrödinger Mind and Matter: <urlopen error [Errno -3] Temporary failure in name resolution>
FAIL ?Bohr Atomic Theory Description Nature: <urlopen error [Errno -3] Temporary failure in name resolution>
FAIL ?Heisenberg Physics Philosophy: <urlopen error [Errno -3] Temporary failure in name resolution>
FAIL ?Pauli Wolfgang lectures physics: <urlopen error [Errno -3] Temporary failure in name resolution>
FAIL ?Wigner Eugene mind in physics: <urlopen error [Errno -3] Temporary failure in name resolution>
FAIL ?Wheeler Geons Black Holes Quantum Foam: <urlopen error [Errno -3] Temporary failure in name resolution>
FAIL ?Pasteur fermentation: <urlopen error [Errno -3] Temporary failure in name resolution>
FAIL ?Darwin Origin of Species: <urlopen error [Errno -3] Temporary failure in name resolution>
FAIL ?Wallace contributions theory natural selection: <urlopen error [Errno -3] Temporary failure in name resolution>
FAIL ?Linus Pauling general chemistry: <urlopen error [Errno -3] Temporary failure in name resolution>
FAIL ?Linus Pauling vitamin C: <urlopen error [Errno -3] Temporary failure in name resolution>
FAIL ?Crick what mad pursuit: <urlopen error [Errno -3] Temporary failure in name resolution>
FAIL ?Schrödinger statistical thermodynamics: <urlopen error [Errno -3] Temporary failure in name resolution>
FAIL ?Boltzmann lectures gas theory: <urlopen error [Errno -3] Temporary failure in name resolution>
FAIL ?Carnot reflections motive power fire: <urlopen error [Errno -3] Temporary failure in name resolution>
FAIL ?Planck thermodynamik thermodynamics: <urlopen error [Errno -3] Temporary failure in name resolution>
FAIL ?Lavoisier elements chemistry: <urlopen error [Errno -3] Temporary failure in name resolution>
FAIL ?Fourier analytical theory heat: <urlopen error [Errno -3] Temporary failure in name resolution>
FAIL ?Galileo dialogue two world systems: <urlopen error [Errno -3] Temporary failure in name resolution>
FAIL ?Feynman QED: <urlopen error [Errno -3] Temporary failure in name resolution>
FAIL ?Crick Watson DNA: <urlopen error [Errno -3] Temporary failure in name resolution>
FAIL ?Darwin descent of man: <urlopen error [Errno -3] Temporary failure in name resolution>
[2026-07-15T09:53:32-04:00] === archive runner done ===
[2026-07-15T10:55:57-04:00] === archive runner start ===
FAIL the-universal-one-1926-walter-russell: <urlopen error [Errno -3] Temporary failure in name resolution>
FAIL principlesofchem00menduoft: <urlopen error [Errno -3] Temporary failure in name resolution>
FAIL principlesofchem01menduoft: <urlopen error [Errno -3] Temporary failure in name resolution>
FAIL ?walter russell new concept universe: <urlopen error [Errno -3] Temporary failure in name resolution>
FAIL newtonspmathema00newtrich: <urlopen error [Errno -3] Temporary failure in name resolution>
FAIL principia00newtuoft: <urlopen error [Errno -3] Temporary failure in name resolution>
FAIL ?Newton Opticks 1704: <urlopen error [Errno -3] Temporary failure in name resolution>
FAIL ?Maxwell Treatise on Electricity and Magnetism volume 1: <urlopen error [Errno -3] Temporary failure in name resolution>
FAIL ?Maxwell Treatise on Electricity and Magnetism volume 2: <urlopen error [Errno -3] Temporary failure in name resolution>
FAIL ?Maxwell scientific papers: <urlopen error [Errno -3] Temporary failure in name resolution>
FAIL ?Faraday Experimental Researches in Electricity volume 1: <urlopen error [Errno -3] Temporary failure in name resolution>
FAIL ?Faraday Experimental Researches in Electricity volume 2: <urlopen error [Errno -3] Temporary failure in name resolution>
FAIL ?Faraday Experimental Researches in Electricity volume 3: <urlopen error [Errno -3] Temporary failure in name resolution>
FAIL ?Tesla My Inventions: <urlopen error [Errno -3] Temporary failure in name resolution>
FAIL ?Tesla Colorado Springs Notes: <urlopen error [Errno -3] Temporary failure in name resolution>
FAIL ?Tesla problem of increasing human energy: <urlopen error [Errno -3] Temporary failure in name resolution>
FAIL ?Einstein Relativity special general theory: <urlopen error [Errno -3] Temporary failure in name resolution>
FAIL ?Einstein 1905 photoelectric: <urlopen error [Errno -3] Temporary failure in name resolution>
FAIL ?Szent-Györgyi Bioenergetics: <urlopen error [Errno -3] Temporary failure in name resolution>
FAIL ?Szent-Györgyi submolecular biology: <urlopen error [Errno -3] Temporary failure in name resolution>
FAIL ?Becker Body Electric: <urlopen error [Errno -3] Temporary failure in name resolution>
FAIL ?Becker Cross Currents: <urlopen error [Errno -3] Temporary failure in name resolution>
FAIL ?Ling physical theory living state: <urlopen error [Errno -3] Temporary failure in name resolution>
FAIL ?Ling association induction: <urlopen error [Errno -3] Temporary failure in name resolution>
FAIL ?Nordenström Biologically Closed Electric Circuits: <urlopen error [Errno -3] Temporary failure in name resolution>
FAIL ?Euclid Elements Heath translation: <urlopen error [Errno -3] Temporary failure in name resolution>
FAIL ?Gauss Disquisitiones Arithmeticae: <urlopen error [Errno -3] Temporary failure in name resolution>
FAIL ?Riemann zeta hypothesis: <urlopen error [Errno -3] Temporary failure in name resolution>
FAIL ?Cantor set theory: <urlopen error [Errno -3] Temporary failure in name resolution>
FAIL ?Dirac Principles of Quantum Mechanics: <urlopen error [Errno -3] Temporary failure in name resolution>
FAIL ?Feynman lectures on physics: <urlopen error [Errno -3] Temporary failure in name resolution>
FAIL ?Shannon mathematical theory of communication: <urlopen error [Errno -3] Temporary failure in name resolution>
FAIL ?Turing computable numbers 1936: <urlopen error [Errno -3] Temporary failure in name resolution>
FAIL ?Helmholtz On the Sensations of Tone: <urlopen error [Errno -3] Temporary failure in name resolution>
FAIL ?Helmholtz Treatise Physiological Optics: <urlopen error [Errno -3] Temporary failure in name resolution>
FAIL ?Schrodinger What is Life: <urlopen error [Errno -3] Temporary failure in name resolution>
FAIL ?Schrödinger Mind and Matter: <urlopen error [Errno -3] Temporary failure in name resolution>
FAIL ?Bohr Atomic Theory Description Nature: <urlopen error [Errno -3] Temporary failure in name resolution>
FAIL ?Heisenberg Physics Philosophy: <urlopen error [Errno -3] Temporary failure in name resolution>
FAIL ?Pauli Wolfgang lectures physics: <urlopen error [Errno -3] Temporary failure in name resolution>
FAIL ?Wigner Eugene mind in physics: <urlopen error [Errno -3] Temporary failure in name resolution>
FAIL ?Wheeler Geons Black Holes Quantum Foam: <urlopen error [Errno -3] Temporary failure in name resolution>
FAIL ?Pasteur fermentation: <urlopen error [Errno -3] Temporary failure in name resolution>
FAIL ?Darwin Origin of Species: <urlopen error [Errno -3] Temporary failure in name resolution>
FAIL ?Wallace contributions theory natural selection: <urlopen error [Errno -3] Temporary failure in name resolution>
FAIL ?Linus Pauling general chemistry: <urlopen error [Errno -3] Temporary failure in name resolution>
FAIL ?Linus Pauling vitamin C: <urlopen error [Errno -3] Temporary failure in name resolution>
FAIL ?Crick what mad pursuit: <urlopen error [Errno -3] Temporary failure in name resolution>
FAIL ?Schrödinger statistical thermodynamics: <urlopen error [Errno -3] Temporary failure in name resolution>
FAIL ?Boltzmann lectures gas theory: <urlopen error [Errno -3] Temporary failure in name resolution>
FAIL ?Carnot reflections motive power fire: <urlopen error [Errno -3] Temporary failure in name resolution>
FAIL ?Planck thermodynamik thermodynamics: <urlopen error [Errno -3] Temporary failure in name resolution>
FAIL ?Lavoisier elements chemistry: <urlopen error [Errno -3] Temporary failure in name resolution>
FAIL ?Fourier analytical theory heat: <urlopen error [Errno -3] Temporary failure in name resolution>
FAIL ?Galileo dialogue two world systems: <urlopen error [Errno -3] Temporary failure in name resolution>
FAIL ?Feynman QED: <urlopen error [Errno -3] Temporary failure in name resolution>
FAIL ?Crick Watson DNA: <urlopen error [Errno -3] Temporary failure in name resolution>
FAIL ?Darwin descent of man: <urlopen error [Errno -3] Temporary failure in name resolution>
[2026-07-15T10:55:57-04:00] === archive runner done ===
[2026-07-15T11:06:01-04:00] === archive runner start ===
  ↓ downloading 3 files for the-universal-one-1926-walter-russell
    skip (have): TheUniversalOne1926WalterRussell.pdf
    skip (have): TheUniversalOne1926WalterRussell.epub
    skip (have): TheUniversalOne1926WalterRussell_djvu.txt
/home/gian/agfarms/bucket-foundation/archive/the-universal-one-1926-walter-russell
  ↓ downloading 3 files for principlesofchem00menduoft
    skip (have): principlesofchem00menduoft.pdf
    skip (have): principlesofchem00menduoft.epub
    skip (have): principlesofchem00menduoft_djvu.txt
/home/gian/agfarms/bucket-foundation/archive/principlesofchem00menduoft
  ↓ downloading 3 files for principlesofchem01menduoft
    skip (have): principlesofchem01menduoft.pdf
    skip (have): principlesofchem01menduoft.epub
    skip (have): principlesofchem01menduoft_djvu.txt
/home/gian/agfarms/bucket-foundation/archive/principlesofchem01menduoft
? "walter russell new concept universe" → ExtrasensoryPerceptionResearchFinding (Notes on the Paranormal)
  ↓ downloading 3 files for ExtrasensoryPerceptionResearchFinding
    skip (have): Extrasensory_Perception_Research_Finding.pdf
    skip (have): Extrasensory_Perception_Research_Finding.epub
    skip (have): Extrasensory_Perception_Research_Finding_djvu.txt
/home/gian/agfarms/bucket-foundation/archive/ExtrasensoryPerceptionResearchFinding
  ↓ downloading 3 files for newtonspmathema00newtrich
    skip (have): newtonspmathema00newtrich.pdf
    skip (have): newtonspmathema00newtrich.epub
    skip (have): newtonspmathema00newtrich_djvu.txt
/home/gian/agfarms/bucket-foundation/archive/newtonspmathema00newtrich
  ↓ downloading 3 files for principia00newtuoft
    skip (have): principia00newtuoft.pdf
    skip (have): principia00newtuoft.epub
    skip (have): principia00newtuoft_djvu.txt
/home/gian/agfarms/bucket-foundation/archive/principia00newtuoft
? "Newton Opticks 1704" → opticks_1203_librivox (Opticks)
  ↓ downloading 2 files for opticks_1203_librivox
    skip (have): opticks_1207.pdf
    skip (have): opticks_1207_djvu.txt
/home/gian/agfarms/bucket-foundation/archive/opticks_1203_librivox
? "Maxwell Treatise on Electricity and Magnetism volume 1" → electricandmagne01maxwrich (A treatise on electricity and magnetism)
  ↓ downloading 3 files for electricandmagne01maxwrich
    skip (have): electricandmagne01maxwrich.pdf
    skip (have): electricandmagne01maxwrich.epub
    skip (have): electricandmagne01maxwrich_djvu.txt
/home/gian/agfarms/bucket-foundation/archive/electricandmagne01maxwrich
FAIL ?Maxwell Treatise on Electricity and Magnetism volume 2: <urlopen error _ssl.c:1015: The handshake operation timed out>
? "Maxwell scientific papers" → scientificpapers01maxw (The scientific papers of James Clerk Maxwell)
  ↓ downloading 3 files for scientificpapers01maxw
    skip (have): scientificpapers01maxw.pdf
    skip (have): scientificpapers01maxw.epub
    skip (have): scientificpapers01maxw_djvu.txt
/home/gian/agfarms/bucket-foundation/archive/scientificpapers01maxw
? "Faraday Experimental Researches in Electricity volume 1" → ExtrasensoryPerceptionResearchFinding (Notes on the Paranormal)
  ↓ downloading 3 files for ExtrasensoryPerceptionResearchFinding
    skip (have): Extrasensory_Perception_Research_Finding.pdf
    skip (have): Extrasensory_Perception_Research_Finding.epub
    skip (have): Extrasensory_Perception_Research_Finding_djvu.txt
/home/gian/agfarms/bucket-foundation/archive/ExtrasensoryPerceptionResearchFinding
? "Faraday Experimental Researches in Electricity volume 2" → ExtrasensoryPerceptionResearchFinding (Notes on the Paranormal)
  ↓ downloading 3 files for ExtrasensoryPerceptionResearchFinding
    skip (have): Extrasensory_Perception_Research_Finding.pdf
    skip (have): Extrasensory_Perception_Research_Finding.epub
    skip (have): Extrasensory_Perception_Research_Finding_djvu.txt
/home/gian/agfarms/bucket-foundation/archive/ExtrasensoryPerceptionResearchFinding
? "Faraday Experimental Researches in Electricity volume 3" → ExtrasensoryPerceptionResearchFinding (Notes on the Paranormal)
  ↓ downloading 3 files for ExtrasensoryPerceptionResearchFinding
    skip (have): Extrasensory_Perception_Research_Finding.pdf
    skip (have): Extrasensory_Perception_Research_Finding.epub
    skip (have): Extrasensory_Perception_Research_Finding_djvu.txt
/home/gian/agfarms/bucket-foundation/archive/ExtrasensoryPerceptionResearchFinding
? "Tesla My Inventions" → pbsnovadocs (PBS Nova Documentaries)
  ↓ downloading 0 files for pbsnovadocs
/home/gian/agfarms/bucket-foundation/archive/pbsnovadocs
? "Tesla Colorado Springs Notes" → majestic-12-files (MAJESTIC 12 Files)
  ↓ downloading 0 files for majestic-12-files
/home/gian/agfarms/bucket-foundation/archive/majestic-12-files
? "Tesla problem of increasing human energy" → sharware (chestnut-multimedia)
  ↓ downloading 2 files for sharware
    FAIL chestnut/DLR/CONTENTS.pdf: [Errno 2] No such file or directory: '/home/gian/agfarms/bucket-foundation/archive/sharware/chestnut/DLR/CONTENTS.pdf'
    FAIL chestnut/DLR/CONTENTS_djvu.txt: [Errno 2] No such file or directory: '/home/gian/agfarms/bucket-foundation/archive/sharware/chestnut/DLR/CONTENTS_djvu.txt'
/home/gian/agfarms/bucket-foundation/archive/sharware
? "Einstein Relativity special general theory" → relativity_librivox (Relativity: The Special and General Theory)
  ↓ downloading 2 files for relativity_librivox
    skip (have): relativity_1003.pdf
    skip (have): relativity_1003_djvu.txt
/home/gian/agfarms/bucket-foundation/archive/relativity_librivox
? "Einstein 1905 photoelectric" → cia-readingroom-document-cia-rdp96-00788r001100010004-6 (CIA Reading Room cia-rdp96-00788r001100010004-6: PROCEEDINGS)
  ↓ downloading 3 files for cia-readingroom-document-cia-rdp96-00788r001100010004-6
    skip (have): cia-rdp96-00788r001100010004-6.pdf
    skip (have): cia-rdp96-00788r001100010004-6.epub
    skip (have): cia-rdp96-00788r001100010004-6_djvu.txt
/home/gian/agfarms/bucket-foundation/archive/cia-readingroom-document-cia-rdp96-00788r001100010004-6
? "Szent-Györgyi Bioenergetics" → bioenergetics00szen (Bioenergetics)
  ↓ downloading 3 files for bioenergetics00szen
    skip (have): bioenergetics00szen.pdf
    skip (have): bioenergetics00szen.epub
    skip (have): bioenergetics00szen_djvu.txt
/home/gian/agfarms/bucket-foundation/archive/bioenergetics00szen
NO HITS: Szent-Györgyi submolecular biology
? "Becker Body Electric" → die-or-d.i.y.-full-archive ((Blogger) Die or D.I.Y.? Full Archive)
  ↓ downloading 0 files for die-or-d.i.y.-full-archive
/home/gian/agfarms/bucket-foundation/archive/die-or-d.i.y.-full-archive
? "Becker Cross Currents" → ExtrasensoryPerceptionResearchFinding (Notes on the Paranormal)
  ↓ downloading 3 files for ExtrasensoryPerceptionResearchFinding
    skip (have): Extrasensory_Perception_Research_Finding.pdf
    skip (have): Extrasensory_Perception_Research_Finding.epub
    skip (have): Extrasensory_Perception_Research_Finding_djvu.txt
/home/gian/agfarms/bucket-foundation/archive/ExtrasensoryPerceptionResearchFinding
? "Ling physical theory living state" → BluePlanetProjectUFOTECHNOLOGY (Blue Planet Project UFO TECHNOLOGY)
  ↓ downloading 3 files for BluePlanetProjectUFOTECHNOLOGY
    skip (have): Blue Planet Project UFO TECHNOLOGY.pdf
    skip (have): Blue Planet Project UFO TECHNOLOGY.epub
    skip (have): Blue Planet Project UFO TECHNOLOGY_djvu.txt
/home/gian/agfarms/bucket-foundation/archive/BluePlanetProjectUFOTECHNOLOGY
? "Ling association induction" → ibogaine_literature (Ibogaine Literature)
  ↓ downloading 3 files for ibogaine_literature
    skip (have): abaul1989.pdf
    skip (have): agwada1975.pdf
    skip (have): abaul1989_djvu.txt
/home/gian/agfarms/bucket-foundation/archive/ibogaine_literature
? "Nordenström Biologically Closed Electric Circuits" → biokinetic-impacts-on-structure-and-imaging-of-the-lung-the-concept-of-biologica (Biokinetic Impacts on Structure and Imaging of the Lung the )
  ↓ downloading 2 files for biokinetic-impacts-on-structure-and-imaging-of-the-lung-the-concept-of-biologica
    skip (have): Biokinetic impacts on structure and imaging of the lung the concept of biologically closed electric circuits - Nordenstrom AJR 1985.pdf
    skip (have): Biokinetic impacts on structure and imaging of the lung the concept of biologically closed electric circuits - Nordenstrom AJR 1985_djvu.txt
/home/gian/agfarms/bucket-foundation/archive/biokinetic-impacts-on-structure-and-imaging-of-the-lung-the-concept-of-biologica
? "Euclid Elements Heath translation" → EuclidsElementsBooksIIIVolume1Heath (Euclid's Elements Books I II Volume 1 Heath)
  ↓ downloading 2 files for EuclidsElementsBooksIIIVolume1Heath
    skip (have): Euclid's_Elements_Books_I-II_Volume_1-Heath.pdf
    skip (have): Euclid's_Elements_Books_I-II_Volume_1-Heath_djvu.txt
/home/gian/agfarms/bucket-foundation/archive/EuclidsElementsBooksIIIVolume1Heath
? "Gauss Disquisitiones Arithmeticae" → disquisitionesa00gaus (Disquisitiones arithmeticae)
  ↓ downloading 3 files for disquisitionesa00gaus
    skip (have): disquisitionesa00gaus.pdf
    skip (have): disquisitionesa00gaus.epub
    skip (have): disquisitionesa00gaus_djvu.txt
/home/gian/agfarms/bucket-foundation/archive/disquisitionesa00gaus
? "Riemann zeta hypothesis" → logicalcross (LogicalCross)
  ↓ downloading 2 files for logicalcross
    skip (have): essay.pdf
    skip (have): essay_djvu.txt
/home/gian/agfarms/bucket-foundation/archive/logicalcross
? "Cantor set theory" → YouDontNeedAWeathermanToKnowWhichWayTheWindBlows_925 (You Don't Need A Weatherman To Know Which Way The Wind Blows)
  ↓ downloading 3 files for YouDontNeedAWeathermanToKnowWhichWayTheWindBlows_925
    skip (have): YouDontNeedAWeathermanToKnowWhichWayTheWindBlows_925.pdf
    skip (have): YouDontNeedAWeathermanToKnowWhichWayTheWindBlows_925.epub
    skip (have): YouDontNeedAWeathermanToKnowWhichWayTheWindBlows_925_djvu.txt
/home/gian/agfarms/bucket-foundation/archive/YouDontNeedAWeathermanToKnowWhichWayTheWindBlows_925
? "Dirac Principles of Quantum Mechanics" → academictorrents_f24122f15283757aa8a9bf9cb638db266273442d ([Coursera] Exploring Quantum Physics)
  ↓ downloading 3 files for academictorrents_f24122f15283757aa8a9bf9cb638db266273442d
    FAIL Lectures/Week 1 - 02 Wavefunctions and Schrdinger Equation/01_Part_I-_Comments_on_studying_QM_10-11.pdf: <urlopen error [SSL: UNEXPECTED_EOF_WHILE_READING] EOF occurred in violation of protocol (_ssl.c:1032)>
    FAIL Lectures/Week 8 - 17 Time-dependent quantum mechanics Victor Galitski/01_Part_I-_Time-dependent_Schrdinger_Eq._general_remarks_23-04.pdf: [Errno 2] No such file or directory: '/home/gian/agfarms/bucket-foundation/archive/academictorrents_f24122f15283757aa8a9bf9cb638db266273442d/Lectures/Week 8 - 17 Time-dependent quantum mechanics Victor Galitski/01_Part_I-_Time-dependent_Schrdinger_Eq._general_remarks_23-04.pdf'
    FAIL Lectures/Week 1 - 02 Wavefunctions and Schrdinger Equation/01_Part_I-_Comments_on_studying_QM_10-11_djvu.txt: HTTP Error 500: Internal Server Error
/home/gian/agfarms/bucket-foundation/archive/academictorrents_f24122f15283757aa8a9bf9cb638db266273442d
? "Feynman lectures on physics" → academictorrents_f24122f15283757aa8a9bf9cb638db266273442d ([Coursera] Exploring Quantum Physics)
  ↓ downloading 3 files for academictorrents_f24122f15283757aa8a9bf9cb638db266273442d
    FAIL Lectures/Week 1 - 02 Wavefunctions and Schrdinger Equation/01_Part_I-_Comments_on_studying_QM_10-11.pdf: [Errno 2] No such file or directory: '/home/gian/agfarms/bucket-foundation/archive/academictorrents_f24122f15283757aa8a9bf9cb638db266273442d/Lectures/Week 1 - 02 Wavefunctions and Schrdinger Equation/01_Part_I-_Comments_on_studying_QM_10-11.pdf'
    FAIL Lectures/Week 8 - 17 Time-dependent quantum mechanics Victor Galitski/01_Part_I-_Time-dependent_Schrdinger_Eq._general_remarks_23-04.pdf: [Errno 2] No such file or directory: '/home/gian/agfarms/bucket-foundation/archive/academictorrents_f24122f15283757aa8a9bf9cb638db266273442d/Lectures/Week 8 - 17 Time-dependent quantum mechanics Victor Galitski/01_Part_I-_Time-dependent_Schrdinger_Eq._general_remarks_23-04.pdf'
    FAIL Lectures/Week 1 - 02 Wavefunctions and Schrdinger Equation/01_Part_I-_Comments_on_studying_QM_10-11_djvu.txt: [Errno 2] No such file or directory: '/home/gian/agfarms/bucket-foundation/archive/academictorrents_f24122f15283757aa8a9bf9cb638db266273442d/Lectures/Week 1 - 02 Wavefunctions and Schrdinger Equation/01_Part_I-_Comments_on_studying_QM_10-11_djvu.txt'
/home/gian/agfarms/bucket-foundation/archive/academictorrents_f24122f15283757aa8a9bf9cb638db266273442d
? "Shannon mathematical theory of communication" → communications_primer (Communications Primer, A)
  ↓ downloading 0 files for communications_primer
/home/gian/agfarms/bucket-foundation/archive/communications_primer
? "Turing computable numbers 1936" → turingsvisionbir0000bern (Turing's vision : the birth of computer science)
  ↓ downloading 3 files for turingsvisionbir0000bern
    FAIL turingsvisionbir0000bern.pdf: HTTP Error 401: Unauthorized
    FAIL turingsvisionbir0000bern.epub: HTTP Error 500: Internal Server Error
    FAIL turingsvisionbir0000bern_djvu.txt: HTTP Error 401: Unauthorized
/home/gian/agfarms/bucket-foundation/archive/turingsvisionbir0000bern
? "Helmholtz On the Sensations of Tone" → onsensationsofto00helmrich (On the sensations of tone as a physiological basis for the t)
  ↓ downloading 3 files for onsensationsofto00helmrich
    skip (have): onsensationsofto00helmrich.pdf
    skip (have): onsensationsofto00helmrich.epub
    skip (have): onsensationsofto00helmrich_djvu.txt
/home/gian/agfarms/bucket-foundation/archive/onsensationsofto00helmrich
? "Helmholtz Treatise Physiological Optics" → ExtrasensoryPerceptionResearchFinding (Notes on the Paranormal)
  ↓ downloading 3 files for ExtrasensoryPerceptionResearchFinding
    skip (have): Extrasensory_Perception_Research_Finding.pdf
    skip (have): Extrasensory_Perception_Research_Finding.epub
    skip (have): Extrasensory_Perception_Research_Finding_djvu.txt
/home/gian/agfarms/bucket-foundation/archive/ExtrasensoryPerceptionResearchFinding
? "Schrodinger What is Life" → WhatIsLife-EdwardSchrodinger (WHAT IS LIFE? - ERWIN SCHRODINGER)
  ↓ downloading 3 files for WhatIsLife-EdwardSchrodinger
    skip (have): whatislife-schrodinger.pdf
    skip (have): whatislife-schrodinger.epub
    skip (have): whatislife-schrodinger_djvu.txt
/home/gian/agfarms/bucket-foundation/archive/WhatIsLife-EdwardSchrodinger
? "Schrödinger Mind and Matter" → Necktar2017Volume9 (Necktar 2017 volume 9)
  ↓ downloading 0 files for Necktar2017Volume9
/home/gian/agfarms/bucket-foundation/archive/Necktar2017Volume9
? "Bohr Atomic Theory Description Nature" → ExtrasensoryPerceptionResearchFinding (Notes on the Paranormal)
  ↓ downloading 3 files for ExtrasensoryPerceptionResearchFinding
    skip (have): Extrasensory_Perception_Research_Finding.pdf
    skip (have): Extrasensory_Perception_Research_Finding.epub
    skip (have): Extrasensory_Perception_Research_Finding_djvu.txt
/home/gian/agfarms/bucket-foundation/archive/ExtrasensoryPerceptionResearchFinding
? "Heisenberg Physics Philosophy" → 216.TheLastEpisodeAtLeastForAWhileOrMaybeForever_670 (216. The Last Episode, at Least for a While, or Maybe Foreve)
  ↓ downloading 0 files for 216.TheLastEpisodeAtLeastForAWhileOrMaybeForever_670
/home/gian/agfarms/bucket-foundation/archive/216.TheLastEpisodeAtLeastForAWhileOrMaybeForever_670
? "Pauli Wolfgang lectures physics" → 1_20210412_20210412_0345 (Epigenesis, Existentialism and Creativity)
  ↓ downloading 0 files for 1_20210412_20210412_0345
/home/gian/agfarms/bucket-foundation/archive/1_20210412_20210412_0345
? "Wigner Eugene mind in physics" → cia-readingroom-document-cia-rdp96-00787r000500380004-4 (CIA Reading Room cia-rdp96-00787r000500380004-4: PSYCHIC PRO)
  ↓ downloading 3 files for cia-readingroom-document-cia-rdp96-00787r000500380004-4
    skip (have): cia-rdp96-00787r000500380004-4.pdf
    skip (have): cia-rdp96-00787r000500380004-4.epub
    skip (have): cia-rdp96-00787r000500380004-4_djvu.txt
/home/gian/agfarms/bucket-foundation/archive/cia-readingroom-document-cia-rdp96-00787r000500380004-4
? "Wheeler Geons Black Holes Quantum Foam" → geonsblackholesq00whee (Geons, black holes, and quantum foam : a life in physics)
  ↓ downloading 3 files for geonsblackholesq00whee
    FAIL geonsblackholesq00whee.pdf: HTTP Error 500: Internal Server Error
    FAIL geonsblackholesq00whee.epub: HTTP Error 401: Unauthorized
    FAIL geonsblackholesq00whee_djvu.txt: HTTP Error 401: Unauthorized
/home/gian/agfarms/bucket-foundation/archive/geonsblackholesq00whee
? "Pasteur fermentation" → mmoiresurlafer00past (Mémoire sur la fermentation alcoolique)
  ↓ downloading 2 files for mmoiresurlafer00past
    skip (have): mmoiresurlafer00past.pdf
    skip (have): mmoiresurlafer00past_djvu.txt
/home/gian/agfarms/bucket-foundation/archive/mmoiresurlafer00past
? "Darwin Origin of Species" → origin_species_librivox (On the Origin of Species by Means of Natural Selection)
  ↓ downloading 2 files for origin_species_librivox
    skip (have): On_the_Origin_of_Species_by_Means_of_Natural_Selection_1005.pdf
    skip (have): On_the_Origin_of_Species_by_Means_of_Natural_Selection_1005_djvu.txt
/home/gian/agfarms/bucket-foundation/archive/origin_species_librivox
? "Wallace contributions theory natural selection" → ExtrasensoryPerceptionResearchFinding (Notes on the Paranormal)
  ↓ downloading 3 files for ExtrasensoryPerceptionResearchFinding
    skip (have): Extrasensory_Perception_Research_Finding.pdf
    skip (have): Extrasensory_Perception_Research_Finding.epub
    skip (have): Extrasensory_Perception_Research_Finding_djvu.txt
/home/gian/agfarms/bucket-foundation/archive/ExtrasensoryPerceptionResearchFinding
? "Linus Pauling general chemistry" → introductiontoqu031712mbp (['Introduction To Quantum Mechanics', 'With Applications To Chemistry.'])
  ↓ downloading 3 files for introductiontoqu031712mbp
    skip (have): introductiontoqu031712mbp.pdf
    skip (have): introductiontoqu031712mbp.epub
    skip (have): introductiontoqu031712mbp_djvu.txt
/home/gian/agfarms/bucket-foundation/archive/introductiontoqu031712mbp
? "Linus Pauling vitamin C" → How_To_Live_Longer_And_Feel_Better_PDF (Linus Pauling PhD: How To Live Longer And Feel Better pdf)
  ↓ downloading 3 files for How_To_Live_Longer_And_Feel_Better_PDF
    skip (have): How to live longer and feel better - Pauling, Linus, 1901-1994.pdf
    skip (have): How to live longer and feel better - Pauling, Linus, 1901-1994.epub
    skip (have): How to live longer and feel better - Pauling, Linus, 1901-1994_djvu.txt
/home/gian/agfarms/bucket-foundation/archive/How_To_Live_Longer_And_Feel_Better_PDF
? "Crick what mad pursuit" → oxfordbookofmode0000unse_a2g6 (The Oxford book of modern science writing)
  ↓ downloading 3 files for oxfordbookofmode0000unse_a2g6
    FAIL oxfordbookofmode0000unse_a2g6.pdf: HTTP Error 401: Unauthorized
    FAIL oxfordbookofmode0000unse_a2g6.epub: HTTP Error 401: Unauthorized
    FAIL oxfordbookofmode0000unse_a2g6_djvu.txt: HTTP Error 401: Unauthorized
/home/gian/agfarms/bucket-foundation/archive/oxfordbookofmode0000unse_a2g6
? "Schrödinger statistical thermodynamics" → yavorskydetlafamodernhandbookofphysicsmir1982 (A Modern Handbook Of Physics)
  ↓ downloading 3 files for yavorskydetlafamodernhandbookofphysicsmir1982
    skip (have): Yavorsky-Detlaf-A-Modern-Handbook-of-Physics-Mir-1982.pdf
    skip (have): Yavorsky-Detlaf-A-Modern-Handbook-of-Physics-Mir-1982.epub
    skip (have): Yavorsky-Detlaf-A-Modern-Handbook-of-Physics-Mir-1982_djvu.txt
/home/gian/agfarms/bucket-foundation/archive/yavorskydetlafamodernhandbookofphysicsmir1982
? "Boltzmann lectures gas theory" → lectures-on-gas-theory-ludwig-boltzmann (Lectures on Gas Theory - Ludwig Boltzmann, Stephen G. Brush)
  ↓ downloading 3 files for lectures-on-gas-theory-ludwig-boltzmann
    skip (have): Lectures on Gas Theory - Ludwig Boltzmann.pdf
    skip (have): Lectures on Gas Theory - Ludwig Boltzmann.epub
    skip (have): Lectures on Gas Theory - Ludwig Boltzmann_djvu.txt
/home/gian/agfarms/bucket-foundation/archive/lectures-on-gas-theory-ludwig-boltzmann
? "Carnot reflections motive power fire" → cia-readingroom-document-cia-rdp79-01194a000400140001-7 (CIA Reading Room cia-rdp79-01194a000400140001-7: CA PROPAGAN)
  ↓ downloading 3 files for cia-readingroom-document-cia-rdp79-01194a000400140001-7
    skip (have): cia-rdp79-01194a000400140001-7.pdf
    skip (have): cia-rdp79-01194a000400140001-7.epub
    skip (have): cia-rdp79-01194a000400140001-7_djvu.txt
/home/gian/agfarms/bucket-foundation/archive/cia-readingroom-document-cia-rdp79-01194a000400140001-7
? "Planck thermodynamik thermodynamics" → vorlesungenbert01plangoog (Vorlesungen über thermodynamik)
  ↓ downloading 2 files for vorlesungenbert01plangoog
    skip (have): vorlesungenbert01plangoog.pdf
    skip (have): vorlesungenbert01plangoog_djvu.txt
/home/gian/agfarms/bucket-foundation/archive/vorlesungenbert01plangoog
? "Lavoisier elements chemistry" → understanding-science (Understanding Science, Collected Edition, Vols 1-12)
  ↓ downloading 3 files for understanding-science
    skip (have): Understanding_Science-Vol_01_jpg85.pdf
    skip (have): Understanding_Science-Vol_01_jpg85.epub
    skip (have): Understanding_Science-Vol_01_jpg85_djvu.txt
/home/gian/agfarms/bucket-foundation/archive/understanding-science
? "Fourier analytical theory heat" → analyticaltheory00fourrich (The analytical theory of heat)
  ↓ downloading 3 files for analyticaltheory00fourrich
    skip (have): analyticaltheory00fourrich.pdf
    skip (have): analyticaltheory00fourrich.epub
    skip (have): analyticaltheory00fourrich_djvu.txt
/home/gian/agfarms/bucket-foundation/archive/analyticaltheory00fourrich
? "Galileo dialogue two world systems" → GalileiGalileoDialogueConcerningTheTwoChiefWorldSystemsEN155P. (Galilei, Galileo - Dialogue Concerning the two Chief World S)
  ↓ downloading 3 files for GalileiGalileoDialogueConcerningTheTwoChiefWorldSystemsEN155P.
    skip (have): Galilei, Galileo - Dialogue Concerning the two Chief World Systems (EN, 155 p.).pdf
    skip (have): Galilei, Galileo - Dialogue Concerning the two Chief World Systems (EN, 155 p.).epub
    skip (have): Galilei, Galileo - Dialogue Concerning the two Chief World Systems (EN, 155 p.)_djvu.txt
/home/gian/agfarms/bucket-foundation/archive/GalileiGalileoDialogueConcerningTheTwoChiefWorldSystemsEN155P.
? "Feynman QED" → MIT8.701F20 (MIT 8.701 Introduction to Nuclear and Particle Physics, Fall)
  ↓ downloading 0 files for MIT8.701F20
/home/gian/agfarms/bucket-foundation/archive/MIT8.701F20
? "Crick Watson DNA" → MIT7.01SCF11 (OCW Scholar: Fundamentals of Biology)
  ↓ downloading 0 files for MIT7.01SCF11
/home/gian/agfarms/bucket-foundation/archive/MIT7.01SCF11
? "Darwin descent of man" → descent_man_1_1011_librivox (The Descent of Man and Selection in Relation to Sex Part 1)
  ↓ downloading 2 files for descent_man_1_1011_librivox
    skip (have): descentman1_1011.pdf
    skip (have): descentman1_1011_djvu.txt
/home/gian/agfarms/bucket-foundation/archive/descent_man_1_1011_librivox
[2026-07-15T11:12:42-04:00] === archive runner done ===
[2026-07-15T11:50:10-04:00] === archive runner start ===
FAIL the-universal-one-1926-walter-russell: <urlopen error [Errno -3] Temporary failure in name resolution>
FAIL principlesofchem00menduoft: <urlopen error [Errno -3] Temporary failure in name resolution>
FAIL principlesofchem01menduoft: <urlopen error [Errno -3] Temporary failure in name resolution>
FAIL ?walter russell new concept universe: <urlopen error [Errno -3] Temporary failure in name resolution>
FAIL newtonspmathema00newtrich: <urlopen error [Errno -3] Temporary failure in name resolution>
FAIL principia00newtuoft: <urlopen error [Errno -3] Temporary failure in name resolution>
FAIL ?Newton Opticks 1704: <urlopen error [Errno -3] Temporary failure in name resolution>
FAIL ?Maxwell Treatise on Electricity and Magnetism volume 1: <urlopen error [Errno -3] Temporary failure in name resolution>
FAIL ?Maxwell Treatise on Electricity and Magnetism volume 2: <urlopen error [Errno -3] Temporary failure in name resolution>
FAIL ?Maxwell scientific papers: <urlopen error [Errno -3] Temporary failure in name resolution>
FAIL ?Faraday Experimental Researches in Electricity volume 1: <urlopen error [Errno -3] Temporary failure in name resolution>
FAIL ?Faraday Experimental Researches in Electricity volume 2: <urlopen error [Errno -3] Temporary failure in name resolution>
FAIL ?Faraday Experimental Researches in Electricity volume 3: <urlopen error [Errno -3] Temporary failure in name resolution>
FAIL ?Tesla My Inventions: <urlopen error [Errno -3] Temporary failure in name resolution>
FAIL ?Tesla Colorado Springs Notes: <urlopen error [Errno -3] Temporary failure in name resolution>
FAIL ?Tesla problem of increasing human energy: <urlopen error [Errno -3] Temporary failure in name resolution>
FAIL ?Einstein Relativity special general theory: <urlopen error [Errno -3] Temporary failure in name resolution>
FAIL ?Einstein 1905 photoelectric: <urlopen error [Errno -3] Temporary failure in name resolution>
FAIL ?Szent-Györgyi Bioenergetics: <urlopen error [Errno -3] Temporary failure in name resolution>
FAIL ?Szent-Györgyi submolecular biology: <urlopen error [Errno -3] Temporary failure in name resolution>
FAIL ?Becker Body Electric: <urlopen error [Errno -3] Temporary failure in name resolution>
FAIL ?Becker Cross Currents: <urlopen error [Errno -3] Temporary failure in name resolution>
FAIL ?Ling physical theory living state: <urlopen error [Errno -3] Temporary failure in name resolution>
FAIL ?Ling association induction: <urlopen error [Errno -3] Temporary failure in name resolution>
FAIL ?Nordenström Biologically Closed Electric Circuits: <urlopen error [Errno -3] Temporary failure in name resolution>
FAIL ?Euclid Elements Heath translation: <urlopen error [Errno -3] Temporary failure in name resolution>
FAIL ?Gauss Disquisitiones Arithmeticae: <urlopen error [Errno -3] Temporary failure in name resolution>
FAIL ?Riemann zeta hypothesis: <urlopen error [Errno -3] Temporary failure in name resolution>
FAIL ?Cantor set theory: <urlopen error [Errno -3] Temporary failure in name resolution>
FAIL ?Dirac Principles of Quantum Mechanics: <urlopen error [Errno -3] Temporary failure in name resolution>
FAIL ?Feynman lectures on physics: <urlopen error [Errno -3] Temporary failure in name resolution>
FAIL ?Shannon mathematical theory of communication: <urlopen error [Errno -3] Temporary failure in name resolution>
FAIL ?Turing computable numbers 1936: <urlopen error [Errno -3] Temporary failure in name resolution>
FAIL ?Helmholtz On the Sensations of Tone: <urlopen error [Errno -3] Temporary failure in name resolution>
FAIL ?Helmholtz Treatise Physiological Optics: <urlopen error [Errno -3] Temporary failure in name resolution>
FAIL ?Schrodinger What is Life: <urlopen error [Errno -3] Temporary failure in name resolution>
FAIL ?Schrödinger Mind and Matter: <urlopen error [Errno -3] Temporary failure in name resolution>
FAIL ?Bohr Atomic Theory Description Nature: <urlopen error [Errno -3] Temporary failure in name resolution>
FAIL ?Heisenberg Physics Philosophy: <urlopen error [Errno -3] Temporary failure in name resolution>
FAIL ?Pauli Wolfgang lectures physics: <urlopen error [Errno -3] Temporary failure in name resolution>
FAIL ?Wigner Eugene mind in physics: <urlopen error [Errno -3] Temporary failure in name resolution>
FAIL ?Wheeler Geons Black Holes Quantum Foam: <urlopen error [Errno -3] Temporary failure in name resolution>
FAIL ?Pasteur fermentation: <urlopen error [Errno -3] Temporary failure in name resolution>
FAIL ?Darwin Origin of Species: <urlopen error [Errno -3] Temporary failure in name resolution>
FAIL ?Wallace contributions theory natural selection: <urlopen error [Errno -3] Temporary failure in name resolution>
FAIL ?Linus Pauling general chemistry: <urlopen error [Errno -3] Temporary failure in name resolution>
FAIL ?Linus Pauling vitamin C: <urlopen error [Errno -3] Temporary failure in name resolution>
FAIL ?Crick what mad pursuit: <urlopen error [Errno -3] Temporary failure in name resolution>
FAIL ?Schrödinger statistical thermodynamics: <urlopen error [Errno -3] Temporary failure in name resolution>
FAIL ?Boltzmann lectures gas theory: <urlopen error [Errno -3] Temporary failure in name resolution>
FAIL ?Carnot reflections motive power fire: <urlopen error [Errno -3] Temporary failure in name resolution>
FAIL ?Planck thermodynamik thermodynamics: <urlopen error [Errno -3] Temporary failure in name resolution>
FAIL ?Lavoisier elements chemistry: <urlopen error [Errno -3] Temporary failure in name resolution>
FAIL ?Fourier analytical theory heat: <urlopen error [Errno -3] Temporary failure in name resolution>
FAIL ?Galileo dialogue two world systems: <urlopen error [Errno -3] Temporary failure in name resolution>
FAIL ?Feynman QED: <urlopen error [Errno -3] Temporary failure in name resolution>
FAIL ?Crick Watson DNA: <urlopen error [Errno -3] Temporary failure in name resolution>
FAIL ?Darwin descent of man: <urlopen error [Errno -3] Temporary failure in name resolution>
[2026-07-15T11:50:10-04:00] === archive runner done ===
[2026-07-15T13:12:11-04:00] === archive runner start ===
FAIL the-universal-one-1926-walter-russell: <urlopen error [Errno -3] Temporary failure in name resolution>
FAIL principlesofchem00menduoft: <urlopen error [Errno -3] Temporary failure in name resolution>
FAIL principlesofchem01menduoft: <urlopen error [Errno -3] Temporary failure in name resolution>
FAIL ?walter russell new concept universe: <urlopen error [Errno -3] Temporary failure in name resolution>
FAIL newtonspmathema00newtrich: <urlopen error [Errno -3] Temporary failure in name resolution>
FAIL principia00newtuoft: <urlopen error [Errno -3] Temporary failure in name resolution>
FAIL ?Newton Opticks 1704: <urlopen error [Errno -3] Temporary failure in name resolution>
FAIL ?Maxwell Treatise on Electricity and Magnetism volume 1: <urlopen error [Errno -3] Temporary failure in name resolution>
FAIL ?Maxwell Treatise on Electricity and Magnetism volume 2: <urlopen error [Errno -3] Temporary failure in name resolution>
FAIL ?Maxwell scientific papers: <urlopen error [Errno -3] Temporary failure in name resolution>
FAIL ?Faraday Experimental Researches in Electricity volume 1: <urlopen error [Errno -3] Temporary failure in name resolution>
FAIL ?Faraday Experimental Researches in Electricity volume 2: <urlopen error [Errno -3] Temporary failure in name resolution>
FAIL ?Faraday Experimental Researches in Electricity volume 3: <urlopen error [Errno -3] Temporary failure in name resolution>
FAIL ?Tesla My Inventions: <urlopen error [Errno -3] Temporary failure in name resolution>
FAIL ?Tesla Colorado Springs Notes: <urlopen error [Errno -3] Temporary failure in name resolution>
FAIL ?Tesla problem of increasing human energy: <urlopen error [Errno -3] Temporary failure in name resolution>
FAIL ?Einstein Relativity special general theory: <urlopen error [Errno -3] Temporary failure in name resolution>
FAIL ?Einstein 1905 photoelectric: <urlopen error [Errno -3] Temporary failure in name resolution>
FAIL ?Szent-Györgyi Bioenergetics: <urlopen error [Errno -3] Temporary failure in name resolution>
FAIL ?Szent-Györgyi submolecular biology: <urlopen error [Errno -3] Temporary failure in name resolution>
FAIL ?Becker Body Electric: <urlopen error [Errno -3] Temporary failure in name resolution>
FAIL ?Becker Cross Currents: <urlopen error [Errno -3] Temporary failure in name resolution>
FAIL ?Ling physical theory living state: <urlopen error [Errno -3] Temporary failure in name resolution>
FAIL ?Ling association induction: <urlopen error [Errno -3] Temporary failure in name resolution>
FAIL ?Nordenström Biologically Closed Electric Circuits: <urlopen error [Errno -3] Temporary failure in name resolution>
FAIL ?Euclid Elements Heath translation: <urlopen error [Errno -3] Temporary failure in name resolution>
FAIL ?Gauss Disquisitiones Arithmeticae: <urlopen error [Errno -3] Temporary failure in name resolution>
FAIL ?Riemann zeta hypothesis: <urlopen error [Errno -3] Temporary failure in name resolution>
FAIL ?Cantor set theory: <urlopen error [Errno -3] Temporary failure in name resolution>
FAIL ?Dirac Principles of Quantum Mechanics: <urlopen error [Errno -3] Temporary failure in name resolution>
FAIL ?Feynman lectures on physics: <urlopen error [Errno -3] Temporary failure in name resolution>
FAIL ?Shannon mathematical theory of communication: <urlopen error [Errno -3] Temporary failure in name resolution>
FAIL ?Turing computable numbers 1936: <urlopen error [Errno -3] Temporary failure in name resolution>
FAIL ?Helmholtz On the Sensations of Tone: <urlopen error [Errno -3] Temporary failure in name resolution>
FAIL ?Helmholtz Treatise Physiological Optics: <urlopen error [Errno -3] Temporary failure in name resolution>
FAIL ?Schrodinger What is Life: <urlopen error [Errno -3] Temporary failure in name resolution>
FAIL ?Schrödinger Mind and Matter: <urlopen error [Errno -3] Temporary failure in name resolution>
FAIL ?Bohr Atomic Theory Description Nature: <urlopen error [Errno -3] Temporary failure in name resolution>
FAIL ?Heisenberg Physics Philosophy: <urlopen error [Errno -3] Temporary failure in name resolution>
FAIL ?Pauli Wolfgang lectures physics: <urlopen error [Errno -3] Temporary failure in name resolution>
FAIL ?Wigner Eugene mind in physics: <urlopen error [Errno -3] Temporary failure in name resolution>
FAIL ?Wheeler Geons Black Holes Quantum Foam: <urlopen error [Errno -3] Temporary failure in name resolution>
FAIL ?Pasteur fermentation: <urlopen error [Errno -3] Temporary failure in name resolution>
FAIL ?Darwin Origin of Species: <urlopen error [Errno -3] Temporary failure in name resolution>
FAIL ?Wallace contributions theory natural selection: <urlopen error [Errno -3] Temporary failure in name resolution>
FAIL ?Linus Pauling general chemistry: <urlopen error [Errno -3] Temporary failure in name resolution>
FAIL ?Linus Pauling vitamin C: <urlopen error [Errno -3] Temporary failure in name resolution>
FAIL ?Crick what mad pursuit: <urlopen error [Errno -3] Temporary failure in name resolution>
FAIL ?Schrödinger statistical thermodynamics: <urlopen error [Errno -3] Temporary failure in name resolution>
FAIL ?Boltzmann lectures gas theory: <urlopen error [Errno -3] Temporary failure in name resolution>
FAIL ?Carnot reflections motive power fire: <urlopen error [Errno -3] Temporary failure in name resolution>
FAIL ?Planck thermodynamik thermodynamics: <urlopen error [Errno -3] Temporary failure in name resolution>
FAIL ?Lavoisier elements chemistry: <urlopen error [Errno -3] Temporary failure in name resolution>
FAIL ?Fourier analytical theory heat: <urlopen error [Errno -3] Temporary failure in name resolution>
FAIL ?Galileo dialogue two world systems: <urlopen error [Errno -3] Temporary failure in name resolution>
FAIL ?Feynman QED: <urlopen error [Errno -3] Temporary failure in name resolution>
FAIL ?Crick Watson DNA: <urlopen error [Errno -3] Temporary failure in name resolution>
FAIL ?Darwin descent of man: <urlopen error [Errno -3] Temporary failure in name resolution>
[2026-07-15T13:12:11-04:00] === archive runner done ===
[2026-07-15T13:22:31-04:00] === archive runner start ===
  ↓ downloading 3 files for the-universal-one-1926-walter-russell
    skip (have): TheUniversalOne1926WalterRussell.pdf
    skip (have): TheUniversalOne1926WalterRussell.epub
    skip (have): TheUniversalOne1926WalterRussell_djvu.txt
/home/gian/agfarms/bucket-foundation/archive/the-universal-one-1926-walter-russell
  ↓ downloading 3 files for principlesofchem00menduoft
    skip (have): principlesofchem00menduoft.pdf
    skip (have): principlesofchem00menduoft.epub
    skip (have): principlesofchem00menduoft_djvu.txt
/home/gian/agfarms/bucket-foundation/archive/principlesofchem00menduoft
  ↓ downloading 3 files for principlesofchem01menduoft
    skip (have): principlesofchem01menduoft.pdf
    skip (have): principlesofchem01menduoft.epub
    skip (have): principlesofchem01menduoft_djvu.txt
/home/gian/agfarms/bucket-foundation/archive/principlesofchem01menduoft
? "walter russell new concept universe" → ExtrasensoryPerceptionResearchFinding (Notes on the Paranormal)
  ↓ downloading 3 files for ExtrasensoryPerceptionResearchFinding
    skip (have): Extrasensory_Perception_Research_Finding.pdf
    skip (have): Extrasensory_Perception_Research_Finding.epub
    skip (have): Extrasensory_Perception_Research_Finding_djvu.txt
/home/gian/agfarms/bucket-foundation/archive/ExtrasensoryPerceptionResearchFinding
  ↓ downloading 3 files for newtonspmathema00newtrich
    skip (have): newtonspmathema00newtrich.pdf
    skip (have): newtonspmathema00newtrich.epub
    skip (have): newtonspmathema00newtrich_djvu.txt
/home/gian/agfarms/bucket-foundation/archive/newtonspmathema00newtrich
  ↓ downloading 3 files for principia00newtuoft
    skip (have): principia00newtuoft.pdf
    skip (have): principia00newtuoft.epub
    skip (have): principia00newtuoft_djvu.txt
/home/gian/agfarms/bucket-foundation/archive/principia00newtuoft
? "Newton Opticks 1704" → opticks_1203_librivox (Opticks)
  ↓ downloading 2 files for opticks_1203_librivox
    skip (have): opticks_1207.pdf
    skip (have): opticks_1207_djvu.txt
/home/gian/agfarms/bucket-foundation/archive/opticks_1203_librivox
? "Maxwell Treatise on Electricity and Magnetism volume 1" → electricandmagne01maxwrich (A treatise on electricity and magnetism)
  ↓ downloading 3 files for electricandmagne01maxwrich
    skip (have): electricandmagne01maxwrich.pdf
    skip (have): electricandmagne01maxwrich.epub
    skip (have): electricandmagne01maxwrich_djvu.txt
/home/gian/agfarms/bucket-foundation/archive/electricandmagne01maxwrich
? "Maxwell Treatise on Electricity and Magnetism volume 2" → electricandmagne01maxwrich (A treatise on electricity and magnetism)
  ↓ downloading 3 files for electricandmagne01maxwrich
    skip (have): electricandmagne01maxwrich.pdf
    skip (have): electricandmagne01maxwrich.epub
    skip (have): electricandmagne01maxwrich_djvu.txt
/home/gian/agfarms/bucket-foundation/archive/electricandmagne01maxwrich
? "Maxwell scientific papers" → scientificpapers01maxw (The scientific papers of James Clerk Maxwell)
  ↓ downloading 3 files for scientificpapers01maxw
    skip (have): scientificpapers01maxw.pdf
    skip (have): scientificpapers01maxw.epub
    skip (have): scientificpapers01maxw_djvu.txt
/home/gian/agfarms/bucket-foundation/archive/scientificpapers01maxw
? "Faraday Experimental Researches in Electricity volume 1" → ExtrasensoryPerceptionResearchFinding (Notes on the Paranormal)
  ↓ downloading 3 files for ExtrasensoryPerceptionResearchFinding
    skip (have): Extrasensory_Perception_Research_Finding.pdf
    skip (have): Extrasensory_Perception_Research_Finding.epub
    skip (have): Extrasensory_Perception_Research_Finding_djvu.txt
/home/gian/agfarms/bucket-foundation/archive/ExtrasensoryPerceptionResearchFinding
? "Faraday Experimental Researches in Electricity volume 2" → ExtrasensoryPerceptionResearchFinding (Notes on the Paranormal)
  ↓ downloading 3 files for ExtrasensoryPerceptionResearchFinding
    skip (have): Extrasensory_Perception_Research_Finding.pdf
    skip (have): Extrasensory_Perception_Research_Finding.epub
    skip (have): Extrasensory_Perception_Research_Finding_djvu.txt
/home/gian/agfarms/bucket-foundation/archive/ExtrasensoryPerceptionResearchFinding
? "Faraday Experimental Researches in Electricity volume 3" → ExtrasensoryPerceptionResearchFinding (Notes on the Paranormal)
  ↓ downloading 3 files for ExtrasensoryPerceptionResearchFinding
    skip (have): Extrasensory_Perception_Research_Finding.pdf
    skip (have): Extrasensory_Perception_Research_Finding.epub
    skip (have): Extrasensory_Perception_Research_Finding_djvu.txt
/home/gian/agfarms/bucket-foundation/archive/ExtrasensoryPerceptionResearchFinding
? "Tesla My Inventions" → pbsnovadocs (PBS Nova Documentaries)
  ↓ downloading 0 files for pbsnovadocs
/home/gian/agfarms/bucket-foundation/archive/pbsnovadocs
? "Tesla Colorado Springs Notes" → majestic-12-files (MAJESTIC 12 Files)
  ↓ downloading 0 files for majestic-12-files
/home/gian/agfarms/bucket-foundation/archive/majestic-12-files
? "Tesla problem of increasing human energy" → sharware (chestnut-multimedia)
  ↓ downloading 2 files for sharware
    FAIL chestnut/DLR/CONTENTS.pdf: [Errno 2] No such file or directory: '/home/gian/agfarms/bucket-foundation/archive/sharware/chestnut/DLR/CONTENTS.pdf'
    FAIL chestnut/DLR/CONTENTS_djvu.txt: [Errno 2] No such file or directory: '/home/gian/agfarms/bucket-foundation/archive/sharware/chestnut/DLR/CONTENTS_djvu.txt'
/home/gian/agfarms/bucket-foundation/archive/sharware
? "Einstein Relativity special general theory" → relativity_librivox (Relativity: The Special and General Theory)
  ↓ downloading 2 files for relativity_librivox
    skip (have): relativity_1003.pdf
    skip (have): relativity_1003_djvu.txt
/home/gian/agfarms/bucket-foundation/archive/relativity_librivox
? "Einstein 1905 photoelectric" → cia-readingroom-document-cia-rdp96-00788r001100010004-6 (CIA Reading Room cia-rdp96-00788r001100010004-6: PROCEEDINGS)
  ↓ downloading 3 files for cia-readingroom-document-cia-rdp96-00788r001100010004-6
    skip (have): cia-rdp96-00788r001100010004-6.pdf
    skip (have): cia-rdp96-00788r001100010004-6.epub
    skip (have): cia-rdp96-00788r001100010004-6_djvu.txt
/home/gian/agfarms/bucket-foundation/archive/cia-readingroom-document-cia-rdp96-00788r001100010004-6
? "Szent-Györgyi Bioenergetics" → bioenergetics00szen (Bioenergetics)
  ↓ downloading 3 files for bioenergetics00szen
    skip (have): bioenergetics00szen.pdf
    skip (have): bioenergetics00szen.epub
    skip (have): bioenergetics00szen_djvu.txt
/home/gian/agfarms/bucket-foundation/archive/bioenergetics00szen
NO HITS: Szent-Györgyi submolecular biology
? "Becker Body Electric" → die-or-d.i.y.-full-archive ((Blogger) Die or D.I.Y.? Full Archive)
  ↓ downloading 0 files for die-or-d.i.y.-full-archive
/home/gian/agfarms/bucket-foundation/archive/die-or-d.i.y.-full-archive
? "Becker Cross Currents" → ExtrasensoryPerceptionResearchFinding (Notes on the Paranormal)
  ↓ downloading 3 files for ExtrasensoryPerceptionResearchFinding
    skip (have): Extrasensory_Perception_Research_Finding.pdf
    skip (have): Extrasensory_Perception_Research_Finding.epub
    skip (have): Extrasensory_Perception_Research_Finding_djvu.txt
/home/gian/agfarms/bucket-foundation/archive/ExtrasensoryPerceptionResearchFinding
? "Ling physical theory living state" → BluePlanetProjectUFOTECHNOLOGY (Blue Planet Project UFO TECHNOLOGY)
  ↓ downloading 3 files for BluePlanetProjectUFOTECHNOLOGY
    skip (have): Blue Planet Project UFO TECHNOLOGY.pdf
    skip (have): Blue Planet Project UFO TECHNOLOGY.epub
    skip (have): Blue Planet Project UFO TECHNOLOGY_djvu.txt
/home/gian/agfarms/bucket-foundation/archive/BluePlanetProjectUFOTECHNOLOGY
? "Ling association induction" → ibogaine_literature (Ibogaine Literature)
  ↓ downloading 3 files for ibogaine_literature
    skip (have): abaul1989.pdf
    skip (have): agwada1975.pdf
    skip (have): abaul1989_djvu.txt
/home/gian/agfarms/bucket-foundation/archive/ibogaine_literature
? "Nordenström Biologically Closed Electric Circuits" → biokinetic-impacts-on-structure-and-imaging-of-the-lung-the-concept-of-biologica (Biokinetic Impacts on Structure and Imaging of the Lung the )
  ↓ downloading 2 files for biokinetic-impacts-on-structure-and-imaging-of-the-lung-the-concept-of-biologica
    skip (have): Biokinetic impacts on structure and imaging of the lung the concept of biologically closed electric circuits - Nordenstrom AJR 1985.pdf
    skip (have): Biokinetic impacts on structure and imaging of the lung the concept of biologically closed electric circuits - Nordenstrom AJR 1985_djvu.txt
/home/gian/agfarms/bucket-foundation/archive/biokinetic-impacts-on-structure-and-imaging-of-the-lung-the-concept-of-biologica
? "Euclid Elements Heath translation" → EuclidsElementsBooksIIIVolume1Heath (Euclid's Elements Books I II Volume 1 Heath)
  ↓ downloading 2 files for EuclidsElementsBooksIIIVolume1Heath
    skip (have): Euclid's_Elements_Books_I-II_Volume_1-Heath.pdf
    skip (have): Euclid's_Elements_Books_I-II_Volume_1-Heath_djvu.txt
/home/gian/agfarms/bucket-foundation/archive/EuclidsElementsBooksIIIVolume1Heath
? "Gauss Disquisitiones Arithmeticae" → disquisitionesa00gaus (Disquisitiones arithmeticae)
  ↓ downloading 3 files for disquisitionesa00gaus
    skip (have): disquisitionesa00gaus.pdf
    skip (have): disquisitionesa00gaus.epub
    skip (have): disquisitionesa00gaus_djvu.txt
/home/gian/agfarms/bucket-foundation/archive/disquisitionesa00gaus
? "Riemann zeta hypothesis" → logicalcross (LogicalCross)
  ↓ downloading 2 files for logicalcross
    skip (have): essay.pdf
    skip (have): essay_djvu.txt
/home/gian/agfarms/bucket-foundation/archive/logicalcross
? "Cantor set theory" → YouDontNeedAWeathermanToKnowWhichWayTheWindBlows_925 (You Don't Need A Weatherman To Know Which Way The Wind Blows)
  ↓ downloading 3 files for YouDontNeedAWeathermanToKnowWhichWayTheWindBlows_925
    skip (have): YouDontNeedAWeathermanToKnowWhichWayTheWindBlows_925.pdf
    skip (have): YouDontNeedAWeathermanToKnowWhichWayTheWindBlows_925.epub
    skip (have): YouDontNeedAWeathermanToKnowWhichWayTheWindBlows_925_djvu.txt
/home/gian/agfarms/bucket-foundation/archive/YouDontNeedAWeathermanToKnowWhichWayTheWindBlows_925
? "Dirac Principles of Quantum Mechanics" → academictorrents_f24122f15283757aa8a9bf9cb638db266273442d ([Coursera] Exploring Quantum Physics)
  ↓ downloading 3 files for academictorrents_f24122f15283757aa8a9bf9cb638db266273442d
    FAIL Lectures/Week 1 - 02 Wavefunctions and Schrdinger Equation/01_Part_I-_Comments_on_studying_QM_10-11.pdf: [Errno 2] No such file or directory: '/home/gian/agfarms/bucket-foundation/archive/academictorrents_f24122f15283757aa8a9bf9cb638db266273442d/Lectures/Week 1 - 02 Wavefunctions and Schrdinger Equation/01_Part_I-_Comments_on_studying_QM_10-11.pdf'
    FAIL Lectures/Week 8 - 17 Time-dependent quantum mechanics Victor Galitski/01_Part_I-_Time-dependent_Schrdinger_Eq._general_remarks_23-04.pdf: [Errno 2] No such file or directory: '/home/gian/agfarms/bucket-foundation/archive/academictorrents_f24122f15283757aa8a9bf9cb638db266273442d/Lectures/Week 8 - 17 Time-dependent quantum mechanics Victor Galitski/01_Part_I-_Time-dependent_Schrdinger_Eq._general_remarks_23-04.pdf'
    FAIL Lectures/Week 1 - 02 Wavefunctions and Schrdinger Equation/01_Part_I-_Comments_on_studying_QM_10-11_djvu.txt: [Errno 2] No such file or directory: '/home/gian/agfarms/bucket-foundation/archive/academictorrents_f24122f15283757aa8a9bf9cb638db266273442d/Lectures/Week 1 - 02 Wavefunctions and Schrdinger Equation/01_Part_I-_Comments_on_studying_QM_10-11_djvu.txt'
/home/gian/agfarms/bucket-foundation/archive/academictorrents_f24122f15283757aa8a9bf9cb638db266273442d
? "Feynman lectures on physics" → academictorrents_f24122f15283757aa8a9bf9cb638db266273442d ([Coursera] Exploring Quantum Physics)
  ↓ downloading 3 files for academictorrents_f24122f15283757aa8a9bf9cb638db266273442d
    FAIL Lectures/Week 1 - 02 Wavefunctions and Schrdinger Equation/01_Part_I-_Comments_on_studying_QM_10-11.pdf: [Errno 2] No such file or directory: '/home/gian/agfarms/bucket-foundation/archive/academictorrents_f24122f15283757aa8a9bf9cb638db266273442d/Lectures/Week 1 - 02 Wavefunctions and Schrdinger Equation/01_Part_I-_Comments_on_studying_QM_10-11.pdf'
    FAIL Lectures/Week 8 - 17 Time-dependent quantum mechanics Victor Galitski/01_Part_I-_Time-dependent_Schrdinger_Eq._general_remarks_23-04.pdf: [Errno 2] No such file or directory: '/home/gian/agfarms/bucket-foundation/archive/academictorrents_f24122f15283757aa8a9bf9cb638db266273442d/Lectures/Week 8 - 17 Time-dependent quantum mechanics Victor Galitski/01_Part_I-_Time-dependent_Schrdinger_Eq._general_remarks_23-04.pdf'
    FAIL Lectures/Week 1 - 02 Wavefunctions and Schrdinger Equation/01_Part_I-_Comments_on_studying_QM_10-11_djvu.txt: [Errno 2] No such file or directory: '/home/gian/agfarms/bucket-foundation/archive/academictorrents_f24122f15283757aa8a9bf9cb638db266273442d/Lectures/Week 1 - 02 Wavefunctions and Schrdinger Equation/01_Part_I-_Comments_on_studying_QM_10-11_djvu.txt'
/home/gian/agfarms/bucket-foundation/archive/academictorrents_f24122f15283757aa8a9bf9cb638db266273442d
? "Shannon mathematical theory of communication" → communications_primer (Communications Primer, A)
  ↓ downloading 0 files for communications_primer
/home/gian/agfarms/bucket-foundation/archive/communications_primer
? "Turing computable numbers 1936" → turingsvisionbir0000bern (Turing's vision : the birth of computer science)
  ↓ downloading 3 files for turingsvisionbir0000bern
    FAIL turingsvisionbir0000bern.pdf: HTTP Error 401: Unauthorized
    FAIL turingsvisionbir0000bern.epub: <urlopen error [SSL: UNEXPECTED_EOF_WHILE_READING] EOF occurred in violation of protocol (_ssl.c:1032)>
    FAIL turingsvisionbir0000bern_djvu.txt: HTTP Error 401: Unauthorized
/home/gian/agfarms/bucket-foundation/archive/turingsvisionbir0000bern
? "Helmholtz On the Sensations of Tone" → onsensationsofto00helmrich (On the sensations of tone as a physiological basis for the t)
  ↓ downloading 3 files for onsensationsofto00helmrich
    skip (have): onsensationsofto00helmrich.pdf
    skip (have): onsensationsofto00helmrich.epub
    skip (have): onsensationsofto00helmrich_djvu.txt
/home/gian/agfarms/bucket-foundation/archive/onsensationsofto00helmrich
? "Helmholtz Treatise Physiological Optics" → ExtrasensoryPerceptionResearchFinding (Notes on the Paranormal)
  ↓ downloading 3 files for ExtrasensoryPerceptionResearchFinding
    skip (have): Extrasensory_Perception_Research_Finding.pdf
    skip (have): Extrasensory_Perception_Research_Finding.epub
    skip (have): Extrasensory_Perception_Research_Finding_djvu.txt
/home/gian/agfarms/bucket-foundation/archive/ExtrasensoryPerceptionResearchFinding
? "Schrodinger What is Life" → WhatIsLife-EdwardSchrodinger (WHAT IS LIFE? - ERWIN SCHRODINGER)
  ↓ downloading 3 files for WhatIsLife-EdwardSchrodinger
    skip (have): whatislife-schrodinger.pdf
    skip (have): whatislife-schrodinger.epub
    skip (have): whatislife-schrodinger_djvu.txt
/home/gian/agfarms/bucket-foundation/archive/WhatIsLife-EdwardSchrodinger
? "Schrödinger Mind and Matter" → Necktar2017Volume9 (Necktar 2017 volume 9)
  ↓ downloading 0 files for Necktar2017Volume9
/home/gian/agfarms/bucket-foundation/archive/Necktar2017Volume9
? "Bohr Atomic Theory Description Nature" → ExtrasensoryPerceptionResearchFinding (Notes on the Paranormal)
  ↓ downloading 3 files for ExtrasensoryPerceptionResearchFinding
    skip (have): Extrasensory_Perception_Research_Finding.pdf
    skip (have): Extrasensory_Perception_Research_Finding.epub
    skip (have): Extrasensory_Perception_Research_Finding_djvu.txt
/home/gian/agfarms/bucket-foundation/archive/ExtrasensoryPerceptionResearchFinding
? "Heisenberg Physics Philosophy" → 216.TheLastEpisodeAtLeastForAWhileOrMaybeForever_670 (216. The Last Episode, at Least for a While, or Maybe Foreve)
  ↓ downloading 0 files for 216.TheLastEpisodeAtLeastForAWhileOrMaybeForever_670
/home/gian/agfarms/bucket-foundation/archive/216.TheLastEpisodeAtLeastForAWhileOrMaybeForever_670
? "Pauli Wolfgang lectures physics" → 1_20210412_20210412_0345 (Epigenesis, Existentialism and Creativity)
  ↓ downloading 0 files for 1_20210412_20210412_0345
/home/gian/agfarms/bucket-foundation/archive/1_20210412_20210412_0345
? "Wigner Eugene mind in physics" → cia-readingroom-document-cia-rdp96-00787r000500380004-4 (CIA Reading Room cia-rdp96-00787r000500380004-4: PSYCHIC PRO)
  ↓ downloading 3 files for cia-readingroom-document-cia-rdp96-00787r000500380004-4
    skip (have): cia-rdp96-00787r000500380004-4.pdf
    skip (have): cia-rdp96-00787r000500380004-4.epub
    skip (have): cia-rdp96-00787r000500380004-4_djvu.txt
/home/gian/agfarms/bucket-foundation/archive/cia-readingroom-document-cia-rdp96-00787r000500380004-4
? "Wheeler Geons Black Holes Quantum Foam" → geonsblackholesq00whee (Geons, black holes, and quantum foam : a life in physics)
  ↓ downloading 3 files for geonsblackholesq00whee
    FAIL geonsblackholesq00whee.pdf: HTTP Error 401: Unauthorized
    FAIL geonsblackholesq00whee.epub: HTTP Error 401: Unauthorized
    FAIL geonsblackholesq00whee_djvu.txt: HTTP Error 401: Unauthorized
/home/gian/agfarms/bucket-foundation/archive/geonsblackholesq00whee
? "Pasteur fermentation" → mmoiresurlafer00past (Mémoire sur la fermentation alcoolique)
  ↓ downloading 2 files for mmoiresurlafer00past
    skip (have): mmoiresurlafer00past.pdf
    skip (have): mmoiresurlafer00past_djvu.txt
/home/gian/agfarms/bucket-foundation/archive/mmoiresurlafer00past
? "Darwin Origin of Species" → origin_species_librivox (On the Origin of Species by Means of Natural Selection)
  ↓ downloading 2 files for origin_species_librivox
    skip (have): On_the_Origin_of_Species_by_Means_of_Natural_Selection_1005.pdf
    skip (have): On_the_Origin_of_Species_by_Means_of_Natural_Selection_1005_djvu.txt
/home/gian/agfarms/bucket-foundation/archive/origin_species_librivox
? "Wallace contributions theory natural selection" → ExtrasensoryPerceptionResearchFinding (Notes on the Paranormal)
  ↓ downloading 3 files for ExtrasensoryPerceptionResearchFinding
    skip (have): Extrasensory_Perception_Research_Finding.pdf
    skip (have): Extrasensory_Perception_Research_Finding.epub
    skip (have): Extrasensory_Perception_Research_Finding_djvu.txt
/home/gian/agfarms/bucket-foundation/archive/ExtrasensoryPerceptionResearchFinding
? "Linus Pauling general chemistry" → introductiontoqu031712mbp (['Introduction To Quantum Mechanics', 'With Applications To Chemistry.'])
  ↓ downloading 3 files for introductiontoqu031712mbp
    skip (have): introductiontoqu031712mbp.pdf
    skip (have): introductiontoqu031712mbp.epub
    skip (have): introductiontoqu031712mbp_djvu.txt
/home/gian/agfarms/bucket-foundation/archive/introductiontoqu031712mbp
? "Linus Pauling vitamin C" → How_To_Live_Longer_And_Feel_Better_PDF (Linus Pauling PhD: How To Live Longer And Feel Better pdf)
  ↓ downloading 3 files for How_To_Live_Longer_And_Feel_Better_PDF
    skip (have): How to live longer and feel better - Pauling, Linus, 1901-1994.pdf
    skip (have): How to live longer and feel better - Pauling, Linus, 1901-1994.epub
    skip (have): How to live longer and feel better - Pauling, Linus, 1901-1994_djvu.txt
/home/gian/agfarms/bucket-foundation/archive/How_To_Live_Longer_And_Feel_Better_PDF
? "Crick what mad pursuit" → oxfordbookofmode0000unse_a2g6 (The Oxford book of modern science writing)
  ↓ downloading 3 files for oxfordbookofmode0000unse_a2g6
    FAIL oxfordbookofmode0000unse_a2g6.pdf: HTTP Error 401: Unauthorized
    FAIL oxfordbookofmode0000unse_a2g6.epub: HTTP Error 401: Unauthorized
    FAIL oxfordbookofmode0000unse_a2g6_djvu.txt: HTTP Error 401: Unauthorized
/home/gian/agfarms/bucket-foundation/archive/oxfordbookofmode0000unse_a2g6
? "Schrödinger statistical thermodynamics" → yavorskydetlafamodernhandbookofphysicsmir1982 (A Modern Handbook Of Physics)
  ↓ downloading 3 files for yavorskydetlafamodernhandbookofphysicsmir1982
    skip (have): Yavorsky-Detlaf-A-Modern-Handbook-of-Physics-Mir-1982.pdf
    skip (have): Yavorsky-Detlaf-A-Modern-Handbook-of-Physics-Mir-1982.epub
    skip (have): Yavorsky-Detlaf-A-Modern-Handbook-of-Physics-Mir-1982_djvu.txt
/home/gian/agfarms/bucket-foundation/archive/yavorskydetlafamodernhandbookofphysicsmir1982
? "Boltzmann lectures gas theory" → lectures-on-gas-theory-ludwig-boltzmann (Lectures on Gas Theory - Ludwig Boltzmann, Stephen G. Brush)
  ↓ downloading 3 files for lectures-on-gas-theory-ludwig-boltzmann
    skip (have): Lectures on Gas Theory - Ludwig Boltzmann.pdf
    skip (have): Lectures on Gas Theory - Ludwig Boltzmann.epub
    skip (have): Lectures on Gas Theory - Ludwig Boltzmann_djvu.txt
/home/gian/agfarms/bucket-foundation/archive/lectures-on-gas-theory-ludwig-boltzmann
? "Carnot reflections motive power fire" → cia-readingroom-document-cia-rdp79-01194a000400140001-7 (CIA Reading Room cia-rdp79-01194a000400140001-7: CA PROPAGAN)
  ↓ downloading 3 files for cia-readingroom-document-cia-rdp79-01194a000400140001-7
    skip (have): cia-rdp79-01194a000400140001-7.pdf
    skip (have): cia-rdp79-01194a000400140001-7.epub
    skip (have): cia-rdp79-01194a000400140001-7_djvu.txt
/home/gian/agfarms/bucket-foundation/archive/cia-readingroom-document-cia-rdp79-01194a000400140001-7
? "Planck thermodynamik thermodynamics" → vorlesungenbert01plangoog (Vorlesungen über thermodynamik)
  ↓ downloading 2 files for vorlesungenbert01plangoog
    skip (have): vorlesungenbert01plangoog.pdf
    skip (have): vorlesungenbert01plangoog_djvu.txt
/home/gian/agfarms/bucket-foundation/archive/vorlesungenbert01plangoog
? "Lavoisier elements chemistry" → understanding-science (Understanding Science, Collected Edition, Vols 1-12)
  ↓ downloading 3 files for understanding-science
    skip (have): Understanding_Science-Vol_01_jpg85.pdf
    skip (have): Understanding_Science-Vol_01_jpg85.epub
    skip (have): Understanding_Science-Vol_01_jpg85_djvu.txt
/home/gian/agfarms/bucket-foundation/archive/understanding-science
? "Fourier analytical theory heat" → analyticaltheory00fourrich (The analytical theory of heat)
  ↓ downloading 3 files for analyticaltheory00fourrich
    skip (have): analyticaltheory00fourrich.pdf
    skip (have): analyticaltheory00fourrich.epub
    skip (have): analyticaltheory00fourrich_djvu.txt
/home/gian/agfarms/bucket-foundation/archive/analyticaltheory00fourrich
? "Galileo dialogue two world systems" → GalileiGalileoDialogueConcerningTheTwoChiefWorldSystemsEN155P. (Galilei, Galileo - Dialogue Concerning the two Chief World S)
  ↓ downloading 3 files for GalileiGalileoDialogueConcerningTheTwoChiefWorldSystemsEN155P.
    skip (have): Galilei, Galileo - Dialogue Concerning the two Chief World Systems (EN, 155 p.).pdf
    skip (have): Galilei, Galileo - Dialogue Concerning the two Chief World Systems (EN, 155 p.).epub
    skip (have): Galilei, Galileo - Dialogue Concerning the two Chief World Systems (EN, 155 p.)_djvu.txt
/home/gian/agfarms/bucket-foundation/archive/GalileiGalileoDialogueConcerningTheTwoChiefWorldSystemsEN155P.
? "Feynman QED" → MIT8.701F20 (MIT 8.701 Introduction to Nuclear and Particle Physics, Fall)
  ↓ downloading 0 files for MIT8.701F20
/home/gian/agfarms/bucket-foundation/archive/MIT8.701F20
? "Crick Watson DNA" → MIT7.01SCF11 (OCW Scholar: Fundamentals of Biology)
FAIL ?Crick Watson DNA: <urlopen error _ssl.c:1015: The handshake operation timed out>
? "Darwin descent of man" → descent_man_1_1011_librivox (The Descent of Man and Selection in Relation to Sex Part 1)
  ↓ downloading 2 files for descent_man_1_1011_librivox
    skip (have): descentman1_1011.pdf
    skip (have): descentman1_1011_djvu.txt
/home/gian/agfarms/bucket-foundation/archive/descent_man_1_1011_librivox
[2026-07-15T13:29:57-04:00] === archive runner done ===
[2026-07-16T09:47:45-04:00] === archive runner start ===
FAIL the-universal-one-1926-walter-russell: <urlopen error [Errno -3] Temporary failure in name resolution>
FAIL principlesofchem00menduoft: <urlopen error [Errno -3] Temporary failure in name resolution>
FAIL principlesofchem01menduoft: <urlopen error [Errno -3] Temporary failure in name resolution>
FAIL ?walter russell new concept universe: <urlopen error [Errno -3] Temporary failure in name resolution>
FAIL newtonspmathema00newtrich: <urlopen error [Errno -3] Temporary failure in name resolution>
FAIL principia00newtuoft: <urlopen error [Errno -3] Temporary failure in name resolution>
FAIL ?Newton Opticks 1704: <urlopen error [Errno -3] Temporary failure in name resolution>
FAIL ?Maxwell Treatise on Electricity and Magnetism volume 1: <urlopen error [Errno -3] Temporary failure in name resolution>
FAIL ?Maxwell Treatise on Electricity and Magnetism volume 2: <urlopen error [Errno -3] Temporary failure in name resolution>
FAIL ?Maxwell scientific papers: <urlopen error [Errno -3] Temporary failure in name resolution>
FAIL ?Faraday Experimental Researches in Electricity volume 1: <urlopen error [Errno -3] Temporary failure in name resolution>
FAIL ?Faraday Experimental Researches in Electricity volume 2: <urlopen error [Errno -3] Temporary failure in name resolution>
FAIL ?Faraday Experimental Researches in Electricity volume 3: <urlopen error [Errno -3] Temporary failure in name resolution>
FAIL ?Tesla My Inventions: <urlopen error [Errno -3] Temporary failure in name resolution>
FAIL ?Tesla Colorado Springs Notes: <urlopen error [Errno -3] Temporary failure in name resolution>
FAIL ?Tesla problem of increasing human energy: <urlopen error [Errno -3] Temporary failure in name resolution>
FAIL ?Einstein Relativity special general theory: <urlopen error [Errno -3] Temporary failure in name resolution>
FAIL ?Einstein 1905 photoelectric: <urlopen error [Errno -3] Temporary failure in name resolution>
FAIL ?Szent-Györgyi Bioenergetics: <urlopen error [Errno -3] Temporary failure in name resolution>
FAIL ?Szent-Györgyi submolecular biology: <urlopen error [Errno -3] Temporary failure in name resolution>
FAIL ?Becker Body Electric: <urlopen error [Errno -3] Temporary failure in name resolution>
FAIL ?Becker Cross Currents: <urlopen error [Errno -3] Temporary failure in name resolution>
FAIL ?Ling physical theory living state: <urlopen error [Errno -3] Temporary failure in name resolution>
FAIL ?Ling association induction: <urlopen error [Errno -3] Temporary failure in name resolution>
FAIL ?Nordenström Biologically Closed Electric Circuits: <urlopen error [Errno -3] Temporary failure in name resolution>
FAIL ?Euclid Elements Heath translation: <urlopen error [Errno -3] Temporary failure in name resolution>
FAIL ?Gauss Disquisitiones Arithmeticae: <urlopen error [Errno -3] Temporary failure in name resolution>
FAIL ?Riemann zeta hypothesis: <urlopen error [Errno -3] Temporary failure in name resolution>
FAIL ?Cantor set theory: <urlopen error [Errno -3] Temporary failure in name resolution>
FAIL ?Dirac Principles of Quantum Mechanics: <urlopen error [Errno -3] Temporary failure in name resolution>
FAIL ?Feynman lectures on physics: <urlopen error [Errno -3] Temporary failure in name resolution>
FAIL ?Shannon mathematical theory of communication: <urlopen error [Errno -3] Temporary failure in name resolution>
FAIL ?Turing computable numbers 1936: <urlopen error [Errno -3] Temporary failure in name resolution>
FAIL ?Helmholtz On the Sensations of Tone: <urlopen error [Errno -3] Temporary failure in name resolution>
FAIL ?Helmholtz Treatise Physiological Optics: <urlopen error [Errno -3] Temporary failure in name resolution>
FAIL ?Schrodinger What is Life: <urlopen error [Errno -3] Temporary failure in name resolution>
FAIL ?Schrödinger Mind and Matter: <urlopen error [Errno -3] Temporary failure in name resolution>
FAIL ?Bohr Atomic Theory Description Nature: <urlopen error [Errno -3] Temporary failure in name resolution>
FAIL ?Heisenberg Physics Philosophy: <urlopen error [Errno -3] Temporary failure in name resolution>
FAIL ?Pauli Wolfgang lectures physics: <urlopen error [Errno -3] Temporary failure in name resolution>
FAIL ?Wigner Eugene mind in physics: <urlopen error [Errno -3] Temporary failure in name resolution>
FAIL ?Wheeler Geons Black Holes Quantum Foam: <urlopen error [Errno -3] Temporary failure in name resolution>
FAIL ?Pasteur fermentation: <urlopen error [Errno -3] Temporary failure in name resolution>
FAIL ?Darwin Origin of Species: <urlopen error [Errno -3] Temporary failure in name resolution>
FAIL ?Wallace contributions theory natural selection: <urlopen error [Errno -3] Temporary failure in name resolution>
FAIL ?Linus Pauling general chemistry: <urlopen error [Errno -3] Temporary failure in name resolution>
FAIL ?Linus Pauling vitamin C: <urlopen error [Errno -3] Temporary failure in name resolution>
FAIL ?Crick what mad pursuit: <urlopen error [Errno -3] Temporary failure in name resolution>
FAIL ?Schrödinger statistical thermodynamics: <urlopen error [Errno -3] Temporary failure in name resolution>
FAIL ?Boltzmann lectures gas theory: <urlopen error [Errno -3] Temporary failure in name resolution>
FAIL ?Carnot reflections motive power fire: <urlopen error [Errno -3] Temporary failure in name resolution>
FAIL ?Planck thermodynamik thermodynamics: <urlopen error [Errno -3] Temporary failure in name resolution>
FAIL ?Lavoisier elements chemistry: <urlopen error [Errno -3] Temporary failure in name resolution>
FAIL ?Fourier analytical theory heat: <urlopen error [Errno -3] Temporary failure in name resolution>
FAIL ?Galileo dialogue two world systems: <urlopen error [Errno -3] Temporary failure in name resolution>
FAIL ?Feynman QED: <urlopen error [Errno -3] Temporary failure in name resolution>
FAIL ?Crick Watson DNA: <urlopen error [Errno -3] Temporary failure in name resolution>
FAIL ?Darwin descent of man: <urlopen error [Errno -3] Temporary failure in name resolution>
[2026-07-16T09:47:46-04:00] === archive runner done ===
[2026-07-16T09:58:17-04:00] === archive runner start ===
  ↓ downloading 3 files for the-universal-one-1926-walter-russell
    skip (have): TheUniversalOne1926WalterRussell.pdf
    skip (have): TheUniversalOne1926WalterRussell.epub
    skip (have): TheUniversalOne1926WalterRussell_djvu.txt
/home/gian/agfarms/bucket-foundation/archive/the-universal-one-1926-walter-russell
  ↓ downloading 3 files for principlesofchem00menduoft
    skip (have): principlesofchem00menduoft.pdf
    skip (have): principlesofchem00menduoft.epub
    skip (have): principlesofchem00menduoft_djvu.txt
/home/gian/agfarms/bucket-foundation/archive/principlesofchem00menduoft
  ↓ downloading 3 files for principlesofchem01menduoft
    skip (have): principlesofchem01menduoft.pdf
    skip (have): principlesofchem01menduoft.epub
    skip (have): principlesofchem01menduoft_djvu.txt
/home/gian/agfarms/bucket-foundation/archive/principlesofchem01menduoft
? "walter russell new concept universe" → ExtrasensoryPerceptionResearchFinding (Notes on the Paranormal)
  ↓ downloading 3 files for ExtrasensoryPerceptionResearchFinding
    skip (have): Extrasensory_Perception_Research_Finding.pdf
    skip (have): Extrasensory_Perception_Research_Finding.epub
    skip (have): Extrasensory_Perception_Research_Finding_djvu.txt
/home/gian/agfarms/bucket-foundation/archive/ExtrasensoryPerceptionResearchFinding
  ↓ downloading 3 files for newtonspmathema00newtrich
    skip (have): newtonspmathema00newtrich.pdf
    skip (have): newtonspmathema00newtrich.epub
    skip (have): newtonspmathema00newtrich_djvu.txt
/home/gian/agfarms/bucket-foundation/archive/newtonspmathema00newtrich
  ↓ downloading 3 files for principia00newtuoft
    skip (have): principia00newtuoft.pdf
    skip (have): principia00newtuoft.epub
    skip (have): principia00newtuoft_djvu.txt
/home/gian/agfarms/bucket-foundation/archive/principia00newtuoft
? "Newton Opticks 1704" → opticks_1203_librivox (Opticks)
  ↓ downloading 2 files for opticks_1203_librivox
    skip (have): opticks_1207.pdf
    skip (have): opticks_1207_djvu.txt
/home/gian/agfarms/bucket-foundation/archive/opticks_1203_librivox
? "Maxwell Treatise on Electricity and Magnetism volume 1" → electricandmagne01maxwrich (A treatise on electricity and magnetism)
  ↓ downloading 3 files for electricandmagne01maxwrich
    skip (have): electricandmagne01maxwrich.pdf
    skip (have): electricandmagne01maxwrich.epub
    skip (have): electricandmagne01maxwrich_djvu.txt
/home/gian/agfarms/bucket-foundation/archive/electricandmagne01maxwrich
? "Maxwell Treatise on Electricity and Magnetism volume 2" → electricandmagne01maxwrich (A treatise on electricity and magnetism)
  ↓ downloading 3 files for electricandmagne01maxwrich
    skip (have): electricandmagne01maxwrich.pdf
    skip (have): electricandmagne01maxwrich.epub
    skip (have): electricandmagne01maxwrich_djvu.txt
/home/gian/agfarms/bucket-foundation/archive/electricandmagne01maxwrich
? "Maxwell scientific papers" → scientificpapers01maxw (The scientific papers of James Clerk Maxwell)
  ↓ downloading 3 files for scientificpapers01maxw
    skip (have): scientificpapers01maxw.pdf
    skip (have): scientificpapers01maxw.epub
    skip (have): scientificpapers01maxw_djvu.txt
/home/gian/agfarms/bucket-foundation/archive/scientificpapers01maxw
? "Faraday Experimental Researches in Electricity volume 1" → ExtrasensoryPerceptionResearchFinding (Notes on the Paranormal)
  ↓ downloading 3 files for ExtrasensoryPerceptionResearchFinding
    skip (have): Extrasensory_Perception_Research_Finding.pdf
    skip (have): Extrasensory_Perception_Research_Finding.epub
    skip (have): Extrasensory_Perception_Research_Finding_djvu.txt
/home/gian/agfarms/bucket-foundation/archive/ExtrasensoryPerceptionResearchFinding
? "Faraday Experimental Researches in Electricity volume 2" → ExtrasensoryPerceptionResearchFinding (Notes on the Paranormal)
  ↓ downloading 3 files for ExtrasensoryPerceptionResearchFinding
    skip (have): Extrasensory_Perception_Research_Finding.pdf
    skip (have): Extrasensory_Perception_Research_Finding.epub
    skip (have): Extrasensory_Perception_Research_Finding_djvu.txt
/home/gian/agfarms/bucket-foundation/archive/ExtrasensoryPerceptionResearchFinding
? "Faraday Experimental Researches in Electricity volume 3" → ExtrasensoryPerceptionResearchFinding (Notes on the Paranormal)
  ↓ downloading 3 files for ExtrasensoryPerceptionResearchFinding
    skip (have): Extrasensory_Perception_Research_Finding.pdf
    skip (have): Extrasensory_Perception_Research_Finding.epub
    skip (have): Extrasensory_Perception_Research_Finding_djvu.txt
/home/gian/agfarms/bucket-foundation/archive/ExtrasensoryPerceptionResearchFinding
? "Tesla My Inventions" → pbsnovadocs (PBS Nova Documentaries)
  ↓ downloading 0 files for pbsnovadocs
/home/gian/agfarms/bucket-foundation/archive/pbsnovadocs
? "Tesla Colorado Springs Notes" → majestic-12-files (MAJESTIC 12 Files)
  ↓ downloading 0 files for majestic-12-files
/home/gian/agfarms/bucket-foundation/archive/majestic-12-files
? "Tesla problem of increasing human energy" → sharware (chestnut-multimedia)
  ↓ downloading 2 files for sharware
    FAIL chestnut/DLR/CONTENTS.pdf: [Errno 2] No such file or directory: '/home/gian/agfarms/bucket-foundation/archive/sharware/chestnut/DLR/CONTENTS.pdf'
    FAIL chestnut/DLR/CONTENTS_djvu.txt: [Errno 2] No such file or directory: '/home/gian/agfarms/bucket-foundation/archive/sharware/chestnut/DLR/CONTENTS_djvu.txt'
/home/gian/agfarms/bucket-foundation/archive/sharware
? "Einstein Relativity special general theory" → relativity_librivox (Relativity: The Special and General Theory)
  ↓ downloading 2 files for relativity_librivox
    skip (have): relativity_1003.pdf
    skip (have): relativity_1003_djvu.txt
/home/gian/agfarms/bucket-foundation/archive/relativity_librivox
? "Einstein 1905 photoelectric" → cia-readingroom-document-cia-rdp96-00788r001100010004-6 (CIA Reading Room cia-rdp96-00788r001100010004-6: PROCEEDINGS)
  ↓ downloading 3 files for cia-readingroom-document-cia-rdp96-00788r001100010004-6
    skip (have): cia-rdp96-00788r001100010004-6.pdf
    skip (have): cia-rdp96-00788r001100010004-6.epub
    skip (have): cia-rdp96-00788r001100010004-6_djvu.txt
/home/gian/agfarms/bucket-foundation/archive/cia-readingroom-document-cia-rdp96-00788r001100010004-6
? "Szent-Györgyi Bioenergetics" → bioenergetics00szen (Bioenergetics)
  ↓ downloading 3 files for bioenergetics00szen
    skip (have): bioenergetics00szen.pdf
    skip (have): bioenergetics00szen.epub
    skip (have): bioenergetics00szen_djvu.txt
/home/gian/agfarms/bucket-foundation/archive/bioenergetics00szen
NO HITS: Szent-Györgyi submolecular biology
? "Becker Body Electric" → die-or-d.i.y.-full-archive ((Blogger) Die or D.I.Y.? Full Archive)
  ↓ downloading 0 files for die-or-d.i.y.-full-archive
/home/gian/agfarms/bucket-foundation/archive/die-or-d.i.y.-full-archive
? "Becker Cross Currents" → ExtrasensoryPerceptionResearchFinding (Notes on the Paranormal)
  ↓ downloading 3 files for ExtrasensoryPerceptionResearchFinding
    skip (have): Extrasensory_Perception_Research_Finding.pdf
    skip (have): Extrasensory_Perception_Research_Finding.epub
    skip (have): Extrasensory_Perception_Research_Finding_djvu.txt
/home/gian/agfarms/bucket-foundation/archive/ExtrasensoryPerceptionResearchFinding
? "Ling physical theory living state" → BluePlanetProjectUFOTECHNOLOGY (Blue Planet Project UFO TECHNOLOGY)
  ↓ downloading 3 files for BluePlanetProjectUFOTECHNOLOGY
    skip (have): Blue Planet Project UFO TECHNOLOGY.pdf
    skip (have): Blue Planet Project UFO TECHNOLOGY.epub
    skip (have): Blue Planet Project UFO TECHNOLOGY_djvu.txt
/home/gian/agfarms/bucket-foundation/archive/BluePlanetProjectUFOTECHNOLOGY
? "Ling association induction" → ibogaine_literature (Ibogaine Literature)
  ↓ downloading 3 files for ibogaine_literature
    skip (have): abaul1989.pdf
    skip (have): agwada1975.pdf
    skip (have): abaul1989_djvu.txt
/home/gian/agfarms/bucket-foundation/archive/ibogaine_literature
? "Nordenström Biologically Closed Electric Circuits" → biokinetic-impacts-on-structure-and-imaging-of-the-lung-the-concept-of-biologica (Biokinetic Impacts on Structure and Imaging of the Lung the )
  ↓ downloading 2 files for biokinetic-impacts-on-structure-and-imaging-of-the-lung-the-concept-of-biologica
    skip (have): Biokinetic impacts on structure and imaging of the lung the concept of biologically closed electric circuits - Nordenstrom AJR 1985.pdf
    skip (have): Biokinetic impacts on structure and imaging of the lung the concept of biologically closed electric circuits - Nordenstrom AJR 1985_djvu.txt
/home/gian/agfarms/bucket-foundation/archive/biokinetic-impacts-on-structure-and-imaging-of-the-lung-the-concept-of-biologica
? "Euclid Elements Heath translation" → EuclidsElementsBooksIIIVolume1Heath (Euclid's Elements Books I II Volume 1 Heath)
  ↓ downloading 2 files for EuclidsElementsBooksIIIVolume1Heath
    skip (have): Euclid's_Elements_Books_I-II_Volume_1-Heath.pdf
    skip (have): Euclid's_Elements_Books_I-II_Volume_1-Heath_djvu.txt
/home/gian/agfarms/bucket-foundation/archive/EuclidsElementsBooksIIIVolume1Heath
? "Gauss Disquisitiones Arithmeticae" → disquisitionesa00gaus (Disquisitiones arithmeticae)
  ↓ downloading 3 files for disquisitionesa00gaus
    skip (have): disquisitionesa00gaus.pdf
    skip (have): disquisitionesa00gaus.epub
    skip (have): disquisitionesa00gaus_djvu.txt
/home/gian/agfarms/bucket-foundation/archive/disquisitionesa00gaus
? "Riemann zeta hypothesis" → logicalcross (LogicalCross)
  ↓ downloading 2 files for logicalcross
    skip (have): essay.pdf
    skip (have): essay_djvu.txt
/home/gian/agfarms/bucket-foundation/archive/logicalcross
? "Cantor set theory" → YouDontNeedAWeathermanToKnowWhichWayTheWindBlows_925 (You Don't Need A Weatherman To Know Which Way The Wind Blows)
  ↓ downloading 3 files for YouDontNeedAWeathermanToKnowWhichWayTheWindBlows_925
    skip (have): YouDontNeedAWeathermanToKnowWhichWayTheWindBlows_925.pdf
    skip (have): YouDontNeedAWeathermanToKnowWhichWayTheWindBlows_925.epub
    skip (have): YouDontNeedAWeathermanToKnowWhichWayTheWindBlows_925_djvu.txt
/home/gian/agfarms/bucket-foundation/archive/YouDontNeedAWeathermanToKnowWhichWayTheWindBlows_925
? "Dirac Principles of Quantum Mechanics" → academictorrents_f24122f15283757aa8a9bf9cb638db266273442d ([Coursera] Exploring Quantum Physics)
  ↓ downloading 3 files for academictorrents_f24122f15283757aa8a9bf9cb638db266273442d
    FAIL Lectures/Week 1 - 02 Wavefunctions and Schrdinger Equation/01_Part_I-_Comments_on_studying_QM_10-11.pdf: HTTP Error 500: Internal Server Error
    FAIL Lectures/Week 8 - 17 Time-dependent quantum mechanics Victor Galitski/01_Part_I-_Time-dependent_Schrdinger_Eq._general_remarks_23-04.pdf: HTTP Error 500: Internal Server Error
    FAIL Lectures/Week 1 - 02 Wavefunctions and Schrdinger Equation/01_Part_I-_Comments_on_studying_QM_10-11_djvu.txt: HTTP Error 500: Internal Server Error
/home/gian/agfarms/bucket-foundation/archive/academictorrents_f24122f15283757aa8a9bf9cb638db266273442d
? "Feynman lectures on physics" → academictorrents_f24122f15283757aa8a9bf9cb638db266273442d ([Coursera] Exploring Quantum Physics)
  ↓ downloading 3 files for academictorrents_f24122f15283757aa8a9bf9cb638db266273442d
    FAIL Lectures/Week 1 - 02 Wavefunctions and Schrdinger Equation/01_Part_I-_Comments_on_studying_QM_10-11.pdf: [Errno 2] No such file or directory: '/home/gian/agfarms/bucket-foundation/archive/academictorrents_f24122f15283757aa8a9bf9cb638db266273442d/Lectures/Week 1 - 02 Wavefunctions and Schrdinger Equation/01_Part_I-_Comments_on_studying_QM_10-11.pdf'
    FAIL Lectures/Week 8 - 17 Time-dependent quantum mechanics Victor Galitski/01_Part_I-_Time-dependent_Schrdinger_Eq._general_remarks_23-04.pdf: [Errno 2] No such file or directory: '/home/gian/agfarms/bucket-foundation/archive/academictorrents_f24122f15283757aa8a9bf9cb638db266273442d/Lectures/Week 8 - 17 Time-dependent quantum mechanics Victor Galitski/01_Part_I-_Time-dependent_Schrdinger_Eq._general_remarks_23-04.pdf'
    FAIL Lectures/Week 1 - 02 Wavefunctions and Schrdinger Equation/01_Part_I-_Comments_on_studying_QM_10-11_djvu.txt: [Errno 2] No such file or directory: '/home/gian/agfarms/bucket-foundation/archive/academictorrents_f24122f15283757aa8a9bf9cb638db266273442d/Lectures/Week 1 - 02 Wavefunctions and Schrdinger Equation/01_Part_I-_Comments_on_studying_QM_10-11_djvu.txt'
/home/gian/agfarms/bucket-foundation/archive/academictorrents_f24122f15283757aa8a9bf9cb638db266273442d
? "Shannon mathematical theory of communication" → communications_primer (Communications Primer, A)
  ↓ downloading 0 files for communications_primer
/home/gian/agfarms/bucket-foundation/archive/communications_primer
? "Turing computable numbers 1936" → turingsvisionbir0000bern (Turing's vision : the birth of computer science)
  ↓ downloading 3 files for turingsvisionbir0000bern
    FAIL turingsvisionbir0000bern.pdf: HTTP Error 401: Unauthorized
    FAIL turingsvisionbir0000bern.epub: HTTP Error 401: Unauthorized
    FAIL turingsvisionbir0000bern_djvu.txt: HTTP Error 401: Unauthorized
/home/gian/agfarms/bucket-foundation/archive/turingsvisionbir0000bern
? "Helmholtz On the Sensations of Tone" → onsensationsofto00helmrich (On the sensations of tone as a physiological basis for the t)
  ↓ downloading 3 files for onsensationsofto00helmrich
    skip (have): onsensationsofto00helmrich.pdf
    skip (have): onsensationsofto00helmrich.epub
    skip (have): onsensationsofto00helmrich_djvu.txt
/home/gian/agfarms/bucket-foundation/archive/onsensationsofto00helmrich
? "Helmholtz Treatise Physiological Optics" → ExtrasensoryPerceptionResearchFinding (Notes on the Paranormal)
  ↓ downloading 3 files for ExtrasensoryPerceptionResearchFinding
    skip (have): Extrasensory_Perception_Research_Finding.pdf
    skip (have): Extrasensory_Perception_Research_Finding.epub
    skip (have): Extrasensory_Perception_Research_Finding_djvu.txt
/home/gian/agfarms/bucket-foundation/archive/ExtrasensoryPerceptionResearchFinding
? "Schrodinger What is Life" → WhatIsLife-EdwardSchrodinger (WHAT IS LIFE? - ERWIN SCHRODINGER)
  ↓ downloading 3 files for WhatIsLife-EdwardSchrodinger
    skip (have): whatislife-schrodinger.pdf
    skip (have): whatislife-schrodinger.epub
    skip (have): whatislife-schrodinger_djvu.txt
/home/gian/agfarms/bucket-foundation/archive/WhatIsLife-EdwardSchrodinger
? "Schrödinger Mind and Matter" → Necktar2017Volume9 (Necktar 2017 volume 9)
  ↓ downloading 0 files for Necktar2017Volume9
/home/gian/agfarms/bucket-foundation/archive/Necktar2017Volume9
? "Bohr Atomic Theory Description Nature" → ExtrasensoryPerceptionResearchFinding (Notes on the Paranormal)
  ↓ downloading 3 files for ExtrasensoryPerceptionResearchFinding
    skip (have): Extrasensory_Perception_Research_Finding.pdf
    skip (have): Extrasensory_Perception_Research_Finding.epub
    skip (have): Extrasensory_Perception_Research_Finding_djvu.txt
/home/gian/agfarms/bucket-foundation/archive/ExtrasensoryPerceptionResearchFinding
? "Heisenberg Physics Philosophy" → 216.TheLastEpisodeAtLeastForAWhileOrMaybeForever_670 (216. The Last Episode, at Least for a While, or Maybe Foreve)
  ↓ downloading 0 files for 216.TheLastEpisodeAtLeastForAWhileOrMaybeForever_670
/home/gian/agfarms/bucket-foundation/archive/216.TheLastEpisodeAtLeastForAWhileOrMaybeForever_670
? "Pauli Wolfgang lectures physics" → 1_20210412_20210412_0345 (Epigenesis, Existentialism and Creativity)
  ↓ downloading 0 files for 1_20210412_20210412_0345
/home/gian/agfarms/bucket-foundation/archive/1_20210412_20210412_0345
? "Wigner Eugene mind in physics" → cia-readingroom-document-cia-rdp96-00787r000500380004-4 (CIA Reading Room cia-rdp96-00787r000500380004-4: PSYCHIC PRO)
  ↓ downloading 3 files for cia-readingroom-document-cia-rdp96-00787r000500380004-4
    skip (have): cia-rdp96-00787r000500380004-4.pdf
    skip (have): cia-rdp96-00787r000500380004-4.epub
    skip (have): cia-rdp96-00787r000500380004-4_djvu.txt
/home/gian/agfarms/bucket-foundation/archive/cia-readingroom-document-cia-rdp96-00787r000500380004-4
? "Wheeler Geons Black Holes Quantum Foam" → geonsblackholesq00whee (Geons, black holes, and quantum foam : a life in physics)
  ↓ downloading 3 files for geonsblackholesq00whee
    FAIL geonsblackholesq00whee.pdf: HTTP Error 401: Unauthorized
    FAIL geonsblackholesq00whee.epub: HTTP Error 401: Unauthorized
    FAIL geonsblackholesq00whee_djvu.txt: HTTP Error 401: Unauthorized
/home/gian/agfarms/bucket-foundation/archive/geonsblackholesq00whee
? "Pasteur fermentation" → mmoiresurlafer00past (Mémoire sur la fermentation alcoolique)
  ↓ downloading 2 files for mmoiresurlafer00past
    skip (have): mmoiresurlafer00past.pdf
    skip (have): mmoiresurlafer00past_djvu.txt
/home/gian/agfarms/bucket-foundation/archive/mmoiresurlafer00past
? "Darwin Origin of Species" → origin_species_librivox (On the Origin of Species by Means of Natural Selection)
  ↓ downloading 2 files for origin_species_librivox
    skip (have): On_the_Origin_of_Species_by_Means_of_Natural_Selection_1005.pdf
    skip (have): On_the_Origin_of_Species_by_Means_of_Natural_Selection_1005_djvu.txt
/home/gian/agfarms/bucket-foundation/archive/origin_species_librivox
? "Wallace contributions theory natural selection" → ExtrasensoryPerceptionResearchFinding (Notes on the Paranormal)
  ↓ downloading 3 files for ExtrasensoryPerceptionResearchFinding
    skip (have): Extrasensory_Perception_Research_Finding.pdf
    skip (have): Extrasensory_Perception_Research_Finding.epub
    skip (have): Extrasensory_Perception_Research_Finding_djvu.txt
/home/gian/agfarms/bucket-foundation/archive/ExtrasensoryPerceptionResearchFinding
? "Linus Pauling general chemistry" → introductiontoqu031712mbp (['Introduction To Quantum Mechanics', 'With Applications To Chemistry.'])
  ↓ downloading 3 files for introductiontoqu031712mbp
    skip (have): introductiontoqu031712mbp.pdf
    skip (have): introductiontoqu031712mbp.epub
    skip (have): introductiontoqu031712mbp_djvu.txt
/home/gian/agfarms/bucket-foundation/archive/introductiontoqu031712mbp
? "Linus Pauling vitamin C" → How_To_Live_Longer_And_Feel_Better_PDF (Linus Pauling PhD: How To Live Longer And Feel Better pdf)
  ↓ downloading 3 files for How_To_Live_Longer_And_Feel_Better_PDF
    skip (have): How to live longer and feel better - Pauling, Linus, 1901-1994.pdf
    skip (have): How to live longer and feel better - Pauling, Linus, 1901-1994.epub
    skip (have): How to live longer and feel better - Pauling, Linus, 1901-1994_djvu.txt
/home/gian/agfarms/bucket-foundation/archive/How_To_Live_Longer_And_Feel_Better_PDF
? "Crick what mad pursuit" → oxfordbookofmode0000unse_a2g6 (The Oxford book of modern science writing)
  ↓ downloading 3 files for oxfordbookofmode0000unse_a2g6
    FAIL oxfordbookofmode0000unse_a2g6.pdf: HTTP Error 403: Forbidden
    FAIL oxfordbookofmode0000unse_a2g6.epub: HTTP Error 403: Forbidden
    FAIL oxfordbookofmode0000unse_a2g6_djvu.txt: HTTP Error 403: Forbidden
/home/gian/agfarms/bucket-foundation/archive/oxfordbookofmode0000unse_a2g6
? "Schrödinger statistical thermodynamics" → yavorskydetlafamodernhandbookofphysicsmir1982 (A Modern Handbook Of Physics)
FAIL ?Schrödinger statistical thermodynamics: <urlopen error timed out>
? "Boltzmann lectures gas theory" → lectures-on-gas-theory-ludwig-boltzmann (Lectures on Gas Theory - Ludwig Boltzmann, Stephen G. Brush)
  ↓ downloading 3 files for lectures-on-gas-theory-ludwig-boltzmann
    skip (have): Lectures on Gas Theory - Ludwig Boltzmann.pdf
    skip (have): Lectures on Gas Theory - Ludwig Boltzmann.epub
    skip (have): Lectures on Gas Theory - Ludwig Boltzmann_djvu.txt
/home/gian/agfarms/bucket-foundation/archive/lectures-on-gas-theory-ludwig-boltzmann
? "Carnot reflections motive power fire" → cia-readingroom-document-cia-rdp79-01194a000400140001-7 (CIA Reading Room cia-rdp79-01194a000400140001-7: CA PROPAGAN)
  ↓ downloading 3 files for cia-readingroom-document-cia-rdp79-01194a000400140001-7
    skip (have): cia-rdp79-01194a000400140001-7.pdf
    skip (have): cia-rdp79-01194a000400140001-7.epub
    skip (have): cia-rdp79-01194a000400140001-7_djvu.txt
/home/gian/agfarms/bucket-foundation/archive/cia-readingroom-document-cia-rdp79-01194a000400140001-7
? "Planck thermodynamik thermodynamics" → vorlesungenbert01plangoog (Vorlesungen über thermodynamik)
  ↓ downloading 2 files for vorlesungenbert01plangoog
    skip (have): vorlesungenbert01plangoog.pdf
    skip (have): vorlesungenbert01plangoog_djvu.txt
/home/gian/agfarms/bucket-foundation/archive/vorlesungenbert01plangoog
? "Lavoisier elements chemistry" → understanding-science (Understanding Science, Collected Edition, Vols 1-12)
  ↓ downloading 3 files for understanding-science
    skip (have): Understanding_Science-Vol_01_jpg85.pdf
    skip (have): Understanding_Science-Vol_01_jpg85.epub
    skip (have): Understanding_Science-Vol_01_jpg85_djvu.txt
/home/gian/agfarms/bucket-foundation/archive/understanding-science
? "Fourier analytical theory heat" → analyticaltheory00fourrich (The analytical theory of heat)
  ↓ downloading 3 files for analyticaltheory00fourrich
    skip (have): analyticaltheory00fourrich.pdf
    skip (have): analyticaltheory00fourrich.epub
    skip (have): analyticaltheory00fourrich_djvu.txt
/home/gian/agfarms/bucket-foundation/archive/analyticaltheory00fourrich
? "Galileo dialogue two world systems" → GalileiGalileoDialogueConcerningTheTwoChiefWorldSystemsEN155P. (Galilei, Galileo - Dialogue Concerning the two Chief World S)
  ↓ downloading 3 files for GalileiGalileoDialogueConcerningTheTwoChiefWorldSystemsEN155P.
    skip (have): Galilei, Galileo - Dialogue Concerning the two Chief World Systems (EN, 155 p.).pdf
    skip (have): Galilei, Galileo - Dialogue Concerning the two Chief World Systems (EN, 155 p.).epub
    skip (have): Galilei, Galileo - Dialogue Concerning the two Chief World Systems (EN, 155 p.)_djvu.txt
/home/gian/agfarms/bucket-foundation/archive/GalileiGalileoDialogueConcerningTheTwoChiefWorldSystemsEN155P.
? "Feynman QED" → MIT8.701F20 (MIT 8.701 Introduction to Nuclear and Particle Physics, Fall)
  ↓ downloading 0 files for MIT8.701F20
/home/gian/agfarms/bucket-foundation/archive/MIT8.701F20
? "Crick Watson DNA" → MIT7.01SCF11 (OCW Scholar: Fundamentals of Biology)
  ↓ downloading 0 files for MIT7.01SCF11
/home/gian/agfarms/bucket-foundation/archive/MIT7.01SCF11
? "Darwin descent of man" → descent_man_1_1011_librivox (The Descent of Man and Selection in Relation to Sex Part 1)
  ↓ downloading 2 files for descent_man_1_1011_librivox
    skip (have): descentman1_1011.pdf
    skip (have): descentman1_1011_djvu.txt
/home/gian/agfarms/bucket-foundation/archive/descent_man_1_1011_librivox
[2026-07-16T10:04:02-04:00] === archive runner done ===
[2026-07-18T07:17:01-04:00] === archive runner start ===
  ↓ downloading 3 files for the-universal-one-1926-walter-russell
    skip (have): TheUniversalOne1926WalterRussell.pdf
    skip (have): TheUniversalOne1926WalterRussell.epub
    skip (have): TheUniversalOne1926WalterRussell_djvu.txt
/home/gian/agfarms/bucket-foundation/archive/the-universal-one-1926-walter-russell
  ↓ downloading 3 files for principlesofchem00menduoft
    skip (have): principlesofchem00menduoft.pdf
    skip (have): principlesofchem00menduoft.epub
    skip (have): principlesofchem00menduoft_djvu.txt
/home/gian/agfarms/bucket-foundation/archive/principlesofchem00menduoft
  ↓ downloading 3 files for principlesofchem01menduoft
    skip (have): principlesofchem01menduoft.pdf
    skip (have): principlesofchem01menduoft.epub
    skip (have): principlesofchem01menduoft_djvu.txt
/home/gian/agfarms/bucket-foundation/archive/principlesofchem01menduoft
? "walter russell new concept universe" → ExtrasensoryPerceptionResearchFinding (Notes on the Paranormal)
  ↓ downloading 3 files for ExtrasensoryPerceptionResearchFinding
    skip (have): Extrasensory_Perception_Research_Finding.pdf
    skip (have): Extrasensory_Perception_Research_Finding.epub
    skip (have): Extrasensory_Perception_Research_Finding_djvu.txt
/home/gian/agfarms/bucket-foundation/archive/ExtrasensoryPerceptionResearchFinding
  ↓ downloading 3 files for newtonspmathema00newtrich
    skip (have): newtonspmathema00newtrich.pdf
    skip (have): newtonspmathema00newtrich.epub
    skip (have): newtonspmathema00newtrich_djvu.txt
/home/gian/agfarms/bucket-foundation/archive/newtonspmathema00newtrich
  ↓ downloading 3 files for principia00newtuoft
    skip (have): principia00newtuoft.pdf
    skip (have): principia00newtuoft.epub
    skip (have): principia00newtuoft_djvu.txt
/home/gian/agfarms/bucket-foundation/archive/principia00newtuoft
? "Newton Opticks 1704" → opticks_1203_librivox (Opticks)
  ↓ downloading 2 files for opticks_1203_librivox
    skip (have): opticks_1207.pdf
    skip (have): opticks_1207_djvu.txt
/home/gian/agfarms/bucket-foundation/archive/opticks_1203_librivox
? "Maxwell Treatise on Electricity and Magnetism volume 1" → electricandmagne01maxwrich (A treatise on electricity and magnetism)
  ↓ downloading 3 files for electricandmagne01maxwrich
    skip (have): electricandmagne01maxwrich.pdf
    skip (have): electricandmagne01maxwrich.epub
    skip (have): electricandmagne01maxwrich_djvu.txt
/home/gian/agfarms/bucket-foundation/archive/electricandmagne01maxwrich
? "Maxwell Treatise on Electricity and Magnetism volume 2" → electricandmagne01maxwrich (A treatise on electricity and magnetism)
  ↓ downloading 3 files for electricandmagne01maxwrich
    skip (have): electricandmagne01maxwrich.pdf
    skip (have): electricandmagne01maxwrich.epub
    skip (have): electricandmagne01maxwrich_djvu.txt
/home/gian/agfarms/bucket-foundation/archive/electricandmagne01maxwrich
? "Maxwell scientific papers" → scientificpapers01maxw (The scientific papers of James Clerk Maxwell)
  ↓ downloading 3 files for scientificpapers01maxw
    skip (have): scientificpapers01maxw.pdf
    skip (have): scientificpapers01maxw.epub
    skip (have): scientificpapers01maxw_djvu.txt
/home/gian/agfarms/bucket-foundation/archive/scientificpapers01maxw
? "Faraday Experimental Researches in Electricity volume 1" → ExtrasensoryPerceptionResearchFinding (Notes on the Paranormal)
  ↓ downloading 3 files for ExtrasensoryPerceptionResearchFinding
    skip (have): Extrasensory_Perception_Research_Finding.pdf
    skip (have): Extrasensory_Perception_Research_Finding.epub
    skip (have): Extrasensory_Perception_Research_Finding_djvu.txt
/home/gian/agfarms/bucket-foundation/archive/ExtrasensoryPerceptionResearchFinding
? "Faraday Experimental Researches in Electricity volume 2" → ExtrasensoryPerceptionResearchFinding (Notes on the Paranormal)
  ↓ downloading 3 files for ExtrasensoryPerceptionResearchFinding
    skip (have): Extrasensory_Perception_Research_Finding.pdf
    skip (have): Extrasensory_Perception_Research_Finding.epub
    skip (have): Extrasensory_Perception_Research_Finding_djvu.txt
/home/gian/agfarms/bucket-foundation/archive/ExtrasensoryPerceptionResearchFinding
? "Faraday Experimental Researches in Electricity volume 3" → ExtrasensoryPerceptionResearchFinding (Notes on the Paranormal)
  ↓ downloading 3 files for ExtrasensoryPerceptionResearchFinding
    skip (have): Extrasensory_Perception_Research_Finding.pdf
    skip (have): Extrasensory_Perception_Research_Finding.epub
    skip (have): Extrasensory_Perception_Research_Finding_djvu.txt
/home/gian/agfarms/bucket-foundation/archive/ExtrasensoryPerceptionResearchFinding
? "Tesla My Inventions" → pbsnovadocs (PBS Nova Documentaries)
  ↓ downloading 0 files for pbsnovadocs
/home/gian/agfarms/bucket-foundation/archive/pbsnovadocs
? "Tesla Colorado Springs Notes" → majestic-12-files (MAJESTIC 12 Files)
  ↓ downloading 0 files for majestic-12-files
/home/gian/agfarms/bucket-foundation/archive/majestic-12-files
? "Tesla problem of increasing human energy" → sharware (chestnut-multimedia)
  ↓ downloading 2 files for sharware
    FAIL chestnut/DLR/CONTENTS.pdf: [Errno 2] No such file or directory: '/home/gian/agfarms/bucket-foundation/archive/sharware/chestnut/DLR/CONTENTS.pdf'
    FAIL chestnut/DLR/CONTENTS_djvu.txt: [Errno 2] No such file or directory: '/home/gian/agfarms/bucket-foundation/archive/sharware/chestnut/DLR/CONTENTS_djvu.txt'
/home/gian/agfarms/bucket-foundation/archive/sharware
? "Einstein Relativity special general theory" → relativity_librivox (Relativity: The Special and General Theory)
  ↓ downloading 2 files for relativity_librivox
    skip (have): relativity_1003.pdf
    skip (have): relativity_1003_djvu.txt
/home/gian/agfarms/bucket-foundation/archive/relativity_librivox
? "Einstein 1905 photoelectric" → cia-readingroom-document-cia-rdp96-00788r001100010004-6 (CIA Reading Room cia-rdp96-00788r001100010004-6: PROCEEDINGS)
  ↓ downloading 3 files for cia-readingroom-document-cia-rdp96-00788r001100010004-6
    skip (have): cia-rdp96-00788r001100010004-6.pdf
    skip (have): cia-rdp96-00788r001100010004-6.epub
    skip (have): cia-rdp96-00788r001100010004-6_djvu.txt
/home/gian/agfarms/bucket-foundation/archive/cia-readingroom-document-cia-rdp96-00788r001100010004-6
? "Szent-Györgyi Bioenergetics" → bioenergetics00szen (Bioenergetics)
  ↓ downloading 3 files for bioenergetics00szen
    skip (have): bioenergetics00szen.pdf
    skip (have): bioenergetics00szen.epub
    skip (have): bioenergetics00szen_djvu.txt
/home/gian/agfarms/bucket-foundation/archive/bioenergetics00szen
NO HITS: Szent-Györgyi submolecular biology
? "Becker Body Electric" → die-or-d.i.y.-full-archive ((Blogger) Die or D.I.Y.? Full Archive)
  ↓ downloading 0 files for die-or-d.i.y.-full-archive
/home/gian/agfarms/bucket-foundation/archive/die-or-d.i.y.-full-archive
? "Becker Cross Currents" → ExtrasensoryPerceptionResearchFinding (Notes on the Paranormal)
  ↓ downloading 3 files for ExtrasensoryPerceptionResearchFinding
    skip (have): Extrasensory_Perception_Research_Finding.pdf
    skip (have): Extrasensory_Perception_Research_Finding.epub
    skip (have): Extrasensory_Perception_Research_Finding_djvu.txt
/home/gian/agfarms/bucket-foundation/archive/ExtrasensoryPerceptionResearchFinding
? "Ling physical theory living state" → BluePlanetProjectUFOTECHNOLOGY (Blue Planet Project UFO TECHNOLOGY)
  ↓ downloading 3 files for BluePlanetProjectUFOTECHNOLOGY
    skip (have): Blue Planet Project UFO TECHNOLOGY.pdf
    skip (have): Blue Planet Project UFO TECHNOLOGY.epub
    skip (have): Blue Planet Project UFO TECHNOLOGY_djvu.txt
/home/gian/agfarms/bucket-foundation/archive/BluePlanetProjectUFOTECHNOLOGY
? "Ling association induction" → ibogaine_literature (Ibogaine Literature)
  ↓ downloading 3 files for ibogaine_literature
    skip (have): abaul1989.pdf
    skip (have): agwada1975.pdf
    skip (have): abaul1989_djvu.txt
/home/gian/agfarms/bucket-foundation/archive/ibogaine_literature
? "Nordenström Biologically Closed Electric Circuits" → biokinetic-impacts-on-structure-and-imaging-of-the-lung-the-concept-of-biologica (Biokinetic Impacts on Structure and Imaging of the Lung the )
  ↓ downloading 2 files for biokinetic-impacts-on-structure-and-imaging-of-the-lung-the-concept-of-biologica
    skip (have): Biokinetic impacts on structure and imaging of the lung the concept of biologically closed electric circuits - Nordenstrom AJR 1985.pdf
    skip (have): Biokinetic impacts on structure and imaging of the lung the concept of biologically closed electric circuits - Nordenstrom AJR 1985_djvu.txt
/home/gian/agfarms/bucket-foundation/archive/biokinetic-impacts-on-structure-and-imaging-of-the-lung-the-concept-of-biologica
? "Euclid Elements Heath translation" → EuclidsElementsBooksIIIVolume1Heath (Euclid's Elements Books I II Volume 1 Heath)
  ↓ downloading 2 files for EuclidsElementsBooksIIIVolume1Heath
    skip (have): Euclid's_Elements_Books_I-II_Volume_1-Heath.pdf
    skip (have): Euclid's_Elements_Books_I-II_Volume_1-Heath_djvu.txt
/home/gian/agfarms/bucket-foundation/archive/EuclidsElementsBooksIIIVolume1Heath
? "Gauss Disquisitiones Arithmeticae" → disquisitionesa00gaus (Disquisitiones arithmeticae)
  ↓ downloading 3 files for disquisitionesa00gaus
    skip (have): disquisitionesa00gaus.pdf
    skip (have): disquisitionesa00gaus.epub
    skip (have): disquisitionesa00gaus_djvu.txt
/home/gian/agfarms/bucket-foundation/archive/disquisitionesa00gaus
? "Riemann zeta hypothesis" → logicalcross (LogicalCross)
  ↓ downloading 2 files for logicalcross
    skip (have): essay.pdf
    skip (have): essay_djvu.txt
/home/gian/agfarms/bucket-foundation/archive/logicalcross
? "Cantor set theory" → YouDontNeedAWeathermanToKnowWhichWayTheWindBlows_925 (You Don't Need A Weatherman To Know Which Way The Wind Blows)
  ↓ downloading 3 files for YouDontNeedAWeathermanToKnowWhichWayTheWindBlows_925
    skip (have): YouDontNeedAWeathermanToKnowWhichWayTheWindBlows_925.pdf
    skip (have): YouDontNeedAWeathermanToKnowWhichWayTheWindBlows_925.epub
    skip (have): YouDontNeedAWeathermanToKnowWhichWayTheWindBlows_925_djvu.txt
/home/gian/agfarms/bucket-foundation/archive/YouDontNeedAWeathermanToKnowWhichWayTheWindBlows_925
? "Dirac Principles of Quantum Mechanics" → academictorrents_f24122f15283757aa8a9bf9cb638db266273442d ([Coursera] Exploring Quantum Physics)
  ↓ downloading 3 files for academictorrents_f24122f15283757aa8a9bf9cb638db266273442d
    FAIL Lectures/Week 1 - 02 Wavefunctions and Schrdinger Equation/01_Part_I-_Comments_on_studying_QM_10-11.pdf: [Errno 2] No such file or directory: '/home/gian/agfarms/bucket-foundation/archive/academictorrents_f24122f15283757aa8a9bf9cb638db266273442d/Lectures/Week 1 - 02 Wavefunctions and Schrdinger Equation/01_Part_I-_Comments_on_studying_QM_10-11.pdf'
    FAIL Lectures/Week 8 - 17 Time-dependent quantum mechanics Victor Galitski/01_Part_I-_Time-dependent_Schrdinger_Eq._general_remarks_23-04.pdf: [Errno 2] No such file or directory: '/home/gian/agfarms/bucket-foundation/archive/academictorrents_f24122f15283757aa8a9bf9cb638db266273442d/Lectures/Week 8 - 17 Time-dependent quantum mechanics Victor Galitski/01_Part_I-_Time-dependent_Schrdinger_Eq._general_remarks_23-04.pdf'
    FAIL Lectures/Week 1 - 02 Wavefunctions and Schrdinger Equation/01_Part_I-_Comments_on_studying_QM_10-11_djvu.txt: [Errno 2] No such file or directory: '/home/gian/agfarms/bucket-foundation/archive/academictorrents_f24122f15283757aa8a9bf9cb638db266273442d/Lectures/Week 1 - 02 Wavefunctions and Schrdinger Equation/01_Part_I-_Comments_on_studying_QM_10-11_djvu.txt'
/home/gian/agfarms/bucket-foundation/archive/academictorrents_f24122f15283757aa8a9bf9cb638db266273442d
? "Feynman lectures on physics" → academictorrents_f24122f15283757aa8a9bf9cb638db266273442d ([Coursera] Exploring Quantum Physics)
  ↓ downloading 3 files for academictorrents_f24122f15283757aa8a9bf9cb638db266273442d
    FAIL Lectures/Week 1 - 02 Wavefunctions and Schrdinger Equation/01_Part_I-_Comments_on_studying_QM_10-11.pdf: [Errno 2] No such file or directory: '/home/gian/agfarms/bucket-foundation/archive/academictorrents_f24122f15283757aa8a9bf9cb638db266273442d/Lectures/Week 1 - 02 Wavefunctions and Schrdinger Equation/01_Part_I-_Comments_on_studying_QM_10-11.pdf'
    FAIL Lectures/Week 8 - 17 Time-dependent quantum mechanics Victor Galitski/01_Part_I-_Time-dependent_Schrdinger_Eq._general_remarks_23-04.pdf: [Errno 2] No such file or directory: '/home/gian/agfarms/bucket-foundation/archive/academictorrents_f24122f15283757aa8a9bf9cb638db266273442d/Lectures/Week 8 - 17 Time-dependent quantum mechanics Victor Galitski/01_Part_I-_Time-dependent_Schrdinger_Eq._general_remarks_23-04.pdf'
    FAIL Lectures/Week 1 - 02 Wavefunctions and Schrdinger Equation/01_Part_I-_Comments_on_studying_QM_10-11_djvu.txt: [Errno 2] No such file or directory: '/home/gian/agfarms/bucket-foundation/archive/academictorrents_f24122f15283757aa8a9bf9cb638db266273442d/Lectures/Week 1 - 02 Wavefunctions and Schrdinger Equation/01_Part_I-_Comments_on_studying_QM_10-11_djvu.txt'
/home/gian/agfarms/bucket-foundation/archive/academictorrents_f24122f15283757aa8a9bf9cb638db266273442d
? "Shannon mathematical theory of communication" → communications_primer (Communications Primer, A)
  ↓ downloading 0 files for communications_primer
/home/gian/agfarms/bucket-foundation/archive/communications_primer
? "Turing computable numbers 1936" → turingsvisionbir0000bern (Turing's vision : the birth of computer science)
  ↓ downloading 3 files for turingsvisionbir0000bern
    FAIL turingsvisionbir0000bern.pdf: HTTP Error 401: Unauthorized
    FAIL turingsvisionbir0000bern.epub: HTTP Error 401: Unauthorized
    FAIL turingsvisionbir0000bern_djvu.txt: HTTP Error 401: Unauthorized
/home/gian/agfarms/bucket-foundation/archive/turingsvisionbir0000bern
? "Helmholtz On the Sensations of Tone" → onsensationsofto00helmrich (On the sensations of tone as a physiological basis for the t)
  ↓ downloading 3 files for onsensationsofto00helmrich
    skip (have): onsensationsofto00helmrich.pdf
    skip (have): onsensationsofto00helmrich.epub
    skip (have): onsensationsofto00helmrich_djvu.txt
/home/gian/agfarms/bucket-foundation/archive/onsensationsofto00helmrich
? "Helmholtz Treatise Physiological Optics" → ExtrasensoryPerceptionResearchFinding (Notes on the Paranormal)
  ↓ downloading 3 files for ExtrasensoryPerceptionResearchFinding
    skip (have): Extrasensory_Perception_Research_Finding.pdf
    skip (have): Extrasensory_Perception_Research_Finding.epub
    skip (have): Extrasensory_Perception_Research_Finding_djvu.txt
/home/gian/agfarms/bucket-foundation/archive/ExtrasensoryPerceptionResearchFinding
? "Schrodinger What is Life" → WhatIsLife-EdwardSchrodinger (WHAT IS LIFE? - ERWIN SCHRODINGER)
  ↓ downloading 3 files for WhatIsLife-EdwardSchrodinger
    skip (have): whatislife-schrodinger.pdf
    skip (have): whatislife-schrodinger.epub
    skip (have): whatislife-schrodinger_djvu.txt
/home/gian/agfarms/bucket-foundation/archive/WhatIsLife-EdwardSchrodinger
? "Schrödinger Mind and Matter" → Necktar2017Volume9 (Necktar 2017 volume 9)
  ↓ downloading 0 files for Necktar2017Volume9
/home/gian/agfarms/bucket-foundation/archive/Necktar2017Volume9
? "Bohr Atomic Theory Description Nature" → ExtrasensoryPerceptionResearchFinding (Notes on the Paranormal)
  ↓ downloading 3 files for ExtrasensoryPerceptionResearchFinding
    skip (have): Extrasensory_Perception_Research_Finding.pdf
    skip (have): Extrasensory_Perception_Research_Finding.epub
    skip (have): Extrasensory_Perception_Research_Finding_djvu.txt
/home/gian/agfarms/bucket-foundation/archive/ExtrasensoryPerceptionResearchFinding
? "Heisenberg Physics Philosophy" → 216.TheLastEpisodeAtLeastForAWhileOrMaybeForever_670 (216. The Last Episode, at Least for a While, or Maybe Foreve)
  ↓ downloading 0 files for 216.TheLastEpisodeAtLeastForAWhileOrMaybeForever_670
/home/gian/agfarms/bucket-foundation/archive/216.TheLastEpisodeAtLeastForAWhileOrMaybeForever_670
? "Pauli Wolfgang lectures physics" → 1_20210412_20210412_0345 (Epigenesis, Existentialism and Creativity)
  ↓ downloading 0 files for 1_20210412_20210412_0345
/home/gian/agfarms/bucket-foundation/archive/1_20210412_20210412_0345
? "Wigner Eugene mind in physics" → cia-readingroom-document-cia-rdp96-00787r000500380004-4 (CIA Reading Room cia-rdp96-00787r000500380004-4: PSYCHIC PRO)
  ↓ downloading 3 files for cia-readingroom-document-cia-rdp96-00787r000500380004-4
    skip (have): cia-rdp96-00787r000500380004-4.pdf
    skip (have): cia-rdp96-00787r000500380004-4.epub
    skip (have): cia-rdp96-00787r000500380004-4_djvu.txt
/home/gian/agfarms/bucket-foundation/archive/cia-readingroom-document-cia-rdp96-00787r000500380004-4
? "Wheeler Geons Black Holes Quantum Foam" → geonsblackholesq00whee (Geons, black holes, and quantum foam : a life in physics)
  ↓ downloading 3 files for geonsblackholesq00whee
    FAIL geonsblackholesq00whee.pdf: HTTP Error 401: Unauthorized
    FAIL geonsblackholesq00whee.epub: HTTP Error 401: Unauthorized
    FAIL geonsblackholesq00whee_djvu.txt: HTTP Error 401: Unauthorized
/home/gian/agfarms/bucket-foundation/archive/geonsblackholesq00whee
? "Pasteur fermentation" → mmoiresurlafer00past (Mémoire sur la fermentation alcoolique)
  ↓ downloading 2 files for mmoiresurlafer00past
    skip (have): mmoiresurlafer00past.pdf
    skip (have): mmoiresurlafer00past_djvu.txt
/home/gian/agfarms/bucket-foundation/archive/mmoiresurlafer00past
? "Darwin Origin of Species" → origin_species_librivox (On the Origin of Species by Means of Natural Selection)
  ↓ downloading 2 files for origin_species_librivox
    skip (have): On_the_Origin_of_Species_by_Means_of_Natural_Selection_1005.pdf
    skip (have): On_the_Origin_of_Species_by_Means_of_Natural_Selection_1005_djvu.txt
/home/gian/agfarms/bucket-foundation/archive/origin_species_librivox
? "Wallace contributions theory natural selection" → ExtrasensoryPerceptionResearchFinding (Notes on the Paranormal)
  ↓ downloading 3 files for ExtrasensoryPerceptionResearchFinding
    skip (have): Extrasensory_Perception_Research_Finding.pdf
    skip (have): Extrasensory_Perception_Research_Finding.epub
    skip (have): Extrasensory_Perception_Research_Finding_djvu.txt
/home/gian/agfarms/bucket-foundation/archive/ExtrasensoryPerceptionResearchFinding
? "Linus Pauling general chemistry" → introductiontoqu031712mbp (['Introduction To Quantum Mechanics', 'With Applications To Chemistry.'])
  ↓ downloading 3 files for introductiontoqu031712mbp
    skip (have): introductiontoqu031712mbp.pdf
    skip (have): introductiontoqu031712mbp.epub
    skip (have): introductiontoqu031712mbp_djvu.txt
/home/gian/agfarms/bucket-foundation/archive/introductiontoqu031712mbp
? "Linus Pauling vitamin C" → How_To_Live_Longer_And_Feel_Better_PDF (Linus Pauling PhD: How To Live Longer And Feel Better pdf)
  ↓ downloading 3 files for How_To_Live_Longer_And_Feel_Better_PDF
    skip (have): How to live longer and feel better - Pauling, Linus, 1901-1994.pdf
    skip (have): How to live longer and feel better - Pauling, Linus, 1901-1994.epub
    skip (have): How to live longer and feel better - Pauling, Linus, 1901-1994_djvu.txt
/home/gian/agfarms/bucket-foundation/archive/How_To_Live_Longer_And_Feel_Better_PDF
? "Crick what mad pursuit" → oxfordbookofmode0000unse_a2g6 (The Oxford book of modern science writing)
  ↓ downloading 3 files for oxfordbookofmode0000unse_a2g6
    FAIL oxfordbookofmode0000unse_a2g6.pdf: HTTP Error 401: Unauthorized
    FAIL oxfordbookofmode0000unse_a2g6.epub: HTTP Error 401: Unauthorized
    FAIL oxfordbookofmode0000unse_a2g6_djvu.txt: HTTP Error 401: Unauthorized
/home/gian/agfarms/bucket-foundation/archive/oxfordbookofmode0000unse_a2g6
? "Schrödinger statistical thermodynamics" → yavorskydetlafamodernhandbookofphysicsmir1982 (A Modern Handbook Of Physics)
  ↓ downloading 3 files for yavorskydetlafamodernhandbookofphysicsmir1982
    skip (have): Yavorsky-Detlaf-A-Modern-Handbook-of-Physics-Mir-1982.pdf
    skip (have): Yavorsky-Detlaf-A-Modern-Handbook-of-Physics-Mir-1982.epub
    skip (have): Yavorsky-Detlaf-A-Modern-Handbook-of-Physics-Mir-1982_djvu.txt
/home/gian/agfarms/bucket-foundation/archive/yavorskydetlafamodernhandbookofphysicsmir1982
? "Boltzmann lectures gas theory" → lectures-on-gas-theory-ludwig-boltzmann (Lectures on Gas Theory - Ludwig Boltzmann, Stephen G. Brush)
  ↓ downloading 3 files for lectures-on-gas-theory-ludwig-boltzmann
    skip (have): Lectures on Gas Theory - Ludwig Boltzmann.pdf
    skip (have): Lectures on Gas Theory - Ludwig Boltzmann.epub
    skip (have): Lectures on Gas Theory - Ludwig Boltzmann_djvu.txt
/home/gian/agfarms/bucket-foundation/archive/lectures-on-gas-theory-ludwig-boltzmann
? "Carnot reflections motive power fire" → cia-readingroom-document-cia-rdp79-01194a000400140001-7 (CIA Reading Room cia-rdp79-01194a000400140001-7: CA PROPAGAN)
  ↓ downloading 3 files for cia-readingroom-document-cia-rdp79-01194a000400140001-7
    skip (have): cia-rdp79-01194a000400140001-7.pdf
    skip (have): cia-rdp79-01194a000400140001-7.epub
    skip (have): cia-rdp79-01194a000400140001-7_djvu.txt
/home/gian/agfarms/bucket-foundation/archive/cia-readingroom-document-cia-rdp79-01194a000400140001-7
? "Planck thermodynamik thermodynamics" → vorlesungenbert01plangoog (Vorlesungen über thermodynamik)
  ↓ downloading 2 files for vorlesungenbert01plangoog
    skip (have): vorlesungenbert01plangoog.pdf
    skip (have): vorlesungenbert01plangoog_djvu.txt
/home/gian/agfarms/bucket-foundation/archive/vorlesungenbert01plangoog
? "Lavoisier elements chemistry" → understanding-science (Understanding Science, Collected Edition, Vols 1-12)
  ↓ downloading 3 files for understanding-science
    skip (have): Understanding_Science-Vol_01_jpg85.pdf
    skip (have): Understanding_Science-Vol_01_jpg85.epub
    skip (have): Understanding_Science-Vol_01_jpg85_djvu.txt
/home/gian/agfarms/bucket-foundation/archive/understanding-science
? "Fourier analytical theory heat" → analyticaltheory00fourrich (The analytical theory of heat)
  ↓ downloading 3 files for analyticaltheory00fourrich
    skip (have): analyticaltheory00fourrich.pdf
    skip (have): analyticaltheory00fourrich.epub
    skip (have): analyticaltheory00fourrich_djvu.txt
/home/gian/agfarms/bucket-foundation/archive/analyticaltheory00fourrich
? "Galileo dialogue two world systems" → GalileiGalileoDialogueConcerningTheTwoChiefWorldSystemsEN155P. (Galilei, Galileo - Dialogue Concerning the two Chief World S)
  ↓ downloading 3 files for GalileiGalileoDialogueConcerningTheTwoChiefWorldSystemsEN155P.
    skip (have): Galilei, Galileo - Dialogue Concerning the two Chief World Systems (EN, 155 p.).pdf
    skip (have): Galilei, Galileo - Dialogue Concerning the two Chief World Systems (EN, 155 p.).epub
    skip (have): Galilei, Galileo - Dialogue Concerning the two Chief World Systems (EN, 155 p.)_djvu.txt
/home/gian/agfarms/bucket-foundation/archive/GalileiGalileoDialogueConcerningTheTwoChiefWorldSystemsEN155P.
? "Feynman QED" → MIT8.701F20 (MIT 8.701 Introduction to Nuclear and Particle Physics, Fall)
  ↓ downloading 0 files for MIT8.701F20
/home/gian/agfarms/bucket-foundation/archive/MIT8.701F20
? "Crick Watson DNA" → MIT7.01SCF11 (OCW Scholar: Fundamentals of Biology)
  ↓ downloading 0 files for MIT7.01SCF11
/home/gian/agfarms/bucket-foundation/archive/MIT7.01SCF11
? "Darwin descent of man" → descent_man_1_1011_librivox (The Descent of Man and Selection in Relation to Sex Part 1)
  ↓ downloading 2 files for descent_man_1_1011_librivox
    skip (have): descentman1_1011.pdf
    skip (have): descentman1_1011_djvu.txt
/home/gian/agfarms/bucket-foundation/archive/descent_man_1_1011_librivox
[2026-07-18T07:19:00-04:00] === archive runner done ===
[2026-07-19T07:17:02-04:00] === archive runner start ===
  ↓ downloading 3 files for the-universal-one-1926-walter-russell
    skip (have): TheUniversalOne1926WalterRussell.pdf
    skip (have): TheUniversalOne1926WalterRussell.epub
    skip (have): TheUniversalOne1926WalterRussell_djvu.txt
/home/gian/agfarms/bucket-foundation/archive/the-universal-one-1926-walter-russell
  ↓ downloading 3 files for principlesofchem00menduoft
    skip (have): principlesofchem00menduoft.pdf
    skip (have): principlesofchem00menduoft.epub
    skip (have): principlesofchem00menduoft_djvu.txt
/home/gian/agfarms/bucket-foundation/archive/principlesofchem00menduoft
  ↓ downloading 3 files for principlesofchem01menduoft
    skip (have): principlesofchem01menduoft.pdf
    skip (have): principlesofchem01menduoft.epub
    skip (have): principlesofchem01menduoft_djvu.txt
/home/gian/agfarms/bucket-foundation/archive/principlesofchem01menduoft
? "walter russell new concept universe" → ExtrasensoryPerceptionResearchFinding (Notes on the Paranormal)
  ↓ downloading 3 files for ExtrasensoryPerceptionResearchFinding
    skip (have): Extrasensory_Perception_Research_Finding.pdf
    skip (have): Extrasensory_Perception_Research_Finding.epub
    skip (have): Extrasensory_Perception_Research_Finding_djvu.txt
/home/gian/agfarms/bucket-foundation/archive/ExtrasensoryPerceptionResearchFinding
  ↓ downloading 3 files for newtonspmathema00newtrich
    skip (have): newtonspmathema00newtrich.pdf
    skip (have): newtonspmathema00newtrich.epub
    skip (have): newtonspmathema00newtrich_djvu.txt
/home/gian/agfarms/bucket-foundation/archive/newtonspmathema00newtrich
  ↓ downloading 3 files for principia00newtuoft
    skip (have): principia00newtuoft.pdf
    skip (have): principia00newtuoft.epub
    skip (have): principia00newtuoft_djvu.txt
/home/gian/agfarms/bucket-foundation/archive/principia00newtuoft
? "Newton Opticks 1704" → opticks_1203_librivox (Opticks)
  ↓ downloading 2 files for opticks_1203_librivox
    skip (have): opticks_1207.pdf
    skip (have): opticks_1207_djvu.txt
/home/gian/agfarms/bucket-foundation/archive/opticks_1203_librivox
? "Maxwell Treatise on Electricity and Magnetism volume 1" → electricandmagne01maxwrich (A treatise on electricity and magnetism)
  ↓ downloading 3 files for electricandmagne01maxwrich
    skip (have): electricandmagne01maxwrich.pdf
    skip (have): electricandmagne01maxwrich.epub
    skip (have): electricandmagne01maxwrich_djvu.txt
/home/gian/agfarms/bucket-foundation/archive/electricandmagne01maxwrich
? "Maxwell Treatise on Electricity and Magnetism volume 2" → electricandmagne01maxwrich (A treatise on electricity and magnetism)
  ↓ downloading 3 files for electricandmagne01maxwrich
    skip (have): electricandmagne01maxwrich.pdf
    skip (have): electricandmagne01maxwrich.epub
    skip (have): electricandmagne01maxwrich_djvu.txt
/home/gian/agfarms/bucket-foundation/archive/electricandmagne01maxwrich
? "Maxwell scientific papers" → scientificpapers01maxw (The scientific papers of James Clerk Maxwell)
  ↓ downloading 3 files for scientificpapers01maxw
    skip (have): scientificpapers01maxw.pdf
    skip (have): scientificpapers01maxw.epub
    skip (have): scientificpapers01maxw_djvu.txt
/home/gian/agfarms/bucket-foundation/archive/scientificpapers01maxw
? "Faraday Experimental Researches in Electricity volume 1" → ExtrasensoryPerceptionResearchFinding (Notes on the Paranormal)
  ↓ downloading 3 files for ExtrasensoryPerceptionResearchFinding
    skip (have): Extrasensory_Perception_Research_Finding.pdf
    skip (have): Extrasensory_Perception_Research_Finding.epub
    skip (have): Extrasensory_Perception_Research_Finding_djvu.txt
/home/gian/agfarms/bucket-foundation/archive/ExtrasensoryPerceptionResearchFinding
? "Faraday Experimental Researches in Electricity volume 2" → ExtrasensoryPerceptionResearchFinding (Notes on the Paranormal)
  ↓ downloading 3 files for ExtrasensoryPerceptionResearchFinding
    skip (have): Extrasensory_Perception_Research_Finding.pdf
    skip (have): Extrasensory_Perception_Research_Finding.epub
    skip (have): Extrasensory_Perception_Research_Finding_djvu.txt
/home/gian/agfarms/bucket-foundation/archive/ExtrasensoryPerceptionResearchFinding
? "Faraday Experimental Researches in Electricity volume 3" → ExtrasensoryPerceptionResearchFinding (Notes on the Paranormal)
  ↓ downloading 3 files for ExtrasensoryPerceptionResearchFinding
    skip (have): Extrasensory_Perception_Research_Finding.pdf
    skip (have): Extrasensory_Perception_Research_Finding.epub
    skip (have): Extrasensory_Perception_Research_Finding_djvu.txt
/home/gian/agfarms/bucket-foundation/archive/ExtrasensoryPerceptionResearchFinding
? "Tesla My Inventions" → pbsnovadocs (PBS Nova Documentaries)
  ↓ downloading 0 files for pbsnovadocs
/home/gian/agfarms/bucket-foundation/archive/pbsnovadocs
? "Tesla Colorado Springs Notes" → majestic-12-files (MAJESTIC 12 Files)
  ↓ downloading 0 files for majestic-12-files
/home/gian/agfarms/bucket-foundation/archive/majestic-12-files
? "Tesla problem of increasing human energy" → sharware (chestnut-multimedia)
  ↓ downloading 2 files for sharware
    FAIL chestnut/DLR/CONTENTS.pdf: HTTP Error 500: Internal Server Error
    FAIL chestnut/DLR/CONTENTS_djvu.txt: HTTP Error 500: Internal Server Error
/home/gian/agfarms/bucket-foundation/archive/sharware
? "Einstein Relativity special general theory" → relativity_librivox (Relativity: The Special and General Theory)
  ↓ downloading 2 files for relativity_librivox
    skip (have): relativity_1003.pdf
    skip (have): relativity_1003_djvu.txt
/home/gian/agfarms/bucket-foundation/archive/relativity_librivox
? "Einstein 1905 photoelectric" → cia-readingroom-document-cia-rdp96-00788r001100010004-6 (CIA Reading Room cia-rdp96-00788r001100010004-6: PROCEEDINGS)
  ↓ downloading 3 files for cia-readingroom-document-cia-rdp96-00788r001100010004-6
    skip (have): cia-rdp96-00788r001100010004-6.pdf
    skip (have): cia-rdp96-00788r001100010004-6.epub
    skip (have): cia-rdp96-00788r001100010004-6_djvu.txt
/home/gian/agfarms/bucket-foundation/archive/cia-readingroom-document-cia-rdp96-00788r001100010004-6
? "Szent-Györgyi Bioenergetics" → bioenergetics00szen (Bioenergetics)
  ↓ downloading 3 files for bioenergetics00szen
    skip (have): bioenergetics00szen.pdf
    skip (have): bioenergetics00szen.epub
    skip (have): bioenergetics00szen_djvu.txt
/home/gian/agfarms/bucket-foundation/archive/bioenergetics00szen
NO HITS: Szent-Györgyi submolecular biology
? "Becker Body Electric" → die-or-d.i.y.-full-archive ((Blogger) Die or D.I.Y.? Full Archive)
  ↓ downloading 0 files for die-or-d.i.y.-full-archive
/home/gian/agfarms/bucket-foundation/archive/die-or-d.i.y.-full-archive
? "Becker Cross Currents" → ExtrasensoryPerceptionResearchFinding (Notes on the Paranormal)
  ↓ downloading 3 files for ExtrasensoryPerceptionResearchFinding
    skip (have): Extrasensory_Perception_Research_Finding.pdf
    skip (have): Extrasensory_Perception_Research_Finding.epub
    skip (have): Extrasensory_Perception_Research_Finding_djvu.txt
/home/gian/agfarms/bucket-foundation/archive/ExtrasensoryPerceptionResearchFinding
? "Ling physical theory living state" → BluePlanetProjectUFOTECHNOLOGY (Blue Planet Project UFO TECHNOLOGY)
  ↓ downloading 3 files for BluePlanetProjectUFOTECHNOLOGY
    skip (have): Blue Planet Project UFO TECHNOLOGY.pdf
    skip (have): Blue Planet Project UFO TECHNOLOGY.epub
    skip (have): Blue Planet Project UFO TECHNOLOGY_djvu.txt
/home/gian/agfarms/bucket-foundation/archive/BluePlanetProjectUFOTECHNOLOGY
? "Ling association induction" → ibogaine_literature (Ibogaine Literature)
  ↓ downloading 3 files for ibogaine_literature
    skip (have): abaul1989.pdf
    skip (have): agwada1975.pdf
    skip (have): abaul1989_djvu.txt
/home/gian/agfarms/bucket-foundation/archive/ibogaine_literature
? "Nordenström Biologically Closed Electric Circuits" → biokinetic-impacts-on-structure-and-imaging-of-the-lung-the-concept-of-biologica (Biokinetic Impacts on Structure and Imaging of the Lung the )
  ↓ downloading 2 files for biokinetic-impacts-on-structure-and-imaging-of-the-lung-the-concept-of-biologica
    skip (have): Biokinetic impacts on structure and imaging of the lung the concept of biologically closed electric circuits - Nordenstrom AJR 1985.pdf
    skip (have): Biokinetic impacts on structure and imaging of the lung the concept of biologically closed electric circuits - Nordenstrom AJR 1985_djvu.txt
/home/gian/agfarms/bucket-foundation/archive/biokinetic-impacts-on-structure-and-imaging-of-the-lung-the-concept-of-biologica
? "Euclid Elements Heath translation" → EuclidsElementsBooksIIIVolume1Heath (Euclid's Elements Books I II Volume 1 Heath)
  ↓ downloading 2 files for EuclidsElementsBooksIIIVolume1Heath
    skip (have): Euclid's_Elements_Books_I-II_Volume_1-Heath.pdf
    skip (have): Euclid's_Elements_Books_I-II_Volume_1-Heath_djvu.txt
/home/gian/agfarms/bucket-foundation/archive/EuclidsElementsBooksIIIVolume1Heath
? "Gauss Disquisitiones Arithmeticae" → disquisitionesa00gaus (Disquisitiones arithmeticae)
  ↓ downloading 3 files for disquisitionesa00gaus
    skip (have): disquisitionesa00gaus.pdf
    skip (have): disquisitionesa00gaus.epub
    skip (have): disquisitionesa00gaus_djvu.txt
/home/gian/agfarms/bucket-foundation/archive/disquisitionesa00gaus
? "Riemann zeta hypothesis" → logicalcross (LogicalCross)
  ↓ downloading 2 files for logicalcross
    skip (have): essay.pdf
    skip (have): essay_djvu.txt
/home/gian/agfarms/bucket-foundation/archive/logicalcross
? "Cantor set theory" → YouDontNeedAWeathermanToKnowWhichWayTheWindBlows_925 (You Don't Need A Weatherman To Know Which Way The Wind Blows)
  ↓ downloading 3 files for YouDontNeedAWeathermanToKnowWhichWayTheWindBlows_925
    skip (have): YouDontNeedAWeathermanToKnowWhichWayTheWindBlows_925.pdf
    skip (have): YouDontNeedAWeathermanToKnowWhichWayTheWindBlows_925.epub
    skip (have): YouDontNeedAWeathermanToKnowWhichWayTheWindBlows_925_djvu.txt
/home/gian/agfarms/bucket-foundation/archive/YouDontNeedAWeathermanToKnowWhichWayTheWindBlows_925
? "Dirac Principles of Quantum Mechanics" → academictorrents_f24122f15283757aa8a9bf9cb638db266273442d ([Coursera] Exploring Quantum Physics)
  ↓ downloading 3 files for academictorrents_f24122f15283757aa8a9bf9cb638db266273442d
    FAIL Lectures/Week 1 - 02 Wavefunctions and Schrdinger Equation/01_Part_I-_Comments_on_studying_QM_10-11.pdf: [Errno 2] No such file or directory: '/home/gian/agfarms/bucket-foundation/archive/academictorrents_f24122f15283757aa8a9bf9cb638db266273442d/Lectures/Week 1 - 02 Wavefunctions and Schrdinger Equation/01_Part_I-_Comments_on_studying_QM_10-11.pdf'
    FAIL Lectures/Week 8 - 17 Time-dependent quantum mechanics Victor Galitski/01_Part_I-_Time-dependent_Schrdinger_Eq._general_remarks_23-04.pdf: [Errno 2] No such file or directory: '/home/gian/agfarms/bucket-foundation/archive/academictorrents_f24122f15283757aa8a9bf9cb638db266273442d/Lectures/Week 8 - 17 Time-dependent quantum mechanics Victor Galitski/01_Part_I-_Time-dependent_Schrdinger_Eq._general_remarks_23-04.pdf'
    FAIL Lectures/Week 1 - 02 Wavefunctions and Schrdinger Equation/01_Part_I-_Comments_on_studying_QM_10-11_djvu.txt: [Errno 2] No such file or directory: '/home/gian/agfarms/bucket-foundation/archive/academictorrents_f24122f15283757aa8a9bf9cb638db266273442d/Lectures/Week 1 - 02 Wavefunctions and Schrdinger Equation/01_Part_I-_Comments_on_studying_QM_10-11_djvu.txt'
/home/gian/agfarms/bucket-foundation/archive/academictorrents_f24122f15283757aa8a9bf9cb638db266273442d
? "Feynman lectures on physics" → academictorrents_f24122f15283757aa8a9bf9cb638db266273442d ([Coursera] Exploring Quantum Physics)
  ↓ downloading 3 files for academictorrents_f24122f15283757aa8a9bf9cb638db266273442d
    FAIL Lectures/Week 1 - 02 Wavefunctions and Schrdinger Equation/01_Part_I-_Comments_on_studying_QM_10-11.pdf: [Errno 2] No such file or directory: '/home/gian/agfarms/bucket-foundation/archive/academictorrents_f24122f15283757aa8a9bf9cb638db266273442d/Lectures/Week 1 - 02 Wavefunctions and Schrdinger Equation/01_Part_I-_Comments_on_studying_QM_10-11.pdf'
    FAIL Lectures/Week 8 - 17 Time-dependent quantum mechanics Victor Galitski/01_Part_I-_Time-dependent_Schrdinger_Eq._general_remarks_23-04.pdf: [Errno 2] No such file or directory: '/home/gian/agfarms/bucket-foundation/archive/academictorrents_f24122f15283757aa8a9bf9cb638db266273442d/Lectures/Week 8 - 17 Time-dependent quantum mechanics Victor Galitski/01_Part_I-_Time-dependent_Schrdinger_Eq._general_remarks_23-04.pdf'
    FAIL Lectures/Week 1 - 02 Wavefunctions and Schrdinger Equation/01_Part_I-_Comments_on_studying_QM_10-11_djvu.txt: [Errno 2] No such file or directory: '/home/gian/agfarms/bucket-foundation/archive/academictorrents_f24122f15283757aa8a9bf9cb638db266273442d/Lectures/Week 1 - 02 Wavefunctions and Schrdinger Equation/01_Part_I-_Comments_on_studying_QM_10-11_djvu.txt'
/home/gian/agfarms/bucket-foundation/archive/academictorrents_f24122f15283757aa8a9bf9cb638db266273442d
? "Shannon mathematical theory of communication" → communications_primer (Communications Primer, A)
  ↓ downloading 0 files for communications_primer
/home/gian/agfarms/bucket-foundation/archive/communications_primer
? "Turing computable numbers 1936" → turingsvisionbir0000bern (Turing's vision : the birth of computer science)
  ↓ downloading 3 files for turingsvisionbir0000bern
    FAIL turingsvisionbir0000bern.pdf: HTTP Error 403: Forbidden
    FAIL turingsvisionbir0000bern.epub: HTTP Error 500: Internal Server Error
    FAIL turingsvisionbir0000bern_djvu.txt: HTTP Error 500: Internal Server Error
/home/gian/agfarms/bucket-foundation/archive/turingsvisionbir0000bern
? "Helmholtz On the Sensations of Tone" → onsensationsofto00helmrich (On the sensations of tone as a physiological basis for the t)
  ↓ downloading 3 files for onsensationsofto00helmrich
    skip (have): onsensationsofto00helmrich.pdf
    skip (have): onsensationsofto00helmrich.epub
    skip (have): onsensationsofto00helmrich_djvu.txt
/home/gian/agfarms/bucket-foundation/archive/onsensationsofto00helmrich
? "Helmholtz Treatise Physiological Optics" → ExtrasensoryPerceptionResearchFinding (Notes on the Paranormal)
  ↓ downloading 3 files for ExtrasensoryPerceptionResearchFinding
    skip (have): Extrasensory_Perception_Research_Finding.pdf
    skip (have): Extrasensory_Perception_Research_Finding.epub
    skip (have): Extrasensory_Perception_Research_Finding_djvu.txt
/home/gian/agfarms/bucket-foundation/archive/ExtrasensoryPerceptionResearchFinding
? "Schrodinger What is Life" → Necktar2017Volume9 (Necktar 2017 volume 9)
  ↓ downloading 0 files for Necktar2017Volume9
/home/gian/agfarms/bucket-foundation/archive/Necktar2017Volume9
? "Schrödinger Mind and Matter" → Necktar2017Volume9 (Necktar 2017 volume 9)
  ↓ downloading 0 files for Necktar2017Volume9
/home/gian/agfarms/bucket-foundation/archive/Necktar2017Volume9
? "Bohr Atomic Theory Description Nature" → ExtrasensoryPerceptionResearchFinding (Notes on the Paranormal)
  ↓ downloading 3 files for ExtrasensoryPerceptionResearchFinding
    skip (have): Extrasensory_Perception_Research_Finding.pdf
    skip (have): Extrasensory_Perception_Research_Finding.epub
    skip (have): Extrasensory_Perception_Research_Finding_djvu.txt
/home/gian/agfarms/bucket-foundation/archive/ExtrasensoryPerceptionResearchFinding
? "Heisenberg Physics Philosophy" → 216.TheLastEpisodeAtLeastForAWhileOrMaybeForever_670 (216. The Last Episode, at Least for a While, or Maybe Foreve)
  ↓ downloading 0 files for 216.TheLastEpisodeAtLeastForAWhileOrMaybeForever_670
/home/gian/agfarms/bucket-foundation/archive/216.TheLastEpisodeAtLeastForAWhileOrMaybeForever_670
? "Pauli Wolfgang lectures physics" → 1_20210412_20210412_0345 (Epigenesis, Existentialism and Creativity)
  ↓ downloading 0 files for 1_20210412_20210412_0345
/home/gian/agfarms/bucket-foundation/archive/1_20210412_20210412_0345
? "Wigner Eugene mind in physics" → cia-readingroom-document-cia-rdp96-00787r000500380004-4 (CIA Reading Room cia-rdp96-00787r000500380004-4: PSYCHIC PRO)
  ↓ downloading 3 files for cia-readingroom-document-cia-rdp96-00787r000500380004-4
    skip (have): cia-rdp96-00787r000500380004-4.pdf
    skip (have): cia-rdp96-00787r000500380004-4.epub
    skip (have): cia-rdp96-00787r000500380004-4_djvu.txt
/home/gian/agfarms/bucket-foundation/archive/cia-readingroom-document-cia-rdp96-00787r000500380004-4
? "Wheeler Geons Black Holes Quantum Foam" → geonsblackholesq00whee (Geons, black holes, and quantum foam : a life in physics)
  ↓ downloading 3 files for geonsblackholesq00whee
    FAIL geonsblackholesq00whee.pdf: HTTP Error 401: Unauthorized
    FAIL geonsblackholesq00whee.epub: HTTP Error 401: Unauthorized
    FAIL geonsblackholesq00whee_djvu.txt: HTTP Error 401: Unauthorized
/home/gian/agfarms/bucket-foundation/archive/geonsblackholesq00whee
? "Pasteur fermentation" → mmoiresurlafer00past (Mémoire sur la fermentation alcoolique)
  ↓ downloading 2 files for mmoiresurlafer00past
    skip (have): mmoiresurlafer00past.pdf
    skip (have): mmoiresurlafer00past_djvu.txt
/home/gian/agfarms/bucket-foundation/archive/mmoiresurlafer00past
? "Darwin Origin of Species" → origin_species_librivox (On the Origin of Species by Means of Natural Selection)
  ↓ downloading 2 files for origin_species_librivox
    skip (have): On_the_Origin_of_Species_by_Means_of_Natural_Selection_1005.pdf
    skip (have): On_the_Origin_of_Species_by_Means_of_Natural_Selection_1005_djvu.txt
/home/gian/agfarms/bucket-foundation/archive/origin_species_librivox
? "Wallace contributions theory natural selection" → ExtrasensoryPerceptionResearchFinding (Notes on the Paranormal)
  ↓ downloading 3 files for ExtrasensoryPerceptionResearchFinding
    skip (have): Extrasensory_Perception_Research_Finding.pdf
    skip (have): Extrasensory_Perception_Research_Finding.epub
    skip (have): Extrasensory_Perception_Research_Finding_djvu.txt
/home/gian/agfarms/bucket-foundation/archive/ExtrasensoryPerceptionResearchFinding
? "Linus Pauling general chemistry" → introductiontoqu031712mbp (['Introduction To Quantum Mechanics', 'With Applications To Chemistry.'])
  ↓ downloading 3 files for introductiontoqu031712mbp
    skip (have): introductiontoqu031712mbp.pdf
    skip (have): introductiontoqu031712mbp.epub
    skip (have): introductiontoqu031712mbp_djvu.txt
/home/gian/agfarms/bucket-foundation/archive/introductiontoqu031712mbp
? "Linus Pauling vitamin C" → How_To_Live_Longer_And_Feel_Better_PDF (Linus Pauling PhD: How To Live Longer And Feel Better pdf)
  ↓ downloading 3 files for How_To_Live_Longer_And_Feel_Better_PDF
    skip (have): How to live longer and feel better - Pauling, Linus, 1901-1994.pdf
    skip (have): How to live longer and feel better - Pauling, Linus, 1901-1994.epub
    skip (have): How to live longer and feel better - Pauling, Linus, 1901-1994_djvu.txt
/home/gian/agfarms/bucket-foundation/archive/How_To_Live_Longer_And_Feel_Better_PDF
? "Crick what mad pursuit" → oxfordbookofmode0000unse_a2g6 (The Oxford book of modern science writing)
  ↓ downloading 3 files for oxfordbookofmode0000unse_a2g6
    FAIL oxfordbookofmode0000unse_a2g6.pdf: HTTP Error 403: Forbidden
    FAIL oxfordbookofmode0000unse_a2g6.epub: HTTP Error 403: Forbidden
    FAIL oxfordbookofmode0000unse_a2g6_djvu.txt: HTTP Error 403: Forbidden
/home/gian/agfarms/bucket-foundation/archive/oxfordbookofmode0000unse_a2g6
? "Schrödinger statistical thermodynamics" → yavorskydetlafamodernhandbookofphysicsmir1982 (A Modern Handbook Of Physics)
  ↓ downloading 3 files for yavorskydetlafamodernhandbookofphysicsmir1982
    skip (have): Yavorsky-Detlaf-A-Modern-Handbook-of-Physics-Mir-1982.pdf
    skip (have): Yavorsky-Detlaf-A-Modern-Handbook-of-Physics-Mir-1982.epub
    skip (have): Yavorsky-Detlaf-A-Modern-Handbook-of-Physics-Mir-1982_djvu.txt
/home/gian/agfarms/bucket-foundation/archive/yavorskydetlafamodernhandbookofphysicsmir1982
? "Boltzmann lectures gas theory" → lectures-on-gas-theory-ludwig-boltzmann (Lectures on Gas Theory - Ludwig Boltzmann, Stephen G. Brush)
  ↓ downloading 3 files for lectures-on-gas-theory-ludwig-boltzmann
    skip (have): Lectures on Gas Theory - Ludwig Boltzmann.pdf
    skip (have): Lectures on Gas Theory - Ludwig Boltzmann.epub
    skip (have): Lectures on Gas Theory - Ludwig Boltzmann_djvu.txt
/home/gian/agfarms/bucket-foundation/archive/lectures-on-gas-theory-ludwig-boltzmann
? "Carnot reflections motive power fire" → cia-readingroom-document-cia-rdp79-01194a000400140001-7 (CIA Reading Room cia-rdp79-01194a000400140001-7: CA PROPAGAN)
  ↓ downloading 3 files for cia-readingroom-document-cia-rdp79-01194a000400140001-7
    skip (have): cia-rdp79-01194a000400140001-7.pdf
    skip (have): cia-rdp79-01194a000400140001-7.epub
    skip (have): cia-rdp79-01194a000400140001-7_djvu.txt
/home/gian/agfarms/bucket-foundation/archive/cia-readingroom-document-cia-rdp79-01194a000400140001-7
? "Planck thermodynamik thermodynamics" → vorlesungenbert01plangoog (Vorlesungen über thermodynamik)
  ↓ downloading 2 files for vorlesungenbert01plangoog
    skip (have): vorlesungenbert01plangoog.pdf
    skip (have): vorlesungenbert01plangoog_djvu.txt
/home/gian/agfarms/bucket-foundation/archive/vorlesungenbert01plangoog
? "Lavoisier elements chemistry" → understanding-science (Understanding Science, Collected Edition, Vols 1-12)
  ↓ downloading 3 files for understanding-science
    skip (have): Understanding_Science-Vol_01_jpg85.pdf
    skip (have): Understanding_Science-Vol_01_jpg85.epub
    skip (have): Understanding_Science-Vol_01_jpg85_djvu.txt
/home/gian/agfarms/bucket-foundation/archive/understanding-science
? "Fourier analytical theory heat" → analyticaltheory00fourrich (The analytical theory of heat)
  ↓ downloading 3 files for analyticaltheory00fourrich
    skip (have): analyticaltheory00fourrich.pdf
    skip (have): analyticaltheory00fourrich.epub
    skip (have): analyticaltheory00fourrich_djvu.txt
/home/gian/agfarms/bucket-foundation/archive/analyticaltheory00fourrich
? "Galileo dialogue two world systems" → GalileiGalileoDialogueConcerningTheTwoChiefWorldSystemsEN155P. (Galilei, Galileo - Dialogue Concerning the two Chief World S)
  ↓ downloading 3 files for GalileiGalileoDialogueConcerningTheTwoChiefWorldSystemsEN155P.
    skip (have): Galilei, Galileo - Dialogue Concerning the two Chief World Systems (EN, 155 p.).pdf
    skip (have): Galilei, Galileo - Dialogue Concerning the two Chief World Systems (EN, 155 p.).epub
    skip (have): Galilei, Galileo - Dialogue Concerning the two Chief World Systems (EN, 155 p.)_djvu.txt
/home/gian/agfarms/bucket-foundation/archive/GalileiGalileoDialogueConcerningTheTwoChiefWorldSystemsEN155P.
? "Feynman QED" → MIT8.701F20 (MIT 8.701 Introduction to Nuclear and Particle Physics, Fall)
  ↓ downloading 0 files for MIT8.701F20
/home/gian/agfarms/bucket-foundation/archive/MIT8.701F20
? "Crick Watson DNA" → MIT7.01SCF11 (OCW Scholar: Fundamentals of Biology)
  ↓ downloading 0 files for MIT7.01SCF11
/home/gian/agfarms/bucket-foundation/archive/MIT7.01SCF11
? "Darwin descent of man" → descent_man_1_1011_librivox (The Descent of Man and Selection in Relation to Sex Part 1)
  ↓ downloading 2 files for descent_man_1_1011_librivox
    skip (have): descentman1_1011.pdf
    skip (have): descentman1_1011_djvu.txt
/home/gian/agfarms/bucket-foundation/archive/descent_man_1_1011_librivox
[2026-07-19T07:19:00-04:00] === archive runner done ===
[2026-07-20T07:18:01-04:00] === archive runner start ===
  ↓ downloading 3 files for the-universal-one-1926-walter-russell
    skip (have): TheUniversalOne1926WalterRussell.pdf
    skip (have): TheUniversalOne1926WalterRussell.epub
    skip (have): TheUniversalOne1926WalterRussell_djvu.txt
/home/gian/agfarms/bucket-foundation/archive/the-universal-one-1926-walter-russell
  ↓ downloading 3 files for principlesofchem00menduoft
    skip (have): principlesofchem00menduoft.pdf
    skip (have): principlesofchem00menduoft.epub
    skip (have): principlesofchem00menduoft_djvu.txt
/home/gian/agfarms/bucket-foundation/archive/principlesofchem00menduoft
  ↓ downloading 3 files for principlesofchem01menduoft
    skip (have): principlesofchem01menduoft.pdf
    skip (have): principlesofchem01menduoft.epub
    skip (have): principlesofchem01menduoft_djvu.txt
/home/gian/agfarms/bucket-foundation/archive/principlesofchem01menduoft
? "walter russell new concept universe" → ExtrasensoryPerceptionResearchFinding (Notes on the Paranormal)
  ↓ downloading 3 files for ExtrasensoryPerceptionResearchFinding
    skip (have): Extrasensory_Perception_Research_Finding.pdf
    skip (have): Extrasensory_Perception_Research_Finding.epub
    skip (have): Extrasensory_Perception_Research_Finding_djvu.txt
/home/gian/agfarms/bucket-foundation/archive/ExtrasensoryPerceptionResearchFinding
  ↓ downloading 3 files for newtonspmathema00newtrich
    skip (have): newtonspmathema00newtrich.pdf
    skip (have): newtonspmathema00newtrich.epub
    skip (have): newtonspmathema00newtrich_djvu.txt
/home/gian/agfarms/bucket-foundation/archive/newtonspmathema00newtrich
  ↓ downloading 3 files for principia00newtuoft
    skip (have): principia00newtuoft.pdf
    skip (have): principia00newtuoft.epub
    skip (have): principia00newtuoft_djvu.txt
/home/gian/agfarms/bucket-foundation/archive/principia00newtuoft
? "Newton Opticks 1704" → opticks_1203_librivox (Opticks)
  ↓ downloading 2 files for opticks_1203_librivox
    skip (have): opticks_1207.pdf
    skip (have): opticks_1207_djvu.txt
/home/gian/agfarms/bucket-foundation/archive/opticks_1203_librivox
? "Maxwell Treatise on Electricity and Magnetism volume 1" → electricandmagne01maxwrich (A treatise on electricity and magnetism)
  ↓ downloading 3 files for electricandmagne01maxwrich
    skip (have): electricandmagne01maxwrich.pdf
    skip (have): electricandmagne01maxwrich.epub
    skip (have): electricandmagne01maxwrich_djvu.txt
/home/gian/agfarms/bucket-foundation/archive/electricandmagne01maxwrich
? "Maxwell Treatise on Electricity and Magnetism volume 2" → electricandmagne01maxwrich (A treatise on electricity and magnetism)
  ↓ downloading 3 files for electricandmagne01maxwrich
    skip (have): electricandmagne01maxwrich.pdf
    skip (have): electricandmagne01maxwrich.epub
    skip (have): electricandmagne01maxwrich_djvu.txt
/home/gian/agfarms/bucket-foundation/archive/electricandmagne01maxwrich
? "Maxwell scientific papers" → scientificpapers01maxw (The scientific papers of James Clerk Maxwell)
  ↓ downloading 3 files for scientificpapers01maxw
    skip (have): scientificpapers01maxw.pdf
    skip (have): scientificpapers01maxw.epub
    skip (have): scientificpapers01maxw_djvu.txt
/home/gian/agfarms/bucket-foundation/archive/scientificpapers01maxw
? "Faraday Experimental Researches in Electricity volume 1" → ExtrasensoryPerceptionResearchFinding (Notes on the Paranormal)
  ↓ downloading 3 files for ExtrasensoryPerceptionResearchFinding
    skip (have): Extrasensory_Perception_Research_Finding.pdf
    skip (have): Extrasensory_Perception_Research_Finding.epub
    skip (have): Extrasensory_Perception_Research_Finding_djvu.txt
/home/gian/agfarms/bucket-foundation/archive/ExtrasensoryPerceptionResearchFinding
? "Faraday Experimental Researches in Electricity volume 2" → ExtrasensoryPerceptionResearchFinding (Notes on the Paranormal)
  ↓ downloading 3 files for ExtrasensoryPerceptionResearchFinding
    skip (have): Extrasensory_Perception_Research_Finding.pdf
    skip (have): Extrasensory_Perception_Research_Finding.epub
    skip (have): Extrasensory_Perception_Research_Finding_djvu.txt
/home/gian/agfarms/bucket-foundation/archive/ExtrasensoryPerceptionResearchFinding
? "Faraday Experimental Researches in Electricity volume 3" → ExtrasensoryPerceptionResearchFinding (Notes on the Paranormal)
  ↓ downloading 3 files for ExtrasensoryPerceptionResearchFinding
    skip (have): Extrasensory_Perception_Research_Finding.pdf
    skip (have): Extrasensory_Perception_Research_Finding.epub
    skip (have): Extrasensory_Perception_Research_Finding_djvu.txt
/home/gian/agfarms/bucket-foundation/archive/ExtrasensoryPerceptionResearchFinding
? "Tesla My Inventions" → pbsnovadocs (PBS Nova Documentaries)
  ↓ downloading 0 files for pbsnovadocs
/home/gian/agfarms/bucket-foundation/archive/pbsnovadocs
? "Tesla Colorado Springs Notes" → majestic-12-files (MAJESTIC 12 Files)
  ↓ downloading 0 files for majestic-12-files
/home/gian/agfarms/bucket-foundation/archive/majestic-12-files
? "Tesla problem of increasing human energy" → sharware (chestnut-multimedia)
  ↓ downloading 2 files for sharware
    FAIL chestnut/DLR/CONTENTS.pdf: [Errno 2] No such file or directory: '/home/gian/agfarms/bucket-foundation/archive/sharware/chestnut/DLR/CONTENTS.pdf'
    FAIL chestnut/DLR/CONTENTS_djvu.txt: [Errno 2] No such file or directory: '/home/gian/agfarms/bucket-foundation/archive/sharware/chestnut/DLR/CONTENTS_djvu.txt'
/home/gian/agfarms/bucket-foundation/archive/sharware
? "Einstein Relativity special general theory" → relativity_librivox (Relativity: The Special and General Theory)
  ↓ downloading 2 files for relativity_librivox
    skip (have): relativity_1003.pdf
    skip (have): relativity_1003_djvu.txt
/home/gian/agfarms/bucket-foundation/archive/relativity_librivox
? "Einstein 1905 photoelectric" → cia-readingroom-document-cia-rdp96-00788r001100010004-6 (CIA Reading Room cia-rdp96-00788r001100010004-6: PROCEEDINGS)
  ↓ downloading 3 files for cia-readingroom-document-cia-rdp96-00788r001100010004-6
    skip (have): cia-rdp96-00788r001100010004-6.pdf
    skip (have): cia-rdp96-00788r001100010004-6.epub
    skip (have): cia-rdp96-00788r001100010004-6_djvu.txt
/home/gian/agfarms/bucket-foundation/archive/cia-readingroom-document-cia-rdp96-00788r001100010004-6
? "Szent-Györgyi Bioenergetics" → bioenergetics00szen (Bioenergetics)
  ↓ downloading 3 files for bioenergetics00szen
    skip (have): bioenergetics00szen.pdf
    skip (have): bioenergetics00szen.epub
    skip (have): bioenergetics00szen_djvu.txt
/home/gian/agfarms/bucket-foundation/archive/bioenergetics00szen
NO HITS: Szent-Györgyi submolecular biology
? "Becker Body Electric" → die-or-d.i.y.-full-archive ((Blogger) Die or D.I.Y.? Full Archive)
  ↓ downloading 0 files for die-or-d.i.y.-full-archive
/home/gian/agfarms/bucket-foundation/archive/die-or-d.i.y.-full-archive
? "Becker Cross Currents" → ExtrasensoryPerceptionResearchFinding (Notes on the Paranormal)
  ↓ downloading 3 files for ExtrasensoryPerceptionResearchFinding
    skip (have): Extrasensory_Perception_Research_Finding.pdf
    skip (have): Extrasensory_Perception_Research_Finding.epub
    skip (have): Extrasensory_Perception_Research_Finding_djvu.txt
/home/gian/agfarms/bucket-foundation/archive/ExtrasensoryPerceptionResearchFinding
? "Ling physical theory living state" → BluePlanetProjectUFOTECHNOLOGY (Blue Planet Project UFO TECHNOLOGY)
  ↓ downloading 3 files for BluePlanetProjectUFOTECHNOLOGY
    skip (have): Blue Planet Project UFO TECHNOLOGY.pdf
    skip (have): Blue Planet Project UFO TECHNOLOGY.epub
    skip (have): Blue Planet Project UFO TECHNOLOGY_djvu.txt
/home/gian/agfarms/bucket-foundation/archive/BluePlanetProjectUFOTECHNOLOGY
? "Ling association induction" → ibogaine_literature (Ibogaine Literature)
  ↓ downloading 3 files for ibogaine_literature
    skip (have): abaul1989.pdf
    skip (have): agwada1975.pdf
    skip (have): abaul1989_djvu.txt
/home/gian/agfarms/bucket-foundation/archive/ibogaine_literature
? "Nordenström Biologically Closed Electric Circuits" → biokinetic-impacts-on-structure-and-imaging-of-the-lung-the-concept-of-biologica (Biokinetic Impacts on Structure and Imaging of the Lung the )
  ↓ downloading 2 files for biokinetic-impacts-on-structure-and-imaging-of-the-lung-the-concept-of-biologica
    skip (have): Biokinetic impacts on structure and imaging of the lung the concept of biologically closed electric circuits - Nordenstrom AJR 1985.pdf
    skip (have): Biokinetic impacts on structure and imaging of the lung the concept of biologically closed electric circuits - Nordenstrom AJR 1985_djvu.txt
/home/gian/agfarms/bucket-foundation/archive/biokinetic-impacts-on-structure-and-imaging-of-the-lung-the-concept-of-biologica
? "Euclid Elements Heath translation" → EuclidsElementsBooksIIIVolume1Heath (Euclid's Elements Books I II Volume 1 Heath)
  ↓ downloading 2 files for EuclidsElementsBooksIIIVolume1Heath
    skip (have): Euclid's_Elements_Books_I-II_Volume_1-Heath.pdf
    skip (have): Euclid's_Elements_Books_I-II_Volume_1-Heath_djvu.txt
/home/gian/agfarms/bucket-foundation/archive/EuclidsElementsBooksIIIVolume1Heath
? "Gauss Disquisitiones Arithmeticae" → disquisitionesa00gaus (Disquisitiones arithmeticae)
  ↓ downloading 3 files for disquisitionesa00gaus
    skip (have): disquisitionesa00gaus.pdf
    skip (have): disquisitionesa00gaus.epub
    skip (have): disquisitionesa00gaus_djvu.txt
/home/gian/agfarms/bucket-foundation/archive/disquisitionesa00gaus
? "Riemann zeta hypothesis" → logicalcross (LogicalCross)
  ↓ downloading 2 files for logicalcross
    skip (have): essay.pdf
    skip (have): essay_djvu.txt
/home/gian/agfarms/bucket-foundation/archive/logicalcross
? "Cantor set theory" → YouDontNeedAWeathermanToKnowWhichWayTheWindBlows_925 (You Don't Need A Weatherman To Know Which Way The Wind Blows)
  ↓ downloading 3 files for YouDontNeedAWeathermanToKnowWhichWayTheWindBlows_925
    skip (have): YouDontNeedAWeathermanToKnowWhichWayTheWindBlows_925.pdf
    skip (have): YouDontNeedAWeathermanToKnowWhichWayTheWindBlows_925.epub
    skip (have): YouDontNeedAWeathermanToKnowWhichWayTheWindBlows_925_djvu.txt
/home/gian/agfarms/bucket-foundation/archive/YouDontNeedAWeathermanToKnowWhichWayTheWindBlows_925
? "Dirac Principles of Quantum Mechanics" → academictorrents_f24122f15283757aa8a9bf9cb638db266273442d ([Coursera] Exploring Quantum Physics)
  ↓ downloading 3 files for academictorrents_f24122f15283757aa8a9bf9cb638db266273442d
    FAIL Lectures/Week 1 - 02 Wavefunctions and Schrdinger Equation/01_Part_I-_Comments_on_studying_QM_10-11.pdf: [Errno 2] No such file or directory: '/home/gian/agfarms/bucket-foundation/archive/academictorrents_f24122f15283757aa8a9bf9cb638db266273442d/Lectures/Week 1 - 02 Wavefunctions and Schrdinger Equation/01_Part_I-_Comments_on_studying_QM_10-11.pdf'
    FAIL Lectures/Week 8 - 17 Time-dependent quantum mechanics Victor Galitski/01_Part_I-_Time-dependent_Schrdinger_Eq._general_remarks_23-04.pdf: [Errno 2] No such file or directory: '/home/gian/agfarms/bucket-foundation/archive/academictorrents_f24122f15283757aa8a9bf9cb638db266273442d/Lectures/Week 8 - 17 Time-dependent quantum mechanics Victor Galitski/01_Part_I-_Time-dependent_Schrdinger_Eq._general_remarks_23-04.pdf'
    FAIL Lectures/Week 1 - 02 Wavefunctions and Schrdinger Equation/01_Part_I-_Comments_on_studying_QM_10-11_djvu.txt: [Errno 2] No such file or directory: '/home/gian/agfarms/bucket-foundation/archive/academictorrents_f24122f15283757aa8a9bf9cb638db266273442d/Lectures/Week 1 - 02 Wavefunctions and Schrdinger Equation/01_Part_I-_Comments_on_studying_QM_10-11_djvu.txt'
/home/gian/agfarms/bucket-foundation/archive/academictorrents_f24122f15283757aa8a9bf9cb638db266273442d
? "Feynman lectures on physics" → academictorrents_f24122f15283757aa8a9bf9cb638db266273442d ([Coursera] Exploring Quantum Physics)
  ↓ downloading 3 files for academictorrents_f24122f15283757aa8a9bf9cb638db266273442d
    FAIL Lectures/Week 1 - 02 Wavefunctions and Schrdinger Equation/01_Part_I-_Comments_on_studying_QM_10-11.pdf: [Errno 2] No such file or directory: '/home/gian/agfarms/bucket-foundation/archive/academictorrents_f24122f15283757aa8a9bf9cb638db266273442d/Lectures/Week 1 - 02 Wavefunctions and Schrdinger Equation/01_Part_I-_Comments_on_studying_QM_10-11.pdf'
    FAIL Lectures/Week 8 - 17 Time-dependent quantum mechanics Victor Galitski/01_Part_I-_Time-dependent_Schrdinger_Eq._general_remarks_23-04.pdf: [Errno 2] No such file or directory: '/home/gian/agfarms/bucket-foundation/archive/academictorrents_f24122f15283757aa8a9bf9cb638db266273442d/Lectures/Week 8 - 17 Time-dependent quantum mechanics Victor Galitski/01_Part_I-_Time-dependent_Schrdinger_Eq._general_remarks_23-04.pdf'
    FAIL Lectures/Week 1 - 02 Wavefunctions and Schrdinger Equation/01_Part_I-_Comments_on_studying_QM_10-11_djvu.txt: [Errno 2] No such file or directory: '/home/gian/agfarms/bucket-foundation/archive/academictorrents_f24122f15283757aa8a9bf9cb638db266273442d/Lectures/Week 1 - 02 Wavefunctions and Schrdinger Equation/01_Part_I-_Comments_on_studying_QM_10-11_djvu.txt'
/home/gian/agfarms/bucket-foundation/archive/academictorrents_f24122f15283757aa8a9bf9cb638db266273442d
? "Shannon mathematical theory of communication" → communications_primer (Communications Primer, A)
  ↓ downloading 0 files for communications_primer
/home/gian/agfarms/bucket-foundation/archive/communications_primer
? "Turing computable numbers 1936" → turingsvisionbir0000bern (Turing's vision : the birth of computer science)
FAIL ?Turing computable numbers 1936: The read operation timed out
? "Helmholtz On the Sensations of Tone" → onsensationsofto00helmrich (On the sensations of tone as a physiological basis for the t)
  ↓ downloading 3 files for onsensationsofto00helmrich
    skip (have): onsensationsofto00helmrich.pdf
    skip (have): onsensationsofto00helmrich.epub
    skip (have): onsensationsofto00helmrich_djvu.txt
/home/gian/agfarms/bucket-foundation/archive/onsensationsofto00helmrich
? "Helmholtz Treatise Physiological Optics" → ExtrasensoryPerceptionResearchFinding (Notes on the Paranormal)
  ↓ downloading 3 files for ExtrasensoryPerceptionResearchFinding
    skip (have): Extrasensory_Perception_Research_Finding.pdf
    skip (have): Extrasensory_Perception_Research_Finding.epub
    skip (have): Extrasensory_Perception_Research_Finding_djvu.txt
/home/gian/agfarms/bucket-foundation/archive/ExtrasensoryPerceptionResearchFinding
? "Schrodinger What is Life" → Necktar2017Volume9 (Necktar 2017 volume 9)
  ↓ downloading 0 files for Necktar2017Volume9
/home/gian/agfarms/bucket-foundation/archive/Necktar2017Volume9
? "Schrödinger Mind and Matter" → Necktar2017Volume9 (Necktar 2017 volume 9)
  ↓ downloading 0 files for Necktar2017Volume9
/home/gian/agfarms/bucket-foundation/archive/Necktar2017Volume9
? "Bohr Atomic Theory Description Nature" → ExtrasensoryPerceptionResearchFinding (Notes on the Paranormal)
  ↓ downloading 3 files for ExtrasensoryPerceptionResearchFinding
    skip (have): Extrasensory_Perception_Research_Finding.pdf
    skip (have): Extrasensory_Perception_Research_Finding.epub
    skip (have): Extrasensory_Perception_Research_Finding_djvu.txt
/home/gian/agfarms/bucket-foundation/archive/ExtrasensoryPerceptionResearchFinding
? "Heisenberg Physics Philosophy" → 216.TheLastEpisodeAtLeastForAWhileOrMaybeForever_670 (216. The Last Episode, at Least for a While, or Maybe Foreve)
  ↓ downloading 0 files for 216.TheLastEpisodeAtLeastForAWhileOrMaybeForever_670
/home/gian/agfarms/bucket-foundation/archive/216.TheLastEpisodeAtLeastForAWhileOrMaybeForever_670
? "Pauli Wolfgang lectures physics" → 1_20210412_20210412_0345 (Epigenesis, Existentialism and Creativity)
  ↓ downloading 0 files for 1_20210412_20210412_0345
/home/gian/agfarms/bucket-foundation/archive/1_20210412_20210412_0345
? "Wigner Eugene mind in physics" → cia-readingroom-document-cia-rdp96-00787r000500380004-4 (CIA Reading Room cia-rdp96-00787r000500380004-4: PSYCHIC PRO)
  ↓ downloading 3 files for cia-readingroom-document-cia-rdp96-00787r000500380004-4
    skip (have): cia-rdp96-00787r000500380004-4.pdf
    skip (have): cia-rdp96-00787r000500380004-4.epub
    skip (have): cia-rdp96-00787r000500380004-4_djvu.txt
/home/gian/agfarms/bucket-foundation/archive/cia-readingroom-document-cia-rdp96-00787r000500380004-4
? "Wheeler Geons Black Holes Quantum Foam" → geonsblackholesq00whee (Geons, black holes, and quantum foam : a life in physics)
  ↓ downloading 3 files for geonsblackholesq00whee
    FAIL geonsblackholesq00whee.pdf: HTTP Error 401: Unauthorized
    FAIL geonsblackholesq00whee.epub: HTTP Error 401: Unauthorized
    FAIL geonsblackholesq00whee_djvu.txt: HTTP Error 401: Unauthorized
/home/gian/agfarms/bucket-foundation/archive/geonsblackholesq00whee
? "Pasteur fermentation" → mmoiresurlafer00past (Mémoire sur la fermentation alcoolique)
  ↓ downloading 2 files for mmoiresurlafer00past
    skip (have): mmoiresurlafer00past.pdf
    skip (have): mmoiresurlafer00past_djvu.txt
/home/gian/agfarms/bucket-foundation/archive/mmoiresurlafer00past
? "Darwin Origin of Species" → origin_species_librivox (On the Origin of Species by Means of Natural Selection)
  ↓ downloading 2 files for origin_species_librivox
    skip (have): On_the_Origin_of_Species_by_Means_of_Natural_Selection_1005.pdf
    skip (have): On_the_Origin_of_Species_by_Means_of_Natural_Selection_1005_djvu.txt
/home/gian/agfarms/bucket-foundation/archive/origin_species_librivox
? "Wallace contributions theory natural selection" → ExtrasensoryPerceptionResearchFinding (Notes on the Paranormal)
  ↓ downloading 3 files for ExtrasensoryPerceptionResearchFinding
    skip (have): Extrasensory_Perception_Research_Finding.pdf
    skip (have): Extrasensory_Perception_Research_Finding.epub
    skip (have): Extrasensory_Perception_Research_Finding_djvu.txt
/home/gian/agfarms/bucket-foundation/archive/ExtrasensoryPerceptionResearchFinding
? "Linus Pauling general chemistry" → introductiontoqu031712mbp (['Introduction To Quantum Mechanics', 'With Applications To Chemistry.'])
  ↓ downloading 3 files for introductiontoqu031712mbp
    skip (have): introductiontoqu031712mbp.pdf
    skip (have): introductiontoqu031712mbp.epub
    skip (have): introductiontoqu031712mbp_djvu.txt
/home/gian/agfarms/bucket-foundation/archive/introductiontoqu031712mbp
? "Linus Pauling vitamin C" → How_To_Live_Longer_And_Feel_Better_PDF (Linus Pauling PhD: How To Live Longer And Feel Better pdf)
  ↓ downloading 3 files for How_To_Live_Longer_And_Feel_Better_PDF
    skip (have): How to live longer and feel better - Pauling, Linus, 1901-1994.pdf
    skip (have): How to live longer and feel better - Pauling, Linus, 1901-1994.epub
    skip (have): How to live longer and feel better - Pauling, Linus, 1901-1994_djvu.txt
/home/gian/agfarms/bucket-foundation/archive/How_To_Live_Longer_And_Feel_Better_PDF
? "Crick what mad pursuit" → oxfordbookofmode0000unse_a2g6 (The Oxford book of modern science writing)
  ↓ downloading 3 files for oxfordbookofmode0000unse_a2g6
    FAIL oxfordbookofmode0000unse_a2g6.pdf: HTTP Error 401: Unauthorized
    FAIL oxfordbookofmode0000unse_a2g6.epub: HTTP Error 401: Unauthorized
    FAIL oxfordbookofmode0000unse_a2g6_djvu.txt: HTTP Error 401: Unauthorized
/home/gian/agfarms/bucket-foundation/archive/oxfordbookofmode0000unse_a2g6
? "Schrödinger statistical thermodynamics" → yavorskydetlafamodernhandbookofphysicsmir1982 (A Modern Handbook Of Physics)
  ↓ downloading 3 files for yavorskydetlafamodernhandbookofphysicsmir1982
    skip (have): Yavorsky-Detlaf-A-Modern-Handbook-of-Physics-Mir-1982.pdf
    skip (have): Yavorsky-Detlaf-A-Modern-Handbook-of-Physics-Mir-1982.epub
    skip (have): Yavorsky-Detlaf-A-Modern-Handbook-of-Physics-Mir-1982_djvu.txt
/home/gian/agfarms/bucket-foundation/archive/yavorskydetlafamodernhandbookofphysicsmir1982
? "Boltzmann lectures gas theory" → lectures-on-gas-theory-ludwig-boltzmann (Lectures on Gas Theory - Ludwig Boltzmann, Stephen G. Brush)
  ↓ downloading 3 files for lectures-on-gas-theory-ludwig-boltzmann
    skip (have): Lectures on Gas Theory - Ludwig Boltzmann.pdf
    skip (have): Lectures on Gas Theory - Ludwig Boltzmann.epub
    skip (have): Lectures on Gas Theory - Ludwig Boltzmann_djvu.txt
/home/gian/agfarms/bucket-foundation/archive/lectures-on-gas-theory-ludwig-boltzmann
? "Carnot reflections motive power fire" → cia-readingroom-document-cia-rdp79-01194a000400140001-7 (CIA Reading Room cia-rdp79-01194a000400140001-7: CA PROPAGAN)
  ↓ downloading 3 files for cia-readingroom-document-cia-rdp79-01194a000400140001-7
    skip (have): cia-rdp79-01194a000400140001-7.pdf
    skip (have): cia-rdp79-01194a000400140001-7.epub
    skip (have): cia-rdp79-01194a000400140001-7_djvu.txt
/home/gian/agfarms/bucket-foundation/archive/cia-readingroom-document-cia-rdp79-01194a000400140001-7
? "Planck thermodynamik thermodynamics" → vorlesungenbert01plangoog (Vorlesungen über thermodynamik)
  ↓ downloading 2 files for vorlesungenbert01plangoog
    skip (have): vorlesungenbert01plangoog.pdf
    skip (have): vorlesungenbert01plangoog_djvu.txt
/home/gian/agfarms/bucket-foundation/archive/vorlesungenbert01plangoog
? "Lavoisier elements chemistry" → understanding-science (Understanding Science, Collected Edition, Vols 1-12)
  ↓ downloading 3 files for understanding-science
    skip (have): Understanding_Science-Vol_01_jpg85.pdf
    skip (have): Understanding_Science-Vol_01_jpg85.epub
    skip (have): Understanding_Science-Vol_01_jpg85_djvu.txt
/home/gian/agfarms/bucket-foundation/archive/understanding-science
? "Fourier analytical theory heat" → analyticaltheory00fourrich (The analytical theory of heat)
  ↓ downloading 3 files for analyticaltheory00fourrich
    skip (have): analyticaltheory00fourrich.pdf
    skip (have): analyticaltheory00fourrich.epub
    skip (have): analyticaltheory00fourrich_djvu.txt
/home/gian/agfarms/bucket-foundation/archive/analyticaltheory00fourrich
? "Galileo dialogue two world systems" → GalileiGalileoDialogueConcerningTheTwoChiefWorldSystemsEN155P. (Galilei, Galileo - Dialogue Concerning the two Chief World S)
  ↓ downloading 3 files for GalileiGalileoDialogueConcerningTheTwoChiefWorldSystemsEN155P.
    skip (have): Galilei, Galileo - Dialogue Concerning the two Chief World Systems (EN, 155 p.).pdf
    skip (have): Galilei, Galileo - Dialogue Concerning the two Chief World Systems (EN, 155 p.).epub
    skip (have): Galilei, Galileo - Dialogue Concerning the two Chief World Systems (EN, 155 p.)_djvu.txt
/home/gian/agfarms/bucket-foundation/archive/GalileiGalileoDialogueConcerningTheTwoChiefWorldSystemsEN155P.
? "Feynman QED" → MIT8.701F20 (MIT 8.701 Introduction to Nuclear and Particle Physics, Fall)
  ↓ downloading 0 files for MIT8.701F20
/home/gian/agfarms/bucket-foundation/archive/MIT8.701F20
? "Crick Watson DNA" → MIT7.01SCF11 (OCW Scholar: Fundamentals of Biology)
  ↓ downloading 0 files for MIT7.01SCF11
/home/gian/agfarms/bucket-foundation/archive/MIT7.01SCF11
? "Darwin descent of man" → descent_man_1_1011_librivox (The Descent of Man and Selection in Relation to Sex Part 1)
  ↓ downloading 2 files for descent_man_1_1011_librivox
    skip (have): descentman1_1011.pdf
    skip (have): descentman1_1011_djvu.txt
/home/gian/agfarms/bucket-foundation/archive/descent_man_1_1011_librivox
[2026-07-20T07:20:47-04:00] === archive runner done ===
[2026-07-21T07:19:01-04:00] === archive runner start ===
  ↓ downloading 3 files for the-universal-one-1926-walter-russell
    skip (have): TheUniversalOne1926WalterRussell.pdf
    skip (have): TheUniversalOne1926WalterRussell.epub
    skip (have): TheUniversalOne1926WalterRussell_djvu.txt
/home/gian/agfarms/bucket-foundation/archive/the-universal-one-1926-walter-russell
  ↓ downloading 3 files for principlesofchem00menduoft
    skip (have): principlesofchem00menduoft.pdf
    skip (have): principlesofchem00menduoft.epub
    skip (have): principlesofchem00menduoft_djvu.txt
/home/gian/agfarms/bucket-foundation/archive/principlesofchem00menduoft
  ↓ downloading 3 files for principlesofchem01menduoft
    skip (have): principlesofchem01menduoft.pdf
    skip (have): principlesofchem01menduoft.epub
    skip (have): principlesofchem01menduoft_djvu.txt
/home/gian/agfarms/bucket-foundation/archive/principlesofchem01menduoft
? "walter russell new concept universe" → ExtrasensoryPerceptionResearchFinding (Notes on the Paranormal)
  ↓ downloading 3 files for ExtrasensoryPerceptionResearchFinding
    skip (have): Extrasensory_Perception_Research_Finding.pdf
    skip (have): Extrasensory_Perception_Research_Finding.epub
    skip (have): Extrasensory_Perception_Research_Finding_djvu.txt
/home/gian/agfarms/bucket-foundation/archive/ExtrasensoryPerceptionResearchFinding
  ↓ downloading 3 files for newtonspmathema00newtrich
    skip (have): newtonspmathema00newtrich.pdf
    skip (have): newtonspmathema00newtrich.epub
    skip (have): newtonspmathema00newtrich_djvu.txt
/home/gian/agfarms/bucket-foundation/archive/newtonspmathema00newtrich
  ↓ downloading 3 files for principia00newtuoft
    skip (have): principia00newtuoft.pdf
    skip (have): principia00newtuoft.epub
    skip (have): principia00newtuoft_djvu.txt
/home/gian/agfarms/bucket-foundation/archive/principia00newtuoft
? "Newton Opticks 1704" → opticks_1203_librivox (Opticks)
  ↓ downloading 2 files for opticks_1203_librivox
    skip (have): opticks_1207.pdf
    skip (have): opticks_1207_djvu.txt
/home/gian/agfarms/bucket-foundation/archive/opticks_1203_librivox
? "Maxwell Treatise on Electricity and Magnetism volume 1" → electricandmagne01maxwrich (A treatise on electricity and magnetism)
  ↓ downloading 3 files for electricandmagne01maxwrich
    skip (have): electricandmagne01maxwrich.pdf
    skip (have): electricandmagne01maxwrich.epub
    skip (have): electricandmagne01maxwrich_djvu.txt
/home/gian/agfarms/bucket-foundation/archive/electricandmagne01maxwrich
? "Maxwell Treatise on Electricity and Magnetism volume 2" → electricandmagne01maxwrich (A treatise on electricity and magnetism)
  ↓ downloading 3 files for electricandmagne01maxwrich
    skip (have): electricandmagne01maxwrich.pdf
    skip (have): electricandmagne01maxwrich.epub
    skip (have): electricandmagne01maxwrich_djvu.txt
/home/gian/agfarms/bucket-foundation/archive/electricandmagne01maxwrich
? "Maxwell scientific papers" → scientificpapers01maxw (The scientific papers of James Clerk Maxwell)
  ↓ downloading 3 files for scientificpapers01maxw
    skip (have): scientificpapers01maxw.pdf
    skip (have): scientificpapers01maxw.epub
    skip (have): scientificpapers01maxw_djvu.txt
/home/gian/agfarms/bucket-foundation/archive/scientificpapers01maxw
? "Faraday Experimental Researches in Electricity volume 1" → ExtrasensoryPerceptionResearchFinding (Notes on the Paranormal)
  ↓ downloading 3 files for ExtrasensoryPerceptionResearchFinding
    skip (have): Extrasensory_Perception_Research_Finding.pdf
    skip (have): Extrasensory_Perception_Research_Finding.epub
    skip (have): Extrasensory_Perception_Research_Finding_djvu.txt
/home/gian/agfarms/bucket-foundation/archive/ExtrasensoryPerceptionResearchFinding
? "Faraday Experimental Researches in Electricity volume 2" → ExtrasensoryPerceptionResearchFinding (Notes on the Paranormal)
  ↓ downloading 3 files for ExtrasensoryPerceptionResearchFinding
    skip (have): Extrasensory_Perception_Research_Finding.pdf
    skip (have): Extrasensory_Perception_Research_Finding.epub
    skip (have): Extrasensory_Perception_Research_Finding_djvu.txt
/home/gian/agfarms/bucket-foundation/archive/ExtrasensoryPerceptionResearchFinding
? "Faraday Experimental Researches in Electricity volume 3" → ExtrasensoryPerceptionResearchFinding (Notes on the Paranormal)
  ↓ downloading 3 files for ExtrasensoryPerceptionResearchFinding
    skip (have): Extrasensory_Perception_Research_Finding.pdf
    skip (have): Extrasensory_Perception_Research_Finding.epub
    skip (have): Extrasensory_Perception_Research_Finding_djvu.txt
/home/gian/agfarms/bucket-foundation/archive/ExtrasensoryPerceptionResearchFinding
? "Tesla My Inventions" → pbsnovadocs (PBS Nova Documentaries)
  ↓ downloading 0 files for pbsnovadocs
/home/gian/agfarms/bucket-foundation/archive/pbsnovadocs
? "Tesla Colorado Springs Notes" → majestic-12-files (MAJESTIC 12 Files)
  ↓ downloading 0 files for majestic-12-files
/home/gian/agfarms/bucket-foundation/archive/majestic-12-files
? "Tesla problem of increasing human energy" → sharware (chestnut-multimedia)
  ↓ downloading 2 files for sharware
    FAIL chestnut/DLR/CONTENTS.pdf: [Errno 2] No such file or directory: '/home/gian/agfarms/bucket-foundation/archive/sharware/chestnut/DLR/CONTENTS.pdf'
    FAIL chestnut/DLR/CONTENTS_djvu.txt: [Errno 2] No such file or directory: '/home/gian/agfarms/bucket-foundation/archive/sharware/chestnut/DLR/CONTENTS_djvu.txt'
/home/gian/agfarms/bucket-foundation/archive/sharware
? "Einstein Relativity special general theory" → relativity_librivox (Relativity: The Special and General Theory)
  ↓ downloading 2 files for relativity_librivox
    skip (have): relativity_1003.pdf
    skip (have): relativity_1003_djvu.txt
/home/gian/agfarms/bucket-foundation/archive/relativity_librivox
? "Einstein 1905 photoelectric" → cia-readingroom-document-cia-rdp96-00788r001100010004-6 (CIA Reading Room cia-rdp96-00788r001100010004-6: PROCEEDINGS)
  ↓ downloading 3 files for cia-readingroom-document-cia-rdp96-00788r001100010004-6
    skip (have): cia-rdp96-00788r001100010004-6.pdf
    skip (have): cia-rdp96-00788r001100010004-6.epub
    skip (have): cia-rdp96-00788r001100010004-6_djvu.txt
/home/gian/agfarms/bucket-foundation/archive/cia-readingroom-document-cia-rdp96-00788r001100010004-6
? "Szent-Györgyi Bioenergetics" → bioenergetics00szen (Bioenergetics)
  ↓ downloading 3 files for bioenergetics00szen
    skip (have): bioenergetics00szen.pdf
    skip (have): bioenergetics00szen.epub
    skip (have): bioenergetics00szen_djvu.txt
/home/gian/agfarms/bucket-foundation/archive/bioenergetics00szen
NO HITS: Szent-Györgyi submolecular biology
? "Becker Body Electric" → die-or-d.i.y.-full-archive ((Blogger) Die or D.I.Y.? Full Archive)
  ↓ downloading 0 files for die-or-d.i.y.-full-archive
/home/gian/agfarms/bucket-foundation/archive/die-or-d.i.y.-full-archive
? "Becker Cross Currents" → ExtrasensoryPerceptionResearchFinding (Notes on the Paranormal)
  ↓ downloading 3 files for ExtrasensoryPerceptionResearchFinding
    skip (have): Extrasensory_Perception_Research_Finding.pdf
    skip (have): Extrasensory_Perception_Research_Finding.epub
    skip (have): Extrasensory_Perception_Research_Finding_djvu.txt
/home/gian/agfarms/bucket-foundation/archive/ExtrasensoryPerceptionResearchFinding
? "Ling physical theory living state" → BluePlanetProjectUFOTECHNOLOGY (Blue Planet Project UFO TECHNOLOGY)
  ↓ downloading 3 files for BluePlanetProjectUFOTECHNOLOGY
    skip (have): Blue Planet Project UFO TECHNOLOGY.pdf
    skip (have): Blue Planet Project UFO TECHNOLOGY.epub
    skip (have): Blue Planet Project UFO TECHNOLOGY_djvu.txt
/home/gian/agfarms/bucket-foundation/archive/BluePlanetProjectUFOTECHNOLOGY
? "Ling association induction" → ibogaine_literature (Ibogaine Literature)
  ↓ downloading 3 files for ibogaine_literature
    skip (have): abaul1989.pdf
    skip (have): agwada1975.pdf
    skip (have): abaul1989_djvu.txt
/home/gian/agfarms/bucket-foundation/archive/ibogaine_literature
? "Nordenström Biologically Closed Electric Circuits" → biokinetic-impacts-on-structure-and-imaging-of-the-lung-the-concept-of-biologica (Biokinetic Impacts on Structure and Imaging of the Lung the )
  ↓ downloading 2 files for biokinetic-impacts-on-structure-and-imaging-of-the-lung-the-concept-of-biologica
    skip (have): Biokinetic impacts on structure and imaging of the lung the concept of biologically closed electric circuits - Nordenstrom AJR 1985.pdf
    skip (have): Biokinetic impacts on structure and imaging of the lung the concept of biologically closed electric circuits - Nordenstrom AJR 1985_djvu.txt
/home/gian/agfarms/bucket-foundation/archive/biokinetic-impacts-on-structure-and-imaging-of-the-lung-the-concept-of-biologica
? "Euclid Elements Heath translation" → EuclidsElementsBooksIIIVolume1Heath (Euclid's Elements Books I II Volume 1 Heath)
  ↓ downloading 2 files for EuclidsElementsBooksIIIVolume1Heath
    skip (have): Euclid's_Elements_Books_I-II_Volume_1-Heath.pdf
    skip (have): Euclid's_Elements_Books_I-II_Volume_1-Heath_djvu.txt
/home/gian/agfarms/bucket-foundation/archive/EuclidsElementsBooksIIIVolume1Heath
? "Gauss Disquisitiones Arithmeticae" → disquisitionesa00gaus (Disquisitiones arithmeticae)
  ↓ downloading 3 files for disquisitionesa00gaus
    skip (have): disquisitionesa00gaus.pdf
    skip (have): disquisitionesa00gaus.epub
    skip (have): disquisitionesa00gaus_djvu.txt
/home/gian/agfarms/bucket-foundation/archive/disquisitionesa00gaus
? "Riemann zeta hypothesis" → logicalcross (LogicalCross)
  ↓ downloading 2 files for logicalcross
    skip (have): essay.pdf
    skip (have): essay_djvu.txt
/home/gian/agfarms/bucket-foundation/archive/logicalcross
? "Cantor set theory" → YouDontNeedAWeathermanToKnowWhichWayTheWindBlows_925 (You Don't Need A Weatherman To Know Which Way The Wind Blows)
  ↓ downloading 3 files for YouDontNeedAWeathermanToKnowWhichWayTheWindBlows_925
    skip (have): YouDontNeedAWeathermanToKnowWhichWayTheWindBlows_925.pdf
    skip (have): YouDontNeedAWeathermanToKnowWhichWayTheWindBlows_925.epub
    skip (have): YouDontNeedAWeathermanToKnowWhichWayTheWindBlows_925_djvu.txt
/home/gian/agfarms/bucket-foundation/archive/YouDontNeedAWeathermanToKnowWhichWayTheWindBlows_925
? "Dirac Principles of Quantum Mechanics" → academictorrents_f24122f15283757aa8a9bf9cb638db266273442d ([Coursera] Exploring Quantum Physics)
  ↓ downloading 3 files for academictorrents_f24122f15283757aa8a9bf9cb638db266273442d
    FAIL Lectures/Week 1 - 02 Wavefunctions and Schrdinger Equation/01_Part_I-_Comments_on_studying_QM_10-11.pdf: [Errno 2] No such file or directory: '/home/gian/agfarms/bucket-foundation/archive/academictorrents_f24122f15283757aa8a9bf9cb638db266273442d/Lectures/Week 1 - 02 Wavefunctions and Schrdinger Equation/01_Part_I-_Comments_on_studying_QM_10-11.pdf'
    FAIL Lectures/Week 8 - 17 Time-dependent quantum mechanics Victor Galitski/01_Part_I-_Time-dependent_Schrdinger_Eq._general_remarks_23-04.pdf: [Errno 2] No such file or directory: '/home/gian/agfarms/bucket-foundation/archive/academictorrents_f24122f15283757aa8a9bf9cb638db266273442d/Lectures/Week 8 - 17 Time-dependent quantum mechanics Victor Galitski/01_Part_I-_Time-dependent_Schrdinger_Eq._general_remarks_23-04.pdf'
    FAIL Lectures/Week 1 - 02 Wavefunctions and Schrdinger Equation/01_Part_I-_Comments_on_studying_QM_10-11_djvu.txt: [Errno 2] No such file or directory: '/home/gian/agfarms/bucket-foundation/archive/academictorrents_f24122f15283757aa8a9bf9cb638db266273442d/Lectures/Week 1 - 02 Wavefunctions and Schrdinger Equation/01_Part_I-_Comments_on_studying_QM_10-11_djvu.txt'
/home/gian/agfarms/bucket-foundation/archive/academictorrents_f24122f15283757aa8a9bf9cb638db266273442d
? "Feynman lectures on physics" → academictorrents_f24122f15283757aa8a9bf9cb638db266273442d ([Coursera] Exploring Quantum Physics)
  ↓ downloading 3 files for academictorrents_f24122f15283757aa8a9bf9cb638db266273442d
    FAIL Lectures/Week 1 - 02 Wavefunctions and Schrdinger Equation/01_Part_I-_Comments_on_studying_QM_10-11.pdf: [Errno 2] No such file or directory: '/home/gian/agfarms/bucket-foundation/archive/academictorrents_f24122f15283757aa8a9bf9cb638db266273442d/Lectures/Week 1 - 02 Wavefunctions and Schrdinger Equation/01_Part_I-_Comments_on_studying_QM_10-11.pdf'
    FAIL Lectures/Week 8 - 17 Time-dependent quantum mechanics Victor Galitski/01_Part_I-_Time-dependent_Schrdinger_Eq._general_remarks_23-04.pdf: [Errno 2] No such file or directory: '/home/gian/agfarms/bucket-foundation/archive/academictorrents_f24122f15283757aa8a9bf9cb638db266273442d/Lectures/Week 8 - 17 Time-dependent quantum mechanics Victor Galitski/01_Part_I-_Time-dependent_Schrdinger_Eq._general_remarks_23-04.pdf'
    FAIL Lectures/Week 1 - 02 Wavefunctions and Schrdinger Equation/01_Part_I-_Comments_on_studying_QM_10-11_djvu.txt: [Errno 2] No such file or directory: '/home/gian/agfarms/bucket-foundation/archive/academictorrents_f24122f15283757aa8a9bf9cb638db266273442d/Lectures/Week 1 - 02 Wavefunctions and Schrdinger Equation/01_Part_I-_Comments_on_studying_QM_10-11_djvu.txt'
/home/gian/agfarms/bucket-foundation/archive/academictorrents_f24122f15283757aa8a9bf9cb638db266273442d
? "Shannon mathematical theory of communication" → communications_primer (Communications Primer, A)
  ↓ downloading 0 files for communications_primer
/home/gian/agfarms/bucket-foundation/archive/communications_primer
? "Turing computable numbers 1936" → turingsvisionbir0000bern (Turing's vision : the birth of computer science)
  ↓ downloading 3 files for turingsvisionbir0000bern
    FAIL turingsvisionbir0000bern.pdf: HTTP Error 401: Unauthorized
    FAIL turingsvisionbir0000bern.epub: HTTP Error 401: Unauthorized
    FAIL turingsvisionbir0000bern_djvu.txt: HTTP Error 401: Unauthorized
/home/gian/agfarms/bucket-foundation/archive/turingsvisionbir0000bern
? "Helmholtz On the Sensations of Tone" → onsensationsofto00helmrich (On the sensations of tone as a physiological basis for the t)
  ↓ downloading 3 files for onsensationsofto00helmrich
    skip (have): onsensationsofto00helmrich.pdf
    skip (have): onsensationsofto00helmrich.epub
    skip (have): onsensationsofto00helmrich_djvu.txt
/home/gian/agfarms/bucket-foundation/archive/onsensationsofto00helmrich
? "Helmholtz Treatise Physiological Optics" → ExtrasensoryPerceptionResearchFinding (Notes on the Paranormal)
  ↓ downloading 3 files for ExtrasensoryPerceptionResearchFinding
    skip (have): Extrasensory_Perception_Research_Finding.pdf
    skip (have): Extrasensory_Perception_Research_Finding.epub
    skip (have): Extrasensory_Perception_Research_Finding_djvu.txt
/home/gian/agfarms/bucket-foundation/archive/ExtrasensoryPerceptionResearchFinding
? "Schrodinger What is Life" → WhatIsLife-EdwardSchrodinger (WHAT IS LIFE? - ERWIN SCHRODINGER)
  ↓ downloading 3 files for WhatIsLife-EdwardSchrodinger
    skip (have): whatislife-schrodinger.pdf
    skip (have): whatislife-schrodinger.epub
    skip (have): whatislife-schrodinger_djvu.txt
/home/gian/agfarms/bucket-foundation/archive/WhatIsLife-EdwardSchrodinger
? "Schrödinger Mind and Matter" → Necktar2017Volume9 (Necktar 2017 volume 9)
  ↓ downloading 0 files for Necktar2017Volume9
/home/gian/agfarms/bucket-foundation/archive/Necktar2017Volume9
? "Bohr Atomic Theory Description Nature" → ExtrasensoryPerceptionResearchFinding (Notes on the Paranormal)
  ↓ downloading 3 files for ExtrasensoryPerceptionResearchFinding
    skip (have): Extrasensory_Perception_Research_Finding.pdf
    skip (have): Extrasensory_Perception_Research_Finding.epub
    skip (have): Extrasensory_Perception_Research_Finding_djvu.txt
/home/gian/agfarms/bucket-foundation/archive/ExtrasensoryPerceptionResearchFinding
? "Heisenberg Physics Philosophy" → 216.TheLastEpisodeAtLeastForAWhileOrMaybeForever_670 (216. The Last Episode, at Least for a While, or Maybe Foreve)
  ↓ downloading 0 files for 216.TheLastEpisodeAtLeastForAWhileOrMaybeForever_670
/home/gian/agfarms/bucket-foundation/archive/216.TheLastEpisodeAtLeastForAWhileOrMaybeForever_670
? "Pauli Wolfgang lectures physics" → 1_20210412_20210412_0345 (Epigenesis, Existentialism and Creativity)
  ↓ downloading 0 files for 1_20210412_20210412_0345
/home/gian/agfarms/bucket-foundation/archive/1_20210412_20210412_0345
? "Wigner Eugene mind in physics" → cia-readingroom-document-cia-rdp96-00787r000500380004-4 (CIA Reading Room cia-rdp96-00787r000500380004-4: PSYCHIC PRO)
  ↓ downloading 3 files for cia-readingroom-document-cia-rdp96-00787r000500380004-4
    skip (have): cia-rdp96-00787r000500380004-4.pdf
    skip (have): cia-rdp96-00787r000500380004-4.epub
    skip (have): cia-rdp96-00787r000500380004-4_djvu.txt
/home/gian/agfarms/bucket-foundation/archive/cia-readingroom-document-cia-rdp96-00787r000500380004-4
? "Wheeler Geons Black Holes Quantum Foam" → geonsblackholesq00whee (Geons, black holes, and quantum foam : a life in physics)
  ↓ downloading 3 files for geonsblackholesq00whee
    FAIL geonsblackholesq00whee.pdf: HTTP Error 401: Unauthorized
    FAIL geonsblackholesq00whee.epub: HTTP Error 401: Unauthorized
    FAIL geonsblackholesq00whee_djvu.txt: HTTP Error 401: Unauthorized
/home/gian/agfarms/bucket-foundation/archive/geonsblackholesq00whee
? "Pasteur fermentation" → mmoiresurlafer00past (Mémoire sur la fermentation alcoolique)
  ↓ downloading 2 files for mmoiresurlafer00past
    skip (have): mmoiresurlafer00past.pdf
    skip (have): mmoiresurlafer00past_djvu.txt
/home/gian/agfarms/bucket-foundation/archive/mmoiresurlafer00past
? "Darwin Origin of Species" → origin_species_librivox (On the Origin of Species by Means of Natural Selection)
  ↓ downloading 2 files for origin_species_librivox
    skip (have): On_the_Origin_of_Species_by_Means_of_Natural_Selection_1005.pdf
    skip (have): On_the_Origin_of_Species_by_Means_of_Natural_Selection_1005_djvu.txt
/home/gian/agfarms/bucket-foundation/archive/origin_species_librivox
? "Wallace contributions theory natural selection" → ExtrasensoryPerceptionResearchFinding (Notes on the Paranormal)
  ↓ downloading 3 files for ExtrasensoryPerceptionResearchFinding
    skip (have): Extrasensory_Perception_Research_Finding.pdf
    skip (have): Extrasensory_Perception_Research_Finding.epub
    skip (have): Extrasensory_Perception_Research_Finding_djvu.txt
/home/gian/agfarms/bucket-foundation/archive/ExtrasensoryPerceptionResearchFinding
? "Linus Pauling general chemistry" → introductiontoqu031712mbp (['Introduction To Quantum Mechanics', 'With Applications To Chemistry.'])
  ↓ downloading 3 files for introductiontoqu031712mbp
    skip (have): introductiontoqu031712mbp.pdf
    skip (have): introductiontoqu031712mbp.epub
    skip (have): introductiontoqu031712mbp_djvu.txt
/home/gian/agfarms/bucket-foundation/archive/introductiontoqu031712mbp
? "Linus Pauling vitamin C" → How_To_Live_Longer_And_Feel_Better_PDF (Linus Pauling PhD: How To Live Longer And Feel Better pdf)
  ↓ downloading 3 files for How_To_Live_Longer_And_Feel_Better_PDF
    skip (have): How to live longer and feel better - Pauling, Linus, 1901-1994.pdf
    skip (have): How to live longer and feel better - Pauling, Linus, 1901-1994.epub
    skip (have): How to live longer and feel better - Pauling, Linus, 1901-1994_djvu.txt
/home/gian/agfarms/bucket-foundation/archive/How_To_Live_Longer_And_Feel_Better_PDF
? "Crick what mad pursuit" → oxfordbookofmode0000unse_a2g6 (The Oxford book of modern science writing)
  ↓ downloading 3 files for oxfordbookofmode0000unse_a2g6
    FAIL oxfordbookofmode0000unse_a2g6.pdf: HTTP Error 401: Unauthorized
    FAIL oxfordbookofmode0000unse_a2g6.epub: HTTP Error 401: Unauthorized
    FAIL oxfordbookofmode0000unse_a2g6_djvu.txt: HTTP Error 401: Unauthorized
/home/gian/agfarms/bucket-foundation/archive/oxfordbookofmode0000unse_a2g6
? "Schrödinger statistical thermodynamics" → yavorskydetlafamodernhandbookofphysicsmir1982 (A Modern Handbook Of Physics)
  ↓ downloading 3 files for yavorskydetlafamodernhandbookofphysicsmir1982
    skip (have): Yavorsky-Detlaf-A-Modern-Handbook-of-Physics-Mir-1982.pdf
    skip (have): Yavorsky-Detlaf-A-Modern-Handbook-of-Physics-Mir-1982.epub
    skip (have): Yavorsky-Detlaf-A-Modern-Handbook-of-Physics-Mir-1982_djvu.txt
/home/gian/agfarms/bucket-foundation/archive/yavorskydetlafamodernhandbookofphysicsmir1982
? "Boltzmann lectures gas theory" → lectures-on-gas-theory-ludwig-boltzmann (Lectures on Gas Theory - Ludwig Boltzmann, Stephen G. Brush)
  ↓ downloading 3 files for lectures-on-gas-theory-ludwig-boltzmann
    skip (have): Lectures on Gas Theory - Ludwig Boltzmann.pdf
    skip (have): Lectures on Gas Theory - Ludwig Boltzmann.epub
    skip (have): Lectures on Gas Theory - Ludwig Boltzmann_djvu.txt
/home/gian/agfarms/bucket-foundation/archive/lectures-on-gas-theory-ludwig-boltzmann
? "Carnot reflections motive power fire" → cia-readingroom-document-cia-rdp79-01194a000400140001-7 (CIA Reading Room cia-rdp79-01194a000400140001-7: CA PROPAGAN)
  ↓ downloading 3 files for cia-readingroom-document-cia-rdp79-01194a000400140001-7
    skip (have): cia-rdp79-01194a000400140001-7.pdf
    skip (have): cia-rdp79-01194a000400140001-7.epub
    skip (have): cia-rdp79-01194a000400140001-7_djvu.txt
/home/gian/agfarms/bucket-foundation/archive/cia-readingroom-document-cia-rdp79-01194a000400140001-7
? "Planck thermodynamik thermodynamics" → vorlesungenbert01plangoog (Vorlesungen über thermodynamik)
  ↓ downloading 2 files for vorlesungenbert01plangoog
    skip (have): vorlesungenbert01plangoog.pdf
    skip (have): vorlesungenbert01plangoog_djvu.txt
/home/gian/agfarms/bucket-foundation/archive/vorlesungenbert01plangoog
? "Lavoisier elements chemistry" → understanding-science (Understanding Science, Collected Edition, Vols 1-12)
  ↓ downloading 3 files for understanding-science
    skip (have): Understanding_Science-Vol_01_jpg85.pdf
    skip (have): Understanding_Science-Vol_01_jpg85.epub
    skip (have): Understanding_Science-Vol_01_jpg85_djvu.txt
/home/gian/agfarms/bucket-foundation/archive/understanding-science
? "Fourier analytical theory heat" → analyticaltheory00fourrich (The analytical theory of heat)
  ↓ downloading 3 files for analyticaltheory00fourrich
    skip (have): analyticaltheory00fourrich.pdf
    skip (have): analyticaltheory00fourrich.epub
    skip (have): analyticaltheory00fourrich_djvu.txt
/home/gian/agfarms/bucket-foundation/archive/analyticaltheory00fourrich
? "Galileo dialogue two world systems" → GalileiGalileoDialogueConcerningTheTwoChiefWorldSystemsEN155P. (Galilei, Galileo - Dialogue Concerning the two Chief World S)
  ↓ downloading 3 files for GalileiGalileoDialogueConcerningTheTwoChiefWorldSystemsEN155P.
    skip (have): Galilei, Galileo - Dialogue Concerning the two Chief World Systems (EN, 155 p.).pdf
    skip (have): Galilei, Galileo - Dialogue Concerning the two Chief World Systems (EN, 155 p.).epub
    skip (have): Galilei, Galileo - Dialogue Concerning the two Chief World Systems (EN, 155 p.)_djvu.txt
/home/gian/agfarms/bucket-foundation/archive/GalileiGalileoDialogueConcerningTheTwoChiefWorldSystemsEN155P.
? "Feynman QED" → MIT8.701F20 (MIT 8.701 Introduction to Nuclear and Particle Physics, Fall)
  ↓ downloading 0 files for MIT8.701F20
/home/gian/agfarms/bucket-foundation/archive/MIT8.701F20
? "Crick Watson DNA" → MIT7.01SCF11 (OCW Scholar: Fundamentals of Biology)
  ↓ downloading 0 files for MIT7.01SCF11
/home/gian/agfarms/bucket-foundation/archive/MIT7.01SCF11
? "Darwin descent of man" → descent_man_1_1011_librivox (The Descent of Man and Selection in Relation to Sex Part 1)
  ↓ downloading 2 files for descent_man_1_1011_librivox
    skip (have): descentman1_1011.pdf
    skip (have): descentman1_1011_djvu.txt
/home/gian/agfarms/bucket-foundation/archive/descent_man_1_1011_librivox
[2026-07-21T07:21:02-04:00] === archive runner done ===
[2026-07-22T08:46:05-04:00] === archive runner start ===
  ↓ downloading 3 files for the-universal-one-1926-walter-russell
    skip (have): TheUniversalOne1926WalterRussell.pdf
    skip (have): TheUniversalOne1926WalterRussell.epub
    skip (have): TheUniversalOne1926WalterRussell_djvu.txt
/home/gian/agfarms/bucket-foundation/archive/the-universal-one-1926-walter-russell
  ↓ downloading 3 files for principlesofchem00menduoft
    skip (have): principlesofchem00menduoft.pdf
    skip (have): principlesofchem00menduoft.epub
    skip (have): principlesofchem00menduoft_djvu.txt
/home/gian/agfarms/bucket-foundation/archive/principlesofchem00menduoft
  ↓ downloading 3 files for principlesofchem01menduoft
    skip (have): principlesofchem01menduoft.pdf
    skip (have): principlesofchem01menduoft.epub
    skip (have): principlesofchem01menduoft_djvu.txt
/home/gian/agfarms/bucket-foundation/archive/principlesofchem01menduoft
? "walter russell new concept universe" → ExtrasensoryPerceptionResearchFinding (Notes on the Paranormal)
  ↓ downloading 3 files for ExtrasensoryPerceptionResearchFinding
    skip (have): Extrasensory_Perception_Research_Finding.pdf
    skip (have): Extrasensory_Perception_Research_Finding.epub
    skip (have): Extrasensory_Perception_Research_Finding_djvu.txt
/home/gian/agfarms/bucket-foundation/archive/ExtrasensoryPerceptionResearchFinding
  ↓ downloading 3 files for newtonspmathema00newtrich
    skip (have): newtonspmathema00newtrich.pdf
    skip (have): newtonspmathema00newtrich.epub
    skip (have): newtonspmathema00newtrich_djvu.txt
/home/gian/agfarms/bucket-foundation/archive/newtonspmathema00newtrich
  ↓ downloading 3 files for principia00newtuoft
    skip (have): principia00newtuoft.pdf
    skip (have): principia00newtuoft.epub
    skip (have): principia00newtuoft_djvu.txt
/home/gian/agfarms/bucket-foundation/archive/principia00newtuoft
? "Newton Opticks 1704" → opticks_1203_librivox (Opticks)
  ↓ downloading 2 files for opticks_1203_librivox
    skip (have): opticks_1207.pdf
    skip (have): opticks_1207_djvu.txt
/home/gian/agfarms/bucket-foundation/archive/opticks_1203_librivox
? "Maxwell Treatise on Electricity and Magnetism volume 1" → electricandmagne01maxwrich (A treatise on electricity and magnetism)
  ↓ downloading 3 files for electricandmagne01maxwrich
    skip (have): electricandmagne01maxwrich.pdf
    skip (have): electricandmagne01maxwrich.epub
    skip (have): electricandmagne01maxwrich_djvu.txt
/home/gian/agfarms/bucket-foundation/archive/electricandmagne01maxwrich
? "Maxwell Treatise on Electricity and Magnetism volume 2" → electricandmagne01maxwrich (A treatise on electricity and magnetism)
  ↓ downloading 3 files for electricandmagne01maxwrich
    skip (have): electricandmagne01maxwrich.pdf
    skip (have): electricandmagne01maxwrich.epub
    skip (have): electricandmagne01maxwrich_djvu.txt
/home/gian/agfarms/bucket-foundation/archive/electricandmagne01maxwrich
? "Maxwell scientific papers" → scientificpapers01maxw (The scientific papers of James Clerk Maxwell)
  ↓ downloading 3 files for scientificpapers01maxw
    skip (have): scientificpapers01maxw.pdf
    skip (have): scientificpapers01maxw.epub
    skip (have): scientificpapers01maxw_djvu.txt
/home/gian/agfarms/bucket-foundation/archive/scientificpapers01maxw
? "Faraday Experimental Researches in Electricity volume 1" → ExtrasensoryPerceptionResearchFinding (Notes on the Paranormal)
  ↓ downloading 3 files for ExtrasensoryPerceptionResearchFinding
    skip (have): Extrasensory_Perception_Research_Finding.pdf
    skip (have): Extrasensory_Perception_Research_Finding.epub
    skip (have): Extrasensory_Perception_Research_Finding_djvu.txt
/home/gian/agfarms/bucket-foundation/archive/ExtrasensoryPerceptionResearchFinding
? "Faraday Experimental Researches in Electricity volume 2" → ExtrasensoryPerceptionResearchFinding (Notes on the Paranormal)
  ↓ downloading 3 files for ExtrasensoryPerceptionResearchFinding
    skip (have): Extrasensory_Perception_Research_Finding.pdf
    skip (have): Extrasensory_Perception_Research_Finding.epub
    skip (have): Extrasensory_Perception_Research_Finding_djvu.txt
/home/gian/agfarms/bucket-foundation/archive/ExtrasensoryPerceptionResearchFinding
? "Faraday Experimental Researches in Electricity volume 3" → ExtrasensoryPerceptionResearchFinding (Notes on the Paranormal)
  ↓ downloading 3 files for ExtrasensoryPerceptionResearchFinding
    skip (have): Extrasensory_Perception_Research_Finding.pdf
    skip (have): Extrasensory_Perception_Research_Finding.epub
    skip (have): Extrasensory_Perception_Research_Finding_djvu.txt
/home/gian/agfarms/bucket-foundation/archive/ExtrasensoryPerceptionResearchFinding
? "Tesla My Inventions" → pbsnovadocs (PBS Nova Documentaries)
  ↓ downloading 0 files for pbsnovadocs
/home/gian/agfarms/bucket-foundation/archive/pbsnovadocs
? "Tesla Colorado Springs Notes" → majestic-12-files (MAJESTIC 12 Files)
  ↓ downloading 0 files for majestic-12-files
/home/gian/agfarms/bucket-foundation/archive/majestic-12-files
? "Tesla problem of increasing human energy" → sharware (chestnut-multimedia)
  ↓ downloading 2 files for sharware
    FAIL chestnut/DLR/CONTENTS.pdf: [Errno 2] No such file or directory: '/home/gian/agfarms/bucket-foundation/archive/sharware/chestnut/DLR/CONTENTS.pdf'
    FAIL chestnut/DLR/CONTENTS_djvu.txt: [Errno 2] No such file or directory: '/home/gian/agfarms/bucket-foundation/archive/sharware/chestnut/DLR/CONTENTS_djvu.txt'
/home/gian/agfarms/bucket-foundation/archive/sharware
? "Einstein Relativity special general theory" → relativity_librivox (Relativity: The Special and General Theory)
  ↓ downloading 2 files for relativity_librivox
    skip (have): relativity_1003.pdf
    skip (have): relativity_1003_djvu.txt
/home/gian/agfarms/bucket-foundation/archive/relativity_librivox
? "Einstein 1905 photoelectric" → cia-readingroom-document-cia-rdp96-00788r001100010004-6 (CIA Reading Room cia-rdp96-00788r001100010004-6: PROCEEDINGS)
  ↓ downloading 3 files for cia-readingroom-document-cia-rdp96-00788r001100010004-6
    skip (have): cia-rdp96-00788r001100010004-6.pdf
    skip (have): cia-rdp96-00788r001100010004-6.epub
    skip (have): cia-rdp96-00788r001100010004-6_djvu.txt
/home/gian/agfarms/bucket-foundation/archive/cia-readingroom-document-cia-rdp96-00788r001100010004-6
? "Szent-Györgyi Bioenergetics" → bioenergetics00szen (Bioenergetics)
  ↓ downloading 3 files for bioenergetics00szen
    skip (have): bioenergetics00szen.pdf
    skip (have): bioenergetics00szen.epub
    skip (have): bioenergetics00szen_djvu.txt
/home/gian/agfarms/bucket-foundation/archive/bioenergetics00szen
NO HITS: Szent-Györgyi submolecular biology
? "Becker Body Electric" → die-or-d.i.y.-full-archive ((Blogger) Die or D.I.Y.? Full Archive)
  ↓ downloading 0 files for die-or-d.i.y.-full-archive
/home/gian/agfarms/bucket-foundation/archive/die-or-d.i.y.-full-archive
? "Becker Cross Currents" → ExtrasensoryPerceptionResearchFinding (Notes on the Paranormal)
  ↓ downloading 3 files for ExtrasensoryPerceptionResearchFinding
    skip (have): Extrasensory_Perception_Research_Finding.pdf
    skip (have): Extrasensory_Perception_Research_Finding.epub
    skip (have): Extrasensory_Perception_Research_Finding_djvu.txt
/home/gian/agfarms/bucket-foundation/archive/ExtrasensoryPerceptionResearchFinding
? "Ling physical theory living state" → BluePlanetProjectUFOTECHNOLOGY (Blue Planet Project UFO TECHNOLOGY)
  ↓ downloading 3 files for BluePlanetProjectUFOTECHNOLOGY
    skip (have): Blue Planet Project UFO TECHNOLOGY.pdf
    skip (have): Blue Planet Project UFO TECHNOLOGY.epub
    skip (have): Blue Planet Project UFO TECHNOLOGY_djvu.txt
/home/gian/agfarms/bucket-foundation/archive/BluePlanetProjectUFOTECHNOLOGY
? "Ling association induction" → ibogaine_literature (Ibogaine Literature)
  ↓ downloading 3 files for ibogaine_literature
    skip (have): abaul1989.pdf
    skip (have): agwada1975.pdf
    skip (have): abaul1989_djvu.txt
/home/gian/agfarms/bucket-foundation/archive/ibogaine_literature
? "Nordenström Biologically Closed Electric Circuits" → biokinetic-impacts-on-structure-and-imaging-of-the-lung-the-concept-of-biologica (Biokinetic Impacts on Structure and Imaging of the Lung the )
  ↓ downloading 2 files for biokinetic-impacts-on-structure-and-imaging-of-the-lung-the-concept-of-biologica
    skip (have): Biokinetic impacts on structure and imaging of the lung the concept of biologically closed electric circuits - Nordenstrom AJR 1985.pdf
    skip (have): Biokinetic impacts on structure and imaging of the lung the concept of biologically closed electric circuits - Nordenstrom AJR 1985_djvu.txt
/home/gian/agfarms/bucket-foundation/archive/biokinetic-impacts-on-structure-and-imaging-of-the-lung-the-concept-of-biologica
? "Euclid Elements Heath translation" → EuclidsElementsBooksIIIVolume1Heath (Euclid's Elements Books I II Volume 1 Heath)
  ↓ downloading 2 files for EuclidsElementsBooksIIIVolume1Heath
    skip (have): Euclid's_Elements_Books_I-II_Volume_1-Heath.pdf
    skip (have): Euclid's_Elements_Books_I-II_Volume_1-Heath_djvu.txt
/home/gian/agfarms/bucket-foundation/archive/EuclidsElementsBooksIIIVolume1Heath
? "Gauss Disquisitiones Arithmeticae" → disquisitionesa00gaus (Disquisitiones arithmeticae)
  ↓ downloading 3 files for disquisitionesa00gaus
    skip (have): disquisitionesa00gaus.pdf
    skip (have): disquisitionesa00gaus.epub
    skip (have): disquisitionesa00gaus_djvu.txt
/home/gian/agfarms/bucket-foundation/archive/disquisitionesa00gaus
? "Riemann zeta hypothesis" → logicalcross (LogicalCross)
  ↓ downloading 2 files for logicalcross
    skip (have): essay.pdf
    skip (have): essay_djvu.txt
/home/gian/agfarms/bucket-foundation/archive/logicalcross
? "Cantor set theory" → YouDontNeedAWeathermanToKnowWhichWayTheWindBlows_925 (You Don't Need A Weatherman To Know Which Way The Wind Blows)
  ↓ downloading 3 files for YouDontNeedAWeathermanToKnowWhichWayTheWindBlows_925
    skip (have): YouDontNeedAWeathermanToKnowWhichWayTheWindBlows_925.pdf
    skip (have): YouDontNeedAWeathermanToKnowWhichWayTheWindBlows_925.epub
    skip (have): YouDontNeedAWeathermanToKnowWhichWayTheWindBlows_925_djvu.txt
/home/gian/agfarms/bucket-foundation/archive/YouDontNeedAWeathermanToKnowWhichWayTheWindBlows_925
? "Dirac Principles of Quantum Mechanics" → academictorrents_f24122f15283757aa8a9bf9cb638db266273442d ([Coursera] Exploring Quantum Physics)
  ↓ downloading 3 files for academictorrents_f24122f15283757aa8a9bf9cb638db266273442d
    FAIL Lectures/Week 1 - 02 Wavefunctions and Schrdinger Equation/01_Part_I-_Comments_on_studying_QM_10-11.pdf: [Errno 2] No such file or directory: '/home/gian/agfarms/bucket-foundation/archive/academictorrents_f24122f15283757aa8a9bf9cb638db266273442d/Lectures/Week 1 - 02 Wavefunctions and Schrdinger Equation/01_Part_I-_Comments_on_studying_QM_10-11.pdf'
    FAIL Lectures/Week 8 - 17 Time-dependent quantum mechanics Victor Galitski/01_Part_I-_Time-dependent_Schrdinger_Eq._general_remarks_23-04.pdf: [Errno 2] No such file or directory: '/home/gian/agfarms/bucket-foundation/archive/academictorrents_f24122f15283757aa8a9bf9cb638db266273442d/Lectures/Week 8 - 17 Time-dependent quantum mechanics Victor Galitski/01_Part_I-_Time-dependent_Schrdinger_Eq._general_remarks_23-04.pdf'
    FAIL Lectures/Week 1 - 02 Wavefunctions and Schrdinger Equation/01_Part_I-_Comments_on_studying_QM_10-11_djvu.txt: [Errno 2] No such file or directory: '/home/gian/agfarms/bucket-foundation/archive/academictorrents_f24122f15283757aa8a9bf9cb638db266273442d/Lectures/Week 1 - 02 Wavefunctions and Schrdinger Equation/01_Part_I-_Comments_on_studying_QM_10-11_djvu.txt'
/home/gian/agfarms/bucket-foundation/archive/academictorrents_f24122f15283757aa8a9bf9cb638db266273442d
? "Feynman lectures on physics" → academictorrents_f24122f15283757aa8a9bf9cb638db266273442d ([Coursera] Exploring Quantum Physics)
  ↓ downloading 3 files for academictorrents_f24122f15283757aa8a9bf9cb638db266273442d
    FAIL Lectures/Week 1 - 02 Wavefunctions and Schrdinger Equation/01_Part_I-_Comments_on_studying_QM_10-11.pdf: [Errno 2] No such file or directory: '/home/gian/agfarms/bucket-foundation/archive/academictorrents_f24122f15283757aa8a9bf9cb638db266273442d/Lectures/Week 1 - 02 Wavefunctions and Schrdinger Equation/01_Part_I-_Comments_on_studying_QM_10-11.pdf'
    FAIL Lectures/Week 8 - 17 Time-dependent quantum mechanics Victor Galitski/01_Part_I-_Time-dependent_Schrdinger_Eq._general_remarks_23-04.pdf: [Errno 2] No such file or directory: '/home/gian/agfarms/bucket-foundation/archive/academictorrents_f24122f15283757aa8a9bf9cb638db266273442d/Lectures/Week 8 - 17 Time-dependent quantum mechanics Victor Galitski/01_Part_I-_Time-dependent_Schrdinger_Eq._general_remarks_23-04.pdf'
    FAIL Lectures/Week 1 - 02 Wavefunctions and Schrdinger Equation/01_Part_I-_Comments_on_studying_QM_10-11_djvu.txt: [Errno 2] No such file or directory: '/home/gian/agfarms/bucket-foundation/archive/academictorrents_f24122f15283757aa8a9bf9cb638db266273442d/Lectures/Week 1 - 02 Wavefunctions and Schrdinger Equation/01_Part_I-_Comments_on_studying_QM_10-11_djvu.txt'
/home/gian/agfarms/bucket-foundation/archive/academictorrents_f24122f15283757aa8a9bf9cb638db266273442d
? "Shannon mathematical theory of communication" → communications_primer (Communications Primer, A)
  ↓ downloading 0 files for communications_primer
/home/gian/agfarms/bucket-foundation/archive/communications_primer
? "Turing computable numbers 1936" → turingsvisionbir0000bern (Turing's vision : the birth of computer science)
  ↓ downloading 3 files for turingsvisionbir0000bern
    FAIL turingsvisionbir0000bern.pdf: HTTP Error 401: Unauthorized
    FAIL turingsvisionbir0000bern.epub: HTTP Error 401: Unauthorized
    FAIL turingsvisionbir0000bern_djvu.txt: HTTP Error 401: Unauthorized
/home/gian/agfarms/bucket-foundation/archive/turingsvisionbir0000bern
? "Helmholtz On the Sensations of Tone" → onsensationsofto00helmrich (On the sensations of tone as a physiological basis for the t)
  ↓ downloading 3 files for onsensationsofto00helmrich
    skip (have): onsensationsofto00helmrich.pdf
    skip (have): onsensationsofto00helmrich.epub
    skip (have): onsensationsofto00helmrich_djvu.txt
/home/gian/agfarms/bucket-foundation/archive/onsensationsofto00helmrich
? "Helmholtz Treatise Physiological Optics" → ExtrasensoryPerceptionResearchFinding (Notes on the Paranormal)
  ↓ downloading 3 files for ExtrasensoryPerceptionResearchFinding
    skip (have): Extrasensory_Perception_Research_Finding.pdf
    skip (have): Extrasensory_Perception_Research_Finding.epub
    skip (have): Extrasensory_Perception_Research_Finding_djvu.txt
/home/gian/agfarms/bucket-foundation/archive/ExtrasensoryPerceptionResearchFinding
? "Schrodinger What is Life" → WhatIsLife-EdwardSchrodinger (WHAT IS LIFE? - ERWIN SCHRODINGER)
  ↓ downloading 3 files for WhatIsLife-EdwardSchrodinger
    skip (have): whatislife-schrodinger.pdf
    skip (have): whatislife-schrodinger.epub
    skip (have): whatislife-schrodinger_djvu.txt
/home/gian/agfarms/bucket-foundation/archive/WhatIsLife-EdwardSchrodinger
? "Schrödinger Mind and Matter" → Necktar2017Volume9 (Necktar 2017 volume 9)
  ↓ downloading 0 files for Necktar2017Volume9
/home/gian/agfarms/bucket-foundation/archive/Necktar2017Volume9
? "Bohr Atomic Theory Description Nature" → ExtrasensoryPerceptionResearchFinding (Notes on the Paranormal)
  ↓ downloading 3 files for ExtrasensoryPerceptionResearchFinding
    skip (have): Extrasensory_Perception_Research_Finding.pdf
    skip (have): Extrasensory_Perception_Research_Finding.epub
    skip (have): Extrasensory_Perception_Research_Finding_djvu.txt
/home/gian/agfarms/bucket-foundation/archive/ExtrasensoryPerceptionResearchFinding
? "Heisenberg Physics Philosophy" → 216.TheLastEpisodeAtLeastForAWhileOrMaybeForever_670 (216. The Last Episode, at Least for a While, or Maybe Foreve)
  ↓ downloading 0 files for 216.TheLastEpisodeAtLeastForAWhileOrMaybeForever_670
/home/gian/agfarms/bucket-foundation/archive/216.TheLastEpisodeAtLeastForAWhileOrMaybeForever_670
? "Pauli Wolfgang lectures physics" → 1_20210412_20210412_0345 (Epigenesis, Existentialism and Creativity)
  ↓ downloading 0 files for 1_20210412_20210412_0345
/home/gian/agfarms/bucket-foundation/archive/1_20210412_20210412_0345
? "Wigner Eugene mind in physics" → cia-readingroom-document-cia-rdp96-00787r000500380004-4 (CIA Reading Room cia-rdp96-00787r000500380004-4: PSYCHIC PRO)
  ↓ downloading 3 files for cia-readingroom-document-cia-rdp96-00787r000500380004-4
    skip (have): cia-rdp96-00787r000500380004-4.pdf
    skip (have): cia-rdp96-00787r000500380004-4.epub
    skip (have): cia-rdp96-00787r000500380004-4_djvu.txt
/home/gian/agfarms/bucket-foundation/archive/cia-readingroom-document-cia-rdp96-00787r000500380004-4
? "Wheeler Geons Black Holes Quantum Foam" → geonsblackholesq00whee (Geons, black holes, and quantum foam : a life in physics)
  ↓ downloading 3 files for geonsblackholesq00whee
    FAIL geonsblackholesq00whee.pdf: HTTP Error 401: Unauthorized
    FAIL geonsblackholesq00whee.epub: HTTP Error 401: Unauthorized
    FAIL geonsblackholesq00whee_djvu.txt: HTTP Error 401: Unauthorized
/home/gian/agfarms/bucket-foundation/archive/geonsblackholesq00whee
? "Pasteur fermentation" → mmoiresurlafer00past (Mémoire sur la fermentation alcoolique)
  ↓ downloading 2 files for mmoiresurlafer00past
    skip (have): mmoiresurlafer00past.pdf
    skip (have): mmoiresurlafer00past_djvu.txt
/home/gian/agfarms/bucket-foundation/archive/mmoiresurlafer00past
? "Darwin Origin of Species" → origin_species_librivox (On the Origin of Species by Means of Natural Selection)
  ↓ downloading 2 files for origin_species_librivox
    skip (have): On_the_Origin_of_Species_by_Means_of_Natural_Selection_1005.pdf
    skip (have): On_the_Origin_of_Species_by_Means_of_Natural_Selection_1005_djvu.txt
/home/gian/agfarms/bucket-foundation/archive/origin_species_librivox
? "Wallace contributions theory natural selection" → ExtrasensoryPerceptionResearchFinding (Notes on the Paranormal)
  ↓ downloading 3 files for ExtrasensoryPerceptionResearchFinding
    skip (have): Extrasensory_Perception_Research_Finding.pdf
    skip (have): Extrasensory_Perception_Research_Finding.epub
    skip (have): Extrasensory_Perception_Research_Finding_djvu.txt
/home/gian/agfarms/bucket-foundation/archive/ExtrasensoryPerceptionResearchFinding
? "Linus Pauling general chemistry" → introductiontoqu031712mbp (['Introduction To Quantum Mechanics', 'With Applications To Chemistry.'])
  ↓ downloading 3 files for introductiontoqu031712mbp
    skip (have): introductiontoqu031712mbp.pdf
    skip (have): introductiontoqu031712mbp.epub
    skip (have): introductiontoqu031712mbp_djvu.txt
/home/gian/agfarms/bucket-foundation/archive/introductiontoqu031712mbp
? "Linus Pauling vitamin C" → How_To_Live_Longer_And_Feel_Better_PDF (Linus Pauling PhD: How To Live Longer And Feel Better pdf)
  ↓ downloading 3 files for How_To_Live_Longer_And_Feel_Better_PDF
    skip (have): How to live longer and feel better - Pauling, Linus, 1901-1994.pdf
    skip (have): How to live longer and feel better - Pauling, Linus, 1901-1994.epub
    skip (have): How to live longer and feel better - Pauling, Linus, 1901-1994_djvu.txt
/home/gian/agfarms/bucket-foundation/archive/How_To_Live_Longer_And_Feel_Better_PDF
? "Crick what mad pursuit" → oxfordbookofmode0000unse_a2g6 (The Oxford book of modern science writing)
  ↓ downloading 3 files for oxfordbookofmode0000unse_a2g6
    FAIL oxfordbookofmode0000unse_a2g6.pdf: HTTP Error 401: Unauthorized
    FAIL oxfordbookofmode0000unse_a2g6.epub: HTTP Error 401: Unauthorized
    FAIL oxfordbookofmode0000unse_a2g6_djvu.txt: HTTP Error 401: Unauthorized
/home/gian/agfarms/bucket-foundation/archive/oxfordbookofmode0000unse_a2g6
? "Schrödinger statistical thermodynamics" → yavorskydetlafamodernhandbookofphysicsmir1982 (A Modern Handbook Of Physics)
  ↓ downloading 3 files for yavorskydetlafamodernhandbookofphysicsmir1982
    skip (have): Yavorsky-Detlaf-A-Modern-Handbook-of-Physics-Mir-1982.pdf
    skip (have): Yavorsky-Detlaf-A-Modern-Handbook-of-Physics-Mir-1982.epub
    skip (have): Yavorsky-Detlaf-A-Modern-Handbook-of-Physics-Mir-1982_djvu.txt
/home/gian/agfarms/bucket-foundation/archive/yavorskydetlafamodernhandbookofphysicsmir1982
? "Boltzmann lectures gas theory" → lectures-on-gas-theory-ludwig-boltzmann (Lectures on Gas Theory - Ludwig Boltzmann, Stephen G. Brush)
  ↓ downloading 3 files for lectures-on-gas-theory-ludwig-boltzmann
    skip (have): Lectures on Gas Theory - Ludwig Boltzmann.pdf
    skip (have): Lectures on Gas Theory - Ludwig Boltzmann.epub
    skip (have): Lectures on Gas Theory - Ludwig Boltzmann_djvu.txt
/home/gian/agfarms/bucket-foundation/archive/lectures-on-gas-theory-ludwig-boltzmann
? "Carnot reflections motive power fire" → cia-readingroom-document-cia-rdp79-01194a000400140001-7 (CIA Reading Room cia-rdp79-01194a000400140001-7: CA PROPAGAN)
  ↓ downloading 3 files for cia-readingroom-document-cia-rdp79-01194a000400140001-7
    skip (have): cia-rdp79-01194a000400140001-7.pdf
    skip (have): cia-rdp79-01194a000400140001-7.epub
    skip (have): cia-rdp79-01194a000400140001-7_djvu.txt
/home/gian/agfarms/bucket-foundation/archive/cia-readingroom-document-cia-rdp79-01194a000400140001-7
? "Planck thermodynamik thermodynamics" → vorlesungenbert01plangoog (Vorlesungen über thermodynamik)
  ↓ downloading 2 files for vorlesungenbert01plangoog
    skip (have): vorlesungenbert01plangoog.pdf
    skip (have): vorlesungenbert01plangoog_djvu.txt
/home/gian/agfarms/bucket-foundation/archive/vorlesungenbert01plangoog
? "Lavoisier elements chemistry" → understanding-science (Understanding Science, Collected Edition, Vols 1-12)
  ↓ downloading 3 files for understanding-science
    skip (have): Understanding_Science-Vol_01_jpg85.pdf
    skip (have): Understanding_Science-Vol_01_jpg85.epub
    skip (have): Understanding_Science-Vol_01_jpg85_djvu.txt
/home/gian/agfarms/bucket-foundation/archive/understanding-science
? "Fourier analytical theory heat" → analyticaltheory00fourrich (The analytical theory of heat)
  ↓ downloading 3 files for analyticaltheory00fourrich
    skip (have): analyticaltheory00fourrich.pdf
    skip (have): analyticaltheory00fourrich.epub
    skip (have): analyticaltheory00fourrich_djvu.txt
/home/gian/agfarms/bucket-foundation/archive/analyticaltheory00fourrich
? "Galileo dialogue two world systems" → GalileiGalileoDialogueConcerningTheTwoChiefWorldSystemsEN155P. (Galilei, Galileo - Dialogue Concerning the two Chief World S)
  ↓ downloading 3 files for GalileiGalileoDialogueConcerningTheTwoChiefWorldSystemsEN155P.
    skip (have): Galilei, Galileo - Dialogue Concerning the two Chief World Systems (EN, 155 p.).pdf
    skip (have): Galilei, Galileo - Dialogue Concerning the two Chief World Systems (EN, 155 p.).epub
    skip (have): Galilei, Galileo - Dialogue Concerning the two Chief World Systems (EN, 155 p.)_djvu.txt
/home/gian/agfarms/bucket-foundation/archive/GalileiGalileoDialogueConcerningTheTwoChiefWorldSystemsEN155P.
? "Feynman QED" → MIT8.701F20 (MIT 8.701 Introduction to Nuclear and Particle Physics, Fall)
  ↓ downloading 0 files for MIT8.701F20
/home/gian/agfarms/bucket-foundation/archive/MIT8.701F20
? "Crick Watson DNA" → MIT7.01SCF11 (OCW Scholar: Fundamentals of Biology)
  ↓ downloading 0 files for MIT7.01SCF11
/home/gian/agfarms/bucket-foundation/archive/MIT7.01SCF11
? "Darwin descent of man" → descent_man_1_1011_librivox (The Descent of Man and Selection in Relation to Sex Part 1)
  ↓ downloading 2 files for descent_man_1_1011_librivox
    skip (have): descentman1_1011.pdf
    skip (have): descentman1_1011_djvu.txt
/home/gian/agfarms/bucket-foundation/archive/descent_man_1_1011_librivox
[2026-07-22T08:48:19-04:00] === archive runner done ===
[2026-07-23T08:46:05-04:00] === archive runner start ===
  ↓ downloading 3 files for the-universal-one-1926-walter-russell
    skip (have): TheUniversalOne1926WalterRussell.pdf
    skip (have): TheUniversalOne1926WalterRussell.epub
    skip (have): TheUniversalOne1926WalterRussell_djvu.txt
/home/gian/agfarms/bucket-foundation/archive/the-universal-one-1926-walter-russell
  ↓ downloading 3 files for principlesofchem00menduoft
    skip (have): principlesofchem00menduoft.pdf
    skip (have): principlesofchem00menduoft.epub
    skip (have): principlesofchem00menduoft_djvu.txt
/home/gian/agfarms/bucket-foundation/archive/principlesofchem00menduoft
  ↓ downloading 3 files for principlesofchem01menduoft
    skip (have): principlesofchem01menduoft.pdf
    skip (have): principlesofchem01menduoft.epub
    skip (have): principlesofchem01menduoft_djvu.txt
/home/gian/agfarms/bucket-foundation/archive/principlesofchem01menduoft
? "walter russell new concept universe" → ExtrasensoryPerceptionResearchFinding (Notes on the Paranormal)
  ↓ downloading 3 files for ExtrasensoryPerceptionResearchFinding
    skip (have): Extrasensory_Perception_Research_Finding.pdf
    skip (have): Extrasensory_Perception_Research_Finding.epub
    skip (have): Extrasensory_Perception_Research_Finding_djvu.txt
/home/gian/agfarms/bucket-foundation/archive/ExtrasensoryPerceptionResearchFinding
  ↓ downloading 3 files for newtonspmathema00newtrich
    skip (have): newtonspmathema00newtrich.pdf
    skip (have): newtonspmathema00newtrich.epub
    skip (have): newtonspmathema00newtrich_djvu.txt
/home/gian/agfarms/bucket-foundation/archive/newtonspmathema00newtrich
  ↓ downloading 3 files for principia00newtuoft
    skip (have): principia00newtuoft.pdf
    skip (have): principia00newtuoft.epub
    skip (have): principia00newtuoft_djvu.txt
/home/gian/agfarms/bucket-foundation/archive/principia00newtuoft
? "Newton Opticks 1704" → opticks_1203_librivox (Opticks)
  ↓ downloading 2 files for opticks_1203_librivox
    skip (have): opticks_1207.pdf
    skip (have): opticks_1207_djvu.txt
/home/gian/agfarms/bucket-foundation/archive/opticks_1203_librivox
? "Maxwell Treatise on Electricity and Magnetism volume 1" → electricandmagne01maxwrich (A treatise on electricity and magnetism)
  ↓ downloading 3 files for electricandmagne01maxwrich
    skip (have): electricandmagne01maxwrich.pdf
    skip (have): electricandmagne01maxwrich.epub
    skip (have): electricandmagne01maxwrich_djvu.txt
/home/gian/agfarms/bucket-foundation/archive/electricandmagne01maxwrich
? "Maxwell Treatise on Electricity and Magnetism volume 2" → electricandmagne01maxwrich (A treatise on electricity and magnetism)
  ↓ downloading 3 files for electricandmagne01maxwrich
    skip (have): electricandmagne01maxwrich.pdf
    skip (have): electricandmagne01maxwrich.epub
    skip (have): electricandmagne01maxwrich_djvu.txt
/home/gian/agfarms/bucket-foundation/archive/electricandmagne01maxwrich
? "Maxwell scientific papers" → scientificpapers01maxw (The scientific papers of James Clerk Maxwell)
  ↓ downloading 3 files for scientificpapers01maxw
    skip (have): scientificpapers01maxw.pdf
    skip (have): scientificpapers01maxw.epub
    skip (have): scientificpapers01maxw_djvu.txt
/home/gian/agfarms/bucket-foundation/archive/scientificpapers01maxw
? "Faraday Experimental Researches in Electricity volume 1" → ExtrasensoryPerceptionResearchFinding (Notes on the Paranormal)
  ↓ downloading 3 files for ExtrasensoryPerceptionResearchFinding
    skip (have): Extrasensory_Perception_Research_Finding.pdf
    skip (have): Extrasensory_Perception_Research_Finding.epub
    skip (have): Extrasensory_Perception_Research_Finding_djvu.txt
/home/gian/agfarms/bucket-foundation/archive/ExtrasensoryPerceptionResearchFinding
? "Faraday Experimental Researches in Electricity volume 2" → ExtrasensoryPerceptionResearchFinding (Notes on the Paranormal)
  ↓ downloading 3 files for ExtrasensoryPerceptionResearchFinding
    skip (have): Extrasensory_Perception_Research_Finding.pdf
    skip (have): Extrasensory_Perception_Research_Finding.epub
    skip (have): Extrasensory_Perception_Research_Finding_djvu.txt
/home/gian/agfarms/bucket-foundation/archive/ExtrasensoryPerceptionResearchFinding
? "Faraday Experimental Researches in Electricity volume 3" → ExtrasensoryPerceptionResearchFinding (Notes on the Paranormal)
  ↓ downloading 3 files for ExtrasensoryPerceptionResearchFinding
    skip (have): Extrasensory_Perception_Research_Finding.pdf
    skip (have): Extrasensory_Perception_Research_Finding.epub
    skip (have): Extrasensory_Perception_Research_Finding_djvu.txt
/home/gian/agfarms/bucket-foundation/archive/ExtrasensoryPerceptionResearchFinding
? "Tesla My Inventions" → pbsnovadocs (PBS Nova Documentaries)
  ↓ downloading 0 files for pbsnovadocs
/home/gian/agfarms/bucket-foundation/archive/pbsnovadocs
? "Tesla Colorado Springs Notes" → majestic-12-files (MAJESTIC 12 Files)
  ↓ downloading 0 files for majestic-12-files
/home/gian/agfarms/bucket-foundation/archive/majestic-12-files
? "Tesla problem of increasing human energy" → sharware (chestnut-multimedia)
  ↓ downloading 2 files for sharware
    FAIL chestnut/DLR/CONTENTS.pdf: [Errno 2] No such file or directory: '/home/gian/agfarms/bucket-foundation/archive/sharware/chestnut/DLR/CONTENTS.pdf'
    FAIL chestnut/DLR/CONTENTS_djvu.txt: [Errno 2] No such file or directory: '/home/gian/agfarms/bucket-foundation/archive/sharware/chestnut/DLR/CONTENTS_djvu.txt'
/home/gian/agfarms/bucket-foundation/archive/sharware
? "Einstein Relativity special general theory" → relativity_librivox (Relativity: The Special and General Theory)
  ↓ downloading 2 files for relativity_librivox
    skip (have): relativity_1003.pdf
    skip (have): relativity_1003_djvu.txt
/home/gian/agfarms/bucket-foundation/archive/relativity_librivox
? "Einstein 1905 photoelectric" → cia-readingroom-document-cia-rdp96-00788r001100010004-6 (CIA Reading Room cia-rdp96-00788r001100010004-6: PROCEEDINGS)
  ↓ downloading 3 files for cia-readingroom-document-cia-rdp96-00788r001100010004-6
    skip (have): cia-rdp96-00788r001100010004-6.pdf
    skip (have): cia-rdp96-00788r001100010004-6.epub
    skip (have): cia-rdp96-00788r001100010004-6_djvu.txt
/home/gian/agfarms/bucket-foundation/archive/cia-readingroom-document-cia-rdp96-00788r001100010004-6
? "Szent-Györgyi Bioenergetics" → bioenergetics00szen (Bioenergetics)
  ↓ downloading 3 files for bioenergetics00szen
    skip (have): bioenergetics00szen.pdf
    skip (have): bioenergetics00szen.epub
    skip (have): bioenergetics00szen_djvu.txt
/home/gian/agfarms/bucket-foundation/archive/bioenergetics00szen
NO HITS: Szent-Györgyi submolecular biology
? "Becker Body Electric" → die-or-d.i.y.-full-archive ((Blogger) Die or D.I.Y.? Full Archive)
  ↓ downloading 0 files for die-or-d.i.y.-full-archive
/home/gian/agfarms/bucket-foundation/archive/die-or-d.i.y.-full-archive
? "Becker Cross Currents" → ExtrasensoryPerceptionResearchFinding (Notes on the Paranormal)
  ↓ downloading 3 files for ExtrasensoryPerceptionResearchFinding
    skip (have): Extrasensory_Perception_Research_Finding.pdf
    skip (have): Extrasensory_Perception_Research_Finding.epub
    skip (have): Extrasensory_Perception_Research_Finding_djvu.txt
/home/gian/agfarms/bucket-foundation/archive/ExtrasensoryPerceptionResearchFinding
? "Ling physical theory living state" → BluePlanetProjectUFOTECHNOLOGY (Blue Planet Project UFO TECHNOLOGY)
  ↓ downloading 3 files for BluePlanetProjectUFOTECHNOLOGY
    skip (have): Blue Planet Project UFO TECHNOLOGY.pdf
    skip (have): Blue Planet Project UFO TECHNOLOGY.epub
    skip (have): Blue Planet Project UFO TECHNOLOGY_djvu.txt
/home/gian/agfarms/bucket-foundation/archive/BluePlanetProjectUFOTECHNOLOGY
? "Ling association induction" → ibogaine_literature (Ibogaine Literature)
  ↓ downloading 3 files for ibogaine_literature
    skip (have): abaul1989.pdf
    skip (have): agwada1975.pdf
    skip (have): abaul1989_djvu.txt
/home/gian/agfarms/bucket-foundation/archive/ibogaine_literature
? "Nordenström Biologically Closed Electric Circuits" → biokinetic-impacts-on-structure-and-imaging-of-the-lung-the-concept-of-biologica (Biokinetic Impacts on Structure and Imaging of the Lung the )
  ↓ downloading 2 files for biokinetic-impacts-on-structure-and-imaging-of-the-lung-the-concept-of-biologica
    skip (have): Biokinetic impacts on structure and imaging of the lung the concept of biologically closed electric circuits - Nordenstrom AJR 1985.pdf
    skip (have): Biokinetic impacts on structure and imaging of the lung the concept of biologically closed electric circuits - Nordenstrom AJR 1985_djvu.txt
/home/gian/agfarms/bucket-foundation/archive/biokinetic-impacts-on-structure-and-imaging-of-the-lung-the-concept-of-biologica
? "Euclid Elements Heath translation" → EuclidsElementsBooksIIIVolume1Heath (Euclid's Elements Books I II Volume 1 Heath)
  ↓ downloading 2 files for EuclidsElementsBooksIIIVolume1Heath
    skip (have): Euclid's_Elements_Books_I-II_Volume_1-Heath.pdf
    skip (have): Euclid's_Elements_Books_I-II_Volume_1-Heath_djvu.txt
/home/gian/agfarms/bucket-foundation/archive/EuclidsElementsBooksIIIVolume1Heath
? "Gauss Disquisitiones Arithmeticae" → disquisitionesa00gaus (Disquisitiones arithmeticae)
  ↓ downloading 3 files for disquisitionesa00gaus
    skip (have): disquisitionesa00gaus.pdf
    skip (have): disquisitionesa00gaus.epub
    skip (have): disquisitionesa00gaus_djvu.txt
/home/gian/agfarms/bucket-foundation/archive/disquisitionesa00gaus
? "Riemann zeta hypothesis" → logicalcross (LogicalCross)
  ↓ downloading 2 files for logicalcross
    skip (have): essay.pdf
    skip (have): essay_djvu.txt
/home/gian/agfarms/bucket-foundation/archive/logicalcross
? "Cantor set theory" → YouDontNeedAWeathermanToKnowWhichWayTheWindBlows_925 (You Don't Need A Weatherman To Know Which Way The Wind Blows)
  ↓ downloading 3 files for YouDontNeedAWeathermanToKnowWhichWayTheWindBlows_925
    skip (have): YouDontNeedAWeathermanToKnowWhichWayTheWindBlows_925.pdf
    skip (have): YouDontNeedAWeathermanToKnowWhichWayTheWindBlows_925.epub
    skip (have): YouDontNeedAWeathermanToKnowWhichWayTheWindBlows_925_djvu.txt
/home/gian/agfarms/bucket-foundation/archive/YouDontNeedAWeathermanToKnowWhichWayTheWindBlows_925
? "Dirac Principles of Quantum Mechanics" → academictorrents_f24122f15283757aa8a9bf9cb638db266273442d ([Coursera] Exploring Quantum Physics)
  ↓ downloading 3 files for academictorrents_f24122f15283757aa8a9bf9cb638db266273442d
    FAIL Lectures/Week 1 - 02 Wavefunctions and Schrdinger Equation/01_Part_I-_Comments_on_studying_QM_10-11.pdf: [Errno 2] No such file or directory: '/home/gian/agfarms/bucket-foundation/archive/academictorrents_f24122f15283757aa8a9bf9cb638db266273442d/Lectures/Week 1 - 02 Wavefunctions and Schrdinger Equation/01_Part_I-_Comments_on_studying_QM_10-11.pdf'
    FAIL Lectures/Week 8 - 17 Time-dependent quantum mechanics Victor Galitski/01_Part_I-_Time-dependent_Schrdinger_Eq._general_remarks_23-04.pdf: [Errno 2] No such file or directory: '/home/gian/agfarms/bucket-foundation/archive/academictorrents_f24122f15283757aa8a9bf9cb638db266273442d/Lectures/Week 8 - 17 Time-dependent quantum mechanics Victor Galitski/01_Part_I-_Time-dependent_Schrdinger_Eq._general_remarks_23-04.pdf'
    FAIL Lectures/Week 1 - 02 Wavefunctions and Schrdinger Equation/01_Part_I-_Comments_on_studying_QM_10-11_djvu.txt: [Errno 2] No such file or directory: '/home/gian/agfarms/bucket-foundation/archive/academictorrents_f24122f15283757aa8a9bf9cb638db266273442d/Lectures/Week 1 - 02 Wavefunctions and Schrdinger Equation/01_Part_I-_Comments_on_studying_QM_10-11_djvu.txt'
/home/gian/agfarms/bucket-foundation/archive/academictorrents_f24122f15283757aa8a9bf9cb638db266273442d
? "Feynman lectures on physics" → academictorrents_f24122f15283757aa8a9bf9cb638db266273442d ([Coursera] Exploring Quantum Physics)
  ↓ downloading 3 files for academictorrents_f24122f15283757aa8a9bf9cb638db266273442d
    FAIL Lectures/Week 1 - 02 Wavefunctions and Schrdinger Equation/01_Part_I-_Comments_on_studying_QM_10-11.pdf: [Errno 2] No such file or directory: '/home/gian/agfarms/bucket-foundation/archive/academictorrents_f24122f15283757aa8a9bf9cb638db266273442d/Lectures/Week 1 - 02 Wavefunctions and Schrdinger Equation/01_Part_I-_Comments_on_studying_QM_10-11.pdf'
    FAIL Lectures/Week 8 - 17 Time-dependent quantum mechanics Victor Galitski/01_Part_I-_Time-dependent_Schrdinger_Eq._general_remarks_23-04.pdf: [Errno 2] No such file or directory: '/home/gian/agfarms/bucket-foundation/archive/academictorrents_f24122f15283757aa8a9bf9cb638db266273442d/Lectures/Week 8 - 17 Time-dependent quantum mechanics Victor Galitski/01_Part_I-_Time-dependent_Schrdinger_Eq._general_remarks_23-04.pdf'
    FAIL Lectures/Week 1 - 02 Wavefunctions and Schrdinger Equation/01_Part_I-_Comments_on_studying_QM_10-11_djvu.txt: [Errno 2] No such file or directory: '/home/gian/agfarms/bucket-foundation/archive/academictorrents_f24122f15283757aa8a9bf9cb638db266273442d/Lectures/Week 1 - 02 Wavefunctions and Schrdinger Equation/01_Part_I-_Comments_on_studying_QM_10-11_djvu.txt'
/home/gian/agfarms/bucket-foundation/archive/academictorrents_f24122f15283757aa8a9bf9cb638db266273442d
? "Shannon mathematical theory of communication" → communications_primer (Communications Primer, A)
  ↓ downloading 0 files for communications_primer
/home/gian/agfarms/bucket-foundation/archive/communications_primer
? "Turing computable numbers 1936" → turingsvisionbir0000bern (Turing's vision : the birth of computer science)
  ↓ downloading 3 files for turingsvisionbir0000bern
    FAIL turingsvisionbir0000bern.pdf: HTTP Error 401: Unauthorized
    FAIL turingsvisionbir0000bern.epub: HTTP Error 401: Unauthorized
    FAIL turingsvisionbir0000bern_djvu.txt: HTTP Error 401: Unauthorized
/home/gian/agfarms/bucket-foundation/archive/turingsvisionbir0000bern
? "Helmholtz On the Sensations of Tone" → onsensationsofto00helmrich (On the sensations of tone as a physiological basis for the t)
  ↓ downloading 3 files for onsensationsofto00helmrich
    skip (have): onsensationsofto00helmrich.pdf
    skip (have): onsensationsofto00helmrich.epub
    skip (have): onsensationsofto00helmrich_djvu.txt
/home/gian/agfarms/bucket-foundation/archive/onsensationsofto00helmrich
? "Helmholtz Treatise Physiological Optics" → ExtrasensoryPerceptionResearchFinding (Notes on the Paranormal)
  ↓ downloading 3 files for ExtrasensoryPerceptionResearchFinding
    skip (have): Extrasensory_Perception_Research_Finding.pdf
    skip (have): Extrasensory_Perception_Research_Finding.epub
    skip (have): Extrasensory_Perception_Research_Finding_djvu.txt
/home/gian/agfarms/bucket-foundation/archive/ExtrasensoryPerceptionResearchFinding
? "Schrodinger What is Life" → Necktar2017Volume9 (Necktar 2017 volume 9)
  ↓ downloading 0 files for Necktar2017Volume9
/home/gian/agfarms/bucket-foundation/archive/Necktar2017Volume9
? "Schrödinger Mind and Matter" → Necktar2017Volume9 (Necktar 2017 volume 9)
  ↓ downloading 0 files for Necktar2017Volume9
/home/gian/agfarms/bucket-foundation/archive/Necktar2017Volume9
? "Bohr Atomic Theory Description Nature" → ExtrasensoryPerceptionResearchFinding (Notes on the Paranormal)
  ↓ downloading 3 files for ExtrasensoryPerceptionResearchFinding
    skip (have): Extrasensory_Perception_Research_Finding.pdf
    skip (have): Extrasensory_Perception_Research_Finding.epub
    skip (have): Extrasensory_Perception_Research_Finding_djvu.txt
/home/gian/agfarms/bucket-foundation/archive/ExtrasensoryPerceptionResearchFinding
? "Heisenberg Physics Philosophy" → 216.TheLastEpisodeAtLeastForAWhileOrMaybeForever_670 (216. The Last Episode, at Least for a While, or Maybe Foreve)
  ↓ downloading 0 files for 216.TheLastEpisodeAtLeastForAWhileOrMaybeForever_670
/home/gian/agfarms/bucket-foundation/archive/216.TheLastEpisodeAtLeastForAWhileOrMaybeForever_670
? "Pauli Wolfgang lectures physics" → 1_20210412_20210412_0345 (Epigenesis, Existentialism and Creativity)
  ↓ downloading 0 files for 1_20210412_20210412_0345
/home/gian/agfarms/bucket-foundation/archive/1_20210412_20210412_0345
? "Wigner Eugene mind in physics" → cia-readingroom-document-cia-rdp96-00787r000500380004-4 (CIA Reading Room cia-rdp96-00787r000500380004-4: PSYCHIC PRO)
  ↓ downloading 3 files for cia-readingroom-document-cia-rdp96-00787r000500380004-4
    skip (have): cia-rdp96-00787r000500380004-4.pdf
    skip (have): cia-rdp96-00787r000500380004-4.epub
    skip (have): cia-rdp96-00787r000500380004-4_djvu.txt
/home/gian/agfarms/bucket-foundation/archive/cia-readingroom-document-cia-rdp96-00787r000500380004-4
? "Wheeler Geons Black Holes Quantum Foam" → geonsblackholesq00whee (Geons, black holes, and quantum foam : a life in physics)
  ↓ downloading 3 files for geonsblackholesq00whee
    FAIL geonsblackholesq00whee.pdf: HTTP Error 401: Unauthorized
    FAIL geonsblackholesq00whee.epub: HTTP Error 401: Unauthorized
    FAIL geonsblackholesq00whee_djvu.txt: HTTP Error 401: Unauthorized
/home/gian/agfarms/bucket-foundation/archive/geonsblackholesq00whee
? "Pasteur fermentation" → mmoiresurlafer00past (Mémoire sur la fermentation alcoolique)
  ↓ downloading 2 files for mmoiresurlafer00past
    skip (have): mmoiresurlafer00past.pdf
    skip (have): mmoiresurlafer00past_djvu.txt
/home/gian/agfarms/bucket-foundation/archive/mmoiresurlafer00past
? "Darwin Origin of Species" → origin_species_librivox (On the Origin of Species by Means of Natural Selection)
  ↓ downloading 2 files for origin_species_librivox
    skip (have): On_the_Origin_of_Species_by_Means_of_Natural_Selection_1005.pdf
    skip (have): On_the_Origin_of_Species_by_Means_of_Natural_Selection_1005_djvu.txt
/home/gian/agfarms/bucket-foundation/archive/origin_species_librivox
? "Wallace contributions theory natural selection" → ExtrasensoryPerceptionResearchFinding (Notes on the Paranormal)
  ↓ downloading 3 files for ExtrasensoryPerceptionResearchFinding
    skip (have): Extrasensory_Perception_Research_Finding.pdf
    skip (have): Extrasensory_Perception_Research_Finding.epub
    skip (have): Extrasensory_Perception_Research_Finding_djvu.txt
/home/gian/agfarms/bucket-foundation/archive/ExtrasensoryPerceptionResearchFinding
? "Linus Pauling general chemistry" → introductiontoqu031712mbp (['Introduction To Quantum Mechanics', 'With Applications To Chemistry.'])
  ↓ downloading 3 files for introductiontoqu031712mbp
    skip (have): introductiontoqu031712mbp.pdf
    skip (have): introductiontoqu031712mbp.epub
    skip (have): introductiontoqu031712mbp_djvu.txt
/home/gian/agfarms/bucket-foundation/archive/introductiontoqu031712mbp
? "Linus Pauling vitamin C" → How_To_Live_Longer_And_Feel_Better_PDF (Linus Pauling PhD: How To Live Longer And Feel Better pdf)
  ↓ downloading 3 files for How_To_Live_Longer_And_Feel_Better_PDF
    skip (have): How to live longer and feel better - Pauling, Linus, 1901-1994.pdf
    skip (have): How to live longer and feel better - Pauling, Linus, 1901-1994.epub
    skip (have): How to live longer and feel better - Pauling, Linus, 1901-1994_djvu.txt
/home/gian/agfarms/bucket-foundation/archive/How_To_Live_Longer_And_Feel_Better_PDF
? "Crick what mad pursuit" → oxfordbookofmode0000unse_a2g6 (The Oxford book of modern science writing)
  ↓ downloading 3 files for oxfordbookofmode0000unse_a2g6
    FAIL oxfordbookofmode0000unse_a2g6.pdf: HTTP Error 403: Forbidden
    FAIL oxfordbookofmode0000unse_a2g6.epub: HTTP Error 401: Unauthorized
    FAIL oxfordbookofmode0000unse_a2g6_djvu.txt: HTTP Error 401: Unauthorized
/home/gian/agfarms/bucket-foundation/archive/oxfordbookofmode0000unse_a2g6
? "Schrödinger statistical thermodynamics" → yavorskydetlafamodernhandbookofphysicsmir1982 (A Modern Handbook Of Physics)
  ↓ downloading 3 files for yavorskydetlafamodernhandbookofphysicsmir1982
    skip (have): Yavorsky-Detlaf-A-Modern-Handbook-of-Physics-Mir-1982.pdf
    skip (have): Yavorsky-Detlaf-A-Modern-Handbook-of-Physics-Mir-1982.epub
    skip (have): Yavorsky-Detlaf-A-Modern-Handbook-of-Physics-Mir-1982_djvu.txt
/home/gian/agfarms/bucket-foundation/archive/yavorskydetlafamodernhandbookofphysicsmir1982
? "Boltzmann lectures gas theory" → lectures-on-gas-theory-ludwig-boltzmann (Lectures on Gas Theory - Ludwig Boltzmann, Stephen G. Brush)
  ↓ downloading 3 files for lectures-on-gas-theory-ludwig-boltzmann
    skip (have): Lectures on Gas Theory - Ludwig Boltzmann.pdf
    skip (have): Lectures on Gas Theory - Ludwig Boltzmann.epub
    skip (have): Lectures on Gas Theory - Ludwig Boltzmann_djvu.txt
/home/gian/agfarms/bucket-foundation/archive/lectures-on-gas-theory-ludwig-boltzmann
? "Carnot reflections motive power fire" → cia-readingroom-document-cia-rdp79-01194a000400140001-7 (CIA Reading Room cia-rdp79-01194a000400140001-7: CA PROPAGAN)
  ↓ downloading 3 files for cia-readingroom-document-cia-rdp79-01194a000400140001-7
    skip (have): cia-rdp79-01194a000400140001-7.pdf
    skip (have): cia-rdp79-01194a000400140001-7.epub
    skip (have): cia-rdp79-01194a000400140001-7_djvu.txt
/home/gian/agfarms/bucket-foundation/archive/cia-readingroom-document-cia-rdp79-01194a000400140001-7
? "Planck thermodynamik thermodynamics" → vorlesungenbert01plangoog (Vorlesungen über thermodynamik)
  ↓ downloading 2 files for vorlesungenbert01plangoog
    skip (have): vorlesungenbert01plangoog.pdf
    skip (have): vorlesungenbert01plangoog_djvu.txt
/home/gian/agfarms/bucket-foundation/archive/vorlesungenbert01plangoog
? "Lavoisier elements chemistry" → understanding-science (Understanding Science, Collected Edition, Vols 1-12)
  ↓ downloading 3 files for understanding-science
    skip (have): Understanding_Science-Vol_01_jpg85.pdf
    skip (have): Understanding_Science-Vol_01_jpg85.epub
    skip (have): Understanding_Science-Vol_01_jpg85_djvu.txt
/home/gian/agfarms/bucket-foundation/archive/understanding-science
? "Fourier analytical theory heat" → analyticaltheory00fourrich (The analytical theory of heat)
  ↓ downloading 3 files for analyticaltheory00fourrich
    skip (have): analyticaltheory00fourrich.pdf
    skip (have): analyticaltheory00fourrich.epub
    skip (have): analyticaltheory00fourrich_djvu.txt
/home/gian/agfarms/bucket-foundation/archive/analyticaltheory00fourrich
? "Galileo dialogue two world systems" → GalileiGalileoDialogueConcerningTheTwoChiefWorldSystemsEN155P. (Galilei, Galileo - Dialogue Concerning the two Chief World S)
  ↓ downloading 3 files for GalileiGalileoDialogueConcerningTheTwoChiefWorldSystemsEN155P.
    skip (have): Galilei, Galileo - Dialogue Concerning the two Chief World Systems (EN, 155 p.).pdf
    skip (have): Galilei, Galileo - Dialogue Concerning the two Chief World Systems (EN, 155 p.).epub
    skip (have): Galilei, Galileo - Dialogue Concerning the two Chief World Systems (EN, 155 p.)_djvu.txt
/home/gian/agfarms/bucket-foundation/archive/GalileiGalileoDialogueConcerningTheTwoChiefWorldSystemsEN155P.
? "Feynman QED" → MIT8.701F20 (MIT 8.701 Introduction to Nuclear and Particle Physics, Fall)
  ↓ downloading 0 files for MIT8.701F20
/home/gian/agfarms/bucket-foundation/archive/MIT8.701F20
? "Crick Watson DNA" → MIT7.01SCF11 (OCW Scholar: Fundamentals of Biology)
  ↓ downloading 0 files for MIT7.01SCF11
/home/gian/agfarms/bucket-foundation/archive/MIT7.01SCF11
? "Darwin descent of man" → descent_man_1_1011_librivox (The Descent of Man and Selection in Relation to Sex Part 1)
  ↓ downloading 2 files for descent_man_1_1011_librivox
    skip (have): descentman1_1011.pdf
    skip (have): descentman1_1011_djvu.txt
/home/gian/agfarms/bucket-foundation/archive/descent_man_1_1011_librivox
[2026-07-23T08:47:56-04:00] === archive runner done ===
[2026-07-24T08:46:30-04:00] === archive runner start ===
  ↓ downloading 3 files for the-universal-one-1926-walter-russell
    skip (have): TheUniversalOne1926WalterRussell.pdf
    skip (have): TheUniversalOne1926WalterRussell.epub
    skip (have): TheUniversalOne1926WalterRussell_djvu.txt
/home/gian/agfarms/bucket-foundation/archive/the-universal-one-1926-walter-russell
  ↓ downloading 3 files for principlesofchem00menduoft
    skip (have): principlesofchem00menduoft.pdf
    skip (have): principlesofchem00menduoft.epub
    skip (have): principlesofchem00menduoft_djvu.txt
/home/gian/agfarms/bucket-foundation/archive/principlesofchem00menduoft
  ↓ downloading 3 files for principlesofchem01menduoft
    skip (have): principlesofchem01menduoft.pdf
    skip (have): principlesofchem01menduoft.epub
    skip (have): principlesofchem01menduoft_djvu.txt
/home/gian/agfarms/bucket-foundation/archive/principlesofchem01menduoft
? "walter russell new concept universe" → ExtrasensoryPerceptionResearchFinding (Notes on the Paranormal)
  ↓ downloading 3 files for ExtrasensoryPerceptionResearchFinding
    skip (have): Extrasensory_Perception_Research_Finding.pdf
    skip (have): Extrasensory_Perception_Research_Finding.epub
    skip (have): Extrasensory_Perception_Research_Finding_djvu.txt
/home/gian/agfarms/bucket-foundation/archive/ExtrasensoryPerceptionResearchFinding
  ↓ downloading 3 files for newtonspmathema00newtrich
    skip (have): newtonspmathema00newtrich.pdf
    skip (have): newtonspmathema00newtrich.epub
    skip (have): newtonspmathema00newtrich_djvu.txt
/home/gian/agfarms/bucket-foundation/archive/newtonspmathema00newtrich
  ↓ downloading 3 files for principia00newtuoft
    skip (have): principia00newtuoft.pdf
    skip (have): principia00newtuoft.epub
    skip (have): principia00newtuoft_djvu.txt
/home/gian/agfarms/bucket-foundation/archive/principia00newtuoft
? "Newton Opticks 1704" → opticks_1203_librivox (Opticks)
  ↓ downloading 2 files for opticks_1203_librivox
    skip (have): opticks_1207.pdf
    skip (have): opticks_1207_djvu.txt
/home/gian/agfarms/bucket-foundation/archive/opticks_1203_librivox
? "Maxwell Treatise on Electricity and Magnetism volume 1" → electricandmagne01maxwrich (A treatise on electricity and magnetism)
  ↓ downloading 3 files for electricandmagne01maxwrich
    skip (have): electricandmagne01maxwrich.pdf
    skip (have): electricandmagne01maxwrich.epub
    skip (have): electricandmagne01maxwrich_djvu.txt
/home/gian/agfarms/bucket-foundation/archive/electricandmagne01maxwrich
? "Maxwell Treatise on Electricity and Magnetism volume 2" → electricandmagne01maxwrich (A treatise on electricity and magnetism)
  ↓ downloading 3 files for electricandmagne01maxwrich
    skip (have): electricandmagne01maxwrich.pdf
    skip (have): electricandmagne01maxwrich.epub
    skip (have): electricandmagne01maxwrich_djvu.txt
/home/gian/agfarms/bucket-foundation/archive/electricandmagne01maxwrich
? "Maxwell scientific papers" → scientificpapers01maxw (The scientific papers of James Clerk Maxwell)
  ↓ downloading 3 files for scientificpapers01maxw
    skip (have): scientificpapers01maxw.pdf
    skip (have): scientificpapers01maxw.epub
    skip (have): scientificpapers01maxw_djvu.txt
/home/gian/agfarms/bucket-foundation/archive/scientificpapers01maxw
? "Faraday Experimental Researches in Electricity volume 1" → ExtrasensoryPerceptionResearchFinding (Notes on the Paranormal)
  ↓ downloading 3 files for ExtrasensoryPerceptionResearchFinding
    skip (have): Extrasensory_Perception_Research_Finding.pdf
    skip (have): Extrasensory_Perception_Research_Finding.epub
    skip (have): Extrasensory_Perception_Research_Finding_djvu.txt
/home/gian/agfarms/bucket-foundation/archive/ExtrasensoryPerceptionResearchFinding
? "Faraday Experimental Researches in Electricity volume 2" → ExtrasensoryPerceptionResearchFinding (Notes on the Paranormal)
  ↓ downloading 3 files for ExtrasensoryPerceptionResearchFinding
    skip (have): Extrasensory_Perception_Research_Finding.pdf
    skip (have): Extrasensory_Perception_Research_Finding.epub
    skip (have): Extrasensory_Perception_Research_Finding_djvu.txt
/home/gian/agfarms/bucket-foundation/archive/ExtrasensoryPerceptionResearchFinding
? "Faraday Experimental Researches in Electricity volume 3" → ExtrasensoryPerceptionResearchFinding (Notes on the Paranormal)
  ↓ downloading 3 files for ExtrasensoryPerceptionResearchFinding
    skip (have): Extrasensory_Perception_Research_Finding.pdf
    skip (have): Extrasensory_Perception_Research_Finding.epub
    skip (have): Extrasensory_Perception_Research_Finding_djvu.txt
/home/gian/agfarms/bucket-foundation/archive/ExtrasensoryPerceptionResearchFinding
? "Tesla My Inventions" → pbsnovadocs (PBS Nova Documentaries)
  ↓ downloading 0 files for pbsnovadocs
/home/gian/agfarms/bucket-foundation/archive/pbsnovadocs
? "Tesla Colorado Springs Notes" → majestic-12-files (MAJESTIC 12 Files)
  ↓ downloading 0 files for majestic-12-files
/home/gian/agfarms/bucket-foundation/archive/majestic-12-files
? "Tesla problem of increasing human energy" → sharware (chestnut-multimedia)
  ↓ downloading 2 files for sharware
    FAIL chestnut/DLR/CONTENTS.pdf: [Errno 2] No such file or directory: '/home/gian/agfarms/bucket-foundation/archive/sharware/chestnut/DLR/CONTENTS.pdf'
    FAIL chestnut/DLR/CONTENTS_djvu.txt: [Errno 2] No such file or directory: '/home/gian/agfarms/bucket-foundation/archive/sharware/chestnut/DLR/CONTENTS_djvu.txt'
/home/gian/agfarms/bucket-foundation/archive/sharware
? "Einstein Relativity special general theory" → relativity_librivox (Relativity: The Special and General Theory)
  ↓ downloading 2 files for relativity_librivox
    skip (have): relativity_1003.pdf
    skip (have): relativity_1003_djvu.txt
/home/gian/agfarms/bucket-foundation/archive/relativity_librivox
? "Einstein 1905 photoelectric" → cia-readingroom-document-cia-rdp96-00788r001100010004-6 (CIA Reading Room cia-rdp96-00788r001100010004-6: PROCEEDINGS)
  ↓ downloading 3 files for cia-readingroom-document-cia-rdp96-00788r001100010004-6
    skip (have): cia-rdp96-00788r001100010004-6.pdf
    skip (have): cia-rdp96-00788r001100010004-6.epub
    skip (have): cia-rdp96-00788r001100010004-6_djvu.txt
/home/gian/agfarms/bucket-foundation/archive/cia-readingroom-document-cia-rdp96-00788r001100010004-6
? "Szent-Györgyi Bioenergetics" → bioenergetics00szen (Bioenergetics)
  ↓ downloading 3 files for bioenergetics00szen
    skip (have): bioenergetics00szen.pdf
    skip (have): bioenergetics00szen.epub
    skip (have): bioenergetics00szen_djvu.txt
/home/gian/agfarms/bucket-foundation/archive/bioenergetics00szen
NO HITS: Szent-Györgyi submolecular biology
? "Becker Body Electric" → die-or-d.i.y.-full-archive ((Blogger) Die or D.I.Y.? Full Archive)
  ↓ downloading 0 files for die-or-d.i.y.-full-archive
/home/gian/agfarms/bucket-foundation/archive/die-or-d.i.y.-full-archive
? "Becker Cross Currents" → ExtrasensoryPerceptionResearchFinding (Notes on the Paranormal)
  ↓ downloading 3 files for ExtrasensoryPerceptionResearchFinding
    skip (have): Extrasensory_Perception_Research_Finding.pdf
    skip (have): Extrasensory_Perception_Research_Finding.epub
    skip (have): Extrasensory_Perception_Research_Finding_djvu.txt
/home/gian/agfarms/bucket-foundation/archive/ExtrasensoryPerceptionResearchFinding
? "Ling physical theory living state" → BluePlanetProjectUFOTECHNOLOGY (Blue Planet Project UFO TECHNOLOGY)
  ↓ downloading 3 files for BluePlanetProjectUFOTECHNOLOGY
    skip (have): Blue Planet Project UFO TECHNOLOGY.pdf
    skip (have): Blue Planet Project UFO TECHNOLOGY.epub
    skip (have): Blue Planet Project UFO TECHNOLOGY_djvu.txt
/home/gian/agfarms/bucket-foundation/archive/BluePlanetProjectUFOTECHNOLOGY
? "Ling association induction" → ibogaine_literature (Ibogaine Literature)
  ↓ downloading 3 files for ibogaine_literature
    skip (have): abaul1989.pdf
    skip (have): agwada1975.pdf
    skip (have): abaul1989_djvu.txt
/home/gian/agfarms/bucket-foundation/archive/ibogaine_literature
? "Nordenström Biologically Closed Electric Circuits" → biokinetic-impacts-on-structure-and-imaging-of-the-lung-the-concept-of-biologica (Biokinetic Impacts on Structure and Imaging of the Lung the )
  ↓ downloading 2 files for biokinetic-impacts-on-structure-and-imaging-of-the-lung-the-concept-of-biologica
    skip (have): Biokinetic impacts on structure and imaging of the lung the concept of biologically closed electric circuits - Nordenstrom AJR 1985.pdf
    skip (have): Biokinetic impacts on structure and imaging of the lung the concept of biologically closed electric circuits - Nordenstrom AJR 1985_djvu.txt
/home/gian/agfarms/bucket-foundation/archive/biokinetic-impacts-on-structure-and-imaging-of-the-lung-the-concept-of-biologica
? "Euclid Elements Heath translation" → EuclidsElementsBooksIIIVolume1Heath (Euclid's Elements Books I II Volume 1 Heath)
  ↓ downloading 2 files for EuclidsElementsBooksIIIVolume1Heath
    skip (have): Euclid's_Elements_Books_I-II_Volume_1-Heath.pdf
    skip (have): Euclid's_Elements_Books_I-II_Volume_1-Heath_djvu.txt
/home/gian/agfarms/bucket-foundation/archive/EuclidsElementsBooksIIIVolume1Heath
? "Gauss Disquisitiones Arithmeticae" → disquisitionesa00gaus (Disquisitiones arithmeticae)
  ↓ downloading 3 files for disquisitionesa00gaus
    skip (have): disquisitionesa00gaus.pdf
    skip (have): disquisitionesa00gaus.epub
    skip (have): disquisitionesa00gaus_djvu.txt
/home/gian/agfarms/bucket-foundation/archive/disquisitionesa00gaus
? "Riemann zeta hypothesis" → logicalcross (LogicalCross)
  ↓ downloading 2 files for logicalcross
    skip (have): essay.pdf
    skip (have): essay_djvu.txt
/home/gian/agfarms/bucket-foundation/archive/logicalcross
? "Cantor set theory" → YouDontNeedAWeathermanToKnowWhichWayTheWindBlows_925 (You Don't Need A Weatherman To Know Which Way The Wind Blows)
  ↓ downloading 3 files for YouDontNeedAWeathermanToKnowWhichWayTheWindBlows_925
    skip (have): YouDontNeedAWeathermanToKnowWhichWayTheWindBlows_925.pdf
    skip (have): YouDontNeedAWeathermanToKnowWhichWayTheWindBlows_925.epub
    skip (have): YouDontNeedAWeathermanToKnowWhichWayTheWindBlows_925_djvu.txt
/home/gian/agfarms/bucket-foundation/archive/YouDontNeedAWeathermanToKnowWhichWayTheWindBlows_925
? "Dirac Principles of Quantum Mechanics" → academictorrents_f24122f15283757aa8a9bf9cb638db266273442d ([Coursera] Exploring Quantum Physics)
  ↓ downloading 3 files for academictorrents_f24122f15283757aa8a9bf9cb638db266273442d
    FAIL Lectures/Week 1 - 02 Wavefunctions and Schrdinger Equation/01_Part_I-_Comments_on_studying_QM_10-11.pdf: [Errno 2] No such file or directory: '/home/gian/agfarms/bucket-foundation/archive/academictorrents_f24122f15283757aa8a9bf9cb638db266273442d/Lectures/Week 1 - 02 Wavefunctions and Schrdinger Equation/01_Part_I-_Comments_on_studying_QM_10-11.pdf'
    FAIL Lectures/Week 8 - 17 Time-dependent quantum mechanics Victor Galitski/01_Part_I-_Time-dependent_Schrdinger_Eq._general_remarks_23-04.pdf: [Errno 2] No such file or directory: '/home/gian/agfarms/bucket-foundation/archive/academictorrents_f24122f15283757aa8a9bf9cb638db266273442d/Lectures/Week 8 - 17 Time-dependent quantum mechanics Victor Galitski/01_Part_I-_Time-dependent_Schrdinger_Eq._general_remarks_23-04.pdf'
    FAIL Lectures/Week 1 - 02 Wavefunctions and Schrdinger Equation/01_Part_I-_Comments_on_studying_QM_10-11_djvu.txt: [Errno 2] No such file or directory: '/home/gian/agfarms/bucket-foundation/archive/academictorrents_f24122f15283757aa8a9bf9cb638db266273442d/Lectures/Week 1 - 02 Wavefunctions and Schrdinger Equation/01_Part_I-_Comments_on_studying_QM_10-11_djvu.txt'
/home/gian/agfarms/bucket-foundation/archive/academictorrents_f24122f15283757aa8a9bf9cb638db266273442d
? "Feynman lectures on physics" → academictorrents_f24122f15283757aa8a9bf9cb638db266273442d ([Coursera] Exploring Quantum Physics)
  ↓ downloading 3 files for academictorrents_f24122f15283757aa8a9bf9cb638db266273442d
    FAIL Lectures/Week 1 - 02 Wavefunctions and Schrdinger Equation/01_Part_I-_Comments_on_studying_QM_10-11.pdf: [Errno 2] No such file or directory: '/home/gian/agfarms/bucket-foundation/archive/academictorrents_f24122f15283757aa8a9bf9cb638db266273442d/Lectures/Week 1 - 02 Wavefunctions and Schrdinger Equation/01_Part_I-_Comments_on_studying_QM_10-11.pdf'
    FAIL Lectures/Week 8 - 17 Time-dependent quantum mechanics Victor Galitski/01_Part_I-_Time-dependent_Schrdinger_Eq._general_remarks_23-04.pdf: [Errno 2] No such file or directory: '/home/gian/agfarms/bucket-foundation/archive/academictorrents_f24122f15283757aa8a9bf9cb638db266273442d/Lectures/Week 8 - 17 Time-dependent quantum mechanics Victor Galitski/01_Part_I-_Time-dependent_Schrdinger_Eq._general_remarks_23-04.pdf'
    FAIL Lectures/Week 1 - 02 Wavefunctions and Schrdinger Equation/01_Part_I-_Comments_on_studying_QM_10-11_djvu.txt: [Errno 2] No such file or directory: '/home/gian/agfarms/bucket-foundation/archive/academictorrents_f24122f15283757aa8a9bf9cb638db266273442d/Lectures/Week 1 - 02 Wavefunctions and Schrdinger Equation/01_Part_I-_Comments_on_studying_QM_10-11_djvu.txt'
/home/gian/agfarms/bucket-foundation/archive/academictorrents_f24122f15283757aa8a9bf9cb638db266273442d
? "Shannon mathematical theory of communication" → communications_primer (Communications Primer, A)
  ↓ downloading 0 files for communications_primer
/home/gian/agfarms/bucket-foundation/archive/communications_primer
? "Turing computable numbers 1936" → turingsvisionbir0000bern (Turing's vision : the birth of computer science)
  ↓ downloading 3 files for turingsvisionbir0000bern
    FAIL turingsvisionbir0000bern.pdf: HTTP Error 401: Unauthorized
    FAIL turingsvisionbir0000bern.epub: HTTP Error 401: Unauthorized
    FAIL turingsvisionbir0000bern_djvu.txt: HTTP Error 401: Unauthorized
/home/gian/agfarms/bucket-foundation/archive/turingsvisionbir0000bern
? "Helmholtz On the Sensations of Tone" → onsensationsofto00helmrich (On the sensations of tone as a physiological basis for the t)
  ↓ downloading 3 files for onsensationsofto00helmrich
    skip (have): onsensationsofto00helmrich.pdf
    skip (have): onsensationsofto00helmrich.epub
    skip (have): onsensationsofto00helmrich_djvu.txt
/home/gian/agfarms/bucket-foundation/archive/onsensationsofto00helmrich
? "Helmholtz Treatise Physiological Optics" → ExtrasensoryPerceptionResearchFinding (Notes on the Paranormal)
  ↓ downloading 3 files for ExtrasensoryPerceptionResearchFinding
    skip (have): Extrasensory_Perception_Research_Finding.pdf
    skip (have): Extrasensory_Perception_Research_Finding.epub
    skip (have): Extrasensory_Perception_Research_Finding_djvu.txt
/home/gian/agfarms/bucket-foundation/archive/ExtrasensoryPerceptionResearchFinding
? "Schrodinger What is Life" → WhatIsLife-EdwardSchrodinger (WHAT IS LIFE? - ERWIN SCHRODINGER)
  ↓ downloading 3 files for WhatIsLife-EdwardSchrodinger
    skip (have): whatislife-schrodinger.pdf
    skip (have): whatislife-schrodinger.epub
    skip (have): whatislife-schrodinger_djvu.txt
/home/gian/agfarms/bucket-foundation/archive/WhatIsLife-EdwardSchrodinger
? "Schrödinger Mind and Matter" → Necktar2017Volume9 (Necktar 2017 volume 9)
  ↓ downloading 0 files for Necktar2017Volume9
/home/gian/agfarms/bucket-foundation/archive/Necktar2017Volume9
? "Bohr Atomic Theory Description Nature" → ExtrasensoryPerceptionResearchFinding (Notes on the Paranormal)
  ↓ downloading 3 files for ExtrasensoryPerceptionResearchFinding
    skip (have): Extrasensory_Perception_Research_Finding.pdf
    skip (have): Extrasensory_Perception_Research_Finding.epub
    skip (have): Extrasensory_Perception_Research_Finding_djvu.txt
/home/gian/agfarms/bucket-foundation/archive/ExtrasensoryPerceptionResearchFinding
? "Heisenberg Physics Philosophy" → 216.TheLastEpisodeAtLeastForAWhileOrMaybeForever_670 (216. The Last Episode, at Least for a While, or Maybe Foreve)
  ↓ downloading 0 files for 216.TheLastEpisodeAtLeastForAWhileOrMaybeForever_670
/home/gian/agfarms/bucket-foundation/archive/216.TheLastEpisodeAtLeastForAWhileOrMaybeForever_670
? "Pauli Wolfgang lectures physics" → 1_20210412_20210412_0345 (Epigenesis, Existentialism and Creativity)
  ↓ downloading 0 files for 1_20210412_20210412_0345
/home/gian/agfarms/bucket-foundation/archive/1_20210412_20210412_0345
? "Wigner Eugene mind in physics" → cia-readingroom-document-cia-rdp96-00787r000500380004-4 (CIA Reading Room cia-rdp96-00787r000500380004-4: PSYCHIC PRO)
  ↓ downloading 3 files for cia-readingroom-document-cia-rdp96-00787r000500380004-4
    skip (have): cia-rdp96-00787r000500380004-4.pdf
    skip (have): cia-rdp96-00787r000500380004-4.epub
    skip (have): cia-rdp96-00787r000500380004-4_djvu.txt
/home/gian/agfarms/bucket-foundation/archive/cia-readingroom-document-cia-rdp96-00787r000500380004-4
? "Wheeler Geons Black Holes Quantum Foam" → oxfordbookofmode0000unse_a2g6 (The Oxford book of modern science writing)
  ↓ downloading 3 files for oxfordbookofmode0000unse_a2g6
    FAIL oxfordbookofmode0000unse_a2g6.pdf: HTTP Error 403: Forbidden
    FAIL oxfordbookofmode0000unse_a2g6.epub: HTTP Error 403: Forbidden
    FAIL oxfordbookofmode0000unse_a2g6_djvu.txt: HTTP Error 403: Forbidden
/home/gian/agfarms/bucket-foundation/archive/oxfordbookofmode0000unse_a2g6
? "Pasteur fermentation" → mmoiresurlafer00past (Mémoire sur la fermentation alcoolique)
  ↓ downloading 2 files for mmoiresurlafer00past
    skip (have): mmoiresurlafer00past.pdf
    skip (have): mmoiresurlafer00past_djvu.txt
/home/gian/agfarms/bucket-foundation/archive/mmoiresurlafer00past
? "Darwin Origin of Species" → origin_species_librivox (On the Origin of Species by Means of Natural Selection)
  ↓ downloading 2 files for origin_species_librivox
    skip (have): On_the_Origin_of_Species_by_Means_of_Natural_Selection_1005.pdf
    skip (have): On_the_Origin_of_Species_by_Means_of_Natural_Selection_1005_djvu.txt
/home/gian/agfarms/bucket-foundation/archive/origin_species_librivox
? "Wallace contributions theory natural selection" → ExtrasensoryPerceptionResearchFinding (Notes on the Paranormal)
  ↓ downloading 3 files for ExtrasensoryPerceptionResearchFinding
    skip (have): Extrasensory_Perception_Research_Finding.pdf
    skip (have): Extrasensory_Perception_Research_Finding.epub
    skip (have): Extrasensory_Perception_Research_Finding_djvu.txt
/home/gian/agfarms/bucket-foundation/archive/ExtrasensoryPerceptionResearchFinding
? "Linus Pauling general chemistry" → introductiontoqu031712mbp (['Introduction To Quantum Mechanics', 'With Applications To Chemistry.'])
  ↓ downloading 3 files for introductiontoqu031712mbp
    skip (have): introductiontoqu031712mbp.pdf
    skip (have): introductiontoqu031712mbp.epub
    skip (have): introductiontoqu031712mbp_djvu.txt
/home/gian/agfarms/bucket-foundation/archive/introductiontoqu031712mbp
? "Linus Pauling vitamin C" → How_To_Live_Longer_And_Feel_Better_PDF (Linus Pauling PhD: How To Live Longer And Feel Better pdf)
  ↓ downloading 3 files for How_To_Live_Longer_And_Feel_Better_PDF
    skip (have): How to live longer and feel better - Pauling, Linus, 1901-1994.pdf
    skip (have): How to live longer and feel better - Pauling, Linus, 1901-1994.epub
    skip (have): How to live longer and feel better - Pauling, Linus, 1901-1994_djvu.txt
/home/gian/agfarms/bucket-foundation/archive/How_To_Live_Longer_And_Feel_Better_PDF
? "Crick what mad pursuit" → oxfordbookofmode0000unse_a2g6 (The Oxford book of modern science writing)
  ↓ downloading 3 files for oxfordbookofmode0000unse_a2g6
    FAIL oxfordbookofmode0000unse_a2g6.pdf: HTTP Error 403: Forbidden
    FAIL oxfordbookofmode0000unse_a2g6.epub: HTTP Error 403: Forbidden
    FAIL oxfordbookofmode0000unse_a2g6_djvu.txt: HTTP Error 403: Forbidden
/home/gian/agfarms/bucket-foundation/archive/oxfordbookofmode0000unse_a2g6
? "Schrödinger statistical thermodynamics" → yavorskydetlafamodernhandbookofphysicsmir1982 (A Modern Handbook Of Physics)
  ↓ downloading 3 files for yavorskydetlafamodernhandbookofphysicsmir1982
    skip (have): Yavorsky-Detlaf-A-Modern-Handbook-of-Physics-Mir-1982.pdf
    skip (have): Yavorsky-Detlaf-A-Modern-Handbook-of-Physics-Mir-1982.epub
    skip (have): Yavorsky-Detlaf-A-Modern-Handbook-of-Physics-Mir-1982_djvu.txt
/home/gian/agfarms/bucket-foundation/archive/yavorskydetlafamodernhandbookofphysicsmir1982
? "Boltzmann lectures gas theory" → lectures-on-gas-theory-ludwig-boltzmann (Lectures on Gas Theory - Ludwig Boltzmann, Stephen G. Brush)
  ↓ downloading 3 files for lectures-on-gas-theory-ludwig-boltzmann
    skip (have): Lectures on Gas Theory - Ludwig Boltzmann.pdf
    skip (have): Lectures on Gas Theory - Ludwig Boltzmann.epub
    skip (have): Lectures on Gas Theory - Ludwig Boltzmann_djvu.txt
/home/gian/agfarms/bucket-foundation/archive/lectures-on-gas-theory-ludwig-boltzmann
? "Carnot reflections motive power fire" → cia-readingroom-document-cia-rdp79-01194a000400140001-7 (CIA Reading Room cia-rdp79-01194a000400140001-7: CA PROPAGAN)
  ↓ downloading 3 files for cia-readingroom-document-cia-rdp79-01194a000400140001-7
    skip (have): cia-rdp79-01194a000400140001-7.pdf
    skip (have): cia-rdp79-01194a000400140001-7.epub
    skip (have): cia-rdp79-01194a000400140001-7_djvu.txt
/home/gian/agfarms/bucket-foundation/archive/cia-readingroom-document-cia-rdp79-01194a000400140001-7
? "Planck thermodynamik thermodynamics" → vorlesungenbert01plangoog (Vorlesungen über thermodynamik)
  ↓ downloading 2 files for vorlesungenbert01plangoog
    skip (have): vorlesungenbert01plangoog.pdf
    skip (have): vorlesungenbert01plangoog_djvu.txt
/home/gian/agfarms/bucket-foundation/archive/vorlesungenbert01plangoog
? "Lavoisier elements chemistry" → understanding-science (Understanding Science, Collected Edition, Vols 1-12)
  ↓ downloading 3 files for understanding-science
    skip (have): Understanding_Science-Vol_01_jpg85.pdf
    skip (have): Understanding_Science-Vol_01_jpg85.epub
    skip (have): Understanding_Science-Vol_01_jpg85_djvu.txt
/home/gian/agfarms/bucket-foundation/archive/understanding-science
? "Fourier analytical theory heat" → analyticaltheory00fourrich (The analytical theory of heat)
  ↓ downloading 3 files for analyticaltheory00fourrich
    skip (have): analyticaltheory00fourrich.pdf
    skip (have): analyticaltheory00fourrich.epub
    skip (have): analyticaltheory00fourrich_djvu.txt
/home/gian/agfarms/bucket-foundation/archive/analyticaltheory00fourrich
? "Galileo dialogue two world systems" → GalileiGalileoDialogueConcerningTheTwoChiefWorldSystemsEN155P. (Galilei, Galileo - Dialogue Concerning the two Chief World S)
  ↓ downloading 3 files for GalileiGalileoDialogueConcerningTheTwoChiefWorldSystemsEN155P.
    skip (have): Galilei, Galileo - Dialogue Concerning the two Chief World Systems (EN, 155 p.).pdf
    skip (have): Galilei, Galileo - Dialogue Concerning the two Chief World Systems (EN, 155 p.).epub
    skip (have): Galilei, Galileo - Dialogue Concerning the two Chief World Systems (EN, 155 p.)_djvu.txt
/home/gian/agfarms/bucket-foundation/archive/GalileiGalileoDialogueConcerningTheTwoChiefWorldSystemsEN155P.
? "Feynman QED" → MIT8.701F20 (MIT 8.701 Introduction to Nuclear and Particle Physics, Fall)
  ↓ downloading 0 files for MIT8.701F20
/home/gian/agfarms/bucket-foundation/archive/MIT8.701F20
? "Crick Watson DNA" → MIT7.01SCF11 (OCW Scholar: Fundamentals of Biology)
  ↓ downloading 0 files for MIT7.01SCF11
/home/gian/agfarms/bucket-foundation/archive/MIT7.01SCF11
? "Darwin descent of man" → descent_man_1_1011_librivox (The Descent of Man and Selection in Relation to Sex Part 1)
  ↓ downloading 2 files for descent_man_1_1011_librivox
    skip (have): descentman1_1011.pdf
    skip (have): descentman1_1011_djvu.txt
/home/gian/agfarms/bucket-foundation/archive/descent_man_1_1011_librivox
[2026-07-24T08:48:21-04:00] === archive runner done ===
[2026-07-25T08:46:35-04:00] === archive runner start ===
  ↓ downloading 3 files for the-universal-one-1926-walter-russell
    skip (have): TheUniversalOne1926WalterRussell.pdf
    skip (have): TheUniversalOne1926WalterRussell.epub
    skip (have): TheUniversalOne1926WalterRussell_djvu.txt
/home/gian/agfarms/bucket-foundation/archive/the-universal-one-1926-walter-russell
  ↓ downloading 3 files for principlesofchem00menduoft
    skip (have): principlesofchem00menduoft.pdf
    skip (have): principlesofchem00menduoft.epub
    skip (have): principlesofchem00menduoft_djvu.txt
/home/gian/agfarms/bucket-foundation/archive/principlesofchem00menduoft
  ↓ downloading 3 files for principlesofchem01menduoft
    skip (have): principlesofchem01menduoft.pdf
    skip (have): principlesofchem01menduoft.epub
    skip (have): principlesofchem01menduoft_djvu.txt
/home/gian/agfarms/bucket-foundation/archive/principlesofchem01menduoft
? "walter russell new concept universe" → ExtrasensoryPerceptionResearchFinding (Notes on the Paranormal)
  ↓ downloading 3 files for ExtrasensoryPerceptionResearchFinding
    skip (have): Extrasensory_Perception_Research_Finding.pdf
    skip (have): Extrasensory_Perception_Research_Finding.epub
    skip (have): Extrasensory_Perception_Research_Finding_djvu.txt
/home/gian/agfarms/bucket-foundation/archive/ExtrasensoryPerceptionResearchFinding
  ↓ downloading 3 files for newtonspmathema00newtrich
    skip (have): newtonspmathema00newtrich.pdf
    skip (have): newtonspmathema00newtrich.epub
    skip (have): newtonspmathema00newtrich_djvu.txt
/home/gian/agfarms/bucket-foundation/archive/newtonspmathema00newtrich
  ↓ downloading 3 files for principia00newtuoft
    skip (have): principia00newtuoft.pdf
    skip (have): principia00newtuoft.epub
    skip (have): principia00newtuoft_djvu.txt
/home/gian/agfarms/bucket-foundation/archive/principia00newtuoft
? "Newton Opticks 1704" → opticks_1203_librivox (Opticks)
  ↓ downloading 2 files for opticks_1203_librivox
    skip (have): opticks_1207.pdf
    skip (have): opticks_1207_djvu.txt
/home/gian/agfarms/bucket-foundation/archive/opticks_1203_librivox
? "Maxwell Treatise on Electricity and Magnetism volume 1" → electricandmagne01maxwrich (A treatise on electricity and magnetism)
  ↓ downloading 3 files for electricandmagne01maxwrich
    skip (have): electricandmagne01maxwrich.pdf
    skip (have): electricandmagne01maxwrich.epub
    skip (have): electricandmagne01maxwrich_djvu.txt
/home/gian/agfarms/bucket-foundation/archive/electricandmagne01maxwrich
? "Maxwell Treatise on Electricity and Magnetism volume 2" → electricandmagne01maxwrich (A treatise on electricity and magnetism)
  ↓ downloading 3 files for electricandmagne01maxwrich
    skip (have): electricandmagne01maxwrich.pdf
    skip (have): electricandmagne01maxwrich.epub
    skip (have): electricandmagne01maxwrich_djvu.txt
/home/gian/agfarms/bucket-foundation/archive/electricandmagne01maxwrich
? "Maxwell scientific papers" → scientificpapers01maxw (The scientific papers of James Clerk Maxwell)
  ↓ downloading 3 files for scientificpapers01maxw
    skip (have): scientificpapers01maxw.pdf
    skip (have): scientificpapers01maxw.epub
    skip (have): scientificpapers01maxw_djvu.txt
/home/gian/agfarms/bucket-foundation/archive/scientificpapers01maxw
? "Faraday Experimental Researches in Electricity volume 1" → ExtrasensoryPerceptionResearchFinding (Notes on the Paranormal)
  ↓ downloading 3 files for ExtrasensoryPerceptionResearchFinding
    skip (have): Extrasensory_Perception_Research_Finding.pdf
    skip (have): Extrasensory_Perception_Research_Finding.epub
    skip (have): Extrasensory_Perception_Research_Finding_djvu.txt
/home/gian/agfarms/bucket-foundation/archive/ExtrasensoryPerceptionResearchFinding
? "Faraday Experimental Researches in Electricity volume 2" → ExtrasensoryPerceptionResearchFinding (Notes on the Paranormal)
  ↓ downloading 3 files for ExtrasensoryPerceptionResearchFinding
    skip (have): Extrasensory_Perception_Research_Finding.pdf
    skip (have): Extrasensory_Perception_Research_Finding.epub
    skip (have): Extrasensory_Perception_Research_Finding_djvu.txt
/home/gian/agfarms/bucket-foundation/archive/ExtrasensoryPerceptionResearchFinding
? "Faraday Experimental Researches in Electricity volume 3" → ExtrasensoryPerceptionResearchFinding (Notes on the Paranormal)
  ↓ downloading 3 files for ExtrasensoryPerceptionResearchFinding
    skip (have): Extrasensory_Perception_Research_Finding.pdf
    skip (have): Extrasensory_Perception_Research_Finding.epub
    skip (have): Extrasensory_Perception_Research_Finding_djvu.txt
/home/gian/agfarms/bucket-foundation/archive/ExtrasensoryPerceptionResearchFinding
? "Tesla My Inventions" → pbsnovadocs (PBS Nova Documentaries)
  ↓ downloading 0 files for pbsnovadocs
/home/gian/agfarms/bucket-foundation/archive/pbsnovadocs
? "Tesla Colorado Springs Notes" → majestic-12-files (MAJESTIC 12 Files)
  ↓ downloading 0 files for majestic-12-files
/home/gian/agfarms/bucket-foundation/archive/majestic-12-files
? "Tesla problem of increasing human energy" → sharware (chestnut-multimedia)
  ↓ downloading 2 files for sharware
    FAIL chestnut/DLR/CONTENTS.pdf: [Errno 2] No such file or directory: '/home/gian/agfarms/bucket-foundation/archive/sharware/chestnut/DLR/CONTENTS.pdf'
    FAIL chestnut/DLR/CONTENTS_djvu.txt: HTTP Error 500: Internal Server Error
/home/gian/agfarms/bucket-foundation/archive/sharware
? "Einstein Relativity special general theory" → relativity_librivox (Relativity: The Special and General Theory)
  ↓ downloading 2 files for relativity_librivox
    skip (have): relativity_1003.pdf
    skip (have): relativity_1003_djvu.txt
/home/gian/agfarms/bucket-foundation/archive/relativity_librivox
? "Einstein 1905 photoelectric" → cia-readingroom-document-cia-rdp96-00788r001100010004-6 (CIA Reading Room cia-rdp96-00788r001100010004-6: PROCEEDINGS)
  ↓ downloading 3 files for cia-readingroom-document-cia-rdp96-00788r001100010004-6
    skip (have): cia-rdp96-00788r001100010004-6.pdf
    skip (have): cia-rdp96-00788r001100010004-6.epub
    skip (have): cia-rdp96-00788r001100010004-6_djvu.txt
/home/gian/agfarms/bucket-foundation/archive/cia-readingroom-document-cia-rdp96-00788r001100010004-6
? "Szent-Györgyi Bioenergetics" → bioenergetics00szen (Bioenergetics)
  ↓ downloading 3 files for bioenergetics00szen
    skip (have): bioenergetics00szen.pdf
    skip (have): bioenergetics00szen.epub
    skip (have): bioenergetics00szen_djvu.txt
/home/gian/agfarms/bucket-foundation/archive/bioenergetics00szen
NO HITS: Szent-Györgyi submolecular biology
? "Becker Body Electric" → die-or-d.i.y.-full-archive ((Blogger) Die or D.I.Y.? Full Archive)
  ↓ downloading 0 files for die-or-d.i.y.-full-archive
/home/gian/agfarms/bucket-foundation/archive/die-or-d.i.y.-full-archive
? "Becker Cross Currents" → ExtrasensoryPerceptionResearchFinding (Notes on the Paranormal)
  ↓ downloading 3 files for ExtrasensoryPerceptionResearchFinding
    skip (have): Extrasensory_Perception_Research_Finding.pdf
    skip (have): Extrasensory_Perception_Research_Finding.epub
    skip (have): Extrasensory_Perception_Research_Finding_djvu.txt
/home/gian/agfarms/bucket-foundation/archive/ExtrasensoryPerceptionResearchFinding
? "Ling physical theory living state" → BluePlanetProjectUFOTECHNOLOGY (Blue Planet Project UFO TECHNOLOGY)
  ↓ downloading 3 files for BluePlanetProjectUFOTECHNOLOGY
    skip (have): Blue Planet Project UFO TECHNOLOGY.pdf
    skip (have): Blue Planet Project UFO TECHNOLOGY.epub
    skip (have): Blue Planet Project UFO TECHNOLOGY_djvu.txt
/home/gian/agfarms/bucket-foundation/archive/BluePlanetProjectUFOTECHNOLOGY
? "Ling association induction" → ibogaine_literature (Ibogaine Literature)
  ↓ downloading 3 files for ibogaine_literature
    skip (have): abaul1989.pdf
    skip (have): agwada1975.pdf
    skip (have): abaul1989_djvu.txt
/home/gian/agfarms/bucket-foundation/archive/ibogaine_literature
? "Nordenström Biologically Closed Electric Circuits" → biokinetic-impacts-on-structure-and-imaging-of-the-lung-the-concept-of-biologica (Biokinetic Impacts on Structure and Imaging of the Lung the )
  ↓ downloading 2 files for biokinetic-impacts-on-structure-and-imaging-of-the-lung-the-concept-of-biologica
    skip (have): Biokinetic impacts on structure and imaging of the lung the concept of biologically closed electric circuits - Nordenstrom AJR 1985.pdf
    skip (have): Biokinetic impacts on structure and imaging of the lung the concept of biologically closed electric circuits - Nordenstrom AJR 1985_djvu.txt
/home/gian/agfarms/bucket-foundation/archive/biokinetic-impacts-on-structure-and-imaging-of-the-lung-the-concept-of-biologica
? "Euclid Elements Heath translation" → EuclidsElementsBooksIIIVolume1Heath (Euclid's Elements Books I II Volume 1 Heath)
  ↓ downloading 2 files for EuclidsElementsBooksIIIVolume1Heath
    skip (have): Euclid's_Elements_Books_I-II_Volume_1-Heath.pdf
    skip (have): Euclid's_Elements_Books_I-II_Volume_1-Heath_djvu.txt
/home/gian/agfarms/bucket-foundation/archive/EuclidsElementsBooksIIIVolume1Heath
? "Gauss Disquisitiones Arithmeticae" → disquisitionesa00gaus (Disquisitiones arithmeticae)
  ↓ downloading 3 files for disquisitionesa00gaus
    skip (have): disquisitionesa00gaus.pdf
    skip (have): disquisitionesa00gaus.epub
    skip (have): disquisitionesa00gaus_djvu.txt
/home/gian/agfarms/bucket-foundation/archive/disquisitionesa00gaus
? "Riemann zeta hypothesis" → logicalcross (LogicalCross)
  ↓ downloading 2 files for logicalcross
    skip (have): essay.pdf
    skip (have): essay_djvu.txt
/home/gian/agfarms/bucket-foundation/archive/logicalcross
? "Cantor set theory" → YouDontNeedAWeathermanToKnowWhichWayTheWindBlows_925 (You Don't Need A Weatherman To Know Which Way The Wind Blows)
  ↓ downloading 3 files for YouDontNeedAWeathermanToKnowWhichWayTheWindBlows_925
    skip (have): YouDontNeedAWeathermanToKnowWhichWayTheWindBlows_925.pdf
    skip (have): YouDontNeedAWeathermanToKnowWhichWayTheWindBlows_925.epub
    skip (have): YouDontNeedAWeathermanToKnowWhichWayTheWindBlows_925_djvu.txt
/home/gian/agfarms/bucket-foundation/archive/YouDontNeedAWeathermanToKnowWhichWayTheWindBlows_925
? "Dirac Principles of Quantum Mechanics" → academictorrents_f24122f15283757aa8a9bf9cb638db266273442d ([Coursera] Exploring Quantum Physics)
  ↓ downloading 3 files for academictorrents_f24122f15283757aa8a9bf9cb638db266273442d
    FAIL Lectures/Week 1 - 02 Wavefunctions and Schrdinger Equation/01_Part_I-_Comments_on_studying_QM_10-11.pdf: [Errno 2] No such file or directory: '/home/gian/agfarms/bucket-foundation/archive/academictorrents_f24122f15283757aa8a9bf9cb638db266273442d/Lectures/Week 1 - 02 Wavefunctions and Schrdinger Equation/01_Part_I-_Comments_on_studying_QM_10-11.pdf'
    FAIL Lectures/Week 8 - 17 Time-dependent quantum mechanics Victor Galitski/01_Part_I-_Time-dependent_Schrdinger_Eq._general_remarks_23-04.pdf: [Errno 2] No such file or directory: '/home/gian/agfarms/bucket-foundation/archive/academictorrents_f24122f15283757aa8a9bf9cb638db266273442d/Lectures/Week 8 - 17 Time-dependent quantum mechanics Victor Galitski/01_Part_I-_Time-dependent_Schrdinger_Eq._general_remarks_23-04.pdf'
    FAIL Lectures/Week 1 - 02 Wavefunctions and Schrdinger Equation/01_Part_I-_Comments_on_studying_QM_10-11_djvu.txt: [Errno 2] No such file or directory: '/home/gian/agfarms/bucket-foundation/archive/academictorrents_f24122f15283757aa8a9bf9cb638db266273442d/Lectures/Week 1 - 02 Wavefunctions and Schrdinger Equation/01_Part_I-_Comments_on_studying_QM_10-11_djvu.txt'
/home/gian/agfarms/bucket-foundation/archive/academictorrents_f24122f15283757aa8a9bf9cb638db266273442d
? "Feynman lectures on physics" → academictorrents_f24122f15283757aa8a9bf9cb638db266273442d ([Coursera] Exploring Quantum Physics)
  ↓ downloading 3 files for academictorrents_f24122f15283757aa8a9bf9cb638db266273442d
    FAIL Lectures/Week 1 - 02 Wavefunctions and Schrdinger Equation/01_Part_I-_Comments_on_studying_QM_10-11.pdf: [Errno 2] No such file or directory: '/home/gian/agfarms/bucket-foundation/archive/academictorrents_f24122f15283757aa8a9bf9cb638db266273442d/Lectures/Week 1 - 02 Wavefunctions and Schrdinger Equation/01_Part_I-_Comments_on_studying_QM_10-11.pdf'
    FAIL Lectures/Week 8 - 17 Time-dependent quantum mechanics Victor Galitski/01_Part_I-_Time-dependent_Schrdinger_Eq._general_remarks_23-04.pdf: HTTP Error 500: Internal Server Error
    FAIL Lectures/Week 1 - 02 Wavefunctions and Schrdinger Equation/01_Part_I-_Comments_on_studying_QM_10-11_djvu.txt: [Errno 2] No such file or directory: '/home/gian/agfarms/bucket-foundation/archive/academictorrents_f24122f15283757aa8a9bf9cb638db266273442d/Lectures/Week 1 - 02 Wavefunctions and Schrdinger Equation/01_Part_I-_Comments_on_studying_QM_10-11_djvu.txt'
/home/gian/agfarms/bucket-foundation/archive/academictorrents_f24122f15283757aa8a9bf9cb638db266273442d
? "Shannon mathematical theory of communication" → communications_primer (Communications Primer, A)
  ↓ downloading 0 files for communications_primer
/home/gian/agfarms/bucket-foundation/archive/communications_primer
? "Turing computable numbers 1936" → turingsvisionbir0000bern (Turing's vision : the birth of computer science)
  ↓ downloading 3 files for turingsvisionbir0000bern
    FAIL turingsvisionbir0000bern.pdf: HTTP Error 401: Unauthorized
    FAIL turingsvisionbir0000bern.epub: HTTP Error 401: Unauthorized
    FAIL turingsvisionbir0000bern_djvu.txt: HTTP Error 401: Unauthorized
/home/gian/agfarms/bucket-foundation/archive/turingsvisionbir0000bern
? "Helmholtz On the Sensations of Tone" → onsensationsofto00helmrich (On the sensations of tone as a physiological basis for the t)
  ↓ downloading 3 files for onsensationsofto00helmrich
    skip (have): onsensationsofto00helmrich.pdf
    skip (have): onsensationsofto00helmrich.epub
    skip (have): onsensationsofto00helmrich_djvu.txt
/home/gian/agfarms/bucket-foundation/archive/onsensationsofto00helmrich
? "Helmholtz Treatise Physiological Optics" → ExtrasensoryPerceptionResearchFinding (Notes on the Paranormal)
  ↓ downloading 3 files for ExtrasensoryPerceptionResearchFinding
    skip (have): Extrasensory_Perception_Research_Finding.pdf
    skip (have): Extrasensory_Perception_Research_Finding.epub
    skip (have): Extrasensory_Perception_Research_Finding_djvu.txt
/home/gian/agfarms/bucket-foundation/archive/ExtrasensoryPerceptionResearchFinding
? "Schrodinger What is Life" → Necktar2017Volume9 (Necktar 2017 volume 9)
  ↓ downloading 0 files for Necktar2017Volume9
/home/gian/agfarms/bucket-foundation/archive/Necktar2017Volume9
? "Schrödinger Mind and Matter" → Necktar2017Volume9 (Necktar 2017 volume 9)
  ↓ downloading 0 files for Necktar2017Volume9
/home/gian/agfarms/bucket-foundation/archive/Necktar2017Volume9
? "Bohr Atomic Theory Description Nature" → ExtrasensoryPerceptionResearchFinding (Notes on the Paranormal)
  ↓ downloading 3 files for ExtrasensoryPerceptionResearchFinding
    skip (have): Extrasensory_Perception_Research_Finding.pdf
    skip (have): Extrasensory_Perception_Research_Finding.epub
    skip (have): Extrasensory_Perception_Research_Finding_djvu.txt
/home/gian/agfarms/bucket-foundation/archive/ExtrasensoryPerceptionResearchFinding
? "Heisenberg Physics Philosophy" → 216.TheLastEpisodeAtLeastForAWhileOrMaybeForever_670 (216. The Last Episode, at Least for a While, or Maybe Foreve)
  ↓ downloading 0 files for 216.TheLastEpisodeAtLeastForAWhileOrMaybeForever_670
/home/gian/agfarms/bucket-foundation/archive/216.TheLastEpisodeAtLeastForAWhileOrMaybeForever_670
? "Pauli Wolfgang lectures physics" → 1_20210412_20210412_0345 (Epigenesis, Existentialism and Creativity)
  ↓ downloading 0 files for 1_20210412_20210412_0345
/home/gian/agfarms/bucket-foundation/archive/1_20210412_20210412_0345
? "Wigner Eugene mind in physics" → cia-readingroom-document-cia-rdp96-00787r000500380004-4 (CIA Reading Room cia-rdp96-00787r000500380004-4: PSYCHIC PRO)
  ↓ downloading 3 files for cia-readingroom-document-cia-rdp96-00787r000500380004-4
    skip (have): cia-rdp96-00787r000500380004-4.pdf
    skip (have): cia-rdp96-00787r000500380004-4.epub
    skip (have): cia-rdp96-00787r000500380004-4_djvu.txt
/home/gian/agfarms/bucket-foundation/archive/cia-readingroom-document-cia-rdp96-00787r000500380004-4
? "Wheeler Geons Black Holes Quantum Foam" → geonsblackholesq00whee (Geons, black holes, and quantum foam : a life in physics)
  ↓ downloading 3 files for geonsblackholesq00whee
    FAIL geonsblackholesq00whee.pdf: HTTP Error 401: Unauthorized
    FAIL geonsblackholesq00whee.epub: HTTP Error 401: Unauthorized
    FAIL geonsblackholesq00whee_djvu.txt: HTTP Error 401: Unauthorized
/home/gian/agfarms/bucket-foundation/archive/geonsblackholesq00whee
? "Pasteur fermentation" → mmoiresurlafer00past (Mémoire sur la fermentation alcoolique)
  ↓ downloading 2 files for mmoiresurlafer00past
    skip (have): mmoiresurlafer00past.pdf
    skip (have): mmoiresurlafer00past_djvu.txt
/home/gian/agfarms/bucket-foundation/archive/mmoiresurlafer00past
? "Darwin Origin of Species" → origin_species_librivox (On the Origin of Species by Means of Natural Selection)
  ↓ downloading 2 files for origin_species_librivox
    skip (have): On_the_Origin_of_Species_by_Means_of_Natural_Selection_1005.pdf
    skip (have): On_the_Origin_of_Species_by_Means_of_Natural_Selection_1005_djvu.txt
/home/gian/agfarms/bucket-foundation/archive/origin_species_librivox
? "Wallace contributions theory natural selection" → ExtrasensoryPerceptionResearchFinding (Notes on the Paranormal)
  ↓ downloading 3 files for ExtrasensoryPerceptionResearchFinding
    skip (have): Extrasensory_Perception_Research_Finding.pdf
    skip (have): Extrasensory_Perception_Research_Finding.epub
    skip (have): Extrasensory_Perception_Research_Finding_djvu.txt
/home/gian/agfarms/bucket-foundation/archive/ExtrasensoryPerceptionResearchFinding
? "Linus Pauling general chemistry" → introductiontoqu031712mbp (['Introduction To Quantum Mechanics', 'With Applications To Chemistry.'])
  ↓ downloading 3 files for introductiontoqu031712mbp
    skip (have): introductiontoqu031712mbp.pdf
    skip (have): introductiontoqu031712mbp.epub
    skip (have): introductiontoqu031712mbp_djvu.txt
/home/gian/agfarms/bucket-foundation/archive/introductiontoqu031712mbp
? "Linus Pauling vitamin C" → How_To_Live_Longer_And_Feel_Better_PDF (Linus Pauling PhD: How To Live Longer And Feel Better pdf)
  ↓ downloading 3 files for How_To_Live_Longer_And_Feel_Better_PDF
    skip (have): How to live longer and feel better - Pauling, Linus, 1901-1994.pdf
    skip (have): How to live longer and feel better - Pauling, Linus, 1901-1994.epub
    skip (have): How to live longer and feel better - Pauling, Linus, 1901-1994_djvu.txt
/home/gian/agfarms/bucket-foundation/archive/How_To_Live_Longer_And_Feel_Better_PDF
? "Crick what mad pursuit" → oxfordbookofmode0000unse_a2g6 (The Oxford book of modern science writing)
  ↓ downloading 3 files for oxfordbookofmode0000unse_a2g6
    FAIL oxfordbookofmode0000unse_a2g6.pdf: HTTP Error 403: Forbidden
    FAIL oxfordbookofmode0000unse_a2g6.epub: HTTP Error 401: Unauthorized
    FAIL oxfordbookofmode0000unse_a2g6_djvu.txt: HTTP Error 401: Unauthorized
/home/gian/agfarms/bucket-foundation/archive/oxfordbookofmode0000unse_a2g6
? "Schrödinger statistical thermodynamics" → yavorskydetlafamodernhandbookofphysicsmir1982 (A Modern Handbook Of Physics)
  ↓ downloading 3 files for yavorskydetlafamodernhandbookofphysicsmir1982
    skip (have): Yavorsky-Detlaf-A-Modern-Handbook-of-Physics-Mir-1982.pdf
    skip (have): Yavorsky-Detlaf-A-Modern-Handbook-of-Physics-Mir-1982.epub
    skip (have): Yavorsky-Detlaf-A-Modern-Handbook-of-Physics-Mir-1982_djvu.txt
/home/gian/agfarms/bucket-foundation/archive/yavorskydetlafamodernhandbookofphysicsmir1982
? "Boltzmann lectures gas theory" → lectures-on-gas-theory-ludwig-boltzmann (Lectures on Gas Theory - Ludwig Boltzmann, Stephen G. Brush)
  ↓ downloading 3 files for lectures-on-gas-theory-ludwig-boltzmann
    skip (have): Lectures on Gas Theory - Ludwig Boltzmann.pdf
    skip (have): Lectures on Gas Theory - Ludwig Boltzmann.epub
    skip (have): Lectures on Gas Theory - Ludwig Boltzmann_djvu.txt
/home/gian/agfarms/bucket-foundation/archive/lectures-on-gas-theory-ludwig-boltzmann
? "Carnot reflections motive power fire" → cia-readingroom-document-cia-rdp79-01194a000400140001-7 (CIA Reading Room cia-rdp79-01194a000400140001-7: CA PROPAGAN)
  ↓ downloading 3 files for cia-readingroom-document-cia-rdp79-01194a000400140001-7
    skip (have): cia-rdp79-01194a000400140001-7.pdf
    skip (have): cia-rdp79-01194a000400140001-7.epub
    skip (have): cia-rdp79-01194a000400140001-7_djvu.txt
/home/gian/agfarms/bucket-foundation/archive/cia-readingroom-document-cia-rdp79-01194a000400140001-7
? "Planck thermodynamik thermodynamics" → vorlesungenbert01plangoog (Vorlesungen über thermodynamik)
  ↓ downloading 2 files for vorlesungenbert01plangoog
    skip (have): vorlesungenbert01plangoog.pdf
    skip (have): vorlesungenbert01plangoog_djvu.txt
/home/gian/agfarms/bucket-foundation/archive/vorlesungenbert01plangoog
? "Lavoisier elements chemistry" → understanding-science (Understanding Science, Collected Edition, Vols 1-12)
  ↓ downloading 3 files for understanding-science
    skip (have): Understanding_Science-Vol_01_jpg85.pdf
    skip (have): Understanding_Science-Vol_01_jpg85.epub
    skip (have): Understanding_Science-Vol_01_jpg85_djvu.txt
/home/gian/agfarms/bucket-foundation/archive/understanding-science
? "Fourier analytical theory heat" → analyticaltheory00fourrich (The analytical theory of heat)
  ↓ downloading 3 files for analyticaltheory00fourrich
    skip (have): analyticaltheory00fourrich.pdf
    skip (have): analyticaltheory00fourrich.epub
    skip (have): analyticaltheory00fourrich_djvu.txt
/home/gian/agfarms/bucket-foundation/archive/analyticaltheory00fourrich
? "Galileo dialogue two world systems" → GalileiGalileoDialogueConcerningTheTwoChiefWorldSystemsEN155P. (Galilei, Galileo - Dialogue Concerning the two Chief World S)
  ↓ downloading 3 files for GalileiGalileoDialogueConcerningTheTwoChiefWorldSystemsEN155P.
    skip (have): Galilei, Galileo - Dialogue Concerning the two Chief World Systems (EN, 155 p.).pdf
    skip (have): Galilei, Galileo - Dialogue Concerning the two Chief World Systems (EN, 155 p.).epub
    skip (have): Galilei, Galileo - Dialogue Concerning the two Chief World Systems (EN, 155 p.)_djvu.txt
/home/gian/agfarms/bucket-foundation/archive/GalileiGalileoDialogueConcerningTheTwoChiefWorldSystemsEN155P.
? "Feynman QED" → MIT8.701F20 (MIT 8.701 Introduction to Nuclear and Particle Physics, Fall)
  ↓ downloading 0 files for MIT8.701F20
/home/gian/agfarms/bucket-foundation/archive/MIT8.701F20
? "Crick Watson DNA" → MIT7.01SCF11 (OCW Scholar: Fundamentals of Biology)
  ↓ downloading 0 files for MIT7.01SCF11
/home/gian/agfarms/bucket-foundation/archive/MIT7.01SCF11
? "Darwin descent of man" → descent_man_1_1011_librivox (The Descent of Man and Selection in Relation to Sex Part 1)
  ↓ downloading 2 files for descent_man_1_1011_librivox
    skip (have): descentman1_1011.pdf
    skip (have): descentman1_1011_djvu.txt
/home/gian/agfarms/bucket-foundation/archive/descent_man_1_1011_librivox
[2026-07-25T08:48:36-04:00] === archive runner done ===
[2026-07-26T08:46:39-04:00] === archive runner start ===
  ↓ downloading 3 files for the-universal-one-1926-walter-russell
    skip (have): TheUniversalOne1926WalterRussell.pdf
    skip (have): TheUniversalOne1926WalterRussell.epub
    skip (have): TheUniversalOne1926WalterRussell_djvu.txt
/home/gian/agfarms/bucket-foundation/archive/the-universal-one-1926-walter-russell
  ↓ downloading 3 files for principlesofchem00menduoft
    skip (have): principlesofchem00menduoft.pdf
    skip (have): principlesofchem00menduoft.epub
    skip (have): principlesofchem00menduoft_djvu.txt
/home/gian/agfarms/bucket-foundation/archive/principlesofchem00menduoft
  ↓ downloading 3 files for principlesofchem01menduoft
    skip (have): principlesofchem01menduoft.pdf
    skip (have): principlesofchem01menduoft.epub
    skip (have): principlesofchem01menduoft_djvu.txt
/home/gian/agfarms/bucket-foundation/archive/principlesofchem01menduoft
? "walter russell new concept universe" → ExtrasensoryPerceptionResearchFinding (Notes on the Paranormal)
  ↓ downloading 3 files for ExtrasensoryPerceptionResearchFinding
    skip (have): Extrasensory_Perception_Research_Finding.pdf
    skip (have): Extrasensory_Perception_Research_Finding.epub
    skip (have): Extrasensory_Perception_Research_Finding_djvu.txt
/home/gian/agfarms/bucket-foundation/archive/ExtrasensoryPerceptionResearchFinding
  ↓ downloading 3 files for newtonspmathema00newtrich
    skip (have): newtonspmathema00newtrich.pdf
    skip (have): newtonspmathema00newtrich.epub
    skip (have): newtonspmathema00newtrich_djvu.txt
/home/gian/agfarms/bucket-foundation/archive/newtonspmathema00newtrich
  ↓ downloading 3 files for principia00newtuoft
    skip (have): principia00newtuoft.pdf
    skip (have): principia00newtuoft.epub
    skip (have): principia00newtuoft_djvu.txt
/home/gian/agfarms/bucket-foundation/archive/principia00newtuoft
? "Newton Opticks 1704" → opticks_1203_librivox (Opticks)
  ↓ downloading 2 files for opticks_1203_librivox
    skip (have): opticks_1207.pdf
    skip (have): opticks_1207_djvu.txt
/home/gian/agfarms/bucket-foundation/archive/opticks_1203_librivox
? "Maxwell Treatise on Electricity and Magnetism volume 1" → electricandmagne01maxwrich (A treatise on electricity and magnetism)
  ↓ downloading 3 files for electricandmagne01maxwrich
    skip (have): electricandmagne01maxwrich.pdf
    skip (have): electricandmagne01maxwrich.epub
    skip (have): electricandmagne01maxwrich_djvu.txt
/home/gian/agfarms/bucket-foundation/archive/electricandmagne01maxwrich
? "Maxwell Treatise on Electricity and Magnetism volume 2" → electricandmagne01maxwrich (A treatise on electricity and magnetism)
  ↓ downloading 3 files for electricandmagne01maxwrich
    skip (have): electricandmagne01maxwrich.pdf
    skip (have): electricandmagne01maxwrich.epub
    skip (have): electricandmagne01maxwrich_djvu.txt
/home/gian/agfarms/bucket-foundation/archive/electricandmagne01maxwrich
? "Maxwell scientific papers" → scientificpapers01maxw (The scientific papers of James Clerk Maxwell)
  ↓ downloading 3 files for scientificpapers01maxw
    skip (have): scientificpapers01maxw.pdf
    skip (have): scientificpapers01maxw.epub
    skip (have): scientificpapers01maxw_djvu.txt
/home/gian/agfarms/bucket-foundation/archive/scientificpapers01maxw
? "Faraday Experimental Researches in Electricity volume 1" → ExtrasensoryPerceptionResearchFinding (Notes on the Paranormal)
  ↓ downloading 3 files for ExtrasensoryPerceptionResearchFinding
    skip (have): Extrasensory_Perception_Research_Finding.pdf
    skip (have): Extrasensory_Perception_Research_Finding.epub
    skip (have): Extrasensory_Perception_Research_Finding_djvu.txt
/home/gian/agfarms/bucket-foundation/archive/ExtrasensoryPerceptionResearchFinding
? "Faraday Experimental Researches in Electricity volume 2" → ExtrasensoryPerceptionResearchFinding (Notes on the Paranormal)
  ↓ downloading 3 files for ExtrasensoryPerceptionResearchFinding
    skip (have): Extrasensory_Perception_Research_Finding.pdf
    skip (have): Extrasensory_Perception_Research_Finding.epub
    skip (have): Extrasensory_Perception_Research_Finding_djvu.txt
/home/gian/agfarms/bucket-foundation/archive/ExtrasensoryPerceptionResearchFinding
? "Faraday Experimental Researches in Electricity volume 3" → ExtrasensoryPerceptionResearchFinding (Notes on the Paranormal)
  ↓ downloading 3 files for ExtrasensoryPerceptionResearchFinding
    skip (have): Extrasensory_Perception_Research_Finding.pdf
    skip (have): Extrasensory_Perception_Research_Finding.epub
    skip (have): Extrasensory_Perception_Research_Finding_djvu.txt
/home/gian/agfarms/bucket-foundation/archive/ExtrasensoryPerceptionResearchFinding
? "Tesla My Inventions" → pbsnovadocs (PBS Nova Documentaries)
  ↓ downloading 0 files for pbsnovadocs
/home/gian/agfarms/bucket-foundation/archive/pbsnovadocs
? "Tesla Colorado Springs Notes" → majestic-12-files (MAJESTIC 12 Files)
  ↓ downloading 0 files for majestic-12-files
/home/gian/agfarms/bucket-foundation/archive/majestic-12-files
? "Tesla problem of increasing human energy" → sharware (chestnut-multimedia)
  ↓ downloading 2 files for sharware
    FAIL chestnut/DLR/CONTENTS.pdf: [Errno 2] No such file or directory: '/home/gian/agfarms/bucket-foundation/archive/sharware/chestnut/DLR/CONTENTS.pdf'
    FAIL chestnut/DLR/CONTENTS_djvu.txt: [Errno 2] No such file or directory: '/home/gian/agfarms/bucket-foundation/archive/sharware/chestnut/DLR/CONTENTS_djvu.txt'
/home/gian/agfarms/bucket-foundation/archive/sharware
? "Einstein Relativity special general theory" → relativity_librivox (Relativity: The Special and General Theory)
  ↓ downloading 2 files for relativity_librivox
    skip (have): relativity_1003.pdf
    skip (have): relativity_1003_djvu.txt
/home/gian/agfarms/bucket-foundation/archive/relativity_librivox
? "Einstein 1905 photoelectric" → cia-readingroom-document-cia-rdp96-00788r001100010004-6 (CIA Reading Room cia-rdp96-00788r001100010004-6: PROCEEDINGS)
  ↓ downloading 3 files for cia-readingroom-document-cia-rdp96-00788r001100010004-6
    skip (have): cia-rdp96-00788r001100010004-6.pdf
    skip (have): cia-rdp96-00788r001100010004-6.epub
    skip (have): cia-rdp96-00788r001100010004-6_djvu.txt
/home/gian/agfarms/bucket-foundation/archive/cia-readingroom-document-cia-rdp96-00788r001100010004-6
? "Szent-Györgyi Bioenergetics" → bioenergetics00szen (Bioenergetics)
  ↓ downloading 3 files for bioenergetics00szen
    skip (have): bioenergetics00szen.pdf
    skip (have): bioenergetics00szen.epub
    skip (have): bioenergetics00szen_djvu.txt
/home/gian/agfarms/bucket-foundation/archive/bioenergetics00szen
NO HITS: Szent-Györgyi submolecular biology
? "Becker Body Electric" → die-or-d.i.y.-full-archive ((Blogger) Die or D.I.Y.? Full Archive)
  ↓ downloading 0 files for die-or-d.i.y.-full-archive
/home/gian/agfarms/bucket-foundation/archive/die-or-d.i.y.-full-archive
? "Becker Cross Currents" → ExtrasensoryPerceptionResearchFinding (Notes on the Paranormal)
  ↓ downloading 3 files for ExtrasensoryPerceptionResearchFinding
    skip (have): Extrasensory_Perception_Research_Finding.pdf
    skip (have): Extrasensory_Perception_Research_Finding.epub
    skip (have): Extrasensory_Perception_Research_Finding_djvu.txt
/home/gian/agfarms/bucket-foundation/archive/ExtrasensoryPerceptionResearchFinding
? "Ling physical theory living state" → BluePlanetProjectUFOTECHNOLOGY (Blue Planet Project UFO TECHNOLOGY)
  ↓ downloading 3 files for BluePlanetProjectUFOTECHNOLOGY
    skip (have): Blue Planet Project UFO TECHNOLOGY.pdf
    skip (have): Blue Planet Project UFO TECHNOLOGY.epub
    skip (have): Blue Planet Project UFO TECHNOLOGY_djvu.txt
/home/gian/agfarms/bucket-foundation/archive/BluePlanetProjectUFOTECHNOLOGY
? "Ling association induction" → ibogaine_literature (Ibogaine Literature)
  ↓ downloading 3 files for ibogaine_literature
    skip (have): abaul1989.pdf
    skip (have): agwada1975.pdf
    skip (have): abaul1989_djvu.txt
/home/gian/agfarms/bucket-foundation/archive/ibogaine_literature
? "Nordenström Biologically Closed Electric Circuits" → biokinetic-impacts-on-structure-and-imaging-of-the-lung-the-concept-of-biologica (Biokinetic Impacts on Structure and Imaging of the Lung the )
  ↓ downloading 2 files for biokinetic-impacts-on-structure-and-imaging-of-the-lung-the-concept-of-biologica
    skip (have): Biokinetic impacts on structure and imaging of the lung the concept of biologically closed electric circuits - Nordenstrom AJR 1985.pdf
    skip (have): Biokinetic impacts on structure and imaging of the lung the concept of biologically closed electric circuits - Nordenstrom AJR 1985_djvu.txt
/home/gian/agfarms/bucket-foundation/archive/biokinetic-impacts-on-structure-and-imaging-of-the-lung-the-concept-of-biologica
? "Euclid Elements Heath translation" → EuclidsElementsBooksIIIVolume1Heath (Euclid's Elements Books I II Volume 1 Heath)
  ↓ downloading 2 files for EuclidsElementsBooksIIIVolume1Heath
    skip (have): Euclid's_Elements_Books_I-II_Volume_1-Heath.pdf
    skip (have): Euclid's_Elements_Books_I-II_Volume_1-Heath_djvu.txt
/home/gian/agfarms/bucket-foundation/archive/EuclidsElementsBooksIIIVolume1Heath
? "Gauss Disquisitiones Arithmeticae" → disquisitionesa00gaus (Disquisitiones arithmeticae)
  ↓ downloading 3 files for disquisitionesa00gaus
    skip (have): disquisitionesa00gaus.pdf
    skip (have): disquisitionesa00gaus.epub
    skip (have): disquisitionesa00gaus_djvu.txt
/home/gian/agfarms/bucket-foundation/archive/disquisitionesa00gaus
? "Riemann zeta hypothesis" → logicalcross (LogicalCross)
  ↓ downloading 2 files for logicalcross
    skip (have): essay.pdf
    skip (have): essay_djvu.txt
/home/gian/agfarms/bucket-foundation/archive/logicalcross
? "Cantor set theory" → YouDontNeedAWeathermanToKnowWhichWayTheWindBlows_925 (You Don't Need A Weatherman To Know Which Way The Wind Blows)
  ↓ downloading 3 files for YouDontNeedAWeathermanToKnowWhichWayTheWindBlows_925
    skip (have): YouDontNeedAWeathermanToKnowWhichWayTheWindBlows_925.pdf
    skip (have): YouDontNeedAWeathermanToKnowWhichWayTheWindBlows_925.epub
    skip (have): YouDontNeedAWeathermanToKnowWhichWayTheWindBlows_925_djvu.txt
/home/gian/agfarms/bucket-foundation/archive/YouDontNeedAWeathermanToKnowWhichWayTheWindBlows_925
? "Dirac Principles of Quantum Mechanics" → academictorrents_f24122f15283757aa8a9bf9cb638db266273442d ([Coursera] Exploring Quantum Physics)
  ↓ downloading 3 files for academictorrents_f24122f15283757aa8a9bf9cb638db266273442d
    FAIL Lectures/Week 1 - 02 Wavefunctions and Schrdinger Equation/01_Part_I-_Comments_on_studying_QM_10-11.pdf: [Errno 2] No such file or directory: '/home/gian/agfarms/bucket-foundation/archive/academictorrents_f24122f15283757aa8a9bf9cb638db266273442d/Lectures/Week 1 - 02 Wavefunctions and Schrdinger Equation/01_Part_I-_Comments_on_studying_QM_10-11.pdf'
    FAIL Lectures/Week 8 - 17 Time-dependent quantum mechanics Victor Galitski/01_Part_I-_Time-dependent_Schrdinger_Eq._general_remarks_23-04.pdf: [Errno 2] No such file or directory: '/home/gian/agfarms/bucket-foundation/archive/academictorrents_f24122f15283757aa8a9bf9cb638db266273442d/Lectures/Week 8 - 17 Time-dependent quantum mechanics Victor Galitski/01_Part_I-_Time-dependent_Schrdinger_Eq._general_remarks_23-04.pdf'
    FAIL Lectures/Week 1 - 02 Wavefunctions and Schrdinger Equation/01_Part_I-_Comments_on_studying_QM_10-11_djvu.txt: [Errno 2] No such file or directory: '/home/gian/agfarms/bucket-foundation/archive/academictorrents_f24122f15283757aa8a9bf9cb638db266273442d/Lectures/Week 1 - 02 Wavefunctions and Schrdinger Equation/01_Part_I-_Comments_on_studying_QM_10-11_djvu.txt'
/home/gian/agfarms/bucket-foundation/archive/academictorrents_f24122f15283757aa8a9bf9cb638db266273442d
? "Feynman lectures on physics" → academictorrents_f24122f15283757aa8a9bf9cb638db266273442d ([Coursera] Exploring Quantum Physics)
  ↓ downloading 3 files for academictorrents_f24122f15283757aa8a9bf9cb638db266273442d
    FAIL Lectures/Week 1 - 02 Wavefunctions and Schrdinger Equation/01_Part_I-_Comments_on_studying_QM_10-11.pdf: [Errno 2] No such file or directory: '/home/gian/agfarms/bucket-foundation/archive/academictorrents_f24122f15283757aa8a9bf9cb638db266273442d/Lectures/Week 1 - 02 Wavefunctions and Schrdinger Equation/01_Part_I-_Comments_on_studying_QM_10-11.pdf'
    FAIL Lectures/Week 8 - 17 Time-dependent quantum mechanics Victor Galitski/01_Part_I-_Time-dependent_Schrdinger_Eq._general_remarks_23-04.pdf: HTTP Error 500: Internal Server Error
    FAIL Lectures/Week 1 - 02 Wavefunctions and Schrdinger Equation/01_Part_I-_Comments_on_studying_QM_10-11_djvu.txt: [Errno 2] No such file or directory: '/home/gian/agfarms/bucket-foundation/archive/academictorrents_f24122f15283757aa8a9bf9cb638db266273442d/Lectures/Week 1 - 02 Wavefunctions and Schrdinger Equation/01_Part_I-_Comments_on_studying_QM_10-11_djvu.txt'
/home/gian/agfarms/bucket-foundation/archive/academictorrents_f24122f15283757aa8a9bf9cb638db266273442d
? "Shannon mathematical theory of communication" → communications_primer (Communications Primer, A)
  ↓ downloading 0 files for communications_primer
/home/gian/agfarms/bucket-foundation/archive/communications_primer
? "Turing computable numbers 1936" → turingsvisionbir0000bern (Turing's vision : the birth of computer science)
  ↓ downloading 3 files for turingsvisionbir0000bern
    FAIL turingsvisionbir0000bern.pdf: HTTP Error 401: Unauthorized
    FAIL turingsvisionbir0000bern.epub: HTTP Error 401: Unauthorized
    FAIL turingsvisionbir0000bern_djvu.txt: HTTP Error 401: Unauthorized
/home/gian/agfarms/bucket-foundation/archive/turingsvisionbir0000bern
? "Helmholtz On the Sensations of Tone" → onsensationsofto00helmrich (On the sensations of tone as a physiological basis for the t)
  ↓ downloading 3 files for onsensationsofto00helmrich
    skip (have): onsensationsofto00helmrich.pdf
    skip (have): onsensationsofto00helmrich.epub
    skip (have): onsensationsofto00helmrich_djvu.txt
/home/gian/agfarms/bucket-foundation/archive/onsensationsofto00helmrich
? "Helmholtz Treatise Physiological Optics" → ExtrasensoryPerceptionResearchFinding (Notes on the Paranormal)
  ↓ downloading 3 files for ExtrasensoryPerceptionResearchFinding
    skip (have): Extrasensory_Perception_Research_Finding.pdf
    skip (have): Extrasensory_Perception_Research_Finding.epub
    skip (have): Extrasensory_Perception_Research_Finding_djvu.txt
/home/gian/agfarms/bucket-foundation/archive/ExtrasensoryPerceptionResearchFinding
? "Schrodinger What is Life" → Necktar2017Volume9 (Necktar 2017 volume 9)
  ↓ downloading 0 files for Necktar2017Volume9
/home/gian/agfarms/bucket-foundation/archive/Necktar2017Volume9
? "Schrödinger Mind and Matter" → Necktar2017Volume9 (Necktar 2017 volume 9)
  ↓ downloading 0 files for Necktar2017Volume9
/home/gian/agfarms/bucket-foundation/archive/Necktar2017Volume9
? "Bohr Atomic Theory Description Nature" → ExtrasensoryPerceptionResearchFinding (Notes on the Paranormal)
  ↓ downloading 3 files for ExtrasensoryPerceptionResearchFinding
    skip (have): Extrasensory_Perception_Research_Finding.pdf
    skip (have): Extrasensory_Perception_Research_Finding.epub
    skip (have): Extrasensory_Perception_Research_Finding_djvu.txt
/home/gian/agfarms/bucket-foundation/archive/ExtrasensoryPerceptionResearchFinding
? "Heisenberg Physics Philosophy" → 216.TheLastEpisodeAtLeastForAWhileOrMaybeForever_670 (216. The Last Episode, at Least for a While, or Maybe Foreve)
  ↓ downloading 0 files for 216.TheLastEpisodeAtLeastForAWhileOrMaybeForever_670
/home/gian/agfarms/bucket-foundation/archive/216.TheLastEpisodeAtLeastForAWhileOrMaybeForever_670
? "Pauli Wolfgang lectures physics" → 1_20210412_20210412_0345 (Epigenesis, Existentialism and Creativity)
  ↓ downloading 0 files for 1_20210412_20210412_0345
/home/gian/agfarms/bucket-foundation/archive/1_20210412_20210412_0345
? "Wigner Eugene mind in physics" → cia-readingroom-document-cia-rdp96-00787r000500380004-4 (CIA Reading Room cia-rdp96-00787r000500380004-4: PSYCHIC PRO)
  ↓ downloading 3 files for cia-readingroom-document-cia-rdp96-00787r000500380004-4
    skip (have): cia-rdp96-00787r000500380004-4.pdf
    skip (have): cia-rdp96-00787r000500380004-4.epub
    skip (have): cia-rdp96-00787r000500380004-4_djvu.txt
/home/gian/agfarms/bucket-foundation/archive/cia-readingroom-document-cia-rdp96-00787r000500380004-4
? "Wheeler Geons Black Holes Quantum Foam" → geonsblackholesq00whee (Geons, black holes, and quantum foam : a life in physics)
  ↓ downloading 3 files for geonsblackholesq00whee
    FAIL geonsblackholesq00whee.pdf: HTTP Error 401: Unauthorized
    FAIL geonsblackholesq00whee.epub: HTTP Error 401: Unauthorized
    FAIL geonsblackholesq00whee_djvu.txt: HTTP Error 401: Unauthorized
/home/gian/agfarms/bucket-foundation/archive/geonsblackholesq00whee
? "Pasteur fermentation" → mmoiresurlafer00past (Mémoire sur la fermentation alcoolique)
  ↓ downloading 2 files for mmoiresurlafer00past
    skip (have): mmoiresurlafer00past.pdf
    skip (have): mmoiresurlafer00past_djvu.txt
/home/gian/agfarms/bucket-foundation/archive/mmoiresurlafer00past
? "Darwin Origin of Species" → origin_species_librivox (On the Origin of Species by Means of Natural Selection)
  ↓ downloading 2 files for origin_species_librivox
    skip (have): On_the_Origin_of_Species_by_Means_of_Natural_Selection_1005.pdf
    skip (have): On_the_Origin_of_Species_by_Means_of_Natural_Selection_1005_djvu.txt
/home/gian/agfarms/bucket-foundation/archive/origin_species_librivox
? "Wallace contributions theory natural selection" → ExtrasensoryPerceptionResearchFinding (Notes on the Paranormal)
  ↓ downloading 3 files for ExtrasensoryPerceptionResearchFinding
    skip (have): Extrasensory_Perception_Research_Finding.pdf
    skip (have): Extrasensory_Perception_Research_Finding.epub
    skip (have): Extrasensory_Perception_Research_Finding_djvu.txt
/home/gian/agfarms/bucket-foundation/archive/ExtrasensoryPerceptionResearchFinding
? "Linus Pauling general chemistry" → introductiontoqu031712mbp (['Introduction To Quantum Mechanics', 'With Applications To Chemistry.'])
  ↓ downloading 3 files for introductiontoqu031712mbp
    skip (have): introductiontoqu031712mbp.pdf
    skip (have): introductiontoqu031712mbp.epub
    skip (have): introductiontoqu031712mbp_djvu.txt
/home/gian/agfarms/bucket-foundation/archive/introductiontoqu031712mbp
? "Linus Pauling vitamin C" → How_To_Live_Longer_And_Feel_Better_PDF (Linus Pauling PhD: How To Live Longer And Feel Better pdf)
  ↓ downloading 3 files for How_To_Live_Longer_And_Feel_Better_PDF
    skip (have): How to live longer and feel better - Pauling, Linus, 1901-1994.pdf
    skip (have): How to live longer and feel better - Pauling, Linus, 1901-1994.epub
    skip (have): How to live longer and feel better - Pauling, Linus, 1901-1994_djvu.txt
/home/gian/agfarms/bucket-foundation/archive/How_To_Live_Longer_And_Feel_Better_PDF
? "Crick what mad pursuit" → oxfordbookofmode0000unse_a2g6 (The Oxford book of modern science writing)
  ↓ downloading 3 files for oxfordbookofmode0000unse_a2g6
    FAIL oxfordbookofmode0000unse_a2g6.pdf: HTTP Error 403: Forbidden
    FAIL oxfordbookofmode0000unse_a2g6.epub: HTTP Error 403: Forbidden
    FAIL oxfordbookofmode0000unse_a2g6_djvu.txt: HTTP Error 403: Forbidden
/home/gian/agfarms/bucket-foundation/archive/oxfordbookofmode0000unse_a2g6
? "Schrödinger statistical thermodynamics" → yavorskydetlafamodernhandbookofphysicsmir1982 (A Modern Handbook Of Physics)
  ↓ downloading 3 files for yavorskydetlafamodernhandbookofphysicsmir1982
    skip (have): Yavorsky-Detlaf-A-Modern-Handbook-of-Physics-Mir-1982.pdf
    skip (have): Yavorsky-Detlaf-A-Modern-Handbook-of-Physics-Mir-1982.epub
    skip (have): Yavorsky-Detlaf-A-Modern-Handbook-of-Physics-Mir-1982_djvu.txt
/home/gian/agfarms/bucket-foundation/archive/yavorskydetlafamodernhandbookofphysicsmir1982
? "Boltzmann lectures gas theory" → lectures-on-gas-theory-ludwig-boltzmann (Lectures on Gas Theory - Ludwig Boltzmann, Stephen G. Brush)
  ↓ downloading 3 files for lectures-on-gas-theory-ludwig-boltzmann
    skip (have): Lectures on Gas Theory - Ludwig Boltzmann.pdf
    skip (have): Lectures on Gas Theory - Ludwig Boltzmann.epub
    skip (have): Lectures on Gas Theory - Ludwig Boltzmann_djvu.txt
/home/gian/agfarms/bucket-foundation/archive/lectures-on-gas-theory-ludwig-boltzmann
? "Carnot reflections motive power fire" → cia-readingroom-document-cia-rdp79-01194a000400140001-7 (CIA Reading Room cia-rdp79-01194a000400140001-7: CA PROPAGAN)
  ↓ downloading 3 files for cia-readingroom-document-cia-rdp79-01194a000400140001-7
    skip (have): cia-rdp79-01194a000400140001-7.pdf
    skip (have): cia-rdp79-01194a000400140001-7.epub
    skip (have): cia-rdp79-01194a000400140001-7_djvu.txt
/home/gian/agfarms/bucket-foundation/archive/cia-readingroom-document-cia-rdp79-01194a000400140001-7
? "Planck thermodynamik thermodynamics" → vorlesungenbert01plangoog (Vorlesungen über thermodynamik)
  ↓ downloading 2 files for vorlesungenbert01plangoog
    skip (have): vorlesungenbert01plangoog.pdf
    skip (have): vorlesungenbert01plangoog_djvu.txt
/home/gian/agfarms/bucket-foundation/archive/vorlesungenbert01plangoog
? "Lavoisier elements chemistry" → understanding-science (Understanding Science, Collected Edition, Vols 1-12)
  ↓ downloading 3 files for understanding-science
    skip (have): Understanding_Science-Vol_01_jpg85.pdf
    skip (have): Understanding_Science-Vol_01_jpg85.epub
    skip (have): Understanding_Science-Vol_01_jpg85_djvu.txt
/home/gian/agfarms/bucket-foundation/archive/understanding-science
? "Fourier analytical theory heat" → analyticaltheory00fourrich (The analytical theory of heat)
  ↓ downloading 3 files for analyticaltheory00fourrich
    skip (have): analyticaltheory00fourrich.pdf
    skip (have): analyticaltheory00fourrich.epub
    skip (have): analyticaltheory00fourrich_djvu.txt
/home/gian/agfarms/bucket-foundation/archive/analyticaltheory00fourrich
? "Galileo dialogue two world systems" → GalileiGalileoDialogueConcerningTheTwoChiefWorldSystemsEN155P. (Galilei, Galileo - Dialogue Concerning the two Chief World S)
  ↓ downloading 3 files for GalileiGalileoDialogueConcerningTheTwoChiefWorldSystemsEN155P.
    skip (have): Galilei, Galileo - Dialogue Concerning the two Chief World Systems (EN, 155 p.).pdf
    skip (have): Galilei, Galileo - Dialogue Concerning the two Chief World Systems (EN, 155 p.).epub
    skip (have): Galilei, Galileo - Dialogue Concerning the two Chief World Systems (EN, 155 p.)_djvu.txt
/home/gian/agfarms/bucket-foundation/archive/GalileiGalileoDialogueConcerningTheTwoChiefWorldSystemsEN155P.
? "Feynman QED" → MIT8.701F20 (MIT 8.701 Introduction to Nuclear and Particle Physics, Fall)
  ↓ downloading 0 files for MIT8.701F20
/home/gian/agfarms/bucket-foundation/archive/MIT8.701F20
? "Crick Watson DNA" → MIT7.01SCF11 (OCW Scholar: Fundamentals of Biology)
  ↓ downloading 0 files for MIT7.01SCF11
/home/gian/agfarms/bucket-foundation/archive/MIT7.01SCF11
? "Darwin descent of man" → descent_man_1_1011_librivox (The Descent of Man and Selection in Relation to Sex Part 1)
  ↓ downloading 2 files for descent_man_1_1011_librivox
    skip (have): descentman1_1011.pdf
    skip (have): descentman1_1011_djvu.txt
/home/gian/agfarms/bucket-foundation/archive/descent_man_1_1011_librivox
[2026-07-26T08:48:19-04:00] === archive runner done ===
[2026-07-28T14:30:04-04:00] === archive runner start ===
  ↓ downloading 3 files for the-universal-one-1926-walter-russell
    skip (have): TheUniversalOne1926WalterRussell.pdf
    skip (have): TheUniversalOne1926WalterRussell.epub
    skip (have): TheUniversalOne1926WalterRussell_djvu.txt
/home/gian/agfarms/bucket-foundation/archive/the-universal-one-1926-walter-russell
  ↓ downloading 3 files for principlesofchem00menduoft
    skip (have): principlesofchem00menduoft.pdf
    skip (have): principlesofchem00menduoft.epub
    skip (have): principlesofchem00menduoft_djvu.txt
/home/gian/agfarms/bucket-foundation/archive/principlesofchem00menduoft
  ↓ downloading 3 files for principlesofchem01menduoft
    skip (have): principlesofchem01menduoft.pdf
    skip (have): principlesofchem01menduoft.epub
    skip (have): principlesofchem01menduoft_djvu.txt
/home/gian/agfarms/bucket-foundation/archive/principlesofchem01menduoft
? "walter russell new concept universe" → ExtrasensoryPerceptionResearchFinding (Notes on the Paranormal)
  ↓ downloading 3 files for ExtrasensoryPerceptionResearchFinding
    skip (have): Extrasensory_Perception_Research_Finding.pdf
    skip (have): Extrasensory_Perception_Research_Finding.epub
    skip (have): Extrasensory_Perception_Research_Finding_djvu.txt
/home/gian/agfarms/bucket-foundation/archive/ExtrasensoryPerceptionResearchFinding
  ↓ downloading 3 files for newtonspmathema00newtrich
    skip (have): newtonspmathema00newtrich.pdf
    skip (have): newtonspmathema00newtrich.epub
    skip (have): newtonspmathema00newtrich_djvu.txt
/home/gian/agfarms/bucket-foundation/archive/newtonspmathema00newtrich
  ↓ downloading 3 files for principia00newtuoft
    skip (have): principia00newtuoft.pdf
    skip (have): principia00newtuoft.epub
    skip (have): principia00newtuoft_djvu.txt
/home/gian/agfarms/bucket-foundation/archive/principia00newtuoft
? "Newton Opticks 1704" → opticks_1203_librivox (Opticks)
  ↓ downloading 2 files for opticks_1203_librivox
    skip (have): opticks_1207.pdf
    skip (have): opticks_1207_djvu.txt
/home/gian/agfarms/bucket-foundation/archive/opticks_1203_librivox
? "Maxwell Treatise on Electricity and Magnetism volume 1" → electricandmagne01maxwrich (A treatise on electricity and magnetism)
  ↓ downloading 3 files for electricandmagne01maxwrich
    skip (have): electricandmagne01maxwrich.pdf
    skip (have): electricandmagne01maxwrich.epub
    skip (have): electricandmagne01maxwrich_djvu.txt
/home/gian/agfarms/bucket-foundation/archive/electricandmagne01maxwrich
? "Maxwell Treatise on Electricity and Magnetism volume 2" → electricandmagne01maxwrich (A treatise on electricity and magnetism)
  ↓ downloading 3 files for electricandmagne01maxwrich
    skip (have): electricandmagne01maxwrich.pdf
    skip (have): electricandmagne01maxwrich.epub
    skip (have): electricandmagne01maxwrich_djvu.txt
/home/gian/agfarms/bucket-foundation/archive/electricandmagne01maxwrich
? "Maxwell scientific papers" → scientificpapers01maxw (The scientific papers of James Clerk Maxwell)
  ↓ downloading 3 files for scientificpapers01maxw
    skip (have): scientificpapers01maxw.pdf
    skip (have): scientificpapers01maxw.epub
    skip (have): scientificpapers01maxw_djvu.txt
/home/gian/agfarms/bucket-foundation/archive/scientificpapers01maxw
? "Faraday Experimental Researches in Electricity volume 1" → ExtrasensoryPerceptionResearchFinding (Notes on the Paranormal)
  ↓ downloading 3 files for ExtrasensoryPerceptionResearchFinding
    skip (have): Extrasensory_Perception_Research_Finding.pdf
    skip (have): Extrasensory_Perception_Research_Finding.epub
    skip (have): Extrasensory_Perception_Research_Finding_djvu.txt
/home/gian/agfarms/bucket-foundation/archive/ExtrasensoryPerceptionResearchFinding
? "Faraday Experimental Researches in Electricity volume 2" → ExtrasensoryPerceptionResearchFinding (Notes on the Paranormal)
  ↓ downloading 3 files for ExtrasensoryPerceptionResearchFinding
    skip (have): Extrasensory_Perception_Research_Finding.pdf
    skip (have): Extrasensory_Perception_Research_Finding.epub
    skip (have): Extrasensory_Perception_Research_Finding_djvu.txt
/home/gian/agfarms/bucket-foundation/archive/ExtrasensoryPerceptionResearchFinding
? "Faraday Experimental Researches in Electricity volume 3" → ExtrasensoryPerceptionResearchFinding (Notes on the Paranormal)
  ↓ downloading 3 files for ExtrasensoryPerceptionResearchFinding
    skip (have): Extrasensory_Perception_Research_Finding.pdf
    skip (have): Extrasensory_Perception_Research_Finding.epub
    skip (have): Extrasensory_Perception_Research_Finding_djvu.txt
/home/gian/agfarms/bucket-foundation/archive/ExtrasensoryPerceptionResearchFinding
? "Tesla My Inventions" → pbsnovadocs (PBS Nova Documentaries)
  ↓ downloading 0 files for pbsnovadocs
/home/gian/agfarms/bucket-foundation/archive/pbsnovadocs
? "Tesla Colorado Springs Notes" → majestic-12-files (MAJESTIC 12 Files)
  ↓ downloading 0 files for majestic-12-files
/home/gian/agfarms/bucket-foundation/archive/majestic-12-files
? "Tesla problem of increasing human energy" → sharware (chestnut-multimedia)
  ↓ downloading 2 files for sharware
    FAIL chestnut/DLR/CONTENTS.pdf: [Errno 2] No such file or directory: '/home/gian/agfarms/bucket-foundation/archive/sharware/chestnut/DLR/CONTENTS.pdf'
    FAIL chestnut/DLR/CONTENTS_djvu.txt: [Errno 2] No such file or directory: '/home/gian/agfarms/bucket-foundation/archive/sharware/chestnut/DLR/CONTENTS_djvu.txt'
/home/gian/agfarms/bucket-foundation/archive/sharware
? "Einstein Relativity special general theory" → relativity_librivox (Relativity: The Special and General Theory)
  ↓ downloading 2 files for relativity_librivox
    skip (have): relativity_1003.pdf
    skip (have): relativity_1003_djvu.txt
/home/gian/agfarms/bucket-foundation/archive/relativity_librivox
? "Einstein 1905 photoelectric" → cia-readingroom-document-cia-rdp96-00788r001100010004-6 (CIA Reading Room cia-rdp96-00788r001100010004-6: PROCEEDINGS)
  ↓ downloading 3 files for cia-readingroom-document-cia-rdp96-00788r001100010004-6
    skip (have): cia-rdp96-00788r001100010004-6.pdf
    skip (have): cia-rdp96-00788r001100010004-6.epub
    skip (have): cia-rdp96-00788r001100010004-6_djvu.txt
/home/gian/agfarms/bucket-foundation/archive/cia-readingroom-document-cia-rdp96-00788r001100010004-6
? "Szent-Györgyi Bioenergetics" → bioenergetics00szen (Bioenergetics)
  ↓ downloading 3 files for bioenergetics00szen
    skip (have): bioenergetics00szen.pdf
    skip (have): bioenergetics00szen.epub
    skip (have): bioenergetics00szen_djvu.txt
/home/gian/agfarms/bucket-foundation/archive/bioenergetics00szen
NO HITS: Szent-Györgyi submolecular biology
? "Becker Body Electric" → die-or-d.i.y.-full-archive ((Blogger) Die or D.I.Y.? Full Archive)
  ↓ downloading 0 files for die-or-d.i.y.-full-archive
/home/gian/agfarms/bucket-foundation/archive/die-or-d.i.y.-full-archive
? "Becker Cross Currents" → ExtrasensoryPerceptionResearchFinding (Notes on the Paranormal)
  ↓ downloading 3 files for ExtrasensoryPerceptionResearchFinding
    skip (have): Extrasensory_Perception_Research_Finding.pdf
    skip (have): Extrasensory_Perception_Research_Finding.epub
    skip (have): Extrasensory_Perception_Research_Finding_djvu.txt
/home/gian/agfarms/bucket-foundation/archive/ExtrasensoryPerceptionResearchFinding
? "Ling physical theory living state" → BluePlanetProjectUFOTECHNOLOGY (Blue Planet Project UFO TECHNOLOGY)
  ↓ downloading 3 files for BluePlanetProjectUFOTECHNOLOGY
    skip (have): Blue Planet Project UFO TECHNOLOGY.pdf
    skip (have): Blue Planet Project UFO TECHNOLOGY.epub
    skip (have): Blue Planet Project UFO TECHNOLOGY_djvu.txt
/home/gian/agfarms/bucket-foundation/archive/BluePlanetProjectUFOTECHNOLOGY
? "Ling association induction" → ibogaine_literature (Ibogaine Literature)
  ↓ downloading 3 files for ibogaine_literature
    skip (have): abaul1989.pdf
    skip (have): agwada1975.pdf
    skip (have): abaul1989_djvu.txt
/home/gian/agfarms/bucket-foundation/archive/ibogaine_literature
? "Nordenström Biologically Closed Electric Circuits" → biokinetic-impacts-on-structure-and-imaging-of-the-lung-the-concept-of-biologica (Biokinetic Impacts on Structure and Imaging of the Lung the )
  ↓ downloading 2 files for biokinetic-impacts-on-structure-and-imaging-of-the-lung-the-concept-of-biologica
    skip (have): Biokinetic impacts on structure and imaging of the lung the concept of biologically closed electric circuits - Nordenstrom AJR 1985.pdf
    skip (have): Biokinetic impacts on structure and imaging of the lung the concept of biologically closed electric circuits - Nordenstrom AJR 1985_djvu.txt
/home/gian/agfarms/bucket-foundation/archive/biokinetic-impacts-on-structure-and-imaging-of-the-lung-the-concept-of-biologica
? "Euclid Elements Heath translation" → EuclidsElementsBooksIIIVolume1Heath (Euclid's Elements Books I II Volume 1 Heath)
  ↓ downloading 2 files for EuclidsElementsBooksIIIVolume1Heath
    skip (have): Euclid's_Elements_Books_I-II_Volume_1-Heath.pdf
    skip (have): Euclid's_Elements_Books_I-II_Volume_1-Heath_djvu.txt
/home/gian/agfarms/bucket-foundation/archive/EuclidsElementsBooksIIIVolume1Heath
? "Gauss Disquisitiones Arithmeticae" → disquisitionesa00gaus (Disquisitiones arithmeticae)
  ↓ downloading 3 files for disquisitionesa00gaus
    skip (have): disquisitionesa00gaus.pdf
    skip (have): disquisitionesa00gaus.epub
    skip (have): disquisitionesa00gaus_djvu.txt
/home/gian/agfarms/bucket-foundation/archive/disquisitionesa00gaus
? "Riemann zeta hypothesis" → logicalcross (LogicalCross)
  ↓ downloading 2 files for logicalcross
    skip (have): essay.pdf
    skip (have): essay_djvu.txt
/home/gian/agfarms/bucket-foundation/archive/logicalcross
? "Cantor set theory" → YouDontNeedAWeathermanToKnowWhichWayTheWindBlows_925 (You Don't Need A Weatherman To Know Which Way The Wind Blows)
  ↓ downloading 3 files for YouDontNeedAWeathermanToKnowWhichWayTheWindBlows_925
    skip (have): YouDontNeedAWeathermanToKnowWhichWayTheWindBlows_925.pdf
    skip (have): YouDontNeedAWeathermanToKnowWhichWayTheWindBlows_925.epub
    skip (have): YouDontNeedAWeathermanToKnowWhichWayTheWindBlows_925_djvu.txt
/home/gian/agfarms/bucket-foundation/archive/YouDontNeedAWeathermanToKnowWhichWayTheWindBlows_925
? "Dirac Principles of Quantum Mechanics" → academictorrents_f24122f15283757aa8a9bf9cb638db266273442d ([Coursera] Exploring Quantum Physics)
  ↓ downloading 3 files for academictorrents_f24122f15283757aa8a9bf9cb638db266273442d
    FAIL Lectures/Week 1 - 02 Wavefunctions and Schrdinger Equation/01_Part_I-_Comments_on_studying_QM_10-11.pdf: [Errno 2] No such file or directory: '/home/gian/agfarms/bucket-foundation/archive/academictorrents_f24122f15283757aa8a9bf9cb638db266273442d/Lectures/Week 1 - 02 Wavefunctions and Schrdinger Equation/01_Part_I-_Comments_on_studying_QM_10-11.pdf'
    FAIL Lectures/Week 8 - 17 Time-dependent quantum mechanics Victor Galitski/01_Part_I-_Time-dependent_Schrdinger_Eq._general_remarks_23-04.pdf: [Errno 2] No such file or directory: '/home/gian/agfarms/bucket-foundation/archive/academictorrents_f24122f15283757aa8a9bf9cb638db266273442d/Lectures/Week 8 - 17 Time-dependent quantum mechanics Victor Galitski/01_Part_I-_Time-dependent_Schrdinger_Eq._general_remarks_23-04.pdf'
    FAIL Lectures/Week 1 - 02 Wavefunctions and Schrdinger Equation/01_Part_I-_Comments_on_studying_QM_10-11_djvu.txt: [Errno 2] No such file or directory: '/home/gian/agfarms/bucket-foundation/archive/academictorrents_f24122f15283757aa8a9bf9cb638db266273442d/Lectures/Week 1 - 02 Wavefunctions and Schrdinger Equation/01_Part_I-_Comments_on_studying_QM_10-11_djvu.txt'
/home/gian/agfarms/bucket-foundation/archive/academictorrents_f24122f15283757aa8a9bf9cb638db266273442d
? "Feynman lectures on physics" → academictorrents_f24122f15283757aa8a9bf9cb638db266273442d ([Coursera] Exploring Quantum Physics)
  ↓ downloading 3 files for academictorrents_f24122f15283757aa8a9bf9cb638db266273442d
    FAIL Lectures/Week 1 - 02 Wavefunctions and Schrdinger Equation/01_Part_I-_Comments_on_studying_QM_10-11.pdf: [Errno 2] No such file or directory: '/home/gian/agfarms/bucket-foundation/archive/academictorrents_f24122f15283757aa8a9bf9cb638db266273442d/Lectures/Week 1 - 02 Wavefunctions and Schrdinger Equation/01_Part_I-_Comments_on_studying_QM_10-11.pdf'
    FAIL Lectures/Week 8 - 17 Time-dependent quantum mechanics Victor Galitski/01_Part_I-_Time-dependent_Schrdinger_Eq._general_remarks_23-04.pdf: [Errno 2] No such file or directory: '/home/gian/agfarms/bucket-foundation/archive/academictorrents_f24122f15283757aa8a9bf9cb638db266273442d/Lectures/Week 8 - 17 Time-dependent quantum mechanics Victor Galitski/01_Part_I-_Time-dependent_Schrdinger_Eq._general_remarks_23-04.pdf'
    FAIL Lectures/Week 1 - 02 Wavefunctions and Schrdinger Equation/01_Part_I-_Comments_on_studying_QM_10-11_djvu.txt: [Errno 2] No such file or directory: '/home/gian/agfarms/bucket-foundation/archive/academictorrents_f24122f15283757aa8a9bf9cb638db266273442d/Lectures/Week 1 - 02 Wavefunctions and Schrdinger Equation/01_Part_I-_Comments_on_studying_QM_10-11_djvu.txt'
/home/gian/agfarms/bucket-foundation/archive/academictorrents_f24122f15283757aa8a9bf9cb638db266273442d
? "Shannon mathematical theory of communication" → communications_primer (Communications Primer, A)
  ↓ downloading 0 files for communications_primer
/home/gian/agfarms/bucket-foundation/archive/communications_primer
? "Turing computable numbers 1936" → turingsvisionbir0000bern (Turing's vision : the birth of computer science)
  ↓ downloading 3 files for turingsvisionbir0000bern
    FAIL turingsvisionbir0000bern.pdf: HTTP Error 401: Unauthorized
    FAIL turingsvisionbir0000bern.epub: HTTP Error 401: Unauthorized
    FAIL turingsvisionbir0000bern_djvu.txt: HTTP Error 403: Forbidden
/home/gian/agfarms/bucket-foundation/archive/turingsvisionbir0000bern
? "Helmholtz On the Sensations of Tone" → onsensationsofto00helmrich (On the sensations of tone as a physiological basis for the t)
  ↓ downloading 3 files for onsensationsofto00helmrich
    skip (have): onsensationsofto00helmrich.pdf
    skip (have): onsensationsofto00helmrich.epub
    skip (have): onsensationsofto00helmrich_djvu.txt
/home/gian/agfarms/bucket-foundation/archive/onsensationsofto00helmrich
? "Helmholtz Treatise Physiological Optics" → ExtrasensoryPerceptionResearchFinding (Notes on the Paranormal)
  ↓ downloading 3 files for ExtrasensoryPerceptionResearchFinding
    skip (have): Extrasensory_Perception_Research_Finding.pdf
    skip (have): Extrasensory_Perception_Research_Finding.epub
    skip (have): Extrasensory_Perception_Research_Finding_djvu.txt
/home/gian/agfarms/bucket-foundation/archive/ExtrasensoryPerceptionResearchFinding
? "Schrodinger What is Life" → Necktar2017Volume9 (Necktar 2017 volume 9)
  ↓ downloading 0 files for Necktar2017Volume9
/home/gian/agfarms/bucket-foundation/archive/Necktar2017Volume9
? "Schrödinger Mind and Matter" → Necktar2017Volume9 (Necktar 2017 volume 9)
  ↓ downloading 0 files for Necktar2017Volume9
/home/gian/agfarms/bucket-foundation/archive/Necktar2017Volume9
? "Bohr Atomic Theory Description Nature" → ExtrasensoryPerceptionResearchFinding (Notes on the Paranormal)
  ↓ downloading 3 files for ExtrasensoryPerceptionResearchFinding
    skip (have): Extrasensory_Perception_Research_Finding.pdf
    skip (have): Extrasensory_Perception_Research_Finding.epub
    skip (have): Extrasensory_Perception_Research_Finding_djvu.txt
/home/gian/agfarms/bucket-foundation/archive/ExtrasensoryPerceptionResearchFinding
? "Heisenberg Physics Philosophy" → 216.TheLastEpisodeAtLeastForAWhileOrMaybeForever_670 (216. The Last Episode, at Least for a While, or Maybe Foreve)
  ↓ downloading 0 files for 216.TheLastEpisodeAtLeastForAWhileOrMaybeForever_670
/home/gian/agfarms/bucket-foundation/archive/216.TheLastEpisodeAtLeastForAWhileOrMaybeForever_670
? "Pauli Wolfgang lectures physics" → 1_20210412_20210412_0345 (Epigenesis, Existentialism and Creativity)
  ↓ downloading 0 files for 1_20210412_20210412_0345
/home/gian/agfarms/bucket-foundation/archive/1_20210412_20210412_0345
? "Wigner Eugene mind in physics" → cia-readingroom-document-cia-rdp96-00787r000500380004-4 (CIA Reading Room cia-rdp96-00787r000500380004-4: PSYCHIC PRO)
  ↓ downloading 3 files for cia-readingroom-document-cia-rdp96-00787r000500380004-4
    skip (have): cia-rdp96-00787r000500380004-4.pdf
    skip (have): cia-rdp96-00787r000500380004-4.epub
    skip (have): cia-rdp96-00787r000500380004-4_djvu.txt
/home/gian/agfarms/bucket-foundation/archive/cia-readingroom-document-cia-rdp96-00787r000500380004-4
? "Wheeler Geons Black Holes Quantum Foam" → geonsblackholesq00whee (Geons, black holes, and quantum foam : a life in physics)
  ↓ downloading 3 files for geonsblackholesq00whee
    FAIL geonsblackholesq00whee.pdf: HTTP Error 401: Unauthorized
    FAIL geonsblackholesq00whee.epub: HTTP Error 401: Unauthorized
    FAIL geonsblackholesq00whee_djvu.txt: HTTP Error 401: Unauthorized
/home/gian/agfarms/bucket-foundation/archive/geonsblackholesq00whee
? "Pasteur fermentation" → mmoiresurlafer00past (Mémoire sur la fermentation alcoolique)
  ↓ downloading 2 files for mmoiresurlafer00past
    skip (have): mmoiresurlafer00past.pdf
    skip (have): mmoiresurlafer00past_djvu.txt
/home/gian/agfarms/bucket-foundation/archive/mmoiresurlafer00past
? "Darwin Origin of Species" → origin_species_librivox (On the Origin of Species by Means of Natural Selection)
  ↓ downloading 2 files for origin_species_librivox
    skip (have): On_the_Origin_of_Species_by_Means_of_Natural_Selection_1005.pdf
    skip (have): On_the_Origin_of_Species_by_Means_of_Natural_Selection_1005_djvu.txt
/home/gian/agfarms/bucket-foundation/archive/origin_species_librivox
? "Wallace contributions theory natural selection" → ExtrasensoryPerceptionResearchFinding (Notes on the Paranormal)
  ↓ downloading 3 files for ExtrasensoryPerceptionResearchFinding
    skip (have): Extrasensory_Perception_Research_Finding.pdf
    skip (have): Extrasensory_Perception_Research_Finding.epub
    skip (have): Extrasensory_Perception_Research_Finding_djvu.txt
/home/gian/agfarms/bucket-foundation/archive/ExtrasensoryPerceptionResearchFinding
? "Linus Pauling general chemistry" → introductiontoqu031712mbp (['Introduction To Quantum Mechanics', 'With Applications To Chemistry.'])
  ↓ downloading 3 files for introductiontoqu031712mbp
    skip (have): introductiontoqu031712mbp.pdf
    skip (have): introductiontoqu031712mbp.epub
    skip (have): introductiontoqu031712mbp_djvu.txt
/home/gian/agfarms/bucket-foundation/archive/introductiontoqu031712mbp
? "Linus Pauling vitamin C" → How_To_Live_Longer_And_Feel_Better_PDF (Linus Pauling PhD: How To Live Longer And Feel Better pdf)
  ↓ downloading 3 files for How_To_Live_Longer_And_Feel_Better_PDF
    skip (have): How to live longer and feel better - Pauling, Linus, 1901-1994.pdf
    skip (have): How to live longer and feel better - Pauling, Linus, 1901-1994.epub
    skip (have): How to live longer and feel better - Pauling, Linus, 1901-1994_djvu.txt
/home/gian/agfarms/bucket-foundation/archive/How_To_Live_Longer_And_Feel_Better_PDF
? "Crick what mad pursuit" → oxfordbookofmode0000unse_a2g6 (The Oxford book of modern science writing)
  ↓ downloading 3 files for oxfordbookofmode0000unse_a2g6
    FAIL oxfordbookofmode0000unse_a2g6.pdf: HTTP Error 401: Unauthorized
    FAIL oxfordbookofmode0000unse_a2g6.epub: HTTP Error 403: Forbidden
    FAIL oxfordbookofmode0000unse_a2g6_djvu.txt: HTTP Error 401: Unauthorized
/home/gian/agfarms/bucket-foundation/archive/oxfordbookofmode0000unse_a2g6
? "Schrödinger statistical thermodynamics" → yavorskydetlafamodernhandbookofphysicsmir1982 (A Modern Handbook Of Physics)
  ↓ downloading 3 files for yavorskydetlafamodernhandbookofphysicsmir1982
    skip (have): Yavorsky-Detlaf-A-Modern-Handbook-of-Physics-Mir-1982.pdf
    skip (have): Yavorsky-Detlaf-A-Modern-Handbook-of-Physics-Mir-1982.epub
    skip (have): Yavorsky-Detlaf-A-Modern-Handbook-of-Physics-Mir-1982_djvu.txt
/home/gian/agfarms/bucket-foundation/archive/yavorskydetlafamodernhandbookofphysicsmir1982
? "Boltzmann lectures gas theory" → lectures-on-gas-theory-ludwig-boltzmann (Lectures on Gas Theory - Ludwig Boltzmann, Stephen G. Brush)
  ↓ downloading 3 files for lectures-on-gas-theory-ludwig-boltzmann
    skip (have): Lectures on Gas Theory - Ludwig Boltzmann.pdf
    skip (have): Lectures on Gas Theory - Ludwig Boltzmann.epub
    skip (have): Lectures on Gas Theory - Ludwig Boltzmann_djvu.txt
/home/gian/agfarms/bucket-foundation/archive/lectures-on-gas-theory-ludwig-boltzmann
? "Carnot reflections motive power fire" → cia-readingroom-document-cia-rdp79-01194a000400140001-7 (CIA Reading Room cia-rdp79-01194a000400140001-7: CA PROPAGAN)
  ↓ downloading 3 files for cia-readingroom-document-cia-rdp79-01194a000400140001-7
    skip (have): cia-rdp79-01194a000400140001-7.pdf
    skip (have): cia-rdp79-01194a000400140001-7.epub
    skip (have): cia-rdp79-01194a000400140001-7_djvu.txt
/home/gian/agfarms/bucket-foundation/archive/cia-readingroom-document-cia-rdp79-01194a000400140001-7
? "Planck thermodynamik thermodynamics" → vorlesungenbert01plangoog (Vorlesungen über thermodynamik)
  ↓ downloading 2 files for vorlesungenbert01plangoog
    skip (have): vorlesungenbert01plangoog.pdf
    skip (have): vorlesungenbert01plangoog_djvu.txt
/home/gian/agfarms/bucket-foundation/archive/vorlesungenbert01plangoog
? "Lavoisier elements chemistry" → understanding-science (Understanding Science, Collected Edition, Vols 1-12)
  ↓ downloading 3 files for understanding-science
    skip (have): Understanding_Science-Vol_01_jpg85.pdf
    skip (have): Understanding_Science-Vol_01_jpg85.epub
    skip (have): Understanding_Science-Vol_01_jpg85_djvu.txt
/home/gian/agfarms/bucket-foundation/archive/understanding-science
? "Fourier analytical theory heat" → analyticaltheory00fourrich (The analytical theory of heat)
  ↓ downloading 3 files for analyticaltheory00fourrich
    skip (have): analyticaltheory00fourrich.pdf
    skip (have): analyticaltheory00fourrich.epub
    skip (have): analyticaltheory00fourrich_djvu.txt
/home/gian/agfarms/bucket-foundation/archive/analyticaltheory00fourrich
? "Galileo dialogue two world systems" → GalileiGalileoDialogueConcerningTheTwoChiefWorldSystemsEN155P. (Galilei, Galileo - Dialogue Concerning the two Chief World S)
  ↓ downloading 3 files for GalileiGalileoDialogueConcerningTheTwoChiefWorldSystemsEN155P.
    skip (have): Galilei, Galileo - Dialogue Concerning the two Chief World Systems (EN, 155 p.).pdf
    skip (have): Galilei, Galileo - Dialogue Concerning the two Chief World Systems (EN, 155 p.).epub
    skip (have): Galilei, Galileo - Dialogue Concerning the two Chief World Systems (EN, 155 p.)_djvu.txt
/home/gian/agfarms/bucket-foundation/archive/GalileiGalileoDialogueConcerningTheTwoChiefWorldSystemsEN155P.
? "Feynman QED" → MIT8.701F20 (MIT 8.701 Introduction to Nuclear and Particle Physics, Fall)
  ↓ downloading 0 files for MIT8.701F20
/home/gian/agfarms/bucket-foundation/archive/MIT8.701F20
? "Crick Watson DNA" → MIT7.01SCF11 (OCW Scholar: Fundamentals of Biology)
  ↓ downloading 0 files for MIT7.01SCF11
/home/gian/agfarms/bucket-foundation/archive/MIT7.01SCF11
? "Darwin descent of man" → descent_man_1_1011_librivox (The Descent of Man and Selection in Relation to Sex Part 1)
  ↓ downloading 2 files for descent_man_1_1011_librivox
    skip (have): descentman1_1011.pdf
    skip (have): descentman1_1011_djvu.txt
/home/gian/agfarms/bucket-foundation/archive/descent_man_1_1011_librivox
[2026-07-28T14:32:22-04:00] === archive runner done ===
[2026-07-30T16:39:07-04:00] === archive runner start ===
  ↓ downloading 3 files for the-universal-one-1926-walter-russell
    skip (have): TheUniversalOne1926WalterRussell.pdf
    skip (have): TheUniversalOne1926WalterRussell.epub
    skip (have): TheUniversalOne1926WalterRussell_djvu.txt
/home/gian/agfarms/bucket-foundation/archive/the-universal-one-1926-walter-russell
  ↓ downloading 3 files for principlesofchem00menduoft
    skip (have): principlesofchem00menduoft.pdf
    skip (have): principlesofchem00menduoft.epub
    skip (have): principlesofchem00menduoft_djvu.txt
/home/gian/agfarms/bucket-foundation/archive/principlesofchem00menduoft
  ↓ downloading 3 files for principlesofchem01menduoft
    skip (have): principlesofchem01menduoft.pdf
    skip (have): principlesofchem01menduoft.epub
    skip (have): principlesofchem01menduoft_djvu.txt
/home/gian/agfarms/bucket-foundation/archive/principlesofchem01menduoft
? "walter russell new concept universe" → ExtrasensoryPerceptionResearchFinding (Notes on the Paranormal)
  ↓ downloading 3 files for ExtrasensoryPerceptionResearchFinding
    skip (have): Extrasensory_Perception_Research_Finding.pdf
    skip (have): Extrasensory_Perception_Research_Finding.epub
    skip (have): Extrasensory_Perception_Research_Finding_djvu.txt
/home/gian/agfarms/bucket-foundation/archive/ExtrasensoryPerceptionResearchFinding
  ↓ downloading 3 files for newtonspmathema00newtrich
    skip (have): newtonspmathema00newtrich.pdf
    skip (have): newtonspmathema00newtrich.epub
    skip (have): newtonspmathema00newtrich_djvu.txt
/home/gian/agfarms/bucket-foundation/archive/newtonspmathema00newtrich
  ↓ downloading 3 files for principia00newtuoft
    skip (have): principia00newtuoft.pdf
    skip (have): principia00newtuoft.epub
    skip (have): principia00newtuoft_djvu.txt
/home/gian/agfarms/bucket-foundation/archive/principia00newtuoft
? "Newton Opticks 1704" → opticks_1203_librivox (Opticks)
  ↓ downloading 2 files for opticks_1203_librivox
    skip (have): opticks_1207.pdf
    skip (have): opticks_1207_djvu.txt
/home/gian/agfarms/bucket-foundation/archive/opticks_1203_librivox
? "Maxwell Treatise on Electricity and Magnetism volume 1" → electricandmagne01maxwrich (A treatise on electricity and magnetism)
  ↓ downloading 3 files for electricandmagne01maxwrich
    skip (have): electricandmagne01maxwrich.pdf
    skip (have): electricandmagne01maxwrich.epub
    skip (have): electricandmagne01maxwrich_djvu.txt
/home/gian/agfarms/bucket-foundation/archive/electricandmagne01maxwrich
? "Maxwell Treatise on Electricity and Magnetism volume 2" → electricandmagne01maxwrich (A treatise on electricity and magnetism)
  ↓ downloading 3 files for electricandmagne01maxwrich
    skip (have): electricandmagne01maxwrich.pdf
    skip (have): electricandmagne01maxwrich.epub
    skip (have): electricandmagne01maxwrich_djvu.txt
/home/gian/agfarms/bucket-foundation/archive/electricandmagne01maxwrich
? "Maxwell scientific papers" → scientificpapers01maxw (The scientific papers of James Clerk Maxwell)
  ↓ downloading 3 files for scientificpapers01maxw
    skip (have): scientificpapers01maxw.pdf
    skip (have): scientificpapers01maxw.epub
    skip (have): scientificpapers01maxw_djvu.txt
/home/gian/agfarms/bucket-foundation/archive/scientificpapers01maxw
? "Faraday Experimental Researches in Electricity volume 1" → ExtrasensoryPerceptionResearchFinding (Notes on the Paranormal)
  ↓ downloading 3 files for ExtrasensoryPerceptionResearchFinding
    skip (have): Extrasensory_Perception_Research_Finding.pdf
    skip (have): Extrasensory_Perception_Research_Finding.epub
    skip (have): Extrasensory_Perception_Research_Finding_djvu.txt
/home/gian/agfarms/bucket-foundation/archive/ExtrasensoryPerceptionResearchFinding
? "Faraday Experimental Researches in Electricity volume 2" → ExtrasensoryPerceptionResearchFinding (Notes on the Paranormal)
  ↓ downloading 3 files for ExtrasensoryPerceptionResearchFinding
    skip (have): Extrasensory_Perception_Research_Finding.pdf
    skip (have): Extrasensory_Perception_Research_Finding.epub
    skip (have): Extrasensory_Perception_Research_Finding_djvu.txt
/home/gian/agfarms/bucket-foundation/archive/ExtrasensoryPerceptionResearchFinding
? "Faraday Experimental Researches in Electricity volume 3" → ExtrasensoryPerceptionResearchFinding (Notes on the Paranormal)
  ↓ downloading 3 files for ExtrasensoryPerceptionResearchFinding
    skip (have): Extrasensory_Perception_Research_Finding.pdf
    skip (have): Extrasensory_Perception_Research_Finding.epub
    skip (have): Extrasensory_Perception_Research_Finding_djvu.txt
/home/gian/agfarms/bucket-foundation/archive/ExtrasensoryPerceptionResearchFinding
? "Tesla My Inventions" → pbsnovadocs (PBS Nova Documentaries)
  ↓ downloading 0 files for pbsnovadocs
/home/gian/agfarms/bucket-foundation/archive/pbsnovadocs
? "Tesla Colorado Springs Notes" → majestic-12-files (MAJESTIC 12 Files)
  ↓ downloading 0 files for majestic-12-files
/home/gian/agfarms/bucket-foundation/archive/majestic-12-files
? "Tesla problem of increasing human energy" → sharware (chestnut-multimedia)
  ↓ downloading 2 files for sharware
    FAIL chestnut/DLR/CONTENTS.pdf: [Errno 2] No such file or directory: '/home/gian/agfarms/bucket-foundation/archive/sharware/chestnut/DLR/CONTENTS.pdf'
    FAIL chestnut/DLR/CONTENTS_djvu.txt: [Errno 2] No such file or directory: '/home/gian/agfarms/bucket-foundation/archive/sharware/chestnut/DLR/CONTENTS_djvu.txt'
/home/gian/agfarms/bucket-foundation/archive/sharware
? "Einstein Relativity special general theory" → relativity_librivox (Relativity: The Special and General Theory)
  ↓ downloading 2 files for relativity_librivox
    skip (have): relativity_1003.pdf
    skip (have): relativity_1003_djvu.txt
/home/gian/agfarms/bucket-foundation/archive/relativity_librivox
? "Einstein 1905 photoelectric" → cia-readingroom-document-cia-rdp96-00788r001100010004-6 (CIA Reading Room cia-rdp96-00788r001100010004-6: PROCEEDINGS)
  ↓ downloading 3 files for cia-readingroom-document-cia-rdp96-00788r001100010004-6
    skip (have): cia-rdp96-00788r001100010004-6.pdf
    skip (have): cia-rdp96-00788r001100010004-6.epub
    skip (have): cia-rdp96-00788r001100010004-6_djvu.txt
/home/gian/agfarms/bucket-foundation/archive/cia-readingroom-document-cia-rdp96-00788r001100010004-6
? "Szent-Györgyi Bioenergetics" → bioenergetics00szen (Bioenergetics)
  ↓ downloading 3 files for bioenergetics00szen
    skip (have): bioenergetics00szen.pdf
    skip (have): bioenergetics00szen.epub
    skip (have): bioenergetics00szen_djvu.txt
/home/gian/agfarms/bucket-foundation/archive/bioenergetics00szen
NO HITS: Szent-Györgyi submolecular biology
? "Becker Body Electric" → die-or-d.i.y.-full-archive ((Blogger) Die or D.I.Y.? Full Archive)
  ↓ downloading 0 files for die-or-d.i.y.-full-archive
/home/gian/agfarms/bucket-foundation/archive/die-or-d.i.y.-full-archive
? "Becker Cross Currents" → ExtrasensoryPerceptionResearchFinding (Notes on the Paranormal)
  ↓ downloading 3 files for ExtrasensoryPerceptionResearchFinding
    skip (have): Extrasensory_Perception_Research_Finding.pdf
    skip (have): Extrasensory_Perception_Research_Finding.epub
    skip (have): Extrasensory_Perception_Research_Finding_djvu.txt
/home/gian/agfarms/bucket-foundation/archive/ExtrasensoryPerceptionResearchFinding
? "Ling physical theory living state" → BluePlanetProjectUFOTECHNOLOGY (Blue Planet Project UFO TECHNOLOGY)
  ↓ downloading 3 files for BluePlanetProjectUFOTECHNOLOGY
    skip (have): Blue Planet Project UFO TECHNOLOGY.pdf
    skip (have): Blue Planet Project UFO TECHNOLOGY.epub
    skip (have): Blue Planet Project UFO TECHNOLOGY_djvu.txt
/home/gian/agfarms/bucket-foundation/archive/BluePlanetProjectUFOTECHNOLOGY
? "Ling association induction" → ibogaine_literature (Ibogaine Literature)
  ↓ downloading 3 files for ibogaine_literature
    skip (have): abaul1989.pdf
    skip (have): agwada1975.pdf
    skip (have): abaul1989_djvu.txt
/home/gian/agfarms/bucket-foundation/archive/ibogaine_literature
? "Nordenström Biologically Closed Electric Circuits" → biokinetic-impacts-on-structure-and-imaging-of-the-lung-the-concept-of-biologica (Biokinetic Impacts on Structure and Imaging of the Lung the )
  ↓ downloading 2 files for biokinetic-impacts-on-structure-and-imaging-of-the-lung-the-concept-of-biologica
    skip (have): Biokinetic impacts on structure and imaging of the lung the concept of biologically closed electric circuits - Nordenstrom AJR 1985.pdf
    skip (have): Biokinetic impacts on structure and imaging of the lung the concept of biologically closed electric circuits - Nordenstrom AJR 1985_djvu.txt
/home/gian/agfarms/bucket-foundation/archive/biokinetic-impacts-on-structure-and-imaging-of-the-lung-the-concept-of-biologica
? "Euclid Elements Heath translation" → EuclidsElementsBooksIIIVolume1Heath (Euclid's Elements Books I II Volume 1 Heath)
  ↓ downloading 2 files for EuclidsElementsBooksIIIVolume1Heath
    skip (have): Euclid's_Elements_Books_I-II_Volume_1-Heath.pdf
    skip (have): Euclid's_Elements_Books_I-II_Volume_1-Heath_djvu.txt
/home/gian/agfarms/bucket-foundation/archive/EuclidsElementsBooksIIIVolume1Heath
? "Gauss Disquisitiones Arithmeticae" → disquisitionesa00gaus (Disquisitiones arithmeticae)
  ↓ downloading 3 files for disquisitionesa00gaus
    skip (have): disquisitionesa00gaus.pdf
    skip (have): disquisitionesa00gaus.epub
    skip (have): disquisitionesa00gaus_djvu.txt
/home/gian/agfarms/bucket-foundation/archive/disquisitionesa00gaus
? "Riemann zeta hypothesis" → logicalcross (LogicalCross)
  ↓ downloading 2 files for logicalcross
    skip (have): essay.pdf
    skip (have): essay_djvu.txt
/home/gian/agfarms/bucket-foundation/archive/logicalcross
? "Cantor set theory" → YouDontNeedAWeathermanToKnowWhichWayTheWindBlows_925 (You Don't Need A Weatherman To Know Which Way The Wind Blows)
  ↓ downloading 3 files for YouDontNeedAWeathermanToKnowWhichWayTheWindBlows_925
    skip (have): YouDontNeedAWeathermanToKnowWhichWayTheWindBlows_925.pdf
    skip (have): YouDontNeedAWeathermanToKnowWhichWayTheWindBlows_925.epub
    skip (have): YouDontNeedAWeathermanToKnowWhichWayTheWindBlows_925_djvu.txt
/home/gian/agfarms/bucket-foundation/archive/YouDontNeedAWeathermanToKnowWhichWayTheWindBlows_925
? "Dirac Principles of Quantum Mechanics" → academictorrents_f24122f15283757aa8a9bf9cb638db266273442d ([Coursera] Exploring Quantum Physics)
  ↓ downloading 3 files for academictorrents_f24122f15283757aa8a9bf9cb638db266273442d
    FAIL Lectures/Week 1 - 02 Wavefunctions and Schrdinger Equation/01_Part_I-_Comments_on_studying_QM_10-11.pdf: [Errno 2] No such file or directory: '/home/gian/agfarms/bucket-foundation/archive/academictorrents_f24122f15283757aa8a9bf9cb638db266273442d/Lectures/Week 1 - 02 Wavefunctions and Schrdinger Equation/01_Part_I-_Comments_on_studying_QM_10-11.pdf'
    FAIL Lectures/Week 8 - 17 Time-dependent quantum mechanics Victor Galitski/01_Part_I-_Time-dependent_Schrdinger_Eq._general_remarks_23-04.pdf: [Errno 2] No such file or directory: '/home/gian/agfarms/bucket-foundation/archive/academictorrents_f24122f15283757aa8a9bf9cb638db266273442d/Lectures/Week 8 - 17 Time-dependent quantum mechanics Victor Galitski/01_Part_I-_Time-dependent_Schrdinger_Eq._general_remarks_23-04.pdf'
    FAIL Lectures/Week 1 - 02 Wavefunctions and Schrdinger Equation/01_Part_I-_Comments_on_studying_QM_10-11_djvu.txt: [Errno 2] No such file or directory: '/home/gian/agfarms/bucket-foundation/archive/academictorrents_f24122f15283757aa8a9bf9cb638db266273442d/Lectures/Week 1 - 02 Wavefunctions and Schrdinger Equation/01_Part_I-_Comments_on_studying_QM_10-11_djvu.txt'
/home/gian/agfarms/bucket-foundation/archive/academictorrents_f24122f15283757aa8a9bf9cb638db266273442d
? "Feynman lectures on physics" → academictorrents_f24122f15283757aa8a9bf9cb638db266273442d ([Coursera] Exploring Quantum Physics)
  ↓ downloading 3 files for academictorrents_f24122f15283757aa8a9bf9cb638db266273442d
    FAIL Lectures/Week 1 - 02 Wavefunctions and Schrdinger Equation/01_Part_I-_Comments_on_studying_QM_10-11.pdf: [Errno 2] No such file or directory: '/home/gian/agfarms/bucket-foundation/archive/academictorrents_f24122f15283757aa8a9bf9cb638db266273442d/Lectures/Week 1 - 02 Wavefunctions and Schrdinger Equation/01_Part_I-_Comments_on_studying_QM_10-11.pdf'
    FAIL Lectures/Week 8 - 17 Time-dependent quantum mechanics Victor Galitski/01_Part_I-_Time-dependent_Schrdinger_Eq._general_remarks_23-04.pdf: [Errno 2] No such file or directory: '/home/gian/agfarms/bucket-foundation/archive/academictorrents_f24122f15283757aa8a9bf9cb638db266273442d/Lectures/Week 8 - 17 Time-dependent quantum mechanics Victor Galitski/01_Part_I-_Time-dependent_Schrdinger_Eq._general_remarks_23-04.pdf'
    FAIL Lectures/Week 1 - 02 Wavefunctions and Schrdinger Equation/01_Part_I-_Comments_on_studying_QM_10-11_djvu.txt: [Errno 2] No such file or directory: '/home/gian/agfarms/bucket-foundation/archive/academictorrents_f24122f15283757aa8a9bf9cb638db266273442d/Lectures/Week 1 - 02 Wavefunctions and Schrdinger Equation/01_Part_I-_Comments_on_studying_QM_10-11_djvu.txt'
/home/gian/agfarms/bucket-foundation/archive/academictorrents_f24122f15283757aa8a9bf9cb638db266273442d
? "Shannon mathematical theory of communication" → communications_primer (Communications Primer, A)
  ↓ downloading 0 files for communications_primer
/home/gian/agfarms/bucket-foundation/archive/communications_primer
? "Turing computable numbers 1936" → turingsvisionbir0000bern (Turing's vision : the birth of computer science)
  ↓ downloading 3 files for turingsvisionbir0000bern
    FAIL turingsvisionbir0000bern.pdf: HTTP Error 401: Unauthorized
    FAIL turingsvisionbir0000bern.epub: HTTP Error 401: Unauthorized
    FAIL turingsvisionbir0000bern_djvu.txt: HTTP Error 401: Unauthorized
/home/gian/agfarms/bucket-foundation/archive/turingsvisionbir0000bern
? "Helmholtz On the Sensations of Tone" → onsensationsofto00helmrich (On the sensations of tone as a physiological basis for the t)
  ↓ downloading 3 files for onsensationsofto00helmrich
    skip (have): onsensationsofto00helmrich.pdf
    skip (have): onsensationsofto00helmrich.epub
    skip (have): onsensationsofto00helmrich_djvu.txt
/home/gian/agfarms/bucket-foundation/archive/onsensationsofto00helmrich
? "Helmholtz Treatise Physiological Optics" → ExtrasensoryPerceptionResearchFinding (Notes on the Paranormal)
  ↓ downloading 3 files for ExtrasensoryPerceptionResearchFinding
    skip (have): Extrasensory_Perception_Research_Finding.pdf
    skip (have): Extrasensory_Perception_Research_Finding.epub
    skip (have): Extrasensory_Perception_Research_Finding_djvu.txt
/home/gian/agfarms/bucket-foundation/archive/ExtrasensoryPerceptionResearchFinding
? "Schrodinger What is Life" → WhatIsLife-EdwardSchrodinger (WHAT IS LIFE? - ERWIN SCHRODINGER)
  ↓ downloading 3 files for WhatIsLife-EdwardSchrodinger
    skip (have): whatislife-schrodinger.pdf
    skip (have): whatislife-schrodinger.epub
    skip (have): whatislife-schrodinger_djvu.txt
/home/gian/agfarms/bucket-foundation/archive/WhatIsLife-EdwardSchrodinger
? "Schrödinger Mind and Matter" → Necktar2017Volume9 (Necktar 2017 volume 9)
  ↓ downloading 0 files for Necktar2017Volume9
/home/gian/agfarms/bucket-foundation/archive/Necktar2017Volume9
? "Bohr Atomic Theory Description Nature" → ExtrasensoryPerceptionResearchFinding (Notes on the Paranormal)
  ↓ downloading 3 files for ExtrasensoryPerceptionResearchFinding
    skip (have): Extrasensory_Perception_Research_Finding.pdf
    skip (have): Extrasensory_Perception_Research_Finding.epub
    skip (have): Extrasensory_Perception_Research_Finding_djvu.txt
/home/gian/agfarms/bucket-foundation/archive/ExtrasensoryPerceptionResearchFinding
? "Heisenberg Physics Philosophy" → 216.TheLastEpisodeAtLeastForAWhileOrMaybeForever_670 (216. The Last Episode, at Least for a While, or Maybe Foreve)
  ↓ downloading 0 files for 216.TheLastEpisodeAtLeastForAWhileOrMaybeForever_670
/home/gian/agfarms/bucket-foundation/archive/216.TheLastEpisodeAtLeastForAWhileOrMaybeForever_670
? "Pauli Wolfgang lectures physics" → 1_20210412_20210412_0345 (Epigenesis, Existentialism and Creativity)
  ↓ downloading 0 files for 1_20210412_20210412_0345
/home/gian/agfarms/bucket-foundation/archive/1_20210412_20210412_0345
? "Wigner Eugene mind in physics" → cia-readingroom-document-cia-rdp96-00787r000500380004-4 (CIA Reading Room cia-rdp96-00787r000500380004-4: PSYCHIC PRO)
  ↓ downloading 3 files for cia-readingroom-document-cia-rdp96-00787r000500380004-4
    skip (have): cia-rdp96-00787r000500380004-4.pdf
    skip (have): cia-rdp96-00787r000500380004-4.epub
    skip (have): cia-rdp96-00787r000500380004-4_djvu.txt
/home/gian/agfarms/bucket-foundation/archive/cia-readingroom-document-cia-rdp96-00787r000500380004-4
? "Wheeler Geons Black Holes Quantum Foam" → oxfordbookofmode0000unse_a2g6 (The Oxford book of modern science writing)
  ↓ downloading 3 files for oxfordbookofmode0000unse_a2g6
    FAIL oxfordbookofmode0000unse_a2g6.pdf: HTTP Error 403: Forbidden
    FAIL oxfordbookofmode0000unse_a2g6.epub: HTTP Error 401: Unauthorized
    FAIL oxfordbookofmode0000unse_a2g6_djvu.txt: HTTP Error 401: Unauthorized
/home/gian/agfarms/bucket-foundation/archive/oxfordbookofmode0000unse_a2g6
? "Pasteur fermentation" → mmoiresurlafer00past (Mémoire sur la fermentation alcoolique)
  ↓ downloading 2 files for mmoiresurlafer00past
    skip (have): mmoiresurlafer00past.pdf
    skip (have): mmoiresurlafer00past_djvu.txt
/home/gian/agfarms/bucket-foundation/archive/mmoiresurlafer00past
? "Darwin Origin of Species" → origin_species_librivox (On the Origin of Species by Means of Natural Selection)
  ↓ downloading 2 files for origin_species_librivox
    skip (have): On_the_Origin_of_Species_by_Means_of_Natural_Selection_1005.pdf
    skip (have): On_the_Origin_of_Species_by_Means_of_Natural_Selection_1005_djvu.txt
/home/gian/agfarms/bucket-foundation/archive/origin_species_librivox
? "Wallace contributions theory natural selection" → ExtrasensoryPerceptionResearchFinding (Notes on the Paranormal)
  ↓ downloading 3 files for ExtrasensoryPerceptionResearchFinding
    skip (have): Extrasensory_Perception_Research_Finding.pdf
    skip (have): Extrasensory_Perception_Research_Finding.epub
    skip (have): Extrasensory_Perception_Research_Finding_djvu.txt
/home/gian/agfarms/bucket-foundation/archive/ExtrasensoryPerceptionResearchFinding
? "Linus Pauling general chemistry" → introductiontoqu031712mbp (['Introduction To Quantum Mechanics', 'With Applications To Chemistry.'])
  ↓ downloading 3 files for introductiontoqu031712mbp
    skip (have): introductiontoqu031712mbp.pdf
    skip (have): introductiontoqu031712mbp.epub
    skip (have): introductiontoqu031712mbp_djvu.txt
/home/gian/agfarms/bucket-foundation/archive/introductiontoqu031712mbp
? "Linus Pauling vitamin C" → How_To_Live_Longer_And_Feel_Better_PDF (Linus Pauling PhD: How To Live Longer And Feel Better pdf)
  ↓ downloading 3 files for How_To_Live_Longer_And_Feel_Better_PDF
    skip (have): How to live longer and feel better - Pauling, Linus, 1901-1994.pdf
    skip (have): How to live longer and feel better - Pauling, Linus, 1901-1994.epub
    skip (have): How to live longer and feel better - Pauling, Linus, 1901-1994_djvu.txt
/home/gian/agfarms/bucket-foundation/archive/How_To_Live_Longer_And_Feel_Better_PDF
? "Crick what mad pursuit" → oxfordbookofmode0000unse_a2g6 (The Oxford book of modern science writing)
  ↓ downloading 3 files for oxfordbookofmode0000unse_a2g6
    FAIL oxfordbookofmode0000unse_a2g6.pdf: HTTP Error 401: Unauthorized
    FAIL oxfordbookofmode0000unse_a2g6.epub: HTTP Error 401: Unauthorized
    FAIL oxfordbookofmode0000unse_a2g6_djvu.txt: HTTP Error 401: Unauthorized
/home/gian/agfarms/bucket-foundation/archive/oxfordbookofmode0000unse_a2g6
? "Schrödinger statistical thermodynamics" → yavorskydetlafamodernhandbookofphysicsmir1982 (A Modern Handbook Of Physics)
  ↓ downloading 3 files for yavorskydetlafamodernhandbookofphysicsmir1982
    skip (have): Yavorsky-Detlaf-A-Modern-Handbook-of-Physics-Mir-1982.pdf
    skip (have): Yavorsky-Detlaf-A-Modern-Handbook-of-Physics-Mir-1982.epub
    skip (have): Yavorsky-Detlaf-A-Modern-Handbook-of-Physics-Mir-1982_djvu.txt
/home/gian/agfarms/bucket-foundation/archive/yavorskydetlafamodernhandbookofphysicsmir1982
? "Boltzmann lectures gas theory" → lectures-on-gas-theory-ludwig-boltzmann (Lectures on Gas Theory - Ludwig Boltzmann, Stephen G. Brush)
  ↓ downloading 3 files for lectures-on-gas-theory-ludwig-boltzmann
    skip (have): Lectures on Gas Theory - Ludwig Boltzmann.pdf
    skip (have): Lectures on Gas Theory - Ludwig Boltzmann.epub
    skip (have): Lectures on Gas Theory - Ludwig Boltzmann_djvu.txt
/home/gian/agfarms/bucket-foundation/archive/lectures-on-gas-theory-ludwig-boltzmann
? "Carnot reflections motive power fire" → cia-readingroom-document-cia-rdp79-01194a000400140001-7 (CIA Reading Room cia-rdp79-01194a000400140001-7: CA PROPAGAN)
  ↓ downloading 3 files for cia-readingroom-document-cia-rdp79-01194a000400140001-7
    skip (have): cia-rdp79-01194a000400140001-7.pdf
    skip (have): cia-rdp79-01194a000400140001-7.epub
    skip (have): cia-rdp79-01194a000400140001-7_djvu.txt
/home/gian/agfarms/bucket-foundation/archive/cia-readingroom-document-cia-rdp79-01194a000400140001-7
? "Planck thermodynamik thermodynamics" → vorlesungenbert01plangoog (Vorlesungen über thermodynamik)
  ↓ downloading 2 files for vorlesungenbert01plangoog
    skip (have): vorlesungenbert01plangoog.pdf
    skip (have): vorlesungenbert01plangoog_djvu.txt
/home/gian/agfarms/bucket-foundation/archive/vorlesungenbert01plangoog
? "Lavoisier elements chemistry" → understanding-science (Understanding Science, Collected Edition, Vols 1-12)
  ↓ downloading 3 files for understanding-science
    skip (have): Understanding_Science-Vol_01_jpg85.pdf
    skip (have): Understanding_Science-Vol_01_jpg85.epub
    skip (have): Understanding_Science-Vol_01_jpg85_djvu.txt
/home/gian/agfarms/bucket-foundation/archive/understanding-science
? "Fourier analytical theory heat" → analyticaltheory00fourrich (The analytical theory of heat)
  ↓ downloading 3 files for analyticaltheory00fourrich
    skip (have): analyticaltheory00fourrich.pdf
    skip (have): analyticaltheory00fourrich.epub
    skip (have): analyticaltheory00fourrich_djvu.txt
/home/gian/agfarms/bucket-foundation/archive/analyticaltheory00fourrich
? "Galileo dialogue two world systems" → GalileiGalileoDialogueConcerningTheTwoChiefWorldSystemsEN155P. (Galilei, Galileo - Dialogue Concerning the two Chief World S)
  ↓ downloading 3 files for GalileiGalileoDialogueConcerningTheTwoChiefWorldSystemsEN155P.
    skip (have): Galilei, Galileo - Dialogue Concerning the two Chief World Systems (EN, 155 p.).pdf
    skip (have): Galilei, Galileo - Dialogue Concerning the two Chief World Systems (EN, 155 p.).epub
    skip (have): Galilei, Galileo - Dialogue Concerning the two Chief World Systems (EN, 155 p.)_djvu.txt
/home/gian/agfarms/bucket-foundation/archive/GalileiGalileoDialogueConcerningTheTwoChiefWorldSystemsEN155P.
? "Feynman QED" → MIT8.701F20 (MIT 8.701 Introduction to Nuclear and Particle Physics, Fall)
  ↓ downloading 0 files for MIT8.701F20
/home/gian/agfarms/bucket-foundation/archive/MIT8.701F20
? "Crick Watson DNA" → MIT7.01SCF11 (OCW Scholar: Fundamentals of Biology)
  ↓ downloading 0 files for MIT7.01SCF11
/home/gian/agfarms/bucket-foundation/archive/MIT7.01SCF11
? "Darwin descent of man" → descent_man_1_1011_librivox (The Descent of Man and Selection in Relation to Sex Part 1)
  ↓ downloading 2 files for descent_man_1_1011_librivox
    skip (have): descentman1_1011.pdf
    skip (have): descentman1_1011_djvu.txt
/home/gian/agfarms/bucket-foundation/archive/descent_man_1_1011_librivox
[2026-07-30T16:41:33-04:00] === archive runner done ===
[2026-08-03T10:16:28-04:00] === archive runner start ===
  ↓ downloading 3 files for the-universal-one-1926-walter-russell
    skip (have): TheUniversalOne1926WalterRussell.pdf
    skip (have): TheUniversalOne1926WalterRussell.epub
    skip (have): TheUniversalOne1926WalterRussell_djvu.txt
/home/gian/agfarms/bucket-foundation/archive/the-universal-one-1926-walter-russell
  ↓ downloading 3 files for principlesofchem00menduoft
    skip (have): principlesofchem00menduoft.pdf
    skip (have): principlesofchem00menduoft.epub
    skip (have): principlesofchem00menduoft_djvu.txt
/home/gian/agfarms/bucket-foundation/archive/principlesofchem00menduoft
  ↓ downloading 3 files for principlesofchem01menduoft
    skip (have): principlesofchem01menduoft.pdf
    skip (have): principlesofchem01menduoft.epub
    skip (have): principlesofchem01menduoft_djvu.txt
/home/gian/agfarms/bucket-foundation/archive/principlesofchem01menduoft
? "walter russell new concept universe" → ExtrasensoryPerceptionResearchFinding (Notes on the Paranormal)
  ↓ downloading 3 files for ExtrasensoryPerceptionResearchFinding
    skip (have): Extrasensory_Perception_Research_Finding.pdf
    skip (have): Extrasensory_Perception_Research_Finding.epub
    skip (have): Extrasensory_Perception_Research_Finding_djvu.txt
/home/gian/agfarms/bucket-foundation/archive/ExtrasensoryPerceptionResearchFinding
  ↓ downloading 3 files for newtonspmathema00newtrich
    skip (have): newtonspmathema00newtrich.pdf
    skip (have): newtonspmathema00newtrich.epub
    skip (have): newtonspmathema00newtrich_djvu.txt
/home/gian/agfarms/bucket-foundation/archive/newtonspmathema00newtrich
  ↓ downloading 3 files for principia00newtuoft
    skip (have): principia00newtuoft.pdf
    skip (have): principia00newtuoft.epub
    skip (have): principia00newtuoft_djvu.txt
/home/gian/agfarms/bucket-foundation/archive/principia00newtuoft
? "Newton Opticks 1704" → opticks_1203_librivox (Opticks)
  ↓ downloading 2 files for opticks_1203_librivox
    skip (have): opticks_1207.pdf
    skip (have): opticks_1207_djvu.txt
/home/gian/agfarms/bucket-foundation/archive/opticks_1203_librivox
? "Maxwell Treatise on Electricity and Magnetism volume 1" → electricandmagne01maxwrich (A treatise on electricity and magnetism)
  ↓ downloading 3 files for electricandmagne01maxwrich
    skip (have): electricandmagne01maxwrich.pdf
    skip (have): electricandmagne01maxwrich.epub
    skip (have): electricandmagne01maxwrich_djvu.txt
/home/gian/agfarms/bucket-foundation/archive/electricandmagne01maxwrich
? "Maxwell Treatise on Electricity and Magnetism volume 2" → electricandmagne01maxwrich (A treatise on electricity and magnetism)
  ↓ downloading 3 files for electricandmagne01maxwrich
    skip (have): electricandmagne01maxwrich.pdf
    skip (have): electricandmagne01maxwrich.epub
    skip (have): electricandmagne01maxwrich_djvu.txt
/home/gian/agfarms/bucket-foundation/archive/electricandmagne01maxwrich
? "Maxwell scientific papers" → scientificpapers01maxw (The scientific papers of James Clerk Maxwell)
  ↓ downloading 3 files for scientificpapers01maxw
    skip (have): scientificpapers01maxw.pdf
    skip (have): scientificpapers01maxw.epub
    skip (have): scientificpapers01maxw_djvu.txt
/home/gian/agfarms/bucket-foundation/archive/scientificpapers01maxw
? "Faraday Experimental Researches in Electricity volume 1" → ExtrasensoryPerceptionResearchFinding (Notes on the Paranormal)
  ↓ downloading 3 files for ExtrasensoryPerceptionResearchFinding
    skip (have): Extrasensory_Perception_Research_Finding.pdf
    skip (have): Extrasensory_Perception_Research_Finding.epub
    skip (have): Extrasensory_Perception_Research_Finding_djvu.txt
/home/gian/agfarms/bucket-foundation/archive/ExtrasensoryPerceptionResearchFinding
? "Faraday Experimental Researches in Electricity volume 2" → ExtrasensoryPerceptionResearchFinding (Notes on the Paranormal)
  ↓ downloading 3 files for ExtrasensoryPerceptionResearchFinding
    skip (have): Extrasensory_Perception_Research_Finding.pdf
    skip (have): Extrasensory_Perception_Research_Finding.epub
    skip (have): Extrasensory_Perception_Research_Finding_djvu.txt
/home/gian/agfarms/bucket-foundation/archive/ExtrasensoryPerceptionResearchFinding
? "Faraday Experimental Researches in Electricity volume 3" → ExtrasensoryPerceptionResearchFinding (Notes on the Paranormal)
  ↓ downloading 3 files for ExtrasensoryPerceptionResearchFinding
    skip (have): Extrasensory_Perception_Research_Finding.pdf
    skip (have): Extrasensory_Perception_Research_Finding.epub
    skip (have): Extrasensory_Perception_Research_Finding_djvu.txt
/home/gian/agfarms/bucket-foundation/archive/ExtrasensoryPerceptionResearchFinding
? "Tesla My Inventions" → pbsnovadocs (PBS Nova Documentaries)
  ↓ downloading 0 files for pbsnovadocs
/home/gian/agfarms/bucket-foundation/archive/pbsnovadocs
? "Tesla Colorado Springs Notes" → majestic-12-files (MAJESTIC 12 Files)
  ↓ downloading 0 files for majestic-12-files
/home/gian/agfarms/bucket-foundation/archive/majestic-12-files
? "Tesla problem of increasing human energy" → sharware (chestnut-multimedia)
  ↓ downloading 2 files for sharware
    FAIL chestnut/DLR/CONTENTS.pdf: [Errno 2] No such file or directory: '/home/gian/agfarms/bucket-foundation/archive/sharware/chestnut/DLR/CONTENTS.pdf'
    FAIL chestnut/DLR/CONTENTS_djvu.txt: [Errno 2] No such file or directory: '/home/gian/agfarms/bucket-foundation/archive/sharware/chestnut/DLR/CONTENTS_djvu.txt'
/home/gian/agfarms/bucket-foundation/archive/sharware
? "Einstein Relativity special general theory" → relativity_librivox (Relativity: The Special and General Theory)
  ↓ downloading 2 files for relativity_librivox
    skip (have): relativity_1003.pdf
    skip (have): relativity_1003_djvu.txt
/home/gian/agfarms/bucket-foundation/archive/relativity_librivox
? "Einstein 1905 photoelectric" → cia-readingroom-document-cia-rdp96-00788r001100010004-6 (CIA Reading Room cia-rdp96-00788r001100010004-6: PROCEEDINGS)
  ↓ downloading 3 files for cia-readingroom-document-cia-rdp96-00788r001100010004-6
    skip (have): cia-rdp96-00788r001100010004-6.pdf
    skip (have): cia-rdp96-00788r001100010004-6.epub
    skip (have): cia-rdp96-00788r001100010004-6_djvu.txt
/home/gian/agfarms/bucket-foundation/archive/cia-readingroom-document-cia-rdp96-00788r001100010004-6
? "Szent-Györgyi Bioenergetics" → bioenergetics00szen (Bioenergetics)
  ↓ downloading 3 files for bioenergetics00szen
    skip (have): bioenergetics00szen.pdf
    skip (have): bioenergetics00szen.epub
    skip (have): bioenergetics00szen_djvu.txt
/home/gian/agfarms/bucket-foundation/archive/bioenergetics00szen
NO HITS: Szent-Györgyi submolecular biology
? "Becker Body Electric" → die-or-d.i.y.-full-archive ((Blogger) Die or D.I.Y.? Full Archive)
  ↓ downloading 0 files for die-or-d.i.y.-full-archive
/home/gian/agfarms/bucket-foundation/archive/die-or-d.i.y.-full-archive
? "Becker Cross Currents" → ExtrasensoryPerceptionResearchFinding (Notes on the Paranormal)
  ↓ downloading 3 files for ExtrasensoryPerceptionResearchFinding
    skip (have): Extrasensory_Perception_Research_Finding.pdf
    skip (have): Extrasensory_Perception_Research_Finding.epub
    skip (have): Extrasensory_Perception_Research_Finding_djvu.txt
/home/gian/agfarms/bucket-foundation/archive/ExtrasensoryPerceptionResearchFinding
? "Ling physical theory living state" → BluePlanetProjectUFOTECHNOLOGY (Blue Planet Project UFO TECHNOLOGY)
  ↓ downloading 3 files for BluePlanetProjectUFOTECHNOLOGY
    skip (have): Blue Planet Project UFO TECHNOLOGY.pdf
    skip (have): Blue Planet Project UFO TECHNOLOGY.epub
    skip (have): Blue Planet Project UFO TECHNOLOGY_djvu.txt
/home/gian/agfarms/bucket-foundation/archive/BluePlanetProjectUFOTECHNOLOGY
? "Ling association induction" → ibogaine_literature (Ibogaine Literature)
  ↓ downloading 3 files for ibogaine_literature
    skip (have): abaul1989.pdf
    skip (have): agwada1975.pdf
    skip (have): abaul1989_djvu.txt
/home/gian/agfarms/bucket-foundation/archive/ibogaine_literature
? "Nordenström Biologically Closed Electric Circuits" → biokinetic-impacts-on-structure-and-imaging-of-the-lung-the-concept-of-biologica (Biokinetic Impacts on Structure and Imaging of the Lung the )
  ↓ downloading 2 files for biokinetic-impacts-on-structure-and-imaging-of-the-lung-the-concept-of-biologica
    skip (have): Biokinetic impacts on structure and imaging of the lung the concept of biologically closed electric circuits - Nordenstrom AJR 1985.pdf
    skip (have): Biokinetic impacts on structure and imaging of the lung the concept of biologically closed electric circuits - Nordenstrom AJR 1985_djvu.txt
/home/gian/agfarms/bucket-foundation/archive/biokinetic-impacts-on-structure-and-imaging-of-the-lung-the-concept-of-biologica
? "Euclid Elements Heath translation" → EuclidsElementsBooksIIIVolume1Heath (Euclid's Elements Books I II Volume 1 Heath)
  ↓ downloading 2 files for EuclidsElementsBooksIIIVolume1Heath
    skip (have): Euclid's_Elements_Books_I-II_Volume_1-Heath.pdf
    skip (have): Euclid's_Elements_Books_I-II_Volume_1-Heath_djvu.txt
/home/gian/agfarms/bucket-foundation/archive/EuclidsElementsBooksIIIVolume1Heath
? "Gauss Disquisitiones Arithmeticae" → disquisitionesa00gaus (Disquisitiones arithmeticae)
  ↓ downloading 3 files for disquisitionesa00gaus
    skip (have): disquisitionesa00gaus.pdf
    skip (have): disquisitionesa00gaus.epub
    skip (have): disquisitionesa00gaus_djvu.txt
/home/gian/agfarms/bucket-foundation/archive/disquisitionesa00gaus
? "Riemann zeta hypothesis" → logicalcross (LogicalCross)
  ↓ downloading 2 files for logicalcross
    skip (have): essay.pdf
    skip (have): essay_djvu.txt
/home/gian/agfarms/bucket-foundation/archive/logicalcross
? "Cantor set theory" → YouDontNeedAWeathermanToKnowWhichWayTheWindBlows_925 (You Don't Need A Weatherman To Know Which Way The Wind Blows)
  ↓ downloading 3 files for YouDontNeedAWeathermanToKnowWhichWayTheWindBlows_925
    skip (have): YouDontNeedAWeathermanToKnowWhichWayTheWindBlows_925.pdf
    skip (have): YouDontNeedAWeathermanToKnowWhichWayTheWindBlows_925.epub
    skip (have): YouDontNeedAWeathermanToKnowWhichWayTheWindBlows_925_djvu.txt
/home/gian/agfarms/bucket-foundation/archive/YouDontNeedAWeathermanToKnowWhichWayTheWindBlows_925
? "Dirac Principles of Quantum Mechanics" → academictorrents_f24122f15283757aa8a9bf9cb638db266273442d ([Coursera] Exploring Quantum Physics)
  ↓ downloading 3 files for academictorrents_f24122f15283757aa8a9bf9cb638db266273442d
    FAIL Lectures/Week 1 - 02 Wavefunctions and Schrdinger Equation/01_Part_I-_Comments_on_studying_QM_10-11.pdf: HTTP Error 500: Internal Server Error
    FAIL Lectures/Week 8 - 17 Time-dependent quantum mechanics Victor Galitski/01_Part_I-_Time-dependent_Schrdinger_Eq._general_remarks_23-04.pdf: [Errno 2] No such file or directory: '/home/gian/agfarms/bucket-foundation/archive/academictorrents_f24122f15283757aa8a9bf9cb638db266273442d/Lectures/Week 8 - 17 Time-dependent quantum mechanics Victor Galitski/01_Part_I-_Time-dependent_Schrdinger_Eq._general_remarks_23-04.pdf'
    FAIL Lectures/Week 1 - 02 Wavefunctions and Schrdinger Equation/01_Part_I-_Comments_on_studying_QM_10-11_djvu.txt: [Errno 2] No such file or directory: '/home/gian/agfarms/bucket-foundation/archive/academictorrents_f24122f15283757aa8a9bf9cb638db266273442d/Lectures/Week 1 - 02 Wavefunctions and Schrdinger Equation/01_Part_I-_Comments_on_studying_QM_10-11_djvu.txt'
/home/gian/agfarms/bucket-foundation/archive/academictorrents_f24122f15283757aa8a9bf9cb638db266273442d
? "Feynman lectures on physics" → academictorrents_f24122f15283757aa8a9bf9cb638db266273442d ([Coursera] Exploring Quantum Physics)
  ↓ downloading 3 files for academictorrents_f24122f15283757aa8a9bf9cb638db266273442d
    FAIL Lectures/Week 1 - 02 Wavefunctions and Schrdinger Equation/01_Part_I-_Comments_on_studying_QM_10-11.pdf: [Errno 2] No such file or directory: '/home/gian/agfarms/bucket-foundation/archive/academictorrents_f24122f15283757aa8a9bf9cb638db266273442d/Lectures/Week 1 - 02 Wavefunctions and Schrdinger Equation/01_Part_I-_Comments_on_studying_QM_10-11.pdf'
    FAIL Lectures/Week 8 - 17 Time-dependent quantum mechanics Victor Galitski/01_Part_I-_Time-dependent_Schrdinger_Eq._general_remarks_23-04.pdf: HTTP Error 500: Internal Server Error
    FAIL Lectures/Week 1 - 02 Wavefunctions and Schrdinger Equation/01_Part_I-_Comments_on_studying_QM_10-11_djvu.txt: [Errno 2] No such file or directory: '/home/gian/agfarms/bucket-foundation/archive/academictorrents_f24122f15283757aa8a9bf9cb638db266273442d/Lectures/Week 1 - 02 Wavefunctions and Schrdinger Equation/01_Part_I-_Comments_on_studying_QM_10-11_djvu.txt'
/home/gian/agfarms/bucket-foundation/archive/academictorrents_f24122f15283757aa8a9bf9cb638db266273442d
? "Shannon mathematical theory of communication" → communications_primer (Communications Primer, A)
  ↓ downloading 0 files for communications_primer
/home/gian/agfarms/bucket-foundation/archive/communications_primer
? "Turing computable numbers 1936" → turingsvisionbir0000bern (Turing's vision : the birth of computer science)
  ↓ downloading 3 files for turingsvisionbir0000bern
    FAIL turingsvisionbir0000bern.pdf: HTTP Error 401: Unauthorized
    FAIL turingsvisionbir0000bern.epub: HTTP Error 401: Unauthorized
    FAIL turingsvisionbir0000bern_djvu.txt: HTTP Error 401: Unauthorized
/home/gian/agfarms/bucket-foundation/archive/turingsvisionbir0000bern
? "Helmholtz On the Sensations of Tone" → onsensationsofto00helmrich (On the sensations of tone as a physiological basis for the t)
  ↓ downloading 3 files for onsensationsofto00helmrich
    skip (have): onsensationsofto00helmrich.pdf
    skip (have): onsensationsofto00helmrich.epub
    skip (have): onsensationsofto00helmrich_djvu.txt
/home/gian/agfarms/bucket-foundation/archive/onsensationsofto00helmrich
? "Helmholtz Treatise Physiological Optics" → ExtrasensoryPerceptionResearchFinding (Notes on the Paranormal)
  ↓ downloading 3 files for ExtrasensoryPerceptionResearchFinding
    skip (have): Extrasensory_Perception_Research_Finding.pdf
    skip (have): Extrasensory_Perception_Research_Finding.epub
    skip (have): Extrasensory_Perception_Research_Finding_djvu.txt
/home/gian/agfarms/bucket-foundation/archive/ExtrasensoryPerceptionResearchFinding
? "Schrodinger What is Life" → WhatIsLife-EdwardSchrodinger (WHAT IS LIFE? - ERWIN SCHRODINGER)
  ↓ downloading 3 files for WhatIsLife-EdwardSchrodinger
    skip (have): whatislife-schrodinger.pdf
    skip (have): whatislife-schrodinger.epub
    skip (have): whatislife-schrodinger_djvu.txt
/home/gian/agfarms/bucket-foundation/archive/WhatIsLife-EdwardSchrodinger
? "Schrödinger Mind and Matter" → Necktar2017Volume9 (Necktar 2017 volume 9)
  ↓ downloading 0 files for Necktar2017Volume9
/home/gian/agfarms/bucket-foundation/archive/Necktar2017Volume9
? "Bohr Atomic Theory Description Nature" → ExtrasensoryPerceptionResearchFinding (Notes on the Paranormal)
  ↓ downloading 3 files for ExtrasensoryPerceptionResearchFinding
    skip (have): Extrasensory_Perception_Research_Finding.pdf
    skip (have): Extrasensory_Perception_Research_Finding.epub
    skip (have): Extrasensory_Perception_Research_Finding_djvu.txt
/home/gian/agfarms/bucket-foundation/archive/ExtrasensoryPerceptionResearchFinding
? "Heisenberg Physics Philosophy" → 216.TheLastEpisodeAtLeastForAWhileOrMaybeForever_670 (216. The Last Episode, at Least for a While, or Maybe Foreve)
  ↓ downloading 0 files for 216.TheLastEpisodeAtLeastForAWhileOrMaybeForever_670
/home/gian/agfarms/bucket-foundation/archive/216.TheLastEpisodeAtLeastForAWhileOrMaybeForever_670
? "Pauli Wolfgang lectures physics" → 1_20210412_20210412_0345 (Epigenesis, Existentialism and Creativity)
  ↓ downloading 0 files for 1_20210412_20210412_0345
/home/gian/agfarms/bucket-foundation/archive/1_20210412_20210412_0345
? "Wigner Eugene mind in physics" → cia-readingroom-document-cia-rdp96-00787r000500380004-4 (CIA Reading Room cia-rdp96-00787r000500380004-4: PSYCHIC PRO)
  ↓ downloading 3 files for cia-readingroom-document-cia-rdp96-00787r000500380004-4
    skip (have): cia-rdp96-00787r000500380004-4.pdf
    skip (have): cia-rdp96-00787r000500380004-4.epub
    skip (have): cia-rdp96-00787r000500380004-4_djvu.txt
/home/gian/agfarms/bucket-foundation/archive/cia-readingroom-document-cia-rdp96-00787r000500380004-4
? "Wheeler Geons Black Holes Quantum Foam" → geonsblackholesq00whee (Geons, black holes, and quantum foam : a life in physics)
  ↓ downloading 3 files for geonsblackholesq00whee
    FAIL geonsblackholesq00whee.pdf: HTTP Error 401: Unauthorized
    FAIL geonsblackholesq00whee.epub: HTTP Error 403: Forbidden
    FAIL geonsblackholesq00whee_djvu.txt: HTTP Error 401: Unauthorized
/home/gian/agfarms/bucket-foundation/archive/geonsblackholesq00whee
? "Pasteur fermentation" → mmoiresurlafer00past (Mémoire sur la fermentation alcoolique)
  ↓ downloading 2 files for mmoiresurlafer00past
    skip (have): mmoiresurlafer00past.pdf
    skip (have): mmoiresurlafer00past_djvu.txt
/home/gian/agfarms/bucket-foundation/archive/mmoiresurlafer00past
? "Darwin Origin of Species" → origin_species_librivox (On the Origin of Species by Means of Natural Selection)
  ↓ downloading 2 files for origin_species_librivox
    skip (have): On_the_Origin_of_Species_by_Means_of_Natural_Selection_1005.pdf
    skip (have): On_the_Origin_of_Species_by_Means_of_Natural_Selection_1005_djvu.txt
/home/gian/agfarms/bucket-foundation/archive/origin_species_librivox
? "Wallace contributions theory natural selection" → ExtrasensoryPerceptionResearchFinding (Notes on the Paranormal)
  ↓ downloading 3 files for ExtrasensoryPerceptionResearchFinding
    skip (have): Extrasensory_Perception_Research_Finding.pdf
    skip (have): Extrasensory_Perception_Research_Finding.epub
    skip (have): Extrasensory_Perception_Research_Finding_djvu.txt
/home/gian/agfarms/bucket-foundation/archive/ExtrasensoryPerceptionResearchFinding
? "Linus Pauling general chemistry" → introductiontoqu031712mbp (['Introduction To Quantum Mechanics', 'With Applications To Chemistry.'])
  ↓ downloading 3 files for introductiontoqu031712mbp
    skip (have): introductiontoqu031712mbp.pdf
    skip (have): introductiontoqu031712mbp.epub
    skip (have): introductiontoqu031712mbp_djvu.txt
/home/gian/agfarms/bucket-foundation/archive/introductiontoqu031712mbp
? "Linus Pauling vitamin C" → How_To_Live_Longer_And_Feel_Better_PDF (Linus Pauling PhD: How To Live Longer And Feel Better pdf)
  ↓ downloading 3 files for How_To_Live_Longer_And_Feel_Better_PDF
    skip (have): How to live longer and feel better - Pauling, Linus, 1901-1994.pdf
    skip (have): How to live longer and feel better - Pauling, Linus, 1901-1994.epub
    skip (have): How to live longer and feel better - Pauling, Linus, 1901-1994_djvu.txt
/home/gian/agfarms/bucket-foundation/archive/How_To_Live_Longer_And_Feel_Better_PDF
? "Crick what mad pursuit" → github.com-charlax-engineering-management_-_2022-10-31_07-54-00 (github.com-charlax-engineering-management_-_2022-10-31_07-54)
  ↓ downloading 0 files for github.com-charlax-engineering-management_-_2022-10-31_07-54-00
/home/gian/agfarms/bucket-foundation/archive/github.com-charlax-engineering-management_-_2022-10-31_07-54-00
? "Schrödinger statistical thermodynamics" → yavorskydetlafamodernhandbookofphysicsmir1982 (A Modern Handbook Of Physics)
  ↓ downloading 3 files for yavorskydetlafamodernhandbookofphysicsmir1982
    skip (have): Yavorsky-Detlaf-A-Modern-Handbook-of-Physics-Mir-1982.pdf
    skip (have): Yavorsky-Detlaf-A-Modern-Handbook-of-Physics-Mir-1982.epub
    skip (have): Yavorsky-Detlaf-A-Modern-Handbook-of-Physics-Mir-1982_djvu.txt
/home/gian/agfarms/bucket-foundation/archive/yavorskydetlafamodernhandbookofphysicsmir1982
? "Boltzmann lectures gas theory" → lectures-on-gas-theory-ludwig-boltzmann (Lectures on Gas Theory - Ludwig Boltzmann, Stephen G. Brush)
  ↓ downloading 3 files for lectures-on-gas-theory-ludwig-boltzmann
    skip (have): Lectures on Gas Theory - Ludwig Boltzmann.pdf
    skip (have): Lectures on Gas Theory - Ludwig Boltzmann.epub
    skip (have): Lectures on Gas Theory - Ludwig Boltzmann_djvu.txt
/home/gian/agfarms/bucket-foundation/archive/lectures-on-gas-theory-ludwig-boltzmann
? "Carnot reflections motive power fire" → cia-readingroom-document-cia-rdp79-01194a000400140001-7 (CIA Reading Room cia-rdp79-01194a000400140001-7: CA PROPAGAN)
  ↓ downloading 3 files for cia-readingroom-document-cia-rdp79-01194a000400140001-7
    skip (have): cia-rdp79-01194a000400140001-7.pdf
    skip (have): cia-rdp79-01194a000400140001-7.epub
    skip (have): cia-rdp79-01194a000400140001-7_djvu.txt
/home/gian/agfarms/bucket-foundation/archive/cia-readingroom-document-cia-rdp79-01194a000400140001-7
? "Planck thermodynamik thermodynamics" → vorlesungenbert01plangoog (Vorlesungen über thermodynamik)
  ↓ downloading 2 files for vorlesungenbert01plangoog
    skip (have): vorlesungenbert01plangoog.pdf
    skip (have): vorlesungenbert01plangoog_djvu.txt
/home/gian/agfarms/bucket-foundation/archive/vorlesungenbert01plangoog
? "Lavoisier elements chemistry" → understanding-science (Understanding Science, Collected Edition, Vols 1-12)
  ↓ downloading 3 files for understanding-science
    skip (have): Understanding_Science-Vol_01_jpg85.pdf
    skip (have): Understanding_Science-Vol_01_jpg85.epub
    skip (have): Understanding_Science-Vol_01_jpg85_djvu.txt
/home/gian/agfarms/bucket-foundation/archive/understanding-science
? "Fourier analytical theory heat" → analyticaltheory00fourrich (The analytical theory of heat)
  ↓ downloading 3 files for analyticaltheory00fourrich
    skip (have): analyticaltheory00fourrich.pdf
    skip (have): analyticaltheory00fourrich.epub
    skip (have): analyticaltheory00fourrich_djvu.txt
/home/gian/agfarms/bucket-foundation/archive/analyticaltheory00fourrich
? "Galileo dialogue two world systems" → GalileiGalileoDialogueConcerningTheTwoChiefWorldSystemsEN155P. (Galilei, Galileo - Dialogue Concerning the two Chief World S)
  ↓ downloading 3 files for GalileiGalileoDialogueConcerningTheTwoChiefWorldSystemsEN155P.
    skip (have): Galilei, Galileo - Dialogue Concerning the two Chief World Systems (EN, 155 p.).pdf
    skip (have): Galilei, Galileo - Dialogue Concerning the two Chief World Systems (EN, 155 p.).epub
    skip (have): Galilei, Galileo - Dialogue Concerning the two Chief World Systems (EN, 155 p.)_djvu.txt
/home/gian/agfarms/bucket-foundation/archive/GalileiGalileoDialogueConcerningTheTwoChiefWorldSystemsEN155P.
? "Feynman QED" → MIT8.701F20 (MIT 8.701 Introduction to Nuclear and Particle Physics, Fall)
  ↓ downloading 0 files for MIT8.701F20
/home/gian/agfarms/bucket-foundation/archive/MIT8.701F20
? "Crick Watson DNA" → MIT7.01SCF11 (OCW Scholar: Fundamentals of Biology)
  ↓ downloading 0 files for MIT7.01SCF11
/home/gian/agfarms/bucket-foundation/archive/MIT7.01SCF11
? "Darwin descent of man" → descent_man_1_1011_librivox (The Descent of Man and Selection in Relation to Sex Part 1)
  ↓ downloading 2 files for descent_man_1_1011_librivox
    skip (have): descentman1_1011.pdf
    skip (have): descentman1_1011_djvu.txt
/home/gian/agfarms/bucket-foundation/archive/descent_man_1_1011_librivox
[2026-08-03T10:18:45-04:00] === archive runner done ===
[2026-08-03T16:43:42-04:00] === archive runner start ===
  ↓ downloading 3 files for the-universal-one-1926-walter-russell
    skip (have): TheUniversalOne1926WalterRussell.pdf
    skip (have): TheUniversalOne1926WalterRussell.epub
    skip (have): TheUniversalOne1926WalterRussell_djvu.txt
/home/gian/agfarms/bucket-foundation/archive/the-universal-one-1926-walter-russell
  ↓ downloading 3 files for principlesofchem00menduoft
    skip (have): principlesofchem00menduoft.pdf
    skip (have): principlesofchem00menduoft.epub
    skip (have): principlesofchem00menduoft_djvu.txt
/home/gian/agfarms/bucket-foundation/archive/principlesofchem00menduoft
  ↓ downloading 3 files for principlesofchem01menduoft
    skip (have): principlesofchem01menduoft.pdf
    skip (have): principlesofchem01menduoft.epub
    skip (have): principlesofchem01menduoft_djvu.txt
/home/gian/agfarms/bucket-foundation/archive/principlesofchem01menduoft
? "walter russell new concept universe" → ExtrasensoryPerceptionResearchFinding (Notes on the Paranormal)
  ↓ downloading 3 files for ExtrasensoryPerceptionResearchFinding
    skip (have): Extrasensory_Perception_Research_Finding.pdf
    skip (have): Extrasensory_Perception_Research_Finding.epub
    skip (have): Extrasensory_Perception_Research_Finding_djvu.txt
/home/gian/agfarms/bucket-foundation/archive/ExtrasensoryPerceptionResearchFinding
  ↓ downloading 3 files for newtonspmathema00newtrich
    skip (have): newtonspmathema00newtrich.pdf
    skip (have): newtonspmathema00newtrich.epub
    skip (have): newtonspmathema00newtrich_djvu.txt
/home/gian/agfarms/bucket-foundation/archive/newtonspmathema00newtrich
  ↓ downloading 3 files for principia00newtuoft
    skip (have): principia00newtuoft.pdf
    skip (have): principia00newtuoft.epub
    skip (have): principia00newtuoft_djvu.txt
/home/gian/agfarms/bucket-foundation/archive/principia00newtuoft
? "Newton Opticks 1704" → opticks_1203_librivox (Opticks)
  ↓ downloading 2 files for opticks_1203_librivox
    skip (have): opticks_1207.pdf
    skip (have): opticks_1207_djvu.txt
/home/gian/agfarms/bucket-foundation/archive/opticks_1203_librivox
? "Maxwell Treatise on Electricity and Magnetism volume 1" → electricandmagne01maxwrich (A treatise on electricity and magnetism)
  ↓ downloading 3 files for electricandmagne01maxwrich
    skip (have): electricandmagne01maxwrich.pdf
    skip (have): electricandmagne01maxwrich.epub
    skip (have): electricandmagne01maxwrich_djvu.txt
/home/gian/agfarms/bucket-foundation/archive/electricandmagne01maxwrich
? "Maxwell Treatise on Electricity and Magnetism volume 2" → electricandmagne01maxwrich (A treatise on electricity and magnetism)
  ↓ downloading 3 files for electricandmagne01maxwrich
    skip (have): electricandmagne01maxwrich.pdf
    skip (have): electricandmagne01maxwrich.epub
    skip (have): electricandmagne01maxwrich_djvu.txt
/home/gian/agfarms/bucket-foundation/archive/electricandmagne01maxwrich
? "Maxwell scientific papers" → scientificpapers01maxw (The scientific papers of James Clerk Maxwell)
  ↓ downloading 3 files for scientificpapers01maxw
    skip (have): scientificpapers01maxw.pdf
    skip (have): scientificpapers01maxw.epub
    skip (have): scientificpapers01maxw_djvu.txt
/home/gian/agfarms/bucket-foundation/archive/scientificpapers01maxw
? "Faraday Experimental Researches in Electricity volume 1" → ExtrasensoryPerceptionResearchFinding (Notes on the Paranormal)
  ↓ downloading 3 files for ExtrasensoryPerceptionResearchFinding
    skip (have): Extrasensory_Perception_Research_Finding.pdf
    skip (have): Extrasensory_Perception_Research_Finding.epub
    skip (have): Extrasensory_Perception_Research_Finding_djvu.txt
/home/gian/agfarms/bucket-foundation/archive/ExtrasensoryPerceptionResearchFinding
? "Faraday Experimental Researches in Electricity volume 2" → ExtrasensoryPerceptionResearchFinding (Notes on the Paranormal)
  ↓ downloading 3 files for ExtrasensoryPerceptionResearchFinding
    skip (have): Extrasensory_Perception_Research_Finding.pdf
    skip (have): Extrasensory_Perception_Research_Finding.epub
    skip (have): Extrasensory_Perception_Research_Finding_djvu.txt
/home/gian/agfarms/bucket-foundation/archive/ExtrasensoryPerceptionResearchFinding
? "Faraday Experimental Researches in Electricity volume 3" → ExtrasensoryPerceptionResearchFinding (Notes on the Paranormal)
  ↓ downloading 3 files for ExtrasensoryPerceptionResearchFinding
    skip (have): Extrasensory_Perception_Research_Finding.pdf
    skip (have): Extrasensory_Perception_Research_Finding.epub
    skip (have): Extrasensory_Perception_Research_Finding_djvu.txt
/home/gian/agfarms/bucket-foundation/archive/ExtrasensoryPerceptionResearchFinding
? "Tesla My Inventions" → pbsnovadocs (PBS Nova Documentaries)
  ↓ downloading 0 files for pbsnovadocs
/home/gian/agfarms/bucket-foundation/archive/pbsnovadocs
? "Tesla Colorado Springs Notes" → majestic-12-files (MAJESTIC 12 Files)
  ↓ downloading 0 files for majestic-12-files
/home/gian/agfarms/bucket-foundation/archive/majestic-12-files
? "Tesla problem of increasing human energy" → sharware (chestnut-multimedia)
  ↓ downloading 2 files for sharware
    FAIL chestnut/DLR/CONTENTS.pdf: [Errno 2] No such file or directory: '/home/gian/agfarms/bucket-foundation/archive/sharware/chestnut/DLR/CONTENTS.pdf'
    FAIL chestnut/DLR/CONTENTS_djvu.txt: [Errno 2] No such file or directory: '/home/gian/agfarms/bucket-foundation/archive/sharware/chestnut/DLR/CONTENTS_djvu.txt'
/home/gian/agfarms/bucket-foundation/archive/sharware
? "Einstein Relativity special general theory" → relativity_librivox (Relativity: The Special and General Theory)
  ↓ downloading 2 files for relativity_librivox
    skip (have): relativity_1003.pdf
    skip (have): relativity_1003_djvu.txt
/home/gian/agfarms/bucket-foundation/archive/relativity_librivox
? "Einstein 1905 photoelectric" → cia-readingroom-document-cia-rdp96-00788r001100010004-6 (CIA Reading Room cia-rdp96-00788r001100010004-6: PROCEEDINGS)
  ↓ downloading 3 files for cia-readingroom-document-cia-rdp96-00788r001100010004-6
    skip (have): cia-rdp96-00788r001100010004-6.pdf
    skip (have): cia-rdp96-00788r001100010004-6.epub
    skip (have): cia-rdp96-00788r001100010004-6_djvu.txt
/home/gian/agfarms/bucket-foundation/archive/cia-readingroom-document-cia-rdp96-00788r001100010004-6
? "Szent-Györgyi Bioenergetics" → bioenergetics00szen (Bioenergetics)
  ↓ downloading 3 files for bioenergetics00szen
    skip (have): bioenergetics00szen.pdf
    skip (have): bioenergetics00szen.epub
    skip (have): bioenergetics00szen_djvu.txt
/home/gian/agfarms/bucket-foundation/archive/bioenergetics00szen
NO HITS: Szent-Györgyi submolecular biology
? "Becker Body Electric" → die-or-d.i.y.-full-archive ((Blogger) Die or D.I.Y.? Full Archive)
  ↓ downloading 0 files for die-or-d.i.y.-full-archive
/home/gian/agfarms/bucket-foundation/archive/die-or-d.i.y.-full-archive
? "Becker Cross Currents" → ExtrasensoryPerceptionResearchFinding (Notes on the Paranormal)
  ↓ downloading 3 files for ExtrasensoryPerceptionResearchFinding
    skip (have): Extrasensory_Perception_Research_Finding.pdf
    skip (have): Extrasensory_Perception_Research_Finding.epub
    skip (have): Extrasensory_Perception_Research_Finding_djvu.txt
/home/gian/agfarms/bucket-foundation/archive/ExtrasensoryPerceptionResearchFinding
? "Ling physical theory living state" → BluePlanetProjectUFOTECHNOLOGY (Blue Planet Project UFO TECHNOLOGY)
  ↓ downloading 3 files for BluePlanetProjectUFOTECHNOLOGY
    skip (have): Blue Planet Project UFO TECHNOLOGY.pdf
    skip (have): Blue Planet Project UFO TECHNOLOGY.epub
    skip (have): Blue Planet Project UFO TECHNOLOGY_djvu.txt
/home/gian/agfarms/bucket-foundation/archive/BluePlanetProjectUFOTECHNOLOGY
? "Ling association induction" → ibogaine_literature (Ibogaine Literature)
  ↓ downloading 3 files for ibogaine_literature
    skip (have): abaul1989.pdf
    skip (have): agwada1975.pdf
    skip (have): abaul1989_djvu.txt
/home/gian/agfarms/bucket-foundation/archive/ibogaine_literature
? "Nordenström Biologically Closed Electric Circuits" → biokinetic-impacts-on-structure-and-imaging-of-the-lung-the-concept-of-biologica (Biokinetic Impacts on Structure and Imaging of the Lung the )
  ↓ downloading 2 files for biokinetic-impacts-on-structure-and-imaging-of-the-lung-the-concept-of-biologica
    skip (have): Biokinetic impacts on structure and imaging of the lung the concept of biologically closed electric circuits - Nordenstrom AJR 1985.pdf
    skip (have): Biokinetic impacts on structure and imaging of the lung the concept of biologically closed electric circuits - Nordenstrom AJR 1985_djvu.txt
/home/gian/agfarms/bucket-foundation/archive/biokinetic-impacts-on-structure-and-imaging-of-the-lung-the-concept-of-biologica
? "Euclid Elements Heath translation" → EuclidsElementsBooksIIIVolume1Heath (Euclid's Elements Books I II Volume 1 Heath)
  ↓ downloading 2 files for EuclidsElementsBooksIIIVolume1Heath
    skip (have): Euclid's_Elements_Books_I-II_Volume_1-Heath.pdf
    skip (have): Euclid's_Elements_Books_I-II_Volume_1-Heath_djvu.txt
/home/gian/agfarms/bucket-foundation/archive/EuclidsElementsBooksIIIVolume1Heath
? "Gauss Disquisitiones Arithmeticae" → disquisitionesa00gaus (Disquisitiones arithmeticae)
  ↓ downloading 3 files for disquisitionesa00gaus
    skip (have): disquisitionesa00gaus.pdf
    skip (have): disquisitionesa00gaus.epub
    skip (have): disquisitionesa00gaus_djvu.txt
/home/gian/agfarms/bucket-foundation/archive/disquisitionesa00gaus
? "Riemann zeta hypothesis" → logicalcross (LogicalCross)
  ↓ downloading 2 files for logicalcross
    skip (have): essay.pdf
    skip (have): essay_djvu.txt
/home/gian/agfarms/bucket-foundation/archive/logicalcross
? "Cantor set theory" → YouDontNeedAWeathermanToKnowWhichWayTheWindBlows_925 (You Don't Need A Weatherman To Know Which Way The Wind Blows)
  ↓ downloading 3 files for YouDontNeedAWeathermanToKnowWhichWayTheWindBlows_925
    skip (have): YouDontNeedAWeathermanToKnowWhichWayTheWindBlows_925.pdf
    skip (have): YouDontNeedAWeathermanToKnowWhichWayTheWindBlows_925.epub
    skip (have): YouDontNeedAWeathermanToKnowWhichWayTheWindBlows_925_djvu.txt
/home/gian/agfarms/bucket-foundation/archive/YouDontNeedAWeathermanToKnowWhichWayTheWindBlows_925
? "Dirac Principles of Quantum Mechanics" → academictorrents_f24122f15283757aa8a9bf9cb638db266273442d ([Coursera] Exploring Quantum Physics)
  ↓ downloading 3 files for academictorrents_f24122f15283757aa8a9bf9cb638db266273442d
    FAIL Lectures/Week 1 - 02 Wavefunctions and Schrdinger Equation/01_Part_I-_Comments_on_studying_QM_10-11.pdf: HTTP Error 500: Internal Server Error
    FAIL Lectures/Week 8 - 17 Time-dependent quantum mechanics Victor Galitski/01_Part_I-_Time-dependent_Schrdinger_Eq._general_remarks_23-04.pdf: HTTP Error 500: Internal Server Error
    FAIL Lectures/Week 1 - 02 Wavefunctions and Schrdinger Equation/01_Part_I-_Comments_on_studying_QM_10-11_djvu.txt: HTTP Error 500: Internal Server Error
/home/gian/agfarms/bucket-foundation/archive/academictorrents_f24122f15283757aa8a9bf9cb638db266273442d
? "Feynman lectures on physics" → academictorrents_f24122f15283757aa8a9bf9cb638db266273442d ([Coursera] Exploring Quantum Physics)
  ↓ downloading 3 files for academictorrents_f24122f15283757aa8a9bf9cb638db266273442d
    FAIL Lectures/Week 1 - 02 Wavefunctions and Schrdinger Equation/01_Part_I-_Comments_on_studying_QM_10-11.pdf: [Errno 2] No such file or directory: '/home/gian/agfarms/bucket-foundation/archive/academictorrents_f24122f15283757aa8a9bf9cb638db266273442d/Lectures/Week 1 - 02 Wavefunctions and Schrdinger Equation/01_Part_I-_Comments_on_studying_QM_10-11.pdf'
    FAIL Lectures/Week 8 - 17 Time-dependent quantum mechanics Victor Galitski/01_Part_I-_Time-dependent_Schrdinger_Eq._general_remarks_23-04.pdf: [Errno 2] No such file or directory: '/home/gian/agfarms/bucket-foundation/archive/academictorrents_f24122f15283757aa8a9bf9cb638db266273442d/Lectures/Week 8 - 17 Time-dependent quantum mechanics Victor Galitski/01_Part_I-_Time-dependent_Schrdinger_Eq._general_remarks_23-04.pdf'
    FAIL Lectures/Week 1 - 02 Wavefunctions and Schrdinger Equation/01_Part_I-_Comments_on_studying_QM_10-11_djvu.txt: [Errno 2] No such file or directory: '/home/gian/agfarms/bucket-foundation/archive/academictorrents_f24122f15283757aa8a9bf9cb638db266273442d/Lectures/Week 1 - 02 Wavefunctions and Schrdinger Equation/01_Part_I-_Comments_on_studying_QM_10-11_djvu.txt'
/home/gian/agfarms/bucket-foundation/archive/academictorrents_f24122f15283757aa8a9bf9cb638db266273442d
? "Shannon mathematical theory of communication" → communications_primer (Communications Primer, A)
  ↓ downloading 0 files for communications_primer
/home/gian/agfarms/bucket-foundation/archive/communications_primer
? "Turing computable numbers 1936" → turingsvisionbir0000bern (Turing's vision : the birth of computer science)
  ↓ downloading 3 files for turingsvisionbir0000bern
    FAIL turingsvisionbir0000bern.pdf: HTTP Error 401: Unauthorized
    FAIL turingsvisionbir0000bern.epub: HTTP Error 403: Forbidden
    FAIL turingsvisionbir0000bern_djvu.txt: HTTP Error 401: Unauthorized
/home/gian/agfarms/bucket-foundation/archive/turingsvisionbir0000bern
? "Helmholtz On the Sensations of Tone" → onsensationsofto00helmrich (On the sensations of tone as a physiological basis for the t)
  ↓ downloading 3 files for onsensationsofto00helmrich
    skip (have): onsensationsofto00helmrich.pdf
    skip (have): onsensationsofto00helmrich.epub
    skip (have): onsensationsofto00helmrich_djvu.txt
/home/gian/agfarms/bucket-foundation/archive/onsensationsofto00helmrich
? "Helmholtz Treatise Physiological Optics" → ExtrasensoryPerceptionResearchFinding (Notes on the Paranormal)
  ↓ downloading 3 files for ExtrasensoryPerceptionResearchFinding
    skip (have): Extrasensory_Perception_Research_Finding.pdf
    skip (have): Extrasensory_Perception_Research_Finding.epub
    skip (have): Extrasensory_Perception_Research_Finding_djvu.txt
/home/gian/agfarms/bucket-foundation/archive/ExtrasensoryPerceptionResearchFinding
? "Schrodinger What is Life" → WhatIsLife-EdwardSchrodinger (WHAT IS LIFE? - ERWIN SCHRODINGER)
  ↓ downloading 3 files for WhatIsLife-EdwardSchrodinger
    skip (have): whatislife-schrodinger.pdf
    skip (have): whatislife-schrodinger.epub
    skip (have): whatislife-schrodinger_djvu.txt
/home/gian/agfarms/bucket-foundation/archive/WhatIsLife-EdwardSchrodinger
? "Schrödinger Mind and Matter" → Necktar2017Volume9 (Necktar 2017 volume 9)
  ↓ downloading 0 files for Necktar2017Volume9
/home/gian/agfarms/bucket-foundation/archive/Necktar2017Volume9
? "Bohr Atomic Theory Description Nature" → ExtrasensoryPerceptionResearchFinding (Notes on the Paranormal)
  ↓ downloading 3 files for ExtrasensoryPerceptionResearchFinding
    skip (have): Extrasensory_Perception_Research_Finding.pdf
    skip (have): Extrasensory_Perception_Research_Finding.epub
    skip (have): Extrasensory_Perception_Research_Finding_djvu.txt
/home/gian/agfarms/bucket-foundation/archive/ExtrasensoryPerceptionResearchFinding
? "Heisenberg Physics Philosophy" → 216.TheLastEpisodeAtLeastForAWhileOrMaybeForever_670 (216. The Last Episode, at Least for a While, or Maybe Foreve)
  ↓ downloading 0 files for 216.TheLastEpisodeAtLeastForAWhileOrMaybeForever_670
/home/gian/agfarms/bucket-foundation/archive/216.TheLastEpisodeAtLeastForAWhileOrMaybeForever_670
? "Pauli Wolfgang lectures physics" → 1_20210412_20210412_0345 (Epigenesis, Existentialism and Creativity)
  ↓ downloading 0 files for 1_20210412_20210412_0345
/home/gian/agfarms/bucket-foundation/archive/1_20210412_20210412_0345
? "Wigner Eugene mind in physics" → cia-readingroom-document-cia-rdp96-00787r000500380004-4 (CIA Reading Room cia-rdp96-00787r000500380004-4: PSYCHIC PRO)
  ↓ downloading 3 files for cia-readingroom-document-cia-rdp96-00787r000500380004-4
    skip (have): cia-rdp96-00787r000500380004-4.pdf
    skip (have): cia-rdp96-00787r000500380004-4.epub
    skip (have): cia-rdp96-00787r000500380004-4_djvu.txt
/home/gian/agfarms/bucket-foundation/archive/cia-readingroom-document-cia-rdp96-00787r000500380004-4
? "Wheeler Geons Black Holes Quantum Foam" → geonsblackholesq00whee (Geons, black holes, and quantum foam : a life in physics)
  ↓ downloading 3 files for geonsblackholesq00whee
    FAIL geonsblackholesq00whee.pdf: HTTP Error 401: Unauthorized
    FAIL geonsblackholesq00whee.epub: HTTP Error 401: Unauthorized
    FAIL geonsblackholesq00whee_djvu.txt: HTTP Error 401: Unauthorized
/home/gian/agfarms/bucket-foundation/archive/geonsblackholesq00whee
? "Pasteur fermentation" → mmoiresurlafer00past (Mémoire sur la fermentation alcoolique)
  ↓ downloading 2 files for mmoiresurlafer00past
    skip (have): mmoiresurlafer00past.pdf
    skip (have): mmoiresurlafer00past_djvu.txt
/home/gian/agfarms/bucket-foundation/archive/mmoiresurlafer00past
? "Darwin Origin of Species" → origin_species_librivox (On the Origin of Species by Means of Natural Selection)
  ↓ downloading 2 files for origin_species_librivox
    skip (have): On_the_Origin_of_Species_by_Means_of_Natural_Selection_1005.pdf
    skip (have): On_the_Origin_of_Species_by_Means_of_Natural_Selection_1005_djvu.txt
/home/gian/agfarms/bucket-foundation/archive/origin_species_librivox
? "Wallace contributions theory natural selection" → ExtrasensoryPerceptionResearchFinding (Notes on the Paranormal)
  ↓ downloading 3 files for ExtrasensoryPerceptionResearchFinding
    skip (have): Extrasensory_Perception_Research_Finding.pdf
    skip (have): Extrasensory_Perception_Research_Finding.epub
    skip (have): Extrasensory_Perception_Research_Finding_djvu.txt
/home/gian/agfarms/bucket-foundation/archive/ExtrasensoryPerceptionResearchFinding
? "Linus Pauling general chemistry" → introductiontoqu031712mbp (['Introduction To Quantum Mechanics', 'With Applications To Chemistry.'])
  ↓ downloading 3 files for introductiontoqu031712mbp
    skip (have): introductiontoqu031712mbp.pdf
    skip (have): introductiontoqu031712mbp.epub
    skip (have): introductiontoqu031712mbp_djvu.txt
/home/gian/agfarms/bucket-foundation/archive/introductiontoqu031712mbp
? "Linus Pauling vitamin C" → How_To_Live_Longer_And_Feel_Better_PDF (Linus Pauling PhD: How To Live Longer And Feel Better pdf)
  ↓ downloading 3 files for How_To_Live_Longer_And_Feel_Better_PDF
    skip (have): How to live longer and feel better - Pauling, Linus, 1901-1994.pdf
    skip (have): How to live longer and feel better - Pauling, Linus, 1901-1994.epub
    skip (have): How to live longer and feel better - Pauling, Linus, 1901-1994_djvu.txt
/home/gian/agfarms/bucket-foundation/archive/How_To_Live_Longer_And_Feel_Better_PDF
? "Crick what mad pursuit" → github.com-charlax-engineering-management_-_2022-10-31_07-54-00 (github.com-charlax-engineering-management_-_2022-10-31_07-54)
  ↓ downloading 0 files for github.com-charlax-engineering-management_-_2022-10-31_07-54-00
/home/gian/agfarms/bucket-foundation/archive/github.com-charlax-engineering-management_-_2022-10-31_07-54-00
? "Schrödinger statistical thermodynamics" → yavorskydetlafamodernhandbookofphysicsmir1982 (A Modern Handbook Of Physics)
  ↓ downloading 3 files for yavorskydetlafamodernhandbookofphysicsmir1982
    skip (have): Yavorsky-Detlaf-A-Modern-Handbook-of-Physics-Mir-1982.pdf
    skip (have): Yavorsky-Detlaf-A-Modern-Handbook-of-Physics-Mir-1982.epub
    skip (have): Yavorsky-Detlaf-A-Modern-Handbook-of-Physics-Mir-1982_djvu.txt
/home/gian/agfarms/bucket-foundation/archive/yavorskydetlafamodernhandbookofphysicsmir1982
? "Boltzmann lectures gas theory" → lectures-on-gas-theory-ludwig-boltzmann (Lectures on Gas Theory - Ludwig Boltzmann, Stephen G. Brush)
  ↓ downloading 3 files for lectures-on-gas-theory-ludwig-boltzmann
    skip (have): Lectures on Gas Theory - Ludwig Boltzmann.pdf
    skip (have): Lectures on Gas Theory - Ludwig Boltzmann.epub
    skip (have): Lectures on Gas Theory - Ludwig Boltzmann_djvu.txt
/home/gian/agfarms/bucket-foundation/archive/lectures-on-gas-theory-ludwig-boltzmann
? "Carnot reflections motive power fire" → cia-readingroom-document-cia-rdp79-01194a000400140001-7 (CIA Reading Room cia-rdp79-01194a000400140001-7: CA PROPAGAN)
  ↓ downloading 3 files for cia-readingroom-document-cia-rdp79-01194a000400140001-7
    skip (have): cia-rdp79-01194a000400140001-7.pdf
    skip (have): cia-rdp79-01194a000400140001-7.epub
    skip (have): cia-rdp79-01194a000400140001-7_djvu.txt
/home/gian/agfarms/bucket-foundation/archive/cia-readingroom-document-cia-rdp79-01194a000400140001-7
? "Planck thermodynamik thermodynamics" → vorlesungenbert01plangoog (Vorlesungen über thermodynamik)
  ↓ downloading 2 files for vorlesungenbert01plangoog
    skip (have): vorlesungenbert01plangoog.pdf
    skip (have): vorlesungenbert01plangoog_djvu.txt
/home/gian/agfarms/bucket-foundation/archive/vorlesungenbert01plangoog
? "Lavoisier elements chemistry" → understanding-science (Understanding Science, Collected Edition, Vols 1-12)
  ↓ downloading 3 files for understanding-science
    skip (have): Understanding_Science-Vol_01_jpg85.pdf
    skip (have): Understanding_Science-Vol_01_jpg85.epub
    skip (have): Understanding_Science-Vol_01_jpg85_djvu.txt
/home/gian/agfarms/bucket-foundation/archive/understanding-science
? "Fourier analytical theory heat" → analyticaltheory00fourrich (The analytical theory of heat)
  ↓ downloading 3 files for analyticaltheory00fourrich
    skip (have): analyticaltheory00fourrich.pdf
    skip (have): analyticaltheory00fourrich.epub
    skip (have): analyticaltheory00fourrich_djvu.txt
/home/gian/agfarms/bucket-foundation/archive/analyticaltheory00fourrich
? "Galileo dialogue two world systems" → GalileiGalileoDialogueConcerningTheTwoChiefWorldSystemsEN155P. (Galilei, Galileo - Dialogue Concerning the two Chief World S)
  ↓ downloading 3 files for GalileiGalileoDialogueConcerningTheTwoChiefWorldSystemsEN155P.
    skip (have): Galilei, Galileo - Dialogue Concerning the two Chief World Systems (EN, 155 p.).pdf
    skip (have): Galilei, Galileo - Dialogue Concerning the two Chief World Systems (EN, 155 p.).epub
    skip (have): Galilei, Galileo - Dialogue Concerning the two Chief World Systems (EN, 155 p.)_djvu.txt
/home/gian/agfarms/bucket-foundation/archive/GalileiGalileoDialogueConcerningTheTwoChiefWorldSystemsEN155P.
? "Feynman QED" → MIT8.701F20 (MIT 8.701 Introduction to Nuclear and Particle Physics, Fall)
  ↓ downloading 0 files for MIT8.701F20
/home/gian/agfarms/bucket-foundation/archive/MIT8.701F20
? "Crick Watson DNA" → MIT7.01SCF11 (OCW Scholar: Fundamentals of Biology)
  ↓ downloading 0 files for MIT7.01SCF11
/home/gian/agfarms/bucket-foundation/archive/MIT7.01SCF11
? "Darwin descent of man" → descent_man_1_1011_librivox (The Descent of Man and Selection in Relation to Sex Part 1)
  ↓ downloading 2 files for descent_man_1_1011_librivox
    skip (have): descentman1_1011.pdf
    skip (have): descentman1_1011_djvu.txt
/home/gian/agfarms/bucket-foundation/archive/descent_man_1_1011_librivox
[2026-08-03T16:46:44-04:00] === archive runner done ===
[2026-08-03T16:53:38-04:00] === archive runner start ===
  ↓ downloading 3 files for the-universal-one-1926-walter-russell
    skip (have): TheUniversalOne1926WalterRussell.pdf
    skip (have): TheUniversalOne1926WalterRussell.epub
    skip (have): TheUniversalOne1926WalterRussell_djvu.txt
/home/gian/agfarms/bucket-foundation/archive/the-universal-one-1926-walter-russell
  ↓ downloading 3 files for principlesofchem00menduoft
    skip (have): principlesofchem00menduoft.pdf
    skip (have): principlesofchem00menduoft.epub
    skip (have): principlesofchem00menduoft_djvu.txt
/home/gian/agfarms/bucket-foundation/archive/principlesofchem00menduoft
  ↓ downloading 3 files for principlesofchem01menduoft
    skip (have): principlesofchem01menduoft.pdf
    skip (have): principlesofchem01menduoft.epub
    skip (have): principlesofchem01menduoft_djvu.txt
/home/gian/agfarms/bucket-foundation/archive/principlesofchem01menduoft
? "walter russell new concept universe" → ExtrasensoryPerceptionResearchFinding (Notes on the Paranormal)
  ↓ downloading 3 files for ExtrasensoryPerceptionResearchFinding
    skip (have): Extrasensory_Perception_Research_Finding.pdf
    skip (have): Extrasensory_Perception_Research_Finding.epub
    skip (have): Extrasensory_Perception_Research_Finding_djvu.txt
/home/gian/agfarms/bucket-foundation/archive/ExtrasensoryPerceptionResearchFinding
  ↓ downloading 3 files for newtonspmathema00newtrich
    skip (have): newtonspmathema00newtrich.pdf
    skip (have): newtonspmathema00newtrich.epub
    skip (have): newtonspmathema00newtrich_djvu.txt
/home/gian/agfarms/bucket-foundation/archive/newtonspmathema00newtrich
  ↓ downloading 3 files for principia00newtuoft
    skip (have): principia00newtuoft.pdf
    skip (have): principia00newtuoft.epub
    skip (have): principia00newtuoft_djvu.txt
/home/gian/agfarms/bucket-foundation/archive/principia00newtuoft
? "Newton Opticks 1704" → opticks_1203_librivox (Opticks)
  ↓ downloading 2 files for opticks_1203_librivox
    skip (have): opticks_1207.pdf
    skip (have): opticks_1207_djvu.txt
/home/gian/agfarms/bucket-foundation/archive/opticks_1203_librivox
? "Maxwell Treatise on Electricity and Magnetism volume 1" → electricandmagne01maxwrich (A treatise on electricity and magnetism)
  ↓ downloading 3 files for electricandmagne01maxwrich
    skip (have): electricandmagne01maxwrich.pdf
    skip (have): electricandmagne01maxwrich.epub
    skip (have): electricandmagne01maxwrich_djvu.txt
/home/gian/agfarms/bucket-foundation/archive/electricandmagne01maxwrich
? "Maxwell Treatise on Electricity and Magnetism volume 2" → electricandmagne01maxwrich (A treatise on electricity and magnetism)
  ↓ downloading 3 files for electricandmagne01maxwrich
    skip (have): electricandmagne01maxwrich.pdf
    skip (have): electricandmagne01maxwrich.epub
    skip (have): electricandmagne01maxwrich_djvu.txt
/home/gian/agfarms/bucket-foundation/archive/electricandmagne01maxwrich
? "Maxwell scientific papers" → scientificpapers01maxw (The scientific papers of James Clerk Maxwell)
  ↓ downloading 3 files for scientificpapers01maxw
    skip (have): scientificpapers01maxw.pdf
    skip (have): scientificpapers01maxw.epub
    skip (have): scientificpapers01maxw_djvu.txt
/home/gian/agfarms/bucket-foundation/archive/scientificpapers01maxw
? "Faraday Experimental Researches in Electricity volume 1" → ExtrasensoryPerceptionResearchFinding (Notes on the Paranormal)
  ↓ downloading 3 files for ExtrasensoryPerceptionResearchFinding
    skip (have): Extrasensory_Perception_Research_Finding.pdf
    skip (have): Extrasensory_Perception_Research_Finding.epub
    skip (have): Extrasensory_Perception_Research_Finding_djvu.txt
/home/gian/agfarms/bucket-foundation/archive/ExtrasensoryPerceptionResearchFinding
? "Faraday Experimental Researches in Electricity volume 2" → ExtrasensoryPerceptionResearchFinding (Notes on the Paranormal)
  ↓ downloading 3 files for ExtrasensoryPerceptionResearchFinding
    skip (have): Extrasensory_Perception_Research_Finding.pdf
    skip (have): Extrasensory_Perception_Research_Finding.epub
    skip (have): Extrasensory_Perception_Research_Finding_djvu.txt
/home/gian/agfarms/bucket-foundation/archive/ExtrasensoryPerceptionResearchFinding
? "Faraday Experimental Researches in Electricity volume 3" → ExtrasensoryPerceptionResearchFinding (Notes on the Paranormal)
  ↓ downloading 3 files for ExtrasensoryPerceptionResearchFinding
    skip (have): Extrasensory_Perception_Research_Finding.pdf
    skip (have): Extrasensory_Perception_Research_Finding.epub
    skip (have): Extrasensory_Perception_Research_Finding_djvu.txt
/home/gian/agfarms/bucket-foundation/archive/ExtrasensoryPerceptionResearchFinding
? "Tesla My Inventions" → pbsnovadocs (PBS Nova Documentaries)
  ↓ downloading 0 files for pbsnovadocs
/home/gian/agfarms/bucket-foundation/archive/pbsnovadocs
? "Tesla Colorado Springs Notes" → majestic-12-files (MAJESTIC 12 Files)
  ↓ downloading 0 files for majestic-12-files
/home/gian/agfarms/bucket-foundation/archive/majestic-12-files
? "Tesla problem of increasing human energy" → sharware (chestnut-multimedia)
  ↓ downloading 2 files for sharware
    FAIL chestnut/DLR/CONTENTS.pdf: [Errno 2] No such file or directory: '/home/gian/agfarms/bucket-foundation/archive/sharware/chestnut/DLR/CONTENTS.pdf'
    FAIL chestnut/DLR/CONTENTS_djvu.txt: [Errno 2] No such file or directory: '/home/gian/agfarms/bucket-foundation/archive/sharware/chestnut/DLR/CONTENTS_djvu.txt'
/home/gian/agfarms/bucket-foundation/archive/sharware
? "Einstein Relativity special general theory" → relativity_librivox (Relativity: The Special and General Theory)
  ↓ downloading 2 files for relativity_librivox
    skip (have): relativity_1003.pdf
    skip (have): relativity_1003_djvu.txt
/home/gian/agfarms/bucket-foundation/archive/relativity_librivox
? "Einstein 1905 photoelectric" → cia-readingroom-document-cia-rdp96-00788r001100010004-6 (CIA Reading Room cia-rdp96-00788r001100010004-6: PROCEEDINGS)
  ↓ downloading 3 files for cia-readingroom-document-cia-rdp96-00788r001100010004-6
    skip (have): cia-rdp96-00788r001100010004-6.pdf
    skip (have): cia-rdp96-00788r001100010004-6.epub
    skip (have): cia-rdp96-00788r001100010004-6_djvu.txt
/home/gian/agfarms/bucket-foundation/archive/cia-readingroom-document-cia-rdp96-00788r001100010004-6
? "Szent-Györgyi Bioenergetics" → bioenergetics00szen (Bioenergetics)
  ↓ downloading 3 files for bioenergetics00szen
    skip (have): bioenergetics00szen.pdf
    skip (have): bioenergetics00szen.epub
    skip (have): bioenergetics00szen_djvu.txt
/home/gian/agfarms/bucket-foundation/archive/bioenergetics00szen
NO HITS: Szent-Györgyi submolecular biology
? "Becker Body Electric" → die-or-d.i.y.-full-archive ((Blogger) Die or D.I.Y.? Full Archive)
  ↓ downloading 0 files for die-or-d.i.y.-full-archive
/home/gian/agfarms/bucket-foundation/archive/die-or-d.i.y.-full-archive
? "Becker Cross Currents" → ExtrasensoryPerceptionResearchFinding (Notes on the Paranormal)
  ↓ downloading 3 files for ExtrasensoryPerceptionResearchFinding
    skip (have): Extrasensory_Perception_Research_Finding.pdf
    skip (have): Extrasensory_Perception_Research_Finding.epub
    skip (have): Extrasensory_Perception_Research_Finding_djvu.txt
/home/gian/agfarms/bucket-foundation/archive/ExtrasensoryPerceptionResearchFinding
? "Ling physical theory living state" → BluePlanetProjectUFOTECHNOLOGY (Blue Planet Project UFO TECHNOLOGY)
  ↓ downloading 3 files for BluePlanetProjectUFOTECHNOLOGY
    skip (have): Blue Planet Project UFO TECHNOLOGY.pdf
    skip (have): Blue Planet Project UFO TECHNOLOGY.epub
    skip (have): Blue Planet Project UFO TECHNOLOGY_djvu.txt
/home/gian/agfarms/bucket-foundation/archive/BluePlanetProjectUFOTECHNOLOGY
? "Ling association induction" → ibogaine_literature (Ibogaine Literature)
  ↓ downloading 3 files for ibogaine_literature
    skip (have): abaul1989.pdf
    skip (have): agwada1975.pdf
    skip (have): abaul1989_djvu.txt
/home/gian/agfarms/bucket-foundation/archive/ibogaine_literature
? "Nordenström Biologically Closed Electric Circuits" → biokinetic-impacts-on-structure-and-imaging-of-the-lung-the-concept-of-biologica (Biokinetic Impacts on Structure and Imaging of the Lung the )
  ↓ downloading 2 files for biokinetic-impacts-on-structure-and-imaging-of-the-lung-the-concept-of-biologica
    skip (have): Biokinetic impacts on structure and imaging of the lung the concept of biologically closed electric circuits - Nordenstrom AJR 1985.pdf
    skip (have): Biokinetic impacts on structure and imaging of the lung the concept of biologically closed electric circuits - Nordenstrom AJR 1985_djvu.txt
/home/gian/agfarms/bucket-foundation/archive/biokinetic-impacts-on-structure-and-imaging-of-the-lung-the-concept-of-biologica
? "Euclid Elements Heath translation" → EuclidsElementsBooksIIIVolume1Heath (Euclid's Elements Books I II Volume 1 Heath)
  ↓ downloading 2 files for EuclidsElementsBooksIIIVolume1Heath
    skip (have): Euclid's_Elements_Books_I-II_Volume_1-Heath.pdf
    skip (have): Euclid's_Elements_Books_I-II_Volume_1-Heath_djvu.txt
/home/gian/agfarms/bucket-foundation/archive/EuclidsElementsBooksIIIVolume1Heath
? "Gauss Disquisitiones Arithmeticae" → disquisitionesa00gaus (Disquisitiones arithmeticae)
  ↓ downloading 3 files for disquisitionesa00gaus
    skip (have): disquisitionesa00gaus.pdf
    skip (have): disquisitionesa00gaus.epub
    skip (have): disquisitionesa00gaus_djvu.txt
/home/gian/agfarms/bucket-foundation/archive/disquisitionesa00gaus
? "Riemann zeta hypothesis" → logicalcross (LogicalCross)
  ↓ downloading 2 files for logicalcross
    skip (have): essay.pdf
    skip (have): essay_djvu.txt
/home/gian/agfarms/bucket-foundation/archive/logicalcross
? "Cantor set theory" → YouDontNeedAWeathermanToKnowWhichWayTheWindBlows_925 (You Don't Need A Weatherman To Know Which Way The Wind Blows)
  ↓ downloading 3 files for YouDontNeedAWeathermanToKnowWhichWayTheWindBlows_925
    skip (have): YouDontNeedAWeathermanToKnowWhichWayTheWindBlows_925.pdf
    skip (have): YouDontNeedAWeathermanToKnowWhichWayTheWindBlows_925.epub
    skip (have): YouDontNeedAWeathermanToKnowWhichWayTheWindBlows_925_djvu.txt
/home/gian/agfarms/bucket-foundation/archive/YouDontNeedAWeathermanToKnowWhichWayTheWindBlows_925
? "Dirac Principles of Quantum Mechanics" → academictorrents_f24122f15283757aa8a9bf9cb638db266273442d ([Coursera] Exploring Quantum Physics)
  ↓ downloading 3 files for academictorrents_f24122f15283757aa8a9bf9cb638db266273442d
    FAIL Lectures/Week 1 - 02 Wavefunctions and Schrdinger Equation/01_Part_I-_Comments_on_studying_QM_10-11.pdf: [Errno 2] No such file or directory: '/home/gian/agfarms/bucket-foundation/archive/academictorrents_f24122f15283757aa8a9bf9cb638db266273442d/Lectures/Week 1 - 02 Wavefunctions and Schrdinger Equation/01_Part_I-_Comments_on_studying_QM_10-11.pdf'
    FAIL Lectures/Week 8 - 17 Time-dependent quantum mechanics Victor Galitski/01_Part_I-_Time-dependent_Schrdinger_Eq._general_remarks_23-04.pdf: [Errno 2] No such file or directory: '/home/gian/agfarms/bucket-foundation/archive/academictorrents_f24122f15283757aa8a9bf9cb638db266273442d/Lectures/Week 8 - 17 Time-dependent quantum mechanics Victor Galitski/01_Part_I-_Time-dependent_Schrdinger_Eq._general_remarks_23-04.pdf'
    FAIL Lectures/Week 1 - 02 Wavefunctions and Schrdinger Equation/01_Part_I-_Comments_on_studying_QM_10-11_djvu.txt: [Errno 2] No such file or directory: '/home/gian/agfarms/bucket-foundation/archive/academictorrents_f24122f15283757aa8a9bf9cb638db266273442d/Lectures/Week 1 - 02 Wavefunctions and Schrdinger Equation/01_Part_I-_Comments_on_studying_QM_10-11_djvu.txt'
/home/gian/agfarms/bucket-foundation/archive/academictorrents_f24122f15283757aa8a9bf9cb638db266273442d
? "Feynman lectures on physics" → academictorrents_f24122f15283757aa8a9bf9cb638db266273442d ([Coursera] Exploring Quantum Physics)
  ↓ downloading 3 files for academictorrents_f24122f15283757aa8a9bf9cb638db266273442d
    FAIL Lectures/Week 1 - 02 Wavefunctions and Schrdinger Equation/01_Part_I-_Comments_on_studying_QM_10-11.pdf: [Errno 2] No such file or directory: '/home/gian/agfarms/bucket-foundation/archive/academictorrents_f24122f15283757aa8a9bf9cb638db266273442d/Lectures/Week 1 - 02 Wavefunctions and Schrdinger Equation/01_Part_I-_Comments_on_studying_QM_10-11.pdf'
    FAIL Lectures/Week 8 - 17 Time-dependent quantum mechanics Victor Galitski/01_Part_I-_Time-dependent_Schrdinger_Eq._general_remarks_23-04.pdf: [Errno 2] No such file or directory: '/home/gian/agfarms/bucket-foundation/archive/academictorrents_f24122f15283757aa8a9bf9cb638db266273442d/Lectures/Week 8 - 17 Time-dependent quantum mechanics Victor Galitski/01_Part_I-_Time-dependent_Schrdinger_Eq._general_remarks_23-04.pdf'
    FAIL Lectures/Week 1 - 02 Wavefunctions and Schrdinger Equation/01_Part_I-_Comments_on_studying_QM_10-11_djvu.txt: [Errno 2] No such file or directory: '/home/gian/agfarms/bucket-foundation/archive/academictorrents_f24122f15283757aa8a9bf9cb638db266273442d/Lectures/Week 1 - 02 Wavefunctions and Schrdinger Equation/01_Part_I-_Comments_on_studying_QM_10-11_djvu.txt'
/home/gian/agfarms/bucket-foundation/archive/academictorrents_f24122f15283757aa8a9bf9cb638db266273442d
? "Shannon mathematical theory of communication" → communications_primer (Communications Primer, A)
  ↓ downloading 0 files for communications_primer
/home/gian/agfarms/bucket-foundation/archive/communications_primer
? "Turing computable numbers 1936" → turingsvisionbir0000bern (Turing's vision : the birth of computer science)
  ↓ downloading 3 files for turingsvisionbir0000bern
    FAIL turingsvisionbir0000bern.pdf: HTTP Error 401: Unauthorized
    FAIL turingsvisionbir0000bern.epub: HTTP Error 403: Forbidden
    FAIL turingsvisionbir0000bern_djvu.txt: HTTP Error 401: Unauthorized
/home/gian/agfarms/bucket-foundation/archive/turingsvisionbir0000bern
? "Helmholtz On the Sensations of Tone" → onsensationsofto00helmrich (On the sensations of tone as a physiological basis for the t)
  ↓ downloading 3 files for onsensationsofto00helmrich
    skip (have): onsensationsofto00helmrich.pdf
    skip (have): onsensationsofto00helmrich.epub
    skip (have): onsensationsofto00helmrich_djvu.txt
/home/gian/agfarms/bucket-foundation/archive/onsensationsofto00helmrich
? "Helmholtz Treatise Physiological Optics" → ExtrasensoryPerceptionResearchFinding (Notes on the Paranormal)
  ↓ downloading 3 files for ExtrasensoryPerceptionResearchFinding
    skip (have): Extrasensory_Perception_Research_Finding.pdf
    skip (have): Extrasensory_Perception_Research_Finding.epub
    skip (have): Extrasensory_Perception_Research_Finding_djvu.txt
/home/gian/agfarms/bucket-foundation/archive/ExtrasensoryPerceptionResearchFinding
? "Schrodinger What is Life" → WhatIsLife-EdwardSchrodinger (WHAT IS LIFE? - ERWIN SCHRODINGER)
  ↓ downloading 3 files for WhatIsLife-EdwardSchrodinger
    skip (have): whatislife-schrodinger.pdf
    skip (have): whatislife-schrodinger.epub
    skip (have): whatislife-schrodinger_djvu.txt
/home/gian/agfarms/bucket-foundation/archive/WhatIsLife-EdwardSchrodinger
? "Schrödinger Mind and Matter" → Necktar2017Volume9 (Necktar 2017 volume 9)
  ↓ downloading 0 files for Necktar2017Volume9
/home/gian/agfarms/bucket-foundation/archive/Necktar2017Volume9
? "Bohr Atomic Theory Description Nature" → ExtrasensoryPerceptionResearchFinding (Notes on the Paranormal)
  ↓ downloading 3 files for ExtrasensoryPerceptionResearchFinding
    skip (have): Extrasensory_Perception_Research_Finding.pdf
    skip (have): Extrasensory_Perception_Research_Finding.epub
    skip (have): Extrasensory_Perception_Research_Finding_djvu.txt
/home/gian/agfarms/bucket-foundation/archive/ExtrasensoryPerceptionResearchFinding
? "Heisenberg Physics Philosophy" → 216.TheLastEpisodeAtLeastForAWhileOrMaybeForever_670 (216. The Last Episode, at Least for a While, or Maybe Foreve)
  ↓ downloading 0 files for 216.TheLastEpisodeAtLeastForAWhileOrMaybeForever_670
/home/gian/agfarms/bucket-foundation/archive/216.TheLastEpisodeAtLeastForAWhileOrMaybeForever_670
? "Pauli Wolfgang lectures physics" → 1_20210412_20210412_0345 (Epigenesis, Existentialism and Creativity)
  ↓ downloading 0 files for 1_20210412_20210412_0345
/home/gian/agfarms/bucket-foundation/archive/1_20210412_20210412_0345
? "Wigner Eugene mind in physics" → cia-readingroom-document-cia-rdp96-00787r000500380004-4 (CIA Reading Room cia-rdp96-00787r000500380004-4: PSYCHIC PRO)
  ↓ downloading 3 files for cia-readingroom-document-cia-rdp96-00787r000500380004-4
    skip (have): cia-rdp96-00787r000500380004-4.pdf
    skip (have): cia-rdp96-00787r000500380004-4.epub
    skip (have): cia-rdp96-00787r000500380004-4_djvu.txt
/home/gian/agfarms/bucket-foundation/archive/cia-readingroom-document-cia-rdp96-00787r000500380004-4
? "Wheeler Geons Black Holes Quantum Foam" → geonsblackholesq00whee (Geons, black holes, and quantum foam : a life in physics)
  ↓ downloading 3 files for geonsblackholesq00whee
    FAIL geonsblackholesq00whee.pdf: HTTP Error 403: Forbidden
    FAIL geonsblackholesq00whee.epub: HTTP Error 401: Unauthorized
    FAIL geonsblackholesq00whee_djvu.txt: HTTP Error 401: Unauthorized
/home/gian/agfarms/bucket-foundation/archive/geonsblackholesq00whee
? "Pasteur fermentation" → mmoiresurlafer00past (Mémoire sur la fermentation alcoolique)
  ↓ downloading 2 files for mmoiresurlafer00past
    skip (have): mmoiresurlafer00past.pdf
    skip (have): mmoiresurlafer00past_djvu.txt
/home/gian/agfarms/bucket-foundation/archive/mmoiresurlafer00past
? "Darwin Origin of Species" → origin_species_librivox (On the Origin of Species by Means of Natural Selection)
  ↓ downloading 2 files for origin_species_librivox
    skip (have): On_the_Origin_of_Species_by_Means_of_Natural_Selection_1005.pdf
    skip (have): On_the_Origin_of_Species_by_Means_of_Natural_Selection_1005_djvu.txt
/home/gian/agfarms/bucket-foundation/archive/origin_species_librivox
? "Wallace contributions theory natural selection" → ExtrasensoryPerceptionResearchFinding (Notes on the Paranormal)
  ↓ downloading 3 files for ExtrasensoryPerceptionResearchFinding
    skip (have): Extrasensory_Perception_Research_Finding.pdf
    skip (have): Extrasensory_Perception_Research_Finding.epub
    skip (have): Extrasensory_Perception_Research_Finding_djvu.txt
/home/gian/agfarms/bucket-foundation/archive/ExtrasensoryPerceptionResearchFinding
? "Linus Pauling general chemistry" → introductiontoqu031712mbp (['Introduction To Quantum Mechanics', 'With Applications To Chemistry.'])
  ↓ downloading 3 files for introductiontoqu031712mbp
    skip (have): introductiontoqu031712mbp.pdf
    skip (have): introductiontoqu031712mbp.epub
    skip (have): introductiontoqu031712mbp_djvu.txt
/home/gian/agfarms/bucket-foundation/archive/introductiontoqu031712mbp
? "Linus Pauling vitamin C" → How_To_Live_Longer_And_Feel_Better_PDF (Linus Pauling PhD: How To Live Longer And Feel Better pdf)
  ↓ downloading 3 files for How_To_Live_Longer_And_Feel_Better_PDF
    skip (have): How to live longer and feel better - Pauling, Linus, 1901-1994.pdf
    skip (have): How to live longer and feel better - Pauling, Linus, 1901-1994.epub
    skip (have): How to live longer and feel better - Pauling, Linus, 1901-1994_djvu.txt
/home/gian/agfarms/bucket-foundation/archive/How_To_Live_Longer_And_Feel_Better_PDF
? "Crick what mad pursuit" → github.com-charlax-engineering-management_-_2022-10-31_07-54-00 (github.com-charlax-engineering-management_-_2022-10-31_07-54)
  ↓ downloading 0 files for github.com-charlax-engineering-management_-_2022-10-31_07-54-00
/home/gian/agfarms/bucket-foundation/archive/github.com-charlax-engineering-management_-_2022-10-31_07-54-00
? "Schrödinger statistical thermodynamics" → yavorskydetlafamodernhandbookofphysicsmir1982 (A Modern Handbook Of Physics)
  ↓ downloading 3 files for yavorskydetlafamodernhandbookofphysicsmir1982
    skip (have): Yavorsky-Detlaf-A-Modern-Handbook-of-Physics-Mir-1982.pdf
    skip (have): Yavorsky-Detlaf-A-Modern-Handbook-of-Physics-Mir-1982.epub
    skip (have): Yavorsky-Detlaf-A-Modern-Handbook-of-Physics-Mir-1982_djvu.txt
/home/gian/agfarms/bucket-foundation/archive/yavorskydetlafamodernhandbookofphysicsmir1982
? "Boltzmann lectures gas theory" → lectures-on-gas-theory-ludwig-boltzmann (Lectures on Gas Theory - Ludwig Boltzmann, Stephen G. Brush)
  ↓ downloading 3 files for lectures-on-gas-theory-ludwig-boltzmann
    skip (have): Lectures on Gas Theory - Ludwig Boltzmann.pdf
    skip (have): Lectures on Gas Theory - Ludwig Boltzmann.epub
    skip (have): Lectures on Gas Theory - Ludwig Boltzmann_djvu.txt
/home/gian/agfarms/bucket-foundation/archive/lectures-on-gas-theory-ludwig-boltzmann
? "Carnot reflections motive power fire" → cia-readingroom-document-cia-rdp79-01194a000400140001-7 (CIA Reading Room cia-rdp79-01194a000400140001-7: CA PROPAGAN)
  ↓ downloading 3 files for cia-readingroom-document-cia-rdp79-01194a000400140001-7
    skip (have): cia-rdp79-01194a000400140001-7.pdf
    skip (have): cia-rdp79-01194a000400140001-7.epub
    skip (have): cia-rdp79-01194a000400140001-7_djvu.txt
/home/gian/agfarms/bucket-foundation/archive/cia-readingroom-document-cia-rdp79-01194a000400140001-7
? "Planck thermodynamik thermodynamics" → vorlesungenbert01plangoog (Vorlesungen über thermodynamik)
  ↓ downloading 2 files for vorlesungenbert01plangoog
    skip (have): vorlesungenbert01plangoog.pdf
    skip (have): vorlesungenbert01plangoog_djvu.txt
/home/gian/agfarms/bucket-foundation/archive/vorlesungenbert01plangoog
? "Lavoisier elements chemistry" → understanding-science (Understanding Science, Collected Edition, Vols 1-12)
  ↓ downloading 3 files for understanding-science
    skip (have): Understanding_Science-Vol_01_jpg85.pdf
    skip (have): Understanding_Science-Vol_01_jpg85.epub
    skip (have): Understanding_Science-Vol_01_jpg85_djvu.txt
/home/gian/agfarms/bucket-foundation/archive/understanding-science
? "Fourier analytical theory heat" → analyticaltheory00fourrich (The analytical theory of heat)
  ↓ downloading 3 files for analyticaltheory00fourrich
    skip (have): analyticaltheory00fourrich.pdf
    skip (have): analyticaltheory00fourrich.epub
    skip (have): analyticaltheory00fourrich_djvu.txt
/home/gian/agfarms/bucket-foundation/archive/analyticaltheory00fourrich
? "Galileo dialogue two world systems" → GalileiGalileoDialogueConcerningTheTwoChiefWorldSystemsEN155P. (Galilei, Galileo - Dialogue Concerning the two Chief World S)
  ↓ downloading 3 files for GalileiGalileoDialogueConcerningTheTwoChiefWorldSystemsEN155P.
    skip (have): Galilei, Galileo - Dialogue Concerning the two Chief World Systems (EN, 155 p.).pdf
    skip (have): Galilei, Galileo - Dialogue Concerning the two Chief World Systems (EN, 155 p.).epub
    skip (have): Galilei, Galileo - Dialogue Concerning the two Chief World Systems (EN, 155 p.)_djvu.txt
/home/gian/agfarms/bucket-foundation/archive/GalileiGalileoDialogueConcerningTheTwoChiefWorldSystemsEN155P.
? "Feynman QED" → MIT8.701F20 (MIT 8.701 Introduction to Nuclear and Particle Physics, Fall)
  ↓ downloading 0 files for MIT8.701F20
/home/gian/agfarms/bucket-foundation/archive/MIT8.701F20
? "Crick Watson DNA" → MIT7.01SCF11 (OCW Scholar: Fundamentals of Biology)
  ↓ downloading 0 files for MIT7.01SCF11
/home/gian/agfarms/bucket-foundation/archive/MIT7.01SCF11
? "Darwin descent of man" → descent_man_1_1011_librivox (The Descent of Man and Selection in Relation to Sex Part 1)
  ↓ downloading 2 files for descent_man_1_1011_librivox
    skip (have): descentman1_1011.pdf
    skip (have): descentman1_1011_djvu.txt
/home/gian/agfarms/bucket-foundation/archive/descent_man_1_1011_librivox
[2026-08-03T16:55:42-04:00] === archive runner done ===
[2026-08-05T12:06:53-04:00] === archive runner start ===
  ↓ downloading 3 files for the-universal-one-1926-walter-russell
    skip (have): TheUniversalOne1926WalterRussell.pdf
    skip (have): TheUniversalOne1926WalterRussell.epub
    skip (have): TheUniversalOne1926WalterRussell_djvu.txt
/home/gian/agfarms/bucket-foundation/archive/the-universal-one-1926-walter-russell
  ↓ downloading 3 files for principlesofchem00menduoft
    skip (have): principlesofchem00menduoft.pdf
    skip (have): principlesofchem00menduoft.epub
    skip (have): principlesofchem00menduoft_djvu.txt
/home/gian/agfarms/bucket-foundation/archive/principlesofchem00menduoft
  ↓ downloading 3 files for principlesofchem01menduoft
    skip (have): principlesofchem01menduoft.pdf
    skip (have): principlesofchem01menduoft.epub
    skip (have): principlesofchem01menduoft_djvu.txt
/home/gian/agfarms/bucket-foundation/archive/principlesofchem01menduoft
? "walter russell new concept universe" → ExtrasensoryPerceptionResearchFinding (Notes on the Paranormal)
  ↓ downloading 3 files for ExtrasensoryPerceptionResearchFinding
    skip (have): Extrasensory_Perception_Research_Finding.pdf
    skip (have): Extrasensory_Perception_Research_Finding.epub
    skip (have): Extrasensory_Perception_Research_Finding_djvu.txt
/home/gian/agfarms/bucket-foundation/archive/ExtrasensoryPerceptionResearchFinding
  ↓ downloading 3 files for newtonspmathema00newtrich
    skip (have): newtonspmathema00newtrich.pdf
    skip (have): newtonspmathema00newtrich.epub
    skip (have): newtonspmathema00newtrich_djvu.txt
/home/gian/agfarms/bucket-foundation/archive/newtonspmathema00newtrich
  ↓ downloading 3 files for principia00newtuoft
    skip (have): principia00newtuoft.pdf
    skip (have): principia00newtuoft.epub
    skip (have): principia00newtuoft_djvu.txt
/home/gian/agfarms/bucket-foundation/archive/principia00newtuoft
? "Newton Opticks 1704" → opticks_1203_librivox (Opticks)
  ↓ downloading 2 files for opticks_1203_librivox
    skip (have): opticks_1207.pdf
    skip (have): opticks_1207_djvu.txt
/home/gian/agfarms/bucket-foundation/archive/opticks_1203_librivox
? "Maxwell Treatise on Electricity and Magnetism volume 1" → electricandmagne01maxwrich (A treatise on electricity and magnetism)
  ↓ downloading 3 files for electricandmagne01maxwrich
    skip (have): electricandmagne01maxwrich.pdf
    skip (have): electricandmagne01maxwrich.epub
    skip (have): electricandmagne01maxwrich_djvu.txt
/home/gian/agfarms/bucket-foundation/archive/electricandmagne01maxwrich
? "Maxwell Treatise on Electricity and Magnetism volume 2" → electricandmagne01maxwrich (A treatise on electricity and magnetism)
  ↓ downloading 3 files for electricandmagne01maxwrich
    skip (have): electricandmagne01maxwrich.pdf
    skip (have): electricandmagne01maxwrich.epub
    skip (have): electricandmagne01maxwrich_djvu.txt
/home/gian/agfarms/bucket-foundation/archive/electricandmagne01maxwrich
? "Maxwell scientific papers" → scientificpapers01maxw (The scientific papers of James Clerk Maxwell)
  ↓ downloading 3 files for scientificpapers01maxw
    skip (have): scientificpapers01maxw.pdf
    skip (have): scientificpapers01maxw.epub
    skip (have): scientificpapers01maxw_djvu.txt
/home/gian/agfarms/bucket-foundation/archive/scientificpapers01maxw
? "Faraday Experimental Researches in Electricity volume 1" → ExtrasensoryPerceptionResearchFinding (Notes on the Paranormal)
  ↓ downloading 3 files for ExtrasensoryPerceptionResearchFinding
    skip (have): Extrasensory_Perception_Research_Finding.pdf
    skip (have): Extrasensory_Perception_Research_Finding.epub
    skip (have): Extrasensory_Perception_Research_Finding_djvu.txt
/home/gian/agfarms/bucket-foundation/archive/ExtrasensoryPerceptionResearchFinding
? "Faraday Experimental Researches in Electricity volume 2" → ExtrasensoryPerceptionResearchFinding (Notes on the Paranormal)
  ↓ downloading 3 files for ExtrasensoryPerceptionResearchFinding
    skip (have): Extrasensory_Perception_Research_Finding.pdf
    skip (have): Extrasensory_Perception_Research_Finding.epub
    skip (have): Extrasensory_Perception_Research_Finding_djvu.txt
/home/gian/agfarms/bucket-foundation/archive/ExtrasensoryPerceptionResearchFinding
? "Faraday Experimental Researches in Electricity volume 3" → ExtrasensoryPerceptionResearchFinding (Notes on the Paranormal)
  ↓ downloading 3 files for ExtrasensoryPerceptionResearchFinding
    skip (have): Extrasensory_Perception_Research_Finding.pdf
    skip (have): Extrasensory_Perception_Research_Finding.epub
    skip (have): Extrasensory_Perception_Research_Finding_djvu.txt
/home/gian/agfarms/bucket-foundation/archive/ExtrasensoryPerceptionResearchFinding
? "Tesla My Inventions" → pbsnovadocs (PBS Nova Documentaries)
  ↓ downloading 0 files for pbsnovadocs
/home/gian/agfarms/bucket-foundation/archive/pbsnovadocs
? "Tesla Colorado Springs Notes" → majestic-12-files (MAJESTIC 12 Files)
  ↓ downloading 0 files for majestic-12-files
/home/gian/agfarms/bucket-foundation/archive/majestic-12-files
? "Tesla problem of increasing human energy" → sharware (chestnut-multimedia)
  ↓ downloading 2 files for sharware
    FAIL chestnut/DLR/CONTENTS.pdf: [Errno 2] No such file or directory: '/home/gian/agfarms/bucket-foundation/archive/sharware/chestnut/DLR/CONTENTS.pdf'
    FAIL chestnut/DLR/CONTENTS_djvu.txt: [Errno 2] No such file or directory: '/home/gian/agfarms/bucket-foundation/archive/sharware/chestnut/DLR/CONTENTS_djvu.txt'
/home/gian/agfarms/bucket-foundation/archive/sharware
? "Einstein Relativity special general theory" → relativity_librivox (Relativity: The Special and General Theory)
  ↓ downloading 2 files for relativity_librivox
    skip (have): relativity_1003.pdf
    skip (have): relativity_1003_djvu.txt
/home/gian/agfarms/bucket-foundation/archive/relativity_librivox
? "Einstein 1905 photoelectric" → cia-readingroom-document-cia-rdp96-00788r001100010004-6 (CIA Reading Room cia-rdp96-00788r001100010004-6: PROCEEDINGS)
  ↓ downloading 3 files for cia-readingroom-document-cia-rdp96-00788r001100010004-6
    skip (have): cia-rdp96-00788r001100010004-6.pdf
    skip (have): cia-rdp96-00788r001100010004-6.epub
    skip (have): cia-rdp96-00788r001100010004-6_djvu.txt
/home/gian/agfarms/bucket-foundation/archive/cia-readingroom-document-cia-rdp96-00788r001100010004-6
? "Szent-Györgyi Bioenergetics" → bioenergetics00szen (Bioenergetics)
  ↓ downloading 3 files for bioenergetics00szen
    skip (have): bioenergetics00szen.pdf
    skip (have): bioenergetics00szen.epub
    skip (have): bioenergetics00szen_djvu.txt
/home/gian/agfarms/bucket-foundation/archive/bioenergetics00szen
NO HITS: Szent-Györgyi submolecular biology
? "Becker Body Electric" → die-or-d.i.y.-full-archive ((Blogger) Die or D.I.Y.? Full Archive)
  ↓ downloading 0 files for die-or-d.i.y.-full-archive
/home/gian/agfarms/bucket-foundation/archive/die-or-d.i.y.-full-archive
? "Becker Cross Currents" → ExtrasensoryPerceptionResearchFinding (Notes on the Paranormal)
  ↓ downloading 3 files for ExtrasensoryPerceptionResearchFinding
    skip (have): Extrasensory_Perception_Research_Finding.pdf
    skip (have): Extrasensory_Perception_Research_Finding.epub
    skip (have): Extrasensory_Perception_Research_Finding_djvu.txt
/home/gian/agfarms/bucket-foundation/archive/ExtrasensoryPerceptionResearchFinding
? "Ling physical theory living state" → BluePlanetProjectUFOTECHNOLOGY (Blue Planet Project UFO TECHNOLOGY)
  ↓ downloading 3 files for BluePlanetProjectUFOTECHNOLOGY
    skip (have): Blue Planet Project UFO TECHNOLOGY.pdf
    skip (have): Blue Planet Project UFO TECHNOLOGY.epub
    skip (have): Blue Planet Project UFO TECHNOLOGY_djvu.txt
/home/gian/agfarms/bucket-foundation/archive/BluePlanetProjectUFOTECHNOLOGY
? "Ling association induction" → ibogaine_literature (Ibogaine Literature)
  ↓ downloading 3 files for ibogaine_literature
    skip (have): abaul1989.pdf
    skip (have): agwada1975.pdf
    skip (have): abaul1989_djvu.txt
/home/gian/agfarms/bucket-foundation/archive/ibogaine_literature
? "Nordenström Biologically Closed Electric Circuits" → biokinetic-impacts-on-structure-and-imaging-of-the-lung-the-concept-of-biologica (Biokinetic Impacts on Structure and Imaging of the Lung the )
  ↓ downloading 2 files for biokinetic-impacts-on-structure-and-imaging-of-the-lung-the-concept-of-biologica
    skip (have): Biokinetic impacts on structure and imaging of the lung the concept of biologically closed electric circuits - Nordenstrom AJR 1985.pdf
    skip (have): Biokinetic impacts on structure and imaging of the lung the concept of biologically closed electric circuits - Nordenstrom AJR 1985_djvu.txt
/home/gian/agfarms/bucket-foundation/archive/biokinetic-impacts-on-structure-and-imaging-of-the-lung-the-concept-of-biologica
? "Euclid Elements Heath translation" → EuclidsElementsBooksIIIVolume1Heath (Euclid's Elements Books I II Volume 1 Heath)
  ↓ downloading 2 files for EuclidsElementsBooksIIIVolume1Heath
    skip (have): Euclid's_Elements_Books_I-II_Volume_1-Heath.pdf
    skip (have): Euclid's_Elements_Books_I-II_Volume_1-Heath_djvu.txt
/home/gian/agfarms/bucket-foundation/archive/EuclidsElementsBooksIIIVolume1Heath
? "Gauss Disquisitiones Arithmeticae" → disquisitionesa00gaus (Disquisitiones arithmeticae)
  ↓ downloading 3 files for disquisitionesa00gaus
    skip (have): disquisitionesa00gaus.pdf
    skip (have): disquisitionesa00gaus.epub
    skip (have): disquisitionesa00gaus_djvu.txt
/home/gian/agfarms/bucket-foundation/archive/disquisitionesa00gaus
? "Riemann zeta hypothesis" → logicalcross (LogicalCross)
  ↓ downloading 2 files for logicalcross
    skip (have): essay.pdf
    skip (have): essay_djvu.txt
/home/gian/agfarms/bucket-foundation/archive/logicalcross
? "Cantor set theory" → YouDontNeedAWeathermanToKnowWhichWayTheWindBlows_925 (You Don't Need A Weatherman To Know Which Way The Wind Blows)
  ↓ downloading 3 files for YouDontNeedAWeathermanToKnowWhichWayTheWindBlows_925
    skip (have): YouDontNeedAWeathermanToKnowWhichWayTheWindBlows_925.pdf
    skip (have): YouDontNeedAWeathermanToKnowWhichWayTheWindBlows_925.epub
    skip (have): YouDontNeedAWeathermanToKnowWhichWayTheWindBlows_925_djvu.txt
/home/gian/agfarms/bucket-foundation/archive/YouDontNeedAWeathermanToKnowWhichWayTheWindBlows_925
? "Dirac Principles of Quantum Mechanics" → academictorrents_f24122f15283757aa8a9bf9cb638db266273442d ([Coursera] Exploring Quantum Physics)
  ↓ downloading 3 files for academictorrents_f24122f15283757aa8a9bf9cb638db266273442d
    FAIL Lectures/Week 1 - 02 Wavefunctions and Schrdinger Equation/01_Part_I-_Comments_on_studying_QM_10-11.pdf: [Errno 2] No such file or directory: '/home/gian/agfarms/bucket-foundation/archive/academictorrents_f24122f15283757aa8a9bf9cb638db266273442d/Lectures/Week 1 - 02 Wavefunctions and Schrdinger Equation/01_Part_I-_Comments_on_studying_QM_10-11.pdf'
    FAIL Lectures/Week 8 - 17 Time-dependent quantum mechanics Victor Galitski/01_Part_I-_Time-dependent_Schrdinger_Eq._general_remarks_23-04.pdf: HTTP Error 500: Internal Server Error
    FAIL Lectures/Week 1 - 02 Wavefunctions and Schrdinger Equation/01_Part_I-_Comments_on_studying_QM_10-11_djvu.txt: [Errno 2] No such file or directory: '/home/gian/agfarms/bucket-foundation/archive/academictorrents_f24122f15283757aa8a9bf9cb638db266273442d/Lectures/Week 1 - 02 Wavefunctions and Schrdinger Equation/01_Part_I-_Comments_on_studying_QM_10-11_djvu.txt'
/home/gian/agfarms/bucket-foundation/archive/academictorrents_f24122f15283757aa8a9bf9cb638db266273442d
? "Feynman lectures on physics" → academictorrents_f24122f15283757aa8a9bf9cb638db266273442d ([Coursera] Exploring Quantum Physics)
  ↓ downloading 3 files for academictorrents_f24122f15283757aa8a9bf9cb638db266273442d
    FAIL Lectures/Week 1 - 02 Wavefunctions and Schrdinger Equation/01_Part_I-_Comments_on_studying_QM_10-11.pdf: [Errno 2] No such file or directory: '/home/gian/agfarms/bucket-foundation/archive/academictorrents_f24122f15283757aa8a9bf9cb638db266273442d/Lectures/Week 1 - 02 Wavefunctions and Schrdinger Equation/01_Part_I-_Comments_on_studying_QM_10-11.pdf'
    FAIL Lectures/Week 8 - 17 Time-dependent quantum mechanics Victor Galitski/01_Part_I-_Time-dependent_Schrdinger_Eq._general_remarks_23-04.pdf: HTTP Error 500: Internal Server Error
    FAIL Lectures/Week 1 - 02 Wavefunctions and Schrdinger Equation/01_Part_I-_Comments_on_studying_QM_10-11_djvu.txt: [Errno 2] No such file or directory: '/home/gian/agfarms/bucket-foundation/archive/academictorrents_f24122f15283757aa8a9bf9cb638db266273442d/Lectures/Week 1 - 02 Wavefunctions and Schrdinger Equation/01_Part_I-_Comments_on_studying_QM_10-11_djvu.txt'
/home/gian/agfarms/bucket-foundation/archive/academictorrents_f24122f15283757aa8a9bf9cb638db266273442d
? "Shannon mathematical theory of communication" → communications_primer (Communications Primer, A)
  ↓ downloading 0 files for communications_primer
/home/gian/agfarms/bucket-foundation/archive/communications_primer
? "Turing computable numbers 1936" → youtube-BbnDmeNojFA (Como Reinventar o Computador do Zero)
  ↓ downloading 0 files for youtube-BbnDmeNojFA
/home/gian/agfarms/bucket-foundation/archive/youtube-BbnDmeNojFA
? "Helmholtz On the Sensations of Tone" → onsensationsofto00helmrich (On the sensations of tone as a physiological basis for the t)
  ↓ downloading 3 files for onsensationsofto00helmrich
    skip (have): onsensationsofto00helmrich.pdf
    skip (have): onsensationsofto00helmrich.epub
    skip (have): onsensationsofto00helmrich_djvu.txt
/home/gian/agfarms/bucket-foundation/archive/onsensationsofto00helmrich
? "Helmholtz Treatise Physiological Optics" → ExtrasensoryPerceptionResearchFinding (Notes on the Paranormal)
  ↓ downloading 3 files for ExtrasensoryPerceptionResearchFinding
    skip (have): Extrasensory_Perception_Research_Finding.pdf
    skip (have): Extrasensory_Perception_Research_Finding.epub
    skip (have): Extrasensory_Perception_Research_Finding_djvu.txt
/home/gian/agfarms/bucket-foundation/archive/ExtrasensoryPerceptionResearchFinding
? "Schrodinger What is Life" → Necktar2017Volume9 (Necktar 2017 volume 9)
  ↓ downloading 0 files for Necktar2017Volume9
/home/gian/agfarms/bucket-foundation/archive/Necktar2017Volume9
? "Schrödinger Mind and Matter" → Necktar2017Volume9 (Necktar 2017 volume 9)
  ↓ downloading 0 files for Necktar2017Volume9
/home/gian/agfarms/bucket-foundation/archive/Necktar2017Volume9
? "Bohr Atomic Theory Description Nature" → ExtrasensoryPerceptionResearchFinding (Notes on the Paranormal)
  ↓ downloading 3 files for ExtrasensoryPerceptionResearchFinding
    skip (have): Extrasensory_Perception_Research_Finding.pdf
    skip (have): Extrasensory_Perception_Research_Finding.epub
    skip (have): Extrasensory_Perception_Research_Finding_djvu.txt
/home/gian/agfarms/bucket-foundation/archive/ExtrasensoryPerceptionResearchFinding
? "Heisenberg Physics Philosophy" → 216.TheLastEpisodeAtLeastForAWhileOrMaybeForever_670 (216. The Last Episode, at Least for a While, or Maybe Foreve)
  ↓ downloading 0 files for 216.TheLastEpisodeAtLeastForAWhileOrMaybeForever_670
/home/gian/agfarms/bucket-foundation/archive/216.TheLastEpisodeAtLeastForAWhileOrMaybeForever_670
? "Pauli Wolfgang lectures physics" → 1_20210412_20210412_0345 (Epigenesis, Existentialism and Creativity)
  ↓ downloading 0 files for 1_20210412_20210412_0345
/home/gian/agfarms/bucket-foundation/archive/1_20210412_20210412_0345
? "Wigner Eugene mind in physics" → cia-readingroom-document-cia-rdp96-00787r000500380004-4 (CIA Reading Room cia-rdp96-00787r000500380004-4: PSYCHIC PRO)
  ↓ downloading 3 files for cia-readingroom-document-cia-rdp96-00787r000500380004-4
    skip (have): cia-rdp96-00787r000500380004-4.pdf
    skip (have): cia-rdp96-00787r000500380004-4.epub
    skip (have): cia-rdp96-00787r000500380004-4_djvu.txt
/home/gian/agfarms/bucket-foundation/archive/cia-readingroom-document-cia-rdp96-00787r000500380004-4
? "Wheeler Geons Black Holes Quantum Foam" → geonsblackholesq00whee (Geons, black holes, and quantum foam : a life in physics)
  ↓ downloading 3 files for geonsblackholesq00whee
    FAIL geonsblackholesq00whee.pdf: HTTP Error 403: Forbidden
    FAIL geonsblackholesq00whee.epub: HTTP Error 403: Forbidden
    FAIL geonsblackholesq00whee_djvu.txt: HTTP Error 403: Forbidden
/home/gian/agfarms/bucket-foundation/archive/geonsblackholesq00whee
? "Pasteur fermentation" → mmoiresurlafer00past (Mémoire sur la fermentation alcoolique)
  ↓ downloading 2 files for mmoiresurlafer00past
    skip (have): mmoiresurlafer00past.pdf
    skip (have): mmoiresurlafer00past_djvu.txt
/home/gian/agfarms/bucket-foundation/archive/mmoiresurlafer00past
? "Darwin Origin of Species" → origin_species_librivox (On the Origin of Species by Means of Natural Selection)
  ↓ downloading 2 files for origin_species_librivox
    skip (have): On_the_Origin_of_Species_by_Means_of_Natural_Selection_1005.pdf
    skip (have): On_the_Origin_of_Species_by_Means_of_Natural_Selection_1005_djvu.txt
/home/gian/agfarms/bucket-foundation/archive/origin_species_librivox
? "Wallace contributions theory natural selection" → ExtrasensoryPerceptionResearchFinding (Notes on the Paranormal)
  ↓ downloading 3 files for ExtrasensoryPerceptionResearchFinding
    skip (have): Extrasensory_Perception_Research_Finding.pdf
    skip (have): Extrasensory_Perception_Research_Finding.epub
    skip (have): Extrasensory_Perception_Research_Finding_djvu.txt
/home/gian/agfarms/bucket-foundation/archive/ExtrasensoryPerceptionResearchFinding
? "Linus Pauling general chemistry" → introductiontoqu031712mbp (['Introduction To Quantum Mechanics', 'With Applications To Chemistry.'])
  ↓ downloading 3 files for introductiontoqu031712mbp
    skip (have): introductiontoqu031712mbp.pdf
    skip (have): introductiontoqu031712mbp.epub
    skip (have): introductiontoqu031712mbp_djvu.txt
/home/gian/agfarms/bucket-foundation/archive/introductiontoqu031712mbp
? "Linus Pauling vitamin C" → How_To_Live_Longer_And_Feel_Better_PDF (Linus Pauling PhD: How To Live Longer And Feel Better pdf)
  ↓ downloading 3 files for How_To_Live_Longer_And_Feel_Better_PDF
    skip (have): How to live longer and feel better - Pauling, Linus, 1901-1994.pdf
    skip (have): How to live longer and feel better - Pauling, Linus, 1901-1994.epub
    skip (have): How to live longer and feel better - Pauling, Linus, 1901-1994_djvu.txt
/home/gian/agfarms/bucket-foundation/archive/How_To_Live_Longer_And_Feel_Better_PDF
? "Crick what mad pursuit" → oxfordbookofmode0000unse_a2g6 (The Oxford book of modern science writing)
  ↓ downloading 3 files for oxfordbookofmode0000unse_a2g6
    FAIL oxfordbookofmode0000unse_a2g6.pdf: HTTP Error 401: Unauthorized
    FAIL oxfordbookofmode0000unse_a2g6.epub: HTTP Error 401: Unauthorized
    FAIL oxfordbookofmode0000unse_a2g6_djvu.txt: HTTP Error 401: Unauthorized
/home/gian/agfarms/bucket-foundation/archive/oxfordbookofmode0000unse_a2g6
? "Schrödinger statistical thermodynamics" → yavorskydetlafamodernhandbookofphysicsmir1982 (A Modern Handbook Of Physics)
  ↓ downloading 3 files for yavorskydetlafamodernhandbookofphysicsmir1982
    skip (have): Yavorsky-Detlaf-A-Modern-Handbook-of-Physics-Mir-1982.pdf
    skip (have): Yavorsky-Detlaf-A-Modern-Handbook-of-Physics-Mir-1982.epub
    skip (have): Yavorsky-Detlaf-A-Modern-Handbook-of-Physics-Mir-1982_djvu.txt
/home/gian/agfarms/bucket-foundation/archive/yavorskydetlafamodernhandbookofphysicsmir1982
? "Boltzmann lectures gas theory" → lectures-on-gas-theory-ludwig-boltzmann (Lectures on Gas Theory - Ludwig Boltzmann, Stephen G. Brush)
  ↓ downloading 3 files for lectures-on-gas-theory-ludwig-boltzmann
    skip (have): Lectures on Gas Theory - Ludwig Boltzmann.pdf
    skip (have): Lectures on Gas Theory - Ludwig Boltzmann.epub
    skip (have): Lectures on Gas Theory - Ludwig Boltzmann_djvu.txt
/home/gian/agfarms/bucket-foundation/archive/lectures-on-gas-theory-ludwig-boltzmann
? "Carnot reflections motive power fire" → cia-readingroom-document-cia-rdp79-01194a000400140001-7 (CIA Reading Room cia-rdp79-01194a000400140001-7: CA PROPAGAN)
  ↓ downloading 3 files for cia-readingroom-document-cia-rdp79-01194a000400140001-7
    skip (have): cia-rdp79-01194a000400140001-7.pdf
    skip (have): cia-rdp79-01194a000400140001-7.epub
    skip (have): cia-rdp79-01194a000400140001-7_djvu.txt
/home/gian/agfarms/bucket-foundation/archive/cia-readingroom-document-cia-rdp79-01194a000400140001-7
? "Planck thermodynamik thermodynamics" → vorlesungenbert01plangoog (Vorlesungen über thermodynamik)
  ↓ downloading 2 files for vorlesungenbert01plangoog
    skip (have): vorlesungenbert01plangoog.pdf
    skip (have): vorlesungenbert01plangoog_djvu.txt
/home/gian/agfarms/bucket-foundation/archive/vorlesungenbert01plangoog
? "Lavoisier elements chemistry" → understanding-science (Understanding Science, Collected Edition, Vols 1-12)
  ↓ downloading 3 files for understanding-science
    skip (have): Understanding_Science-Vol_01_jpg85.pdf
    skip (have): Understanding_Science-Vol_01_jpg85.epub
    skip (have): Understanding_Science-Vol_01_jpg85_djvu.txt
/home/gian/agfarms/bucket-foundation/archive/understanding-science
? "Fourier analytical theory heat" → analyticaltheory00fourrich (The analytical theory of heat)
  ↓ downloading 3 files for analyticaltheory00fourrich
    skip (have): analyticaltheory00fourrich.pdf
    skip (have): analyticaltheory00fourrich.epub
    skip (have): analyticaltheory00fourrich_djvu.txt
/home/gian/agfarms/bucket-foundation/archive/analyticaltheory00fourrich
? "Galileo dialogue two world systems" → GalileiGalileoDialogueConcerningTheTwoChiefWorldSystemsEN155P. (Galilei, Galileo - Dialogue Concerning the two Chief World S)
  ↓ downloading 3 files for GalileiGalileoDialogueConcerningTheTwoChiefWorldSystemsEN155P.
    skip (have): Galilei, Galileo - Dialogue Concerning the two Chief World Systems (EN, 155 p.).pdf
    skip (have): Galilei, Galileo - Dialogue Concerning the two Chief World Systems (EN, 155 p.).epub
    skip (have): Galilei, Galileo - Dialogue Concerning the two Chief World Systems (EN, 155 p.)_djvu.txt
/home/gian/agfarms/bucket-foundation/archive/GalileiGalileoDialogueConcerningTheTwoChiefWorldSystemsEN155P.
? "Feynman QED" → MIT8.701F20 (MIT 8.701 Introduction to Nuclear and Particle Physics, Fall)
  ↓ downloading 0 files for MIT8.701F20
/home/gian/agfarms/bucket-foundation/archive/MIT8.701F20
? "Crick Watson DNA" → MIT7.01SCF11 (OCW Scholar: Fundamentals of Biology)
  ↓ downloading 0 files for MIT7.01SCF11
/home/gian/agfarms/bucket-foundation/archive/MIT7.01SCF11
? "Darwin descent of man" → descent_man_1_1011_librivox (The Descent of Man and Selection in Relation to Sex Part 1)
  ↓ downloading 2 files for descent_man_1_1011_librivox
    skip (have): descentman1_1011.pdf
    skip (have): descentman1_1011_djvu.txt
/home/gian/agfarms/bucket-foundation/archive/descent_man_1_1011_librivox
[2026-08-05T12:09:20-04:00] === archive runner done ===
[2026-08-06T19:05:42-04:00] === archive runner start ===
  ↓ downloading 3 files for the-universal-one-1926-walter-russell
    skip (have): TheUniversalOne1926WalterRussell.pdf
    skip (have): TheUniversalOne1926WalterRussell.epub
    skip (have): TheUniversalOne1926WalterRussell_djvu.txt
/home/gian/agfarms/bucket-foundation/archive/the-universal-one-1926-walter-russell
  ↓ downloading 3 files for principlesofchem00menduoft
    skip (have): principlesofchem00menduoft.pdf
    skip (have): principlesofchem00menduoft.epub
    skip (have): principlesofchem00menduoft_djvu.txt
/home/gian/agfarms/bucket-foundation/archive/principlesofchem00menduoft
  ↓ downloading 3 files for principlesofchem01menduoft
    skip (have): principlesofchem01menduoft.pdf
    skip (have): principlesofchem01menduoft.epub
    skip (have): principlesofchem01menduoft_djvu.txt
/home/gian/agfarms/bucket-foundation/archive/principlesofchem01menduoft
? "walter russell new concept universe" → ExtrasensoryPerceptionResearchFinding (Notes on the Paranormal)
  ↓ downloading 3 files for ExtrasensoryPerceptionResearchFinding
    skip (have): Extrasensory_Perception_Research_Finding.pdf
    skip (have): Extrasensory_Perception_Research_Finding.epub
    skip (have): Extrasensory_Perception_Research_Finding_djvu.txt
/home/gian/agfarms/bucket-foundation/archive/ExtrasensoryPerceptionResearchFinding
  ↓ downloading 3 files for newtonspmathema00newtrich
    skip (have): newtonspmathema00newtrich.pdf
    skip (have): newtonspmathema00newtrich.epub
    skip (have): newtonspmathema00newtrich_djvu.txt
/home/gian/agfarms/bucket-foundation/archive/newtonspmathema00newtrich
  ↓ downloading 3 files for principia00newtuoft
    skip (have): principia00newtuoft.pdf
    skip (have): principia00newtuoft.epub
    skip (have): principia00newtuoft_djvu.txt
/home/gian/agfarms/bucket-foundation/archive/principia00newtuoft
? "Newton Opticks 1704" → opticks_1203_librivox (Opticks)
  ↓ downloading 2 files for opticks_1203_librivox
    skip (have): opticks_1207.pdf
    skip (have): opticks_1207_djvu.txt
/home/gian/agfarms/bucket-foundation/archive/opticks_1203_librivox
? "Maxwell Treatise on Electricity and Magnetism volume 1" → electricandmagne01maxwrich (A treatise on electricity and magnetism)
  ↓ downloading 3 files for electricandmagne01maxwrich
    skip (have): electricandmagne01maxwrich.pdf
    skip (have): electricandmagne01maxwrich.epub
    skip (have): electricandmagne01maxwrich_djvu.txt
/home/gian/agfarms/bucket-foundation/archive/electricandmagne01maxwrich
? "Maxwell Treatise on Electricity and Magnetism volume 2" → electricandmagne01maxwrich (A treatise on electricity and magnetism)
  ↓ downloading 3 files for electricandmagne01maxwrich
    skip (have): electricandmagne01maxwrich.pdf
    skip (have): electricandmagne01maxwrich.epub
    skip (have): electricandmagne01maxwrich_djvu.txt
/home/gian/agfarms/bucket-foundation/archive/electricandmagne01maxwrich
? "Maxwell scientific papers" → scientificpapers01maxw (The scientific papers of James Clerk Maxwell)
  ↓ downloading 3 files for scientificpapers01maxw
    skip (have): scientificpapers01maxw.pdf
    skip (have): scientificpapers01maxw.epub
    skip (have): scientificpapers01maxw_djvu.txt
/home/gian/agfarms/bucket-foundation/archive/scientificpapers01maxw
? "Faraday Experimental Researches in Electricity volume 1" → ExtrasensoryPerceptionResearchFinding (Notes on the Paranormal)
  ↓ downloading 3 files for ExtrasensoryPerceptionResearchFinding
    skip (have): Extrasensory_Perception_Research_Finding.pdf
    skip (have): Extrasensory_Perception_Research_Finding.epub
    skip (have): Extrasensory_Perception_Research_Finding_djvu.txt
/home/gian/agfarms/bucket-foundation/archive/ExtrasensoryPerceptionResearchFinding
? "Faraday Experimental Researches in Electricity volume 2" → ExtrasensoryPerceptionResearchFinding (Notes on the Paranormal)
  ↓ downloading 3 files for ExtrasensoryPerceptionResearchFinding
    skip (have): Extrasensory_Perception_Research_Finding.pdf
    skip (have): Extrasensory_Perception_Research_Finding.epub
    skip (have): Extrasensory_Perception_Research_Finding_djvu.txt
/home/gian/agfarms/bucket-foundation/archive/ExtrasensoryPerceptionResearchFinding
? "Faraday Experimental Researches in Electricity volume 3" → ExtrasensoryPerceptionResearchFinding (Notes on the Paranormal)
  ↓ downloading 3 files for ExtrasensoryPerceptionResearchFinding
    skip (have): Extrasensory_Perception_Research_Finding.pdf
    skip (have): Extrasensory_Perception_Research_Finding.epub
    skip (have): Extrasensory_Perception_Research_Finding_djvu.txt
/home/gian/agfarms/bucket-foundation/archive/ExtrasensoryPerceptionResearchFinding
? "Tesla My Inventions" → pbsnovadocs (PBS Nova Documentaries)
  ↓ downloading 0 files for pbsnovadocs
/home/gian/agfarms/bucket-foundation/archive/pbsnovadocs
? "Tesla Colorado Springs Notes" → majestic-12-files (MAJESTIC 12 Files)
  ↓ downloading 0 files for majestic-12-files
/home/gian/agfarms/bucket-foundation/archive/majestic-12-files
? "Tesla problem of increasing human energy" → sharware (chestnut-multimedia)
  ↓ downloading 2 files for sharware
    FAIL chestnut/DLR/CONTENTS.pdf: [Errno 2] No such file or directory: '/home/gian/agfarms/bucket-foundation/archive/sharware/chestnut/DLR/CONTENTS.pdf'
    FAIL chestnut/DLR/CONTENTS_djvu.txt: HTTP Error 500: Internal Server Error
/home/gian/agfarms/bucket-foundation/archive/sharware
? "Einstein Relativity special general theory" → relativity_librivox (Relativity: The Special and General Theory)
  ↓ downloading 2 files for relativity_librivox
    skip (have): relativity_1003.pdf
    skip (have): relativity_1003_djvu.txt
/home/gian/agfarms/bucket-foundation/archive/relativity_librivox
? "Einstein 1905 photoelectric" → cia-readingroom-document-cia-rdp96-00788r001100010004-6 (CIA Reading Room cia-rdp96-00788r001100010004-6: PROCEEDINGS)
  ↓ downloading 3 files for cia-readingroom-document-cia-rdp96-00788r001100010004-6
    skip (have): cia-rdp96-00788r001100010004-6.pdf
    skip (have): cia-rdp96-00788r001100010004-6.epub
    skip (have): cia-rdp96-00788r001100010004-6_djvu.txt
/home/gian/agfarms/bucket-foundation/archive/cia-readingroom-document-cia-rdp96-00788r001100010004-6
? "Szent-Györgyi Bioenergetics" → bioenergetics00szen (Bioenergetics)
  ↓ downloading 3 files for bioenergetics00szen
    skip (have): bioenergetics00szen.pdf
    skip (have): bioenergetics00szen.epub
    skip (have): bioenergetics00szen_djvu.txt
/home/gian/agfarms/bucket-foundation/archive/bioenergetics00szen
NO HITS: Szent-Györgyi submolecular biology
? "Becker Body Electric" → die-or-d.i.y.-full-archive ((Blogger) Die or D.I.Y.? Full Archive)
  ↓ downloading 0 files for die-or-d.i.y.-full-archive
/home/gian/agfarms/bucket-foundation/archive/die-or-d.i.y.-full-archive
? "Becker Cross Currents" → ExtrasensoryPerceptionResearchFinding (Notes on the Paranormal)
  ↓ downloading 3 files for ExtrasensoryPerceptionResearchFinding
    skip (have): Extrasensory_Perception_Research_Finding.pdf
    skip (have): Extrasensory_Perception_Research_Finding.epub
    skip (have): Extrasensory_Perception_Research_Finding_djvu.txt
/home/gian/agfarms/bucket-foundation/archive/ExtrasensoryPerceptionResearchFinding
? "Ling physical theory living state" → BluePlanetProjectUFOTECHNOLOGY (Blue Planet Project UFO TECHNOLOGY)
  ↓ downloading 3 files for BluePlanetProjectUFOTECHNOLOGY
    skip (have): Blue Planet Project UFO TECHNOLOGY.pdf
    skip (have): Blue Planet Project UFO TECHNOLOGY.epub
    skip (have): Blue Planet Project UFO TECHNOLOGY_djvu.txt
/home/gian/agfarms/bucket-foundation/archive/BluePlanetProjectUFOTECHNOLOGY
? "Ling association induction" → ibogaine_literature (Ibogaine Literature)
  ↓ downloading 3 files for ibogaine_literature
    skip (have): abaul1989.pdf
    skip (have): agwada1975.pdf
    skip (have): abaul1989_djvu.txt
/home/gian/agfarms/bucket-foundation/archive/ibogaine_literature
? "Nordenström Biologically Closed Electric Circuits" → biokinetic-impacts-on-structure-and-imaging-of-the-lung-the-concept-of-biologica (Biokinetic Impacts on Structure and Imaging of the Lung the )
  ↓ downloading 2 files for biokinetic-impacts-on-structure-and-imaging-of-the-lung-the-concept-of-biologica
    skip (have): Biokinetic impacts on structure and imaging of the lung the concept of biologically closed electric circuits - Nordenstrom AJR 1985.pdf
    skip (have): Biokinetic impacts on structure and imaging of the lung the concept of biologically closed electric circuits - Nordenstrom AJR 1985_djvu.txt
/home/gian/agfarms/bucket-foundation/archive/biokinetic-impacts-on-structure-and-imaging-of-the-lung-the-concept-of-biologica
? "Euclid Elements Heath translation" → EuclidsElementsBooksIIIVolume1Heath (Euclid's Elements Books I II Volume 1 Heath)
  ↓ downloading 2 files for EuclidsElementsBooksIIIVolume1Heath
    skip (have): Euclid's_Elements_Books_I-II_Volume_1-Heath.pdf
    skip (have): Euclid's_Elements_Books_I-II_Volume_1-Heath_djvu.txt
/home/gian/agfarms/bucket-foundation/archive/EuclidsElementsBooksIIIVolume1Heath
? "Gauss Disquisitiones Arithmeticae" → disquisitionesa00gaus (Disquisitiones arithmeticae)
  ↓ downloading 3 files for disquisitionesa00gaus
    skip (have): disquisitionesa00gaus.pdf
    skip (have): disquisitionesa00gaus.epub
    skip (have): disquisitionesa00gaus_djvu.txt
/home/gian/agfarms/bucket-foundation/archive/disquisitionesa00gaus
? "Riemann zeta hypothesis" → logicalcross (LogicalCross)
  ↓ downloading 2 files for logicalcross
    skip (have): essay.pdf
    skip (have): essay_djvu.txt
/home/gian/agfarms/bucket-foundation/archive/logicalcross
? "Cantor set theory" → YouDontNeedAWeathermanToKnowWhichWayTheWindBlows_925 (You Don't Need A Weatherman To Know Which Way The Wind Blows)
  ↓ downloading 3 files for YouDontNeedAWeathermanToKnowWhichWayTheWindBlows_925
    skip (have): YouDontNeedAWeathermanToKnowWhichWayTheWindBlows_925.pdf
    skip (have): YouDontNeedAWeathermanToKnowWhichWayTheWindBlows_925.epub
    skip (have): YouDontNeedAWeathermanToKnowWhichWayTheWindBlows_925_djvu.txt
/home/gian/agfarms/bucket-foundation/archive/YouDontNeedAWeathermanToKnowWhichWayTheWindBlows_925
? "Dirac Principles of Quantum Mechanics" → academictorrents_f24122f15283757aa8a9bf9cb638db266273442d ([Coursera] Exploring Quantum Physics)
  ↓ downloading 3 files for academictorrents_f24122f15283757aa8a9bf9cb638db266273442d
    FAIL Lectures/Week 1 - 02 Wavefunctions and Schrdinger Equation/01_Part_I-_Comments_on_studying_QM_10-11.pdf: [Errno 2] No such file or directory: '/home/gian/agfarms/bucket-foundation/archive/academictorrents_f24122f15283757aa8a9bf9cb638db266273442d/Lectures/Week 1 - 02 Wavefunctions and Schrdinger Equation/01_Part_I-_Comments_on_studying_QM_10-11.pdf'
    FAIL Lectures/Week 8 - 17 Time-dependent quantum mechanics Victor Galitski/01_Part_I-_Time-dependent_Schrdinger_Eq._general_remarks_23-04.pdf: [Errno 2] No such file or directory: '/home/gian/agfarms/bucket-foundation/archive/academictorrents_f24122f15283757aa8a9bf9cb638db266273442d/Lectures/Week 8 - 17 Time-dependent quantum mechanics Victor Galitski/01_Part_I-_Time-dependent_Schrdinger_Eq._general_remarks_23-04.pdf'
    FAIL Lectures/Week 1 - 02 Wavefunctions and Schrdinger Equation/01_Part_I-_Comments_on_studying_QM_10-11_djvu.txt: [Errno 2] No such file or directory: '/home/gian/agfarms/bucket-foundation/archive/academictorrents_f24122f15283757aa8a9bf9cb638db266273442d/Lectures/Week 1 - 02 Wavefunctions and Schrdinger Equation/01_Part_I-_Comments_on_studying_QM_10-11_djvu.txt'
/home/gian/agfarms/bucket-foundation/archive/academictorrents_f24122f15283757aa8a9bf9cb638db266273442d
? "Feynman lectures on physics" → academictorrents_f24122f15283757aa8a9bf9cb638db266273442d ([Coursera] Exploring Quantum Physics)
  ↓ downloading 3 files for academictorrents_f24122f15283757aa8a9bf9cb638db266273442d
    FAIL Lectures/Week 1 - 02 Wavefunctions and Schrdinger Equation/01_Part_I-_Comments_on_studying_QM_10-11.pdf: [Errno 2] No such file or directory: '/home/gian/agfarms/bucket-foundation/archive/academictorrents_f24122f15283757aa8a9bf9cb638db266273442d/Lectures/Week 1 - 02 Wavefunctions and Schrdinger Equation/01_Part_I-_Comments_on_studying_QM_10-11.pdf'
    FAIL Lectures/Week 8 - 17 Time-dependent quantum mechanics Victor Galitski/01_Part_I-_Time-dependent_Schrdinger_Eq._general_remarks_23-04.pdf: [Errno 2] No such file or directory: '/home/gian/agfarms/bucket-foundation/archive/academictorrents_f24122f15283757aa8a9bf9cb638db266273442d/Lectures/Week 8 - 17 Time-dependent quantum mechanics Victor Galitski/01_Part_I-_Time-dependent_Schrdinger_Eq._general_remarks_23-04.pdf'
    FAIL Lectures/Week 1 - 02 Wavefunctions and Schrdinger Equation/01_Part_I-_Comments_on_studying_QM_10-11_djvu.txt: [Errno 2] No such file or directory: '/home/gian/agfarms/bucket-foundation/archive/academictorrents_f24122f15283757aa8a9bf9cb638db266273442d/Lectures/Week 1 - 02 Wavefunctions and Schrdinger Equation/01_Part_I-_Comments_on_studying_QM_10-11_djvu.txt'
/home/gian/agfarms/bucket-foundation/archive/academictorrents_f24122f15283757aa8a9bf9cb638db266273442d
? "Shannon mathematical theory of communication" → communications_primer (Communications Primer, A)
  ↓ downloading 0 files for communications_primer
/home/gian/agfarms/bucket-foundation/archive/communications_primer
? "Turing computable numbers 1936" → turingsvisionbir0000bern (Turing's vision : the birth of computer science)
  ↓ downloading 3 files for turingsvisionbir0000bern
    FAIL turingsvisionbir0000bern.pdf: HTTP Error 401: Unauthorized
    FAIL turingsvisionbir0000bern.epub: HTTP Error 401: Unauthorized
    FAIL turingsvisionbir0000bern_djvu.txt: HTTP Error 401: Unauthorized
/home/gian/agfarms/bucket-foundation/archive/turingsvisionbir0000bern
? "Helmholtz On the Sensations of Tone" → onsensationsofto00helmrich (On the sensations of tone as a physiological basis for the t)
  ↓ downloading 3 files for onsensationsofto00helmrich
    skip (have): onsensationsofto00helmrich.pdf
    skip (have): onsensationsofto00helmrich.epub
    skip (have): onsensationsofto00helmrich_djvu.txt
/home/gian/agfarms/bucket-foundation/archive/onsensationsofto00helmrich
? "Helmholtz Treatise Physiological Optics" → ExtrasensoryPerceptionResearchFinding (Notes on the Paranormal)
  ↓ downloading 3 files for ExtrasensoryPerceptionResearchFinding
    skip (have): Extrasensory_Perception_Research_Finding.pdf
    skip (have): Extrasensory_Perception_Research_Finding.epub
    skip (have): Extrasensory_Perception_Research_Finding_djvu.txt
/home/gian/agfarms/bucket-foundation/archive/ExtrasensoryPerceptionResearchFinding
? "Schrodinger What is Life" → Necktar2017Volume9 (Necktar 2017 volume 9)
  ↓ downloading 0 files for Necktar2017Volume9
/home/gian/agfarms/bucket-foundation/archive/Necktar2017Volume9
? "Schrödinger Mind and Matter" → Necktar2017Volume9 (Necktar 2017 volume 9)
  ↓ downloading 0 files for Necktar2017Volume9
/home/gian/agfarms/bucket-foundation/archive/Necktar2017Volume9
? "Bohr Atomic Theory Description Nature" → ExtrasensoryPerceptionResearchFinding (Notes on the Paranormal)
  ↓ downloading 3 files for ExtrasensoryPerceptionResearchFinding
    skip (have): Extrasensory_Perception_Research_Finding.pdf
    skip (have): Extrasensory_Perception_Research_Finding.epub
    skip (have): Extrasensory_Perception_Research_Finding_djvu.txt
/home/gian/agfarms/bucket-foundation/archive/ExtrasensoryPerceptionResearchFinding
? "Heisenberg Physics Philosophy" → 216.TheLastEpisodeAtLeastForAWhileOrMaybeForever_670 (216. The Last Episode, at Least for a While, or Maybe Foreve)
  ↓ downloading 0 files for 216.TheLastEpisodeAtLeastForAWhileOrMaybeForever_670
/home/gian/agfarms/bucket-foundation/archive/216.TheLastEpisodeAtLeastForAWhileOrMaybeForever_670
? "Pauli Wolfgang lectures physics" → 1_20210412_20210412_0345 (Epigenesis, Existentialism and Creativity)
  ↓ downloading 0 files for 1_20210412_20210412_0345
/home/gian/agfarms/bucket-foundation/archive/1_20210412_20210412_0345
? "Wigner Eugene mind in physics" → cia-readingroom-document-cia-rdp96-00787r000500380004-4 (CIA Reading Room cia-rdp96-00787r000500380004-4: PSYCHIC PRO)
  ↓ downloading 3 files for cia-readingroom-document-cia-rdp96-00787r000500380004-4
    skip (have): cia-rdp96-00787r000500380004-4.pdf
    skip (have): cia-rdp96-00787r000500380004-4.epub
    skip (have): cia-rdp96-00787r000500380004-4_djvu.txt
/home/gian/agfarms/bucket-foundation/archive/cia-readingroom-document-cia-rdp96-00787r000500380004-4
? "Wheeler Geons Black Holes Quantum Foam" → geonsblackholesq00whee (Geons, black holes, and quantum foam : a life in physics)
  ↓ downloading 3 files for geonsblackholesq00whee
    FAIL geonsblackholesq00whee.pdf: HTTP Error 401: Unauthorized
    FAIL geonsblackholesq00whee.epub: HTTP Error 401: Unauthorized
    FAIL geonsblackholesq00whee_djvu.txt: HTTP Error 401: Unauthorized
/home/gian/agfarms/bucket-foundation/archive/geonsblackholesq00whee
? "Pasteur fermentation" → mmoiresurlafer00past (Mémoire sur la fermentation alcoolique)
  ↓ downloading 2 files for mmoiresurlafer00past
    skip (have): mmoiresurlafer00past.pdf
    skip (have): mmoiresurlafer00past_djvu.txt
/home/gian/agfarms/bucket-foundation/archive/mmoiresurlafer00past
? "Darwin Origin of Species" → origin_species_librivox (On the Origin of Species by Means of Natural Selection)
  ↓ downloading 2 files for origin_species_librivox
    skip (have): On_the_Origin_of_Species_by_Means_of_Natural_Selection_1005.pdf
    skip (have): On_the_Origin_of_Species_by_Means_of_Natural_Selection_1005_djvu.txt
/home/gian/agfarms/bucket-foundation/archive/origin_species_librivox
? "Wallace contributions theory natural selection" → ExtrasensoryPerceptionResearchFinding (Notes on the Paranormal)
  ↓ downloading 3 files for ExtrasensoryPerceptionResearchFinding
    skip (have): Extrasensory_Perception_Research_Finding.pdf
    skip (have): Extrasensory_Perception_Research_Finding.epub
    skip (have): Extrasensory_Perception_Research_Finding_djvu.txt
/home/gian/agfarms/bucket-foundation/archive/ExtrasensoryPerceptionResearchFinding
? "Linus Pauling general chemistry" → introductiontoqu031712mbp (['Introduction To Quantum Mechanics', 'With Applications To Chemistry.'])
  ↓ downloading 3 files for introductiontoqu031712mbp
    skip (have): introductiontoqu031712mbp.pdf
    skip (have): introductiontoqu031712mbp.epub
    skip (have): introductiontoqu031712mbp_djvu.txt
/home/gian/agfarms/bucket-foundation/archive/introductiontoqu031712mbp
? "Linus Pauling vitamin C" → How_To_Live_Longer_And_Feel_Better_PDF (Linus Pauling PhD: How To Live Longer And Feel Better pdf)
  ↓ downloading 3 files for How_To_Live_Longer_And_Feel_Better_PDF
    skip (have): How to live longer and feel better - Pauling, Linus, 1901-1994.pdf
    skip (have): How to live longer and feel better - Pauling, Linus, 1901-1994.epub
    skip (have): How to live longer and feel better - Pauling, Linus, 1901-1994_djvu.txt
/home/gian/agfarms/bucket-foundation/archive/How_To_Live_Longer_And_Feel_Better_PDF
? "Crick what mad pursuit" → oxfordbookofmode0000unse_a2g6 (The Oxford book of modern science writing)
  ↓ downloading 3 files for oxfordbookofmode0000unse_a2g6
    FAIL oxfordbookofmode0000unse_a2g6.pdf: HTTP Error 403: Forbidden
    FAIL oxfordbookofmode0000unse_a2g6.epub: HTTP Error 403: Forbidden
    FAIL oxfordbookofmode0000unse_a2g6_djvu.txt: HTTP Error 401: Unauthorized
/home/gian/agfarms/bucket-foundation/archive/oxfordbookofmode0000unse_a2g6
? "Schrödinger statistical thermodynamics" → yavorskydetlafamodernhandbookofphysicsmir1982 (A Modern Handbook Of Physics)
  ↓ downloading 3 files for yavorskydetlafamodernhandbookofphysicsmir1982
    skip (have): Yavorsky-Detlaf-A-Modern-Handbook-of-Physics-Mir-1982.pdf
    skip (have): Yavorsky-Detlaf-A-Modern-Handbook-of-Physics-Mir-1982.epub
    skip (have): Yavorsky-Detlaf-A-Modern-Handbook-of-Physics-Mir-1982_djvu.txt
/home/gian/agfarms/bucket-foundation/archive/yavorskydetlafamodernhandbookofphysicsmir1982
? "Boltzmann lectures gas theory" → lectures-on-gas-theory-ludwig-boltzmann (Lectures on Gas Theory - Ludwig Boltzmann, Stephen G. Brush)
  ↓ downloading 3 files for lectures-on-gas-theory-ludwig-boltzmann
    skip (have): Lectures on Gas Theory - Ludwig Boltzmann.pdf
    skip (have): Lectures on Gas Theory - Ludwig Boltzmann.epub
    skip (have): Lectures on Gas Theory - Ludwig Boltzmann_djvu.txt
/home/gian/agfarms/bucket-foundation/archive/lectures-on-gas-theory-ludwig-boltzmann
? "Carnot reflections motive power fire" → cia-readingroom-document-cia-rdp79-01194a000400140001-7 (CIA Reading Room cia-rdp79-01194a000400140001-7: CA PROPAGAN)
  ↓ downloading 3 files for cia-readingroom-document-cia-rdp79-01194a000400140001-7
    skip (have): cia-rdp79-01194a000400140001-7.pdf
    skip (have): cia-rdp79-01194a000400140001-7.epub
    skip (have): cia-rdp79-01194a000400140001-7_djvu.txt
/home/gian/agfarms/bucket-foundation/archive/cia-readingroom-document-cia-rdp79-01194a000400140001-7
? "Planck thermodynamik thermodynamics" → vorlesungenbert01plangoog (Vorlesungen über thermodynamik)
  ↓ downloading 2 files for vorlesungenbert01plangoog
    skip (have): vorlesungenbert01plangoog.pdf
    skip (have): vorlesungenbert01plangoog_djvu.txt
/home/gian/agfarms/bucket-foundation/archive/vorlesungenbert01plangoog
? "Lavoisier elements chemistry" → understanding-science (Understanding Science, Collected Edition, Vols 1-12)
  ↓ downloading 3 files for understanding-science
    skip (have): Understanding_Science-Vol_01_jpg85.pdf
    skip (have): Understanding_Science-Vol_01_jpg85.epub
    skip (have): Understanding_Science-Vol_01_jpg85_djvu.txt
/home/gian/agfarms/bucket-foundation/archive/understanding-science
? "Fourier analytical theory heat" → analyticaltheory00fourrich (The analytical theory of heat)
  ↓ downloading 3 files for analyticaltheory00fourrich
    skip (have): analyticaltheory00fourrich.pdf
    skip (have): analyticaltheory00fourrich.epub
    skip (have): analyticaltheory00fourrich_djvu.txt
/home/gian/agfarms/bucket-foundation/archive/analyticaltheory00fourrich
? "Galileo dialogue two world systems" → GalileiGalileoDialogueConcerningTheTwoChiefWorldSystemsEN155P. (Galilei, Galileo - Dialogue Concerning the two Chief World S)
  ↓ downloading 3 files for GalileiGalileoDialogueConcerningTheTwoChiefWorldSystemsEN155P.
    skip (have): Galilei, Galileo - Dialogue Concerning the two Chief World Systems (EN, 155 p.).pdf
    skip (have): Galilei, Galileo - Dialogue Concerning the two Chief World Systems (EN, 155 p.).epub
    skip (have): Galilei, Galileo - Dialogue Concerning the two Chief World Systems (EN, 155 p.)_djvu.txt
/home/gian/agfarms/bucket-foundation/archive/GalileiGalileoDialogueConcerningTheTwoChiefWorldSystemsEN155P.
? "Feynman QED" → MIT8.701F20 (MIT 8.701 Introduction to Nuclear and Particle Physics, Fall)
  ↓ downloading 0 files for MIT8.701F20
/home/gian/agfarms/bucket-foundation/archive/MIT8.701F20
? "Crick Watson DNA" → MIT7.01SCF11 (OCW Scholar: Fundamentals of Biology)
  ↓ downloading 0 files for MIT7.01SCF11
/home/gian/agfarms/bucket-foundation/archive/MIT7.01SCF11
? "Darwin descent of man" → descent_man_1_1011_librivox (The Descent of Man and Selection in Relation to Sex Part 1)
  ↓ downloading 2 files for descent_man_1_1011_librivox
    skip (have): descentman1_1011.pdf
    skip (have): descentman1_1011_djvu.txt
/home/gian/agfarms/bucket-foundation/archive/descent_man_1_1011_librivox
[2026-08-06T19:07:31-04:00] === archive runner done ===
[2026-08-07T19:05:54-04:00] === archive runner start ===
  ↓ downloading 3 files for the-universal-one-1926-walter-russell
    skip (have): TheUniversalOne1926WalterRussell.pdf
    skip (have): TheUniversalOne1926WalterRussell.epub
    skip (have): TheUniversalOne1926WalterRussell_djvu.txt
/home/gian/agfarms/bucket-foundation/archive/the-universal-one-1926-walter-russell
  ↓ downloading 3 files for principlesofchem00menduoft
    skip (have): principlesofchem00menduoft.pdf
    skip (have): principlesofchem00menduoft.epub
    skip (have): principlesofchem00menduoft_djvu.txt
/home/gian/agfarms/bucket-foundation/archive/principlesofchem00menduoft
  ↓ downloading 3 files for principlesofchem01menduoft
    skip (have): principlesofchem01menduoft.pdf
    skip (have): principlesofchem01menduoft.epub
    skip (have): principlesofchem01menduoft_djvu.txt
/home/gian/agfarms/bucket-foundation/archive/principlesofchem01menduoft
? "walter russell new concept universe" → ExtrasensoryPerceptionResearchFinding (Notes on the Paranormal)
  ↓ downloading 3 files for ExtrasensoryPerceptionResearchFinding
    skip (have): Extrasensory_Perception_Research_Finding.pdf
    skip (have): Extrasensory_Perception_Research_Finding.epub
    skip (have): Extrasensory_Perception_Research_Finding_djvu.txt
/home/gian/agfarms/bucket-foundation/archive/ExtrasensoryPerceptionResearchFinding
  ↓ downloading 3 files for newtonspmathema00newtrich
    skip (have): newtonspmathema00newtrich.pdf
    skip (have): newtonspmathema00newtrich.epub
    skip (have): newtonspmathema00newtrich_djvu.txt
/home/gian/agfarms/bucket-foundation/archive/newtonspmathema00newtrich
  ↓ downloading 3 files for principia00newtuoft
    skip (have): principia00newtuoft.pdf
    skip (have): principia00newtuoft.epub
    skip (have): principia00newtuoft_djvu.txt
/home/gian/agfarms/bucket-foundation/archive/principia00newtuoft
? "Newton Opticks 1704" → opticks_1203_librivox (Opticks)
  ↓ downloading 2 files for opticks_1203_librivox
    skip (have): opticks_1207.pdf
    skip (have): opticks_1207_djvu.txt
/home/gian/agfarms/bucket-foundation/archive/opticks_1203_librivox
? "Maxwell Treatise on Electricity and Magnetism volume 1" → electricandmagne01maxwrich (A treatise on electricity and magnetism)
  ↓ downloading 3 files for electricandmagne01maxwrich
    skip (have): electricandmagne01maxwrich.pdf
    skip (have): electricandmagne01maxwrich.epub
    skip (have): electricandmagne01maxwrich_djvu.txt
/home/gian/agfarms/bucket-foundation/archive/electricandmagne01maxwrich
? "Maxwell Treatise on Electricity and Magnetism volume 2" → electricandmagne01maxwrich (A treatise on electricity and magnetism)
  ↓ downloading 3 files for electricandmagne01maxwrich
    skip (have): electricandmagne01maxwrich.pdf
    skip (have): electricandmagne01maxwrich.epub
    skip (have): electricandmagne01maxwrich_djvu.txt
/home/gian/agfarms/bucket-foundation/archive/electricandmagne01maxwrich
? "Maxwell scientific papers" → scientificpapers01maxw (The scientific papers of James Clerk Maxwell)
  ↓ downloading 3 files for scientificpapers01maxw
    skip (have): scientificpapers01maxw.pdf
    skip (have): scientificpapers01maxw.epub
    skip (have): scientificpapers01maxw_djvu.txt
/home/gian/agfarms/bucket-foundation/archive/scientificpapers01maxw
? "Faraday Experimental Researches in Electricity volume 1" → ExtrasensoryPerceptionResearchFinding (Notes on the Paranormal)
  ↓ downloading 3 files for ExtrasensoryPerceptionResearchFinding
    skip (have): Extrasensory_Perception_Research_Finding.pdf
    skip (have): Extrasensory_Perception_Research_Finding.epub
    skip (have): Extrasensory_Perception_Research_Finding_djvu.txt
/home/gian/agfarms/bucket-foundation/archive/ExtrasensoryPerceptionResearchFinding
? "Faraday Experimental Researches in Electricity volume 2" → ExtrasensoryPerceptionResearchFinding (Notes on the Paranormal)
  ↓ downloading 3 files for ExtrasensoryPerceptionResearchFinding
    skip (have): Extrasensory_Perception_Research_Finding.pdf
    skip (have): Extrasensory_Perception_Research_Finding.epub
    skip (have): Extrasensory_Perception_Research_Finding_djvu.txt
/home/gian/agfarms/bucket-foundation/archive/ExtrasensoryPerceptionResearchFinding
? "Faraday Experimental Researches in Electricity volume 3" → ExtrasensoryPerceptionResearchFinding (Notes on the Paranormal)
  ↓ downloading 3 files for ExtrasensoryPerceptionResearchFinding
    skip (have): Extrasensory_Perception_Research_Finding.pdf
    skip (have): Extrasensory_Perception_Research_Finding.epub
    skip (have): Extrasensory_Perception_Research_Finding_djvu.txt
/home/gian/agfarms/bucket-foundation/archive/ExtrasensoryPerceptionResearchFinding
? "Tesla My Inventions" → pbsnovadocs (PBS Nova Documentaries)
  ↓ downloading 0 files for pbsnovadocs
/home/gian/agfarms/bucket-foundation/archive/pbsnovadocs
? "Tesla Colorado Springs Notes" → majestic-12-files (MAJESTIC 12 Files)
  ↓ downloading 0 files for majestic-12-files
/home/gian/agfarms/bucket-foundation/archive/majestic-12-files
? "Tesla problem of increasing human energy" → sharware (chestnut-multimedia)
  ↓ downloading 2 files for sharware
    FAIL chestnut/DLR/CONTENTS.pdf: [Errno 2] No such file or directory: '/home/gian/agfarms/bucket-foundation/archive/sharware/chestnut/DLR/CONTENTS.pdf'
    FAIL chestnut/DLR/CONTENTS_djvu.txt: [Errno 2] No such file or directory: '/home/gian/agfarms/bucket-foundation/archive/sharware/chestnut/DLR/CONTENTS_djvu.txt'
/home/gian/agfarms/bucket-foundation/archive/sharware
? "Einstein Relativity special general theory" → relativity_librivox (Relativity: The Special and General Theory)
  ↓ downloading 2 files for relativity_librivox
    skip (have): relativity_1003.pdf
    skip (have): relativity_1003_djvu.txt
/home/gian/agfarms/bucket-foundation/archive/relativity_librivox
? "Einstein 1905 photoelectric" → cia-readingroom-document-cia-rdp96-00788r001100010004-6 (CIA Reading Room cia-rdp96-00788r001100010004-6: PROCEEDINGS)
  ↓ downloading 3 files for cia-readingroom-document-cia-rdp96-00788r001100010004-6
    skip (have): cia-rdp96-00788r001100010004-6.pdf
    skip (have): cia-rdp96-00788r001100010004-6.epub
    skip (have): cia-rdp96-00788r001100010004-6_djvu.txt
/home/gian/agfarms/bucket-foundation/archive/cia-readingroom-document-cia-rdp96-00788r001100010004-6
? "Szent-Györgyi Bioenergetics" → bioenergetics00szen (Bioenergetics)
  ↓ downloading 3 files for bioenergetics00szen
    skip (have): bioenergetics00szen.pdf
    skip (have): bioenergetics00szen.epub
    skip (have): bioenergetics00szen_djvu.txt
/home/gian/agfarms/bucket-foundation/archive/bioenergetics00szen
NO HITS: Szent-Györgyi submolecular biology
? "Becker Body Electric" → die-or-d.i.y.-full-archive ((Blogger) Die or D.I.Y.? Full Archive)
  ↓ downloading 0 files for die-or-d.i.y.-full-archive
/home/gian/agfarms/bucket-foundation/archive/die-or-d.i.y.-full-archive
? "Becker Cross Currents" → ExtrasensoryPerceptionResearchFinding (Notes on the Paranormal)
  ↓ downloading 3 files for ExtrasensoryPerceptionResearchFinding
    skip (have): Extrasensory_Perception_Research_Finding.pdf
    skip (have): Extrasensory_Perception_Research_Finding.epub
    skip (have): Extrasensory_Perception_Research_Finding_djvu.txt
/home/gian/agfarms/bucket-foundation/archive/ExtrasensoryPerceptionResearchFinding
? "Ling physical theory living state" → BluePlanetProjectUFOTECHNOLOGY (Blue Planet Project UFO TECHNOLOGY)
  ↓ downloading 3 files for BluePlanetProjectUFOTECHNOLOGY
    skip (have): Blue Planet Project UFO TECHNOLOGY.pdf
    skip (have): Blue Planet Project UFO TECHNOLOGY.epub
    skip (have): Blue Planet Project UFO TECHNOLOGY_djvu.txt
/home/gian/agfarms/bucket-foundation/archive/BluePlanetProjectUFOTECHNOLOGY
? "Ling association induction" → ibogaine_literature (Ibogaine Literature)
  ↓ downloading 3 files for ibogaine_literature
    skip (have): abaul1989.pdf
    skip (have): agwada1975.pdf
    skip (have): abaul1989_djvu.txt
/home/gian/agfarms/bucket-foundation/archive/ibogaine_literature
? "Nordenström Biologically Closed Electric Circuits" → biokinetic-impacts-on-structure-and-imaging-of-the-lung-the-concept-of-biologica (Biokinetic Impacts on Structure and Imaging of the Lung the )
  ↓ downloading 2 files for biokinetic-impacts-on-structure-and-imaging-of-the-lung-the-concept-of-biologica
    skip (have): Biokinetic impacts on structure and imaging of the lung the concept of biologically closed electric circuits - Nordenstrom AJR 1985.pdf
    skip (have): Biokinetic impacts on structure and imaging of the lung the concept of biologically closed electric circuits - Nordenstrom AJR 1985_djvu.txt
/home/gian/agfarms/bucket-foundation/archive/biokinetic-impacts-on-structure-and-imaging-of-the-lung-the-concept-of-biologica
? "Euclid Elements Heath translation" → EuclidsElementsBooksIIIVolume1Heath (Euclid's Elements Books I II Volume 1 Heath)
  ↓ downloading 2 files for EuclidsElementsBooksIIIVolume1Heath
    skip (have): Euclid's_Elements_Books_I-II_Volume_1-Heath.pdf
    skip (have): Euclid's_Elements_Books_I-II_Volume_1-Heath_djvu.txt
/home/gian/agfarms/bucket-foundation/archive/EuclidsElementsBooksIIIVolume1Heath
? "Gauss Disquisitiones Arithmeticae" → disquisitionesa00gaus (Disquisitiones arithmeticae)
  ↓ downloading 3 files for disquisitionesa00gaus
    skip (have): disquisitionesa00gaus.pdf
    skip (have): disquisitionesa00gaus.epub
    skip (have): disquisitionesa00gaus_djvu.txt
/home/gian/agfarms/bucket-foundation/archive/disquisitionesa00gaus
? "Riemann zeta hypothesis" → logicalcross (LogicalCross)
  ↓ downloading 2 files for logicalcross
    skip (have): essay.pdf
    skip (have): essay_djvu.txt
/home/gian/agfarms/bucket-foundation/archive/logicalcross
? "Cantor set theory" → YouDontNeedAWeathermanToKnowWhichWayTheWindBlows_925 (You Don't Need A Weatherman To Know Which Way The Wind Blows)
  ↓ downloading 3 files for YouDontNeedAWeathermanToKnowWhichWayTheWindBlows_925
    skip (have): YouDontNeedAWeathermanToKnowWhichWayTheWindBlows_925.pdf
    skip (have): YouDontNeedAWeathermanToKnowWhichWayTheWindBlows_925.epub
    skip (have): YouDontNeedAWeathermanToKnowWhichWayTheWindBlows_925_djvu.txt
/home/gian/agfarms/bucket-foundation/archive/YouDontNeedAWeathermanToKnowWhichWayTheWindBlows_925
? "Dirac Principles of Quantum Mechanics" → academictorrents_f24122f15283757aa8a9bf9cb638db266273442d ([Coursera] Exploring Quantum Physics)
  ↓ downloading 3 files for academictorrents_f24122f15283757aa8a9bf9cb638db266273442d
    FAIL Lectures/Week 1 - 02 Wavefunctions and Schrdinger Equation/01_Part_I-_Comments_on_studying_QM_10-11.pdf: [Errno 2] No such file or directory: '/home/gian/agfarms/bucket-foundation/archive/academictorrents_f24122f15283757aa8a9bf9cb638db266273442d/Lectures/Week 1 - 02 Wavefunctions and Schrdinger Equation/01_Part_I-_Comments_on_studying_QM_10-11.pdf'
    FAIL Lectures/Week 8 - 17 Time-dependent quantum mechanics Victor Galitski/01_Part_I-_Time-dependent_Schrdinger_Eq._general_remarks_23-04.pdf: [Errno 2] No such file or directory: '/home/gian/agfarms/bucket-foundation/archive/academictorrents_f24122f15283757aa8a9bf9cb638db266273442d/Lectures/Week 8 - 17 Time-dependent quantum mechanics Victor Galitski/01_Part_I-_Time-dependent_Schrdinger_Eq._general_remarks_23-04.pdf'
    FAIL Lectures/Week 1 - 02 Wavefunctions and Schrdinger Equation/01_Part_I-_Comments_on_studying_QM_10-11_djvu.txt: [Errno 2] No such file or directory: '/home/gian/agfarms/bucket-foundation/archive/academictorrents_f24122f15283757aa8a9bf9cb638db266273442d/Lectures/Week 1 - 02 Wavefunctions and Schrdinger Equation/01_Part_I-_Comments_on_studying_QM_10-11_djvu.txt'
/home/gian/agfarms/bucket-foundation/archive/academictorrents_f24122f15283757aa8a9bf9cb638db266273442d
? "Feynman lectures on physics" → academictorrents_f24122f15283757aa8a9bf9cb638db266273442d ([Coursera] Exploring Quantum Physics)
  ↓ downloading 3 files for academictorrents_f24122f15283757aa8a9bf9cb638db266273442d
    FAIL Lectures/Week 1 - 02 Wavefunctions and Schrdinger Equation/01_Part_I-_Comments_on_studying_QM_10-11.pdf: [Errno 2] No such file or directory: '/home/gian/agfarms/bucket-foundation/archive/academictorrents_f24122f15283757aa8a9bf9cb638db266273442d/Lectures/Week 1 - 02 Wavefunctions and Schrdinger Equation/01_Part_I-_Comments_on_studying_QM_10-11.pdf'
    FAIL Lectures/Week 8 - 17 Time-dependent quantum mechanics Victor Galitski/01_Part_I-_Time-dependent_Schrdinger_Eq._general_remarks_23-04.pdf: [Errno 2] No such file or directory: '/home/gian/agfarms/bucket-foundation/archive/academictorrents_f24122f15283757aa8a9bf9cb638db266273442d/Lectures/Week 8 - 17 Time-dependent quantum mechanics Victor Galitski/01_Part_I-_Time-dependent_Schrdinger_Eq._general_remarks_23-04.pdf'
    FAIL Lectures/Week 1 - 02 Wavefunctions and Schrdinger Equation/01_Part_I-_Comments_on_studying_QM_10-11_djvu.txt: [Errno 2] No such file or directory: '/home/gian/agfarms/bucket-foundation/archive/academictorrents_f24122f15283757aa8a9bf9cb638db266273442d/Lectures/Week 1 - 02 Wavefunctions and Schrdinger Equation/01_Part_I-_Comments_on_studying_QM_10-11_djvu.txt'
/home/gian/agfarms/bucket-foundation/archive/academictorrents_f24122f15283757aa8a9bf9cb638db266273442d
? "Shannon mathematical theory of communication" → communications_primer (Communications Primer, A)
  ↓ downloading 0 files for communications_primer
/home/gian/agfarms/bucket-foundation/archive/communications_primer
? "Turing computable numbers 1936" → turingsvisionbir0000bern (Turing's vision : the birth of computer science)
  ↓ downloading 3 files for turingsvisionbir0000bern
    FAIL turingsvisionbir0000bern.pdf: HTTP Error 403: Forbidden
    FAIL turingsvisionbir0000bern.epub: HTTP Error 401: Unauthorized
    FAIL turingsvisionbir0000bern_djvu.txt: HTTP Error 401: Unauthorized
/home/gian/agfarms/bucket-foundation/archive/turingsvisionbir0000bern
? "Helmholtz On the Sensations of Tone" → onsensationsofto00helmrich (On the sensations of tone as a physiological basis for the t)
  ↓ downloading 3 files for onsensationsofto00helmrich
    skip (have): onsensationsofto00helmrich.pdf
    skip (have): onsensationsofto00helmrich.epub
    skip (have): onsensationsofto00helmrich_djvu.txt
/home/gian/agfarms/bucket-foundation/archive/onsensationsofto00helmrich
? "Helmholtz Treatise Physiological Optics" → ExtrasensoryPerceptionResearchFinding (Notes on the Paranormal)
  ↓ downloading 3 files for ExtrasensoryPerceptionResearchFinding
    skip (have): Extrasensory_Perception_Research_Finding.pdf
    skip (have): Extrasensory_Perception_Research_Finding.epub
    skip (have): Extrasensory_Perception_Research_Finding_djvu.txt
/home/gian/agfarms/bucket-foundation/archive/ExtrasensoryPerceptionResearchFinding
? "Schrodinger What is Life" → Necktar2017Volume9 (Necktar 2017 volume 9)
  ↓ downloading 0 files for Necktar2017Volume9
/home/gian/agfarms/bucket-foundation/archive/Necktar2017Volume9
? "Schrödinger Mind and Matter" → Necktar2017Volume9 (Necktar 2017 volume 9)
  ↓ downloading 0 files for Necktar2017Volume9
/home/gian/agfarms/bucket-foundation/archive/Necktar2017Volume9
? "Bohr Atomic Theory Description Nature" → ExtrasensoryPerceptionResearchFinding (Notes on the Paranormal)
  ↓ downloading 3 files for ExtrasensoryPerceptionResearchFinding
    skip (have): Extrasensory_Perception_Research_Finding.pdf
    skip (have): Extrasensory_Perception_Research_Finding.epub
    skip (have): Extrasensory_Perception_Research_Finding_djvu.txt
/home/gian/agfarms/bucket-foundation/archive/ExtrasensoryPerceptionResearchFinding
? "Heisenberg Physics Philosophy" → 216.TheLastEpisodeAtLeastForAWhileOrMaybeForever_670 (216. The Last Episode, at Least for a While, or Maybe Foreve)
  ↓ downloading 0 files for 216.TheLastEpisodeAtLeastForAWhileOrMaybeForever_670
/home/gian/agfarms/bucket-foundation/archive/216.TheLastEpisodeAtLeastForAWhileOrMaybeForever_670
? "Pauli Wolfgang lectures physics" → 1_20210412_20210412_0345 (Epigenesis, Existentialism and Creativity)
  ↓ downloading 0 files for 1_20210412_20210412_0345
/home/gian/agfarms/bucket-foundation/archive/1_20210412_20210412_0345
? "Wigner Eugene mind in physics" → cia-readingroom-document-cia-rdp96-00787r000500380004-4 (CIA Reading Room cia-rdp96-00787r000500380004-4: PSYCHIC PRO)
  ↓ downloading 3 files for cia-readingroom-document-cia-rdp96-00787r000500380004-4
    skip (have): cia-rdp96-00787r000500380004-4.pdf
    skip (have): cia-rdp96-00787r000500380004-4.epub
    skip (have): cia-rdp96-00787r000500380004-4_djvu.txt
/home/gian/agfarms/bucket-foundation/archive/cia-readingroom-document-cia-rdp96-00787r000500380004-4
? "Wheeler Geons Black Holes Quantum Foam" → geonsblackholesq00whee (Geons, black holes, and quantum foam : a life in physics)
  ↓ downloading 3 files for geonsblackholesq00whee
    FAIL geonsblackholesq00whee.pdf: HTTP Error 401: Unauthorized
    FAIL geonsblackholesq00whee.epub: HTTP Error 401: Unauthorized
    FAIL geonsblackholesq00whee_djvu.txt: HTTP Error 403: Forbidden
/home/gian/agfarms/bucket-foundation/archive/geonsblackholesq00whee
? "Pasteur fermentation" → mmoiresurlafer00past (Mémoire sur la fermentation alcoolique)
  ↓ downloading 2 files for mmoiresurlafer00past
    skip (have): mmoiresurlafer00past.pdf
    skip (have): mmoiresurlafer00past_djvu.txt
/home/gian/agfarms/bucket-foundation/archive/mmoiresurlafer00past
? "Darwin Origin of Species" → origin_species_librivox (On the Origin of Species by Means of Natural Selection)
  ↓ downloading 2 files for origin_species_librivox
    skip (have): On_the_Origin_of_Species_by_Means_of_Natural_Selection_1005.pdf
    skip (have): On_the_Origin_of_Species_by_Means_of_Natural_Selection_1005_djvu.txt
/home/gian/agfarms/bucket-foundation/archive/origin_species_librivox
? "Wallace contributions theory natural selection" → ExtrasensoryPerceptionResearchFinding (Notes on the Paranormal)
  ↓ downloading 3 files for ExtrasensoryPerceptionResearchFinding
    skip (have): Extrasensory_Perception_Research_Finding.pdf
    skip (have): Extrasensory_Perception_Research_Finding.epub
    skip (have): Extrasensory_Perception_Research_Finding_djvu.txt
/home/gian/agfarms/bucket-foundation/archive/ExtrasensoryPerceptionResearchFinding
? "Linus Pauling general chemistry" → introductiontoqu031712mbp (['Introduction To Quantum Mechanics', 'With Applications To Chemistry.'])
  ↓ downloading 3 files for introductiontoqu031712mbp
    skip (have): introductiontoqu031712mbp.pdf
    skip (have): introductiontoqu031712mbp.epub
    skip (have): introductiontoqu031712mbp_djvu.txt
/home/gian/agfarms/bucket-foundation/archive/introductiontoqu031712mbp
? "Linus Pauling vitamin C" → How_To_Live_Longer_And_Feel_Better_PDF (Linus Pauling PhD: How To Live Longer And Feel Better pdf)
  ↓ downloading 3 files for How_To_Live_Longer_And_Feel_Better_PDF
    skip (have): How to live longer and feel better - Pauling, Linus, 1901-1994.pdf
    skip (have): How to live longer and feel better - Pauling, Linus, 1901-1994.epub
    skip (have): How to live longer and feel better - Pauling, Linus, 1901-1994_djvu.txt
/home/gian/agfarms/bucket-foundation/archive/How_To_Live_Longer_And_Feel_Better_PDF
? "Crick what mad pursuit" → github.com-charlax-engineering-management_-_2022-10-31_07-54-00 (github.com-charlax-engineering-management_-_2022-10-31_07-54)
  ↓ downloading 0 files for github.com-charlax-engineering-management_-_2022-10-31_07-54-00
/home/gian/agfarms/bucket-foundation/archive/github.com-charlax-engineering-management_-_2022-10-31_07-54-00
? "Schrödinger statistical thermodynamics" → yavorskydetlafamodernhandbookofphysicsmir1982 (A Modern Handbook Of Physics)
  ↓ downloading 3 files for yavorskydetlafamodernhandbookofphysicsmir1982
    skip (have): Yavorsky-Detlaf-A-Modern-Handbook-of-Physics-Mir-1982.pdf
    skip (have): Yavorsky-Detlaf-A-Modern-Handbook-of-Physics-Mir-1982.epub
    skip (have): Yavorsky-Detlaf-A-Modern-Handbook-of-Physics-Mir-1982_djvu.txt
/home/gian/agfarms/bucket-foundation/archive/yavorskydetlafamodernhandbookofphysicsmir1982
? "Boltzmann lectures gas theory" → lectures-on-gas-theory-ludwig-boltzmann (Lectures on Gas Theory - Ludwig Boltzmann, Stephen G. Brush)
  ↓ downloading 3 files for lectures-on-gas-theory-ludwig-boltzmann
    skip (have): Lectures on Gas Theory - Ludwig Boltzmann.pdf
    skip (have): Lectures on Gas Theory - Ludwig Boltzmann.epub
    skip (have): Lectures on Gas Theory - Ludwig Boltzmann_djvu.txt
/home/gian/agfarms/bucket-foundation/archive/lectures-on-gas-theory-ludwig-boltzmann
? "Carnot reflections motive power fire" → cia-readingroom-document-cia-rdp79-01194a000400140001-7 (CIA Reading Room cia-rdp79-01194a000400140001-7: CA PROPAGAN)
  ↓ downloading 3 files for cia-readingroom-document-cia-rdp79-01194a000400140001-7
    skip (have): cia-rdp79-01194a000400140001-7.pdf
    skip (have): cia-rdp79-01194a000400140001-7.epub
    skip (have): cia-rdp79-01194a000400140001-7_djvu.txt
/home/gian/agfarms/bucket-foundation/archive/cia-readingroom-document-cia-rdp79-01194a000400140001-7
? "Planck thermodynamik thermodynamics" → vorlesungenbert01plangoog (Vorlesungen über thermodynamik)
  ↓ downloading 2 files for vorlesungenbert01plangoog
    skip (have): vorlesungenbert01plangoog.pdf
    skip (have): vorlesungenbert01plangoog_djvu.txt
/home/gian/agfarms/bucket-foundation/archive/vorlesungenbert01plangoog
? "Lavoisier elements chemistry" → understanding-science (Understanding Science, Collected Edition, Vols 1-12)
  ↓ downloading 3 files for understanding-science
    skip (have): Understanding_Science-Vol_01_jpg85.pdf
    skip (have): Understanding_Science-Vol_01_jpg85.epub
    skip (have): Understanding_Science-Vol_01_jpg85_djvu.txt
/home/gian/agfarms/bucket-foundation/archive/understanding-science
? "Fourier analytical theory heat" → analyticaltheory00fourrich (The analytical theory of heat)
  ↓ downloading 3 files for analyticaltheory00fourrich
    skip (have): analyticaltheory00fourrich.pdf
    skip (have): analyticaltheory00fourrich.epub
    skip (have): analyticaltheory00fourrich_djvu.txt
/home/gian/agfarms/bucket-foundation/archive/analyticaltheory00fourrich
? "Galileo dialogue two world systems" → GalileiGalileoDialogueConcerningTheTwoChiefWorldSystemsEN155P. (Galilei, Galileo - Dialogue Concerning the two Chief World S)
  ↓ downloading 3 files for GalileiGalileoDialogueConcerningTheTwoChiefWorldSystemsEN155P.
    skip (have): Galilei, Galileo - Dialogue Concerning the two Chief World Systems (EN, 155 p.).pdf
    skip (have): Galilei, Galileo - Dialogue Concerning the two Chief World Systems (EN, 155 p.).epub
    skip (have): Galilei, Galileo - Dialogue Concerning the two Chief World Systems (EN, 155 p.)_djvu.txt
/home/gian/agfarms/bucket-foundation/archive/GalileiGalileoDialogueConcerningTheTwoChiefWorldSystemsEN155P.
? "Feynman QED" → MIT8.701F20 (MIT 8.701 Introduction to Nuclear and Particle Physics, Fall)
  ↓ downloading 0 files for MIT8.701F20
/home/gian/agfarms/bucket-foundation/archive/MIT8.701F20
? "Crick Watson DNA" → MIT7.01SCF11 (OCW Scholar: Fundamentals of Biology)
  ↓ downloading 0 files for MIT7.01SCF11
/home/gian/agfarms/bucket-foundation/archive/MIT7.01SCF11
? "Darwin descent of man" → descent_man_1_1011_librivox (The Descent of Man and Selection in Relation to Sex Part 1)
  ↓ downloading 2 files for descent_man_1_1011_librivox
    skip (have): descentman1_1011.pdf
    skip (have): descentman1_1011_djvu.txt
/home/gian/agfarms/bucket-foundation/archive/descent_man_1_1011_librivox
[2026-08-07T19:07:40-04:00] === archive runner done ===
[2026-08-08T19:06:53-04:00] === archive runner start ===
  ↓ downloading 3 files for the-universal-one-1926-walter-russell
    skip (have): TheUniversalOne1926WalterRussell.pdf
    skip (have): TheUniversalOne1926WalterRussell.epub
    skip (have): TheUniversalOne1926WalterRussell_djvu.txt
/home/gian/agfarms/bucket-foundation/archive/the-universal-one-1926-walter-russell
  ↓ downloading 3 files for principlesofchem00menduoft
    skip (have): principlesofchem00menduoft.pdf
    skip (have): principlesofchem00menduoft.epub
    skip (have): principlesofchem00menduoft_djvu.txt
/home/gian/agfarms/bucket-foundation/archive/principlesofchem00menduoft
  ↓ downloading 3 files for principlesofchem01menduoft
    skip (have): principlesofchem01menduoft.pdf
    skip (have): principlesofchem01menduoft.epub
    skip (have): principlesofchem01menduoft_djvu.txt
/home/gian/agfarms/bucket-foundation/archive/principlesofchem01menduoft
? "walter russell new concept universe" → ExtrasensoryPerceptionResearchFinding (Notes on the Paranormal)
  ↓ downloading 3 files for ExtrasensoryPerceptionResearchFinding
    skip (have): Extrasensory_Perception_Research_Finding.pdf
    skip (have): Extrasensory_Perception_Research_Finding.epub
    skip (have): Extrasensory_Perception_Research_Finding_djvu.txt
/home/gian/agfarms/bucket-foundation/archive/ExtrasensoryPerceptionResearchFinding
  ↓ downloading 3 files for newtonspmathema00newtrich
    skip (have): newtonspmathema00newtrich.pdf
    skip (have): newtonspmathema00newtrich.epub
    skip (have): newtonspmathema00newtrich_djvu.txt
/home/gian/agfarms/bucket-foundation/archive/newtonspmathema00newtrich
  ↓ downloading 3 files for principia00newtuoft
    skip (have): principia00newtuoft.pdf
    skip (have): principia00newtuoft.epub
    skip (have): principia00newtuoft_djvu.txt
/home/gian/agfarms/bucket-foundation/archive/principia00newtuoft
? "Newton Opticks 1704" → opticks_1203_librivox (Opticks)
  ↓ downloading 2 files for opticks_1203_librivox
    skip (have): opticks_1207.pdf
    skip (have): opticks_1207_djvu.txt
/home/gian/agfarms/bucket-foundation/archive/opticks_1203_librivox
? "Maxwell Treatise on Electricity and Magnetism volume 1" → electricandmagne01maxwrich (A treatise on electricity and magnetism)
  ↓ downloading 3 files for electricandmagne01maxwrich
    skip (have): electricandmagne01maxwrich.pdf
    skip (have): electricandmagne01maxwrich.epub
    skip (have): electricandmagne01maxwrich_djvu.txt
/home/gian/agfarms/bucket-foundation/archive/electricandmagne01maxwrich
? "Maxwell Treatise on Electricity and Magnetism volume 2" → electricandmagne01maxwrich (A treatise on electricity and magnetism)
  ↓ downloading 3 files for electricandmagne01maxwrich
    skip (have): electricandmagne01maxwrich.pdf
    skip (have): electricandmagne01maxwrich.epub
    skip (have): electricandmagne01maxwrich_djvu.txt
/home/gian/agfarms/bucket-foundation/archive/electricandmagne01maxwrich
? "Maxwell scientific papers" → scientificpapers01maxw (The scientific papers of James Clerk Maxwell)
  ↓ downloading 3 files for scientificpapers01maxw
    skip (have): scientificpapers01maxw.pdf
    skip (have): scientificpapers01maxw.epub
    skip (have): scientificpapers01maxw_djvu.txt
/home/gian/agfarms/bucket-foundation/archive/scientificpapers01maxw
? "Faraday Experimental Researches in Electricity volume 1" → ExtrasensoryPerceptionResearchFinding (Notes on the Paranormal)
  ↓ downloading 3 files for ExtrasensoryPerceptionResearchFinding
    skip (have): Extrasensory_Perception_Research_Finding.pdf
    skip (have): Extrasensory_Perception_Research_Finding.epub
    skip (have): Extrasensory_Perception_Research_Finding_djvu.txt
/home/gian/agfarms/bucket-foundation/archive/ExtrasensoryPerceptionResearchFinding
? "Faraday Experimental Researches in Electricity volume 2" → ExtrasensoryPerceptionResearchFinding (Notes on the Paranormal)
  ↓ downloading 3 files for ExtrasensoryPerceptionResearchFinding
    skip (have): Extrasensory_Perception_Research_Finding.pdf
    skip (have): Extrasensory_Perception_Research_Finding.epub
    skip (have): Extrasensory_Perception_Research_Finding_djvu.txt
/home/gian/agfarms/bucket-foundation/archive/ExtrasensoryPerceptionResearchFinding
? "Faraday Experimental Researches in Electricity volume 3" → ExtrasensoryPerceptionResearchFinding (Notes on the Paranormal)
  ↓ downloading 3 files for ExtrasensoryPerceptionResearchFinding
    skip (have): Extrasensory_Perception_Research_Finding.pdf
    skip (have): Extrasensory_Perception_Research_Finding.epub
    skip (have): Extrasensory_Perception_Research_Finding_djvu.txt
/home/gian/agfarms/bucket-foundation/archive/ExtrasensoryPerceptionResearchFinding
? "Tesla My Inventions" → pbsnovadocs (PBS Nova Documentaries)
  ↓ downloading 0 files for pbsnovadocs
/home/gian/agfarms/bucket-foundation/archive/pbsnovadocs
? "Tesla Colorado Springs Notes" → majestic-12-files (MAJESTIC 12 Files)
  ↓ downloading 0 files for majestic-12-files
/home/gian/agfarms/bucket-foundation/archive/majestic-12-files
? "Tesla problem of increasing human energy" → sharware (chestnut-multimedia)
  ↓ downloading 2 files for sharware
    FAIL chestnut/DLR/CONTENTS.pdf: <urlopen error [Errno 104] Connection reset by peer>
    FAIL chestnut/DLR/CONTENTS_djvu.txt: [Errno 2] No such file or directory: '/home/gian/agfarms/bucket-foundation/archive/sharware/chestnut/DLR/CONTENTS_djvu.txt'
/home/gian/agfarms/bucket-foundation/archive/sharware
? "Einstein Relativity special general theory" → relativity_librivox (Relativity: The Special and General Theory)
  ↓ downloading 2 files for relativity_librivox
    skip (have): relativity_1003.pdf
    skip (have): relativity_1003_djvu.txt
/home/gian/agfarms/bucket-foundation/archive/relativity_librivox
? "Einstein 1905 photoelectric" → cia-readingroom-document-cia-rdp96-00788r001100010004-6 (CIA Reading Room cia-rdp96-00788r001100010004-6: PROCEEDINGS)
  ↓ downloading 3 files for cia-readingroom-document-cia-rdp96-00788r001100010004-6
    skip (have): cia-rdp96-00788r001100010004-6.pdf
    skip (have): cia-rdp96-00788r001100010004-6.epub
    skip (have): cia-rdp96-00788r001100010004-6_djvu.txt
/home/gian/agfarms/bucket-foundation/archive/cia-readingroom-document-cia-rdp96-00788r001100010004-6
? "Szent-Györgyi Bioenergetics" → bioenergetics00szen (Bioenergetics)
  ↓ downloading 3 files for bioenergetics00szen
    skip (have): bioenergetics00szen.pdf
    skip (have): bioenergetics00szen.epub
    skip (have): bioenergetics00szen_djvu.txt
/home/gian/agfarms/bucket-foundation/archive/bioenergetics00szen
NO HITS: Szent-Györgyi submolecular biology
? "Becker Body Electric" → die-or-d.i.y.-full-archive ((Blogger) Die or D.I.Y.? Full Archive)
  ↓ downloading 0 files for die-or-d.i.y.-full-archive
/home/gian/agfarms/bucket-foundation/archive/die-or-d.i.y.-full-archive
? "Becker Cross Currents" → ExtrasensoryPerceptionResearchFinding (Notes on the Paranormal)
  ↓ downloading 3 files for ExtrasensoryPerceptionResearchFinding
    skip (have): Extrasensory_Perception_Research_Finding.pdf
    skip (have): Extrasensory_Perception_Research_Finding.epub
    skip (have): Extrasensory_Perception_Research_Finding_djvu.txt
/home/gian/agfarms/bucket-foundation/archive/ExtrasensoryPerceptionResearchFinding
? "Ling physical theory living state" → BluePlanetProjectUFOTECHNOLOGY (Blue Planet Project UFO TECHNOLOGY)
  ↓ downloading 3 files for BluePlanetProjectUFOTECHNOLOGY
    skip (have): Blue Planet Project UFO TECHNOLOGY.pdf
    skip (have): Blue Planet Project UFO TECHNOLOGY.epub
    skip (have): Blue Planet Project UFO TECHNOLOGY_djvu.txt
/home/gian/agfarms/bucket-foundation/archive/BluePlanetProjectUFOTECHNOLOGY
? "Ling association induction" → ibogaine_literature (Ibogaine Literature)
  ↓ downloading 3 files for ibogaine_literature
    skip (have): abaul1989.pdf
    skip (have): agwada1975.pdf
    skip (have): abaul1989_djvu.txt
/home/gian/agfarms/bucket-foundation/archive/ibogaine_literature
? "Nordenström Biologically Closed Electric Circuits" → biokinetic-impacts-on-structure-and-imaging-of-the-lung-the-concept-of-biologica (Biokinetic Impacts on Structure and Imaging of the Lung the )
  ↓ downloading 2 files for biokinetic-impacts-on-structure-and-imaging-of-the-lung-the-concept-of-biologica
    skip (have): Biokinetic impacts on structure and imaging of the lung the concept of biologically closed electric circuits - Nordenstrom AJR 1985.pdf
    skip (have): Biokinetic impacts on structure and imaging of the lung the concept of biologically closed electric circuits - Nordenstrom AJR 1985_djvu.txt
/home/gian/agfarms/bucket-foundation/archive/biokinetic-impacts-on-structure-and-imaging-of-the-lung-the-concept-of-biologica
? "Euclid Elements Heath translation" → EuclidsElementsBooksIIIVolume1Heath (Euclid's Elements Books I II Volume 1 Heath)
  ↓ downloading 2 files for EuclidsElementsBooksIIIVolume1Heath
    skip (have): Euclid's_Elements_Books_I-II_Volume_1-Heath.pdf
    skip (have): Euclid's_Elements_Books_I-II_Volume_1-Heath_djvu.txt
/home/gian/agfarms/bucket-foundation/archive/EuclidsElementsBooksIIIVolume1Heath
? "Gauss Disquisitiones Arithmeticae" → disquisitionesa00gaus (Disquisitiones arithmeticae)
  ↓ downloading 3 files for disquisitionesa00gaus
    skip (have): disquisitionesa00gaus.pdf
    skip (have): disquisitionesa00gaus.epub
    skip (have): disquisitionesa00gaus_djvu.txt
/home/gian/agfarms/bucket-foundation/archive/disquisitionesa00gaus
? "Riemann zeta hypothesis" → logicalcross (LogicalCross)
  ↓ downloading 2 files for logicalcross
    skip (have): essay.pdf
    skip (have): essay_djvu.txt
/home/gian/agfarms/bucket-foundation/archive/logicalcross
? "Cantor set theory" → YouDontNeedAWeathermanToKnowWhichWayTheWindBlows_925 (You Don't Need A Weatherman To Know Which Way The Wind Blows)
  ↓ downloading 3 files for YouDontNeedAWeathermanToKnowWhichWayTheWindBlows_925
    skip (have): YouDontNeedAWeathermanToKnowWhichWayTheWindBlows_925.pdf
    skip (have): YouDontNeedAWeathermanToKnowWhichWayTheWindBlows_925.epub
    skip (have): YouDontNeedAWeathermanToKnowWhichWayTheWindBlows_925_djvu.txt
/home/gian/agfarms/bucket-foundation/archive/YouDontNeedAWeathermanToKnowWhichWayTheWindBlows_925
? "Dirac Principles of Quantum Mechanics" → academictorrents_f24122f15283757aa8a9bf9cb638db266273442d ([Coursera] Exploring Quantum Physics)
  ↓ downloading 3 files for academictorrents_f24122f15283757aa8a9bf9cb638db266273442d
    FAIL Lectures/Week 1 - 02 Wavefunctions and Schrdinger Equation/01_Part_I-_Comments_on_studying_QM_10-11.pdf: [Errno 2] No such file or directory: '/home/gian/agfarms/bucket-foundation/archive/academictorrents_f24122f15283757aa8a9bf9cb638db266273442d/Lectures/Week 1 - 02 Wavefunctions and Schrdinger Equation/01_Part_I-_Comments_on_studying_QM_10-11.pdf'
    FAIL Lectures/Week 8 - 17 Time-dependent quantum mechanics Victor Galitski/01_Part_I-_Time-dependent_Schrdinger_Eq._general_remarks_23-04.pdf: [Errno 2] No such file or directory: '/home/gian/agfarms/bucket-foundation/archive/academictorrents_f24122f15283757aa8a9bf9cb638db266273442d/Lectures/Week 8 - 17 Time-dependent quantum mechanics Victor Galitski/01_Part_I-_Time-dependent_Schrdinger_Eq._general_remarks_23-04.pdf'
    FAIL Lectures/Week 1 - 02 Wavefunctions and Schrdinger Equation/01_Part_I-_Comments_on_studying_QM_10-11_djvu.txt: [Errno 2] No such file or directory: '/home/gian/agfarms/bucket-foundation/archive/academictorrents_f24122f15283757aa8a9bf9cb638db266273442d/Lectures/Week 1 - 02 Wavefunctions and Schrdinger Equation/01_Part_I-_Comments_on_studying_QM_10-11_djvu.txt'
/home/gian/agfarms/bucket-foundation/archive/academictorrents_f24122f15283757aa8a9bf9cb638db266273442d
? "Feynman lectures on physics" → academictorrents_f24122f15283757aa8a9bf9cb638db266273442d ([Coursera] Exploring Quantum Physics)
  ↓ downloading 3 files for academictorrents_f24122f15283757aa8a9bf9cb638db266273442d
    FAIL Lectures/Week 1 - 02 Wavefunctions and Schrdinger Equation/01_Part_I-_Comments_on_studying_QM_10-11.pdf: [Errno 2] No such file or directory: '/home/gian/agfarms/bucket-foundation/archive/academictorrents_f24122f15283757aa8a9bf9cb638db266273442d/Lectures/Week 1 - 02 Wavefunctions and Schrdinger Equation/01_Part_I-_Comments_on_studying_QM_10-11.pdf'
    FAIL Lectures/Week 8 - 17 Time-dependent quantum mechanics Victor Galitski/01_Part_I-_Time-dependent_Schrdinger_Eq._general_remarks_23-04.pdf: [Errno 2] No such file or directory: '/home/gian/agfarms/bucket-foundation/archive/academictorrents_f24122f15283757aa8a9bf9cb638db266273442d/Lectures/Week 8 - 17 Time-dependent quantum mechanics Victor Galitski/01_Part_I-_Time-dependent_Schrdinger_Eq._general_remarks_23-04.pdf'
    FAIL Lectures/Week 1 - 02 Wavefunctions and Schrdinger Equation/01_Part_I-_Comments_on_studying_QM_10-11_djvu.txt: HTTP Error 500: Internal Server Error
/home/gian/agfarms/bucket-foundation/archive/academictorrents_f24122f15283757aa8a9bf9cb638db266273442d
? "Shannon mathematical theory of communication" → communications_primer (Communications Primer, A)
  ↓ downloading 0 files for communications_primer
/home/gian/agfarms/bucket-foundation/archive/communications_primer
? "Turing computable numbers 1936" → turingsvisionbir0000bern (Turing's vision : the birth of computer science)
  ↓ downloading 3 files for turingsvisionbir0000bern
    FAIL turingsvisionbir0000bern.pdf: HTTP Error 401: Unauthorized
    FAIL turingsvisionbir0000bern.epub: HTTP Error 403: Forbidden
    FAIL turingsvisionbir0000bern_djvu.txt: HTTP Error 401: Unauthorized
/home/gian/agfarms/bucket-foundation/archive/turingsvisionbir0000bern
? "Helmholtz On the Sensations of Tone" → onsensationsofto00helmrich (On the sensations of tone as a physiological basis for the t)
  ↓ downloading 3 files for onsensationsofto00helmrich
    skip (have): onsensationsofto00helmrich.pdf
    skip (have): onsensationsofto00helmrich.epub
    skip (have): onsensationsofto00helmrich_djvu.txt
/home/gian/agfarms/bucket-foundation/archive/onsensationsofto00helmrich
? "Helmholtz Treatise Physiological Optics" → ExtrasensoryPerceptionResearchFinding (Notes on the Paranormal)
  ↓ downloading 3 files for ExtrasensoryPerceptionResearchFinding
    skip (have): Extrasensory_Perception_Research_Finding.pdf
    skip (have): Extrasensory_Perception_Research_Finding.epub
    skip (have): Extrasensory_Perception_Research_Finding_djvu.txt
/home/gian/agfarms/bucket-foundation/archive/ExtrasensoryPerceptionResearchFinding
? "Schrodinger What is Life" → Necktar2017Volume9 (Necktar 2017 volume 9)
  ↓ downloading 0 files for Necktar2017Volume9
/home/gian/agfarms/bucket-foundation/archive/Necktar2017Volume9
? "Schrödinger Mind and Matter" → Necktar2017Volume9 (Necktar 2017 volume 9)
  ↓ downloading 0 files for Necktar2017Volume9
/home/gian/agfarms/bucket-foundation/archive/Necktar2017Volume9
? "Bohr Atomic Theory Description Nature" → ExtrasensoryPerceptionResearchFinding (Notes on the Paranormal)
  ↓ downloading 3 files for ExtrasensoryPerceptionResearchFinding
    skip (have): Extrasensory_Perception_Research_Finding.pdf
    skip (have): Extrasensory_Perception_Research_Finding.epub
    skip (have): Extrasensory_Perception_Research_Finding_djvu.txt
/home/gian/agfarms/bucket-foundation/archive/ExtrasensoryPerceptionResearchFinding
? "Heisenberg Physics Philosophy" → 216.TheLastEpisodeAtLeastForAWhileOrMaybeForever_670 (216. The Last Episode, at Least for a While, or Maybe Foreve)
  ↓ downloading 0 files for 216.TheLastEpisodeAtLeastForAWhileOrMaybeForever_670
/home/gian/agfarms/bucket-foundation/archive/216.TheLastEpisodeAtLeastForAWhileOrMaybeForever_670
? "Pauli Wolfgang lectures physics" → 1_20210412_20210412_0345 (Epigenesis, Existentialism and Creativity)
  ↓ downloading 0 files for 1_20210412_20210412_0345
/home/gian/agfarms/bucket-foundation/archive/1_20210412_20210412_0345
? "Wigner Eugene mind in physics" → cia-readingroom-document-cia-rdp96-00787r000500380004-4 (CIA Reading Room cia-rdp96-00787r000500380004-4: PSYCHIC PRO)
  ↓ downloading 3 files for cia-readingroom-document-cia-rdp96-00787r000500380004-4
    skip (have): cia-rdp96-00787r000500380004-4.pdf
    skip (have): cia-rdp96-00787r000500380004-4.epub
    skip (have): cia-rdp96-00787r000500380004-4_djvu.txt
/home/gian/agfarms/bucket-foundation/archive/cia-readingroom-document-cia-rdp96-00787r000500380004-4
? "Wheeler Geons Black Holes Quantum Foam" → geonsblackholesq00whee (Geons, black holes, and quantum foam : a life in physics)
  ↓ downloading 3 files for geonsblackholesq00whee
    FAIL geonsblackholesq00whee.pdf: HTTP Error 403: Forbidden
    FAIL geonsblackholesq00whee.epub: HTTP Error 403: Forbidden
    FAIL geonsblackholesq00whee_djvu.txt: HTTP Error 403: Forbidden
/home/gian/agfarms/bucket-foundation/archive/geonsblackholesq00whee
? "Pasteur fermentation" → mmoiresurlafer00past (Mémoire sur la fermentation alcoolique)
  ↓ downloading 2 files for mmoiresurlafer00past
    skip (have): mmoiresurlafer00past.pdf
    skip (have): mmoiresurlafer00past_djvu.txt
/home/gian/agfarms/bucket-foundation/archive/mmoiresurlafer00past
? "Darwin Origin of Species" → origin_species_librivox (On the Origin of Species by Means of Natural Selection)
  ↓ downloading 2 files for origin_species_librivox
    skip (have): On_the_Origin_of_Species_by_Means_of_Natural_Selection_1005.pdf
    skip (have): On_the_Origin_of_Species_by_Means_of_Natural_Selection_1005_djvu.txt
/home/gian/agfarms/bucket-foundation/archive/origin_species_librivox
? "Wallace contributions theory natural selection" → ExtrasensoryPerceptionResearchFinding (Notes on the Paranormal)
  ↓ downloading 3 files for ExtrasensoryPerceptionResearchFinding
    skip (have): Extrasensory_Perception_Research_Finding.pdf
    skip (have): Extrasensory_Perception_Research_Finding.epub
    skip (have): Extrasensory_Perception_Research_Finding_djvu.txt
/home/gian/agfarms/bucket-foundation/archive/ExtrasensoryPerceptionResearchFinding
? "Linus Pauling general chemistry" → introductiontoqu031712mbp (['Introduction To Quantum Mechanics', 'With Applications To Chemistry.'])
  ↓ downloading 3 files for introductiontoqu031712mbp
    skip (have): introductiontoqu031712mbp.pdf
    skip (have): introductiontoqu031712mbp.epub
    skip (have): introductiontoqu031712mbp_djvu.txt
/home/gian/agfarms/bucket-foundation/archive/introductiontoqu031712mbp
? "Linus Pauling vitamin C" → How_To_Live_Longer_And_Feel_Better_PDF (Linus Pauling PhD: How To Live Longer And Feel Better pdf)
  ↓ downloading 3 files for How_To_Live_Longer_And_Feel_Better_PDF
    skip (have): How to live longer and feel better - Pauling, Linus, 1901-1994.pdf
    skip (have): How to live longer and feel better - Pauling, Linus, 1901-1994.epub
    skip (have): How to live longer and feel better - Pauling, Linus, 1901-1994_djvu.txt
/home/gian/agfarms/bucket-foundation/archive/How_To_Live_Longer_And_Feel_Better_PDF
? "Crick what mad pursuit" → oxfordbookofmode0000unse_a2g6 (The Oxford book of modern science writing)
  ↓ downloading 3 files for oxfordbookofmode0000unse_a2g6
    FAIL oxfordbookofmode0000unse_a2g6.pdf: HTTP Error 403: Forbidden
    FAIL oxfordbookofmode0000unse_a2g6.epub: HTTP Error 403: Forbidden
    FAIL oxfordbookofmode0000unse_a2g6_djvu.txt: HTTP Error 403: Forbidden
/home/gian/agfarms/bucket-foundation/archive/oxfordbookofmode0000unse_a2g6
? "Schrödinger statistical thermodynamics" → yavorskydetlafamodernhandbookofphysicsmir1982 (A Modern Handbook Of Physics)
  ↓ downloading 3 files for yavorskydetlafamodernhandbookofphysicsmir1982
    skip (have): Yavorsky-Detlaf-A-Modern-Handbook-of-Physics-Mir-1982.pdf
    skip (have): Yavorsky-Detlaf-A-Modern-Handbook-of-Physics-Mir-1982.epub
    skip (have): Yavorsky-Detlaf-A-Modern-Handbook-of-Physics-Mir-1982_djvu.txt
/home/gian/agfarms/bucket-foundation/archive/yavorskydetlafamodernhandbookofphysicsmir1982
? "Boltzmann lectures gas theory" → lectures-on-gas-theory-ludwig-boltzmann (Lectures on Gas Theory - Ludwig Boltzmann, Stephen G. Brush)
  ↓ downloading 3 files for lectures-on-gas-theory-ludwig-boltzmann
    skip (have): Lectures on Gas Theory - Ludwig Boltzmann.pdf
    skip (have): Lectures on Gas Theory - Ludwig Boltzmann.epub
    skip (have): Lectures on Gas Theory - Ludwig Boltzmann_djvu.txt
/home/gian/agfarms/bucket-foundation/archive/lectures-on-gas-theory-ludwig-boltzmann
? "Carnot reflections motive power fire" → cia-readingroom-document-cia-rdp79-01194a000400140001-7 (CIA Reading Room cia-rdp79-01194a000400140001-7: CA PROPAGAN)
  ↓ downloading 3 files for cia-readingroom-document-cia-rdp79-01194a000400140001-7
    skip (have): cia-rdp79-01194a000400140001-7.pdf
    skip (have): cia-rdp79-01194a000400140001-7.epub
    skip (have): cia-rdp79-01194a000400140001-7_djvu.txt
/home/gian/agfarms/bucket-foundation/archive/cia-readingroom-document-cia-rdp79-01194a000400140001-7
? "Planck thermodynamik thermodynamics" → vorlesungenbert01plangoog (Vorlesungen über thermodynamik)
  ↓ downloading 2 files for vorlesungenbert01plangoog
    skip (have): vorlesungenbert01plangoog.pdf
    skip (have): vorlesungenbert01plangoog_djvu.txt
/home/gian/agfarms/bucket-foundation/archive/vorlesungenbert01plangoog
? "Lavoisier elements chemistry" → understanding-science (Understanding Science, Collected Edition, Vols 1-12)
  ↓ downloading 3 files for understanding-science
    skip (have): Understanding_Science-Vol_01_jpg85.pdf
    skip (have): Understanding_Science-Vol_01_jpg85.epub
    skip (have): Understanding_Science-Vol_01_jpg85_djvu.txt
/home/gian/agfarms/bucket-foundation/archive/understanding-science
? "Fourier analytical theory heat" → analyticaltheory00fourrich (The analytical theory of heat)
  ↓ downloading 3 files for analyticaltheory00fourrich
    skip (have): analyticaltheory00fourrich.pdf
    skip (have): analyticaltheory00fourrich.epub
    skip (have): analyticaltheory00fourrich_djvu.txt
/home/gian/agfarms/bucket-foundation/archive/analyticaltheory00fourrich
? "Galileo dialogue two world systems" → GalileiGalileoDialogueConcerningTheTwoChiefWorldSystemsEN155P. (Galilei, Galileo - Dialogue Concerning the two Chief World S)
  ↓ downloading 3 files for GalileiGalileoDialogueConcerningTheTwoChiefWorldSystemsEN155P.
    skip (have): Galilei, Galileo - Dialogue Concerning the two Chief World Systems (EN, 155 p.).pdf
    skip (have): Galilei, Galileo - Dialogue Concerning the two Chief World Systems (EN, 155 p.).epub
    skip (have): Galilei, Galileo - Dialogue Concerning the two Chief World Systems (EN, 155 p.)_djvu.txt
/home/gian/agfarms/bucket-foundation/archive/GalileiGalileoDialogueConcerningTheTwoChiefWorldSystemsEN155P.
? "Feynman QED" → MIT8.701F20 (MIT 8.701 Introduction to Nuclear and Particle Physics, Fall)
  ↓ downloading 0 files for MIT8.701F20
/home/gian/agfarms/bucket-foundation/archive/MIT8.701F20
? "Crick Watson DNA" → MIT7.01SCF11 (OCW Scholar: Fundamentals of Biology)
  ↓ downloading 0 files for MIT7.01SCF11
/home/gian/agfarms/bucket-foundation/archive/MIT7.01SCF11
? "Darwin descent of man" → descent_man_1_1011_librivox (The Descent of Man and Selection in Relation to Sex Part 1)
  ↓ downloading 2 files for descent_man_1_1011_librivox
    skip (have): descentman1_1011.pdf
    skip (have): descentman1_1011_djvu.txt
/home/gian/agfarms/bucket-foundation/archive/descent_man_1_1011_librivox
[2026-08-08T19:11:21-04:00] === archive runner done ===
[2026-08-09T19:06:54-04:00] === archive runner start ===
  ↓ downloading 3 files for the-universal-one-1926-walter-russell
    skip (have): TheUniversalOne1926WalterRussell.pdf
    skip (have): TheUniversalOne1926WalterRussell.epub
    skip (have): TheUniversalOne1926WalterRussell_djvu.txt
/home/gian/agfarms/bucket-foundation/archive/the-universal-one-1926-walter-russell
  ↓ downloading 3 files for principlesofchem00menduoft
    skip (have): principlesofchem00menduoft.pdf
    skip (have): principlesofchem00menduoft.epub
    skip (have): principlesofchem00menduoft_djvu.txt
/home/gian/agfarms/bucket-foundation/archive/principlesofchem00menduoft
  ↓ downloading 3 files for principlesofchem01menduoft
    skip (have): principlesofchem01menduoft.pdf
    skip (have): principlesofchem01menduoft.epub
    skip (have): principlesofchem01menduoft_djvu.txt
/home/gian/agfarms/bucket-foundation/archive/principlesofchem01menduoft
? "walter russell new concept universe" → ExtrasensoryPerceptionResearchFinding (Notes on the Paranormal)
  ↓ downloading 3 files for ExtrasensoryPerceptionResearchFinding
    skip (have): Extrasensory_Perception_Research_Finding.pdf
    skip (have): Extrasensory_Perception_Research_Finding.epub
    skip (have): Extrasensory_Perception_Research_Finding_djvu.txt
/home/gian/agfarms/bucket-foundation/archive/ExtrasensoryPerceptionResearchFinding
  ↓ downloading 3 files for newtonspmathema00newtrich
    skip (have): newtonspmathema00newtrich.pdf
    skip (have): newtonspmathema00newtrich.epub
    skip (have): newtonspmathema00newtrich_djvu.txt
/home/gian/agfarms/bucket-foundation/archive/newtonspmathema00newtrich
  ↓ downloading 3 files for principia00newtuoft
    skip (have): principia00newtuoft.pdf
    skip (have): principia00newtuoft.epub
    skip (have): principia00newtuoft_djvu.txt
/home/gian/agfarms/bucket-foundation/archive/principia00newtuoft
? "Newton Opticks 1704" → opticks_1203_librivox (Opticks)
  ↓ downloading 2 files for opticks_1203_librivox
    skip (have): opticks_1207.pdf
    skip (have): opticks_1207_djvu.txt
/home/gian/agfarms/bucket-foundation/archive/opticks_1203_librivox
? "Maxwell Treatise on Electricity and Magnetism volume 1" → electricandmagne01maxwrich (A treatise on electricity and magnetism)
  ↓ downloading 3 files for electricandmagne01maxwrich
    skip (have): electricandmagne01maxwrich.pdf
    skip (have): electricandmagne01maxwrich.epub
    skip (have): electricandmagne01maxwrich_djvu.txt
/home/gian/agfarms/bucket-foundation/archive/electricandmagne01maxwrich
? "Maxwell Treatise on Electricity and Magnetism volume 2" → electricandmagne01maxwrich (A treatise on electricity and magnetism)
  ↓ downloading 3 files for electricandmagne01maxwrich
    skip (have): electricandmagne01maxwrich.pdf
    skip (have): electricandmagne01maxwrich.epub
    skip (have): electricandmagne01maxwrich_djvu.txt
/home/gian/agfarms/bucket-foundation/archive/electricandmagne01maxwrich
? "Maxwell scientific papers" → scientificpapers01maxw (The scientific papers of James Clerk Maxwell)
  ↓ downloading 3 files for scientificpapers01maxw
    skip (have): scientificpapers01maxw.pdf
    skip (have): scientificpapers01maxw.epub
    skip (have): scientificpapers01maxw_djvu.txt
/home/gian/agfarms/bucket-foundation/archive/scientificpapers01maxw
? "Faraday Experimental Researches in Electricity volume 1" → ExtrasensoryPerceptionResearchFinding (Notes on the Paranormal)
  ↓ downloading 3 files for ExtrasensoryPerceptionResearchFinding
    skip (have): Extrasensory_Perception_Research_Finding.pdf
    skip (have): Extrasensory_Perception_Research_Finding.epub
    skip (have): Extrasensory_Perception_Research_Finding_djvu.txt
/home/gian/agfarms/bucket-foundation/archive/ExtrasensoryPerceptionResearchFinding
? "Faraday Experimental Researches in Electricity volume 2" → ExtrasensoryPerceptionResearchFinding (Notes on the Paranormal)
  ↓ downloading 3 files for ExtrasensoryPerceptionResearchFinding
    skip (have): Extrasensory_Perception_Research_Finding.pdf
    skip (have): Extrasensory_Perception_Research_Finding.epub
    skip (have): Extrasensory_Perception_Research_Finding_djvu.txt
/home/gian/agfarms/bucket-foundation/archive/ExtrasensoryPerceptionResearchFinding
? "Faraday Experimental Researches in Electricity volume 3" → ExtrasensoryPerceptionResearchFinding (Notes on the Paranormal)
  ↓ downloading 3 files for ExtrasensoryPerceptionResearchFinding
    skip (have): Extrasensory_Perception_Research_Finding.pdf
    skip (have): Extrasensory_Perception_Research_Finding.epub
    skip (have): Extrasensory_Perception_Research_Finding_djvu.txt
/home/gian/agfarms/bucket-foundation/archive/ExtrasensoryPerceptionResearchFinding
? "Tesla My Inventions" → pbsnovadocs (PBS Nova Documentaries)
  ↓ downloading 0 files for pbsnovadocs
/home/gian/agfarms/bucket-foundation/archive/pbsnovadocs
? "Tesla Colorado Springs Notes" → majestic-12-files (MAJESTIC 12 Files)
  ↓ downloading 0 files for majestic-12-files
/home/gian/agfarms/bucket-foundation/archive/majestic-12-files
? "Tesla problem of increasing human energy" → sharware (chestnut-multimedia)
  ↓ downloading 2 files for sharware
    FAIL chestnut/DLR/CONTENTS.pdf: [Errno 2] No such file or directory: '/home/gian/agfarms/bucket-foundation/archive/sharware/chestnut/DLR/CONTENTS.pdf'
    FAIL chestnut/DLR/CONTENTS_djvu.txt: [Errno 2] No such file or directory: '/home/gian/agfarms/bucket-foundation/archive/sharware/chestnut/DLR/CONTENTS_djvu.txt'
/home/gian/agfarms/bucket-foundation/archive/sharware
? "Einstein Relativity special general theory" → relativity_librivox (Relativity: The Special and General Theory)
  ↓ downloading 2 files for relativity_librivox
    skip (have): relativity_1003.pdf
    skip (have): relativity_1003_djvu.txt
/home/gian/agfarms/bucket-foundation/archive/relativity_librivox
? "Einstein 1905 photoelectric" → cia-readingroom-document-cia-rdp96-00788r001100010004-6 (CIA Reading Room cia-rdp96-00788r001100010004-6: PROCEEDINGS)
  ↓ downloading 3 files for cia-readingroom-document-cia-rdp96-00788r001100010004-6
    skip (have): cia-rdp96-00788r001100010004-6.pdf
    skip (have): cia-rdp96-00788r001100010004-6.epub
    skip (have): cia-rdp96-00788r001100010004-6_djvu.txt
/home/gian/agfarms/bucket-foundation/archive/cia-readingroom-document-cia-rdp96-00788r001100010004-6
? "Szent-Györgyi Bioenergetics" → bioenergetics00szen (Bioenergetics)
  ↓ downloading 3 files for bioenergetics00szen
    skip (have): bioenergetics00szen.pdf
    skip (have): bioenergetics00szen.epub
    skip (have): bioenergetics00szen_djvu.txt
/home/gian/agfarms/bucket-foundation/archive/bioenergetics00szen
NO HITS: Szent-Györgyi submolecular biology
? "Becker Body Electric" → die-or-d.i.y.-full-archive ((Blogger) Die or D.I.Y.? Full Archive)
  ↓ downloading 0 files for die-or-d.i.y.-full-archive
/home/gian/agfarms/bucket-foundation/archive/die-or-d.i.y.-full-archive
? "Becker Cross Currents" → ExtrasensoryPerceptionResearchFinding (Notes on the Paranormal)
  ↓ downloading 3 files for ExtrasensoryPerceptionResearchFinding
    skip (have): Extrasensory_Perception_Research_Finding.pdf
    skip (have): Extrasensory_Perception_Research_Finding.epub
    skip (have): Extrasensory_Perception_Research_Finding_djvu.txt
/home/gian/agfarms/bucket-foundation/archive/ExtrasensoryPerceptionResearchFinding
? "Ling physical theory living state" → BluePlanetProjectUFOTECHNOLOGY (Blue Planet Project UFO TECHNOLOGY)
  ↓ downloading 3 files for BluePlanetProjectUFOTECHNOLOGY
    skip (have): Blue Planet Project UFO TECHNOLOGY.pdf
    skip (have): Blue Planet Project UFO TECHNOLOGY.epub
    skip (have): Blue Planet Project UFO TECHNOLOGY_djvu.txt
/home/gian/agfarms/bucket-foundation/archive/BluePlanetProjectUFOTECHNOLOGY
? "Ling association induction" → ibogaine_literature (Ibogaine Literature)
  ↓ downloading 3 files for ibogaine_literature
    skip (have): abaul1989.pdf
    skip (have): agwada1975.pdf
    skip (have): abaul1989_djvu.txt
/home/gian/agfarms/bucket-foundation/archive/ibogaine_literature
? "Nordenström Biologically Closed Electric Circuits" → biokinetic-impacts-on-structure-and-imaging-of-the-lung-the-concept-of-biologica (Biokinetic Impacts on Structure and Imaging of the Lung the )
  ↓ downloading 2 files for biokinetic-impacts-on-structure-and-imaging-of-the-lung-the-concept-of-biologica
    skip (have): Biokinetic impacts on structure and imaging of the lung the concept of biologically closed electric circuits - Nordenstrom AJR 1985.pdf
    skip (have): Biokinetic impacts on structure and imaging of the lung the concept of biologically closed electric circuits - Nordenstrom AJR 1985_djvu.txt
/home/gian/agfarms/bucket-foundation/archive/biokinetic-impacts-on-structure-and-imaging-of-the-lung-the-concept-of-biologica
? "Euclid Elements Heath translation" → EuclidsElementsBooksIIIVolume1Heath (Euclid's Elements Books I II Volume 1 Heath)
  ↓ downloading 2 files for EuclidsElementsBooksIIIVolume1Heath
    skip (have): Euclid's_Elements_Books_I-II_Volume_1-Heath.pdf
    skip (have): Euclid's_Elements_Books_I-II_Volume_1-Heath_djvu.txt
/home/gian/agfarms/bucket-foundation/archive/EuclidsElementsBooksIIIVolume1Heath
? "Gauss Disquisitiones Arithmeticae" → disquisitionesa00gaus (Disquisitiones arithmeticae)
  ↓ downloading 3 files for disquisitionesa00gaus
    skip (have): disquisitionesa00gaus.pdf
    skip (have): disquisitionesa00gaus.epub
    skip (have): disquisitionesa00gaus_djvu.txt
/home/gian/agfarms/bucket-foundation/archive/disquisitionesa00gaus
? "Riemann zeta hypothesis" → logicalcross (LogicalCross)
  ↓ downloading 2 files for logicalcross
    skip (have): essay.pdf
    skip (have): essay_djvu.txt
/home/gian/agfarms/bucket-foundation/archive/logicalcross
? "Cantor set theory" → YouDontNeedAWeathermanToKnowWhichWayTheWindBlows_925 (You Don't Need A Weatherman To Know Which Way The Wind Blows)
  ↓ downloading 3 files for YouDontNeedAWeathermanToKnowWhichWayTheWindBlows_925
    skip (have): YouDontNeedAWeathermanToKnowWhichWayTheWindBlows_925.pdf
    skip (have): YouDontNeedAWeathermanToKnowWhichWayTheWindBlows_925.epub
    skip (have): YouDontNeedAWeathermanToKnowWhichWayTheWindBlows_925_djvu.txt
/home/gian/agfarms/bucket-foundation/archive/YouDontNeedAWeathermanToKnowWhichWayTheWindBlows_925
? "Dirac Principles of Quantum Mechanics" → academictorrents_f24122f15283757aa8a9bf9cb638db266273442d ([Coursera] Exploring Quantum Physics)
  ↓ downloading 3 files for academictorrents_f24122f15283757aa8a9bf9cb638db266273442d
    FAIL Lectures/Week 1 - 02 Wavefunctions and Schrdinger Equation/01_Part_I-_Comments_on_studying_QM_10-11.pdf: [Errno 2] No such file or directory: '/home/gian/agfarms/bucket-foundation/archive/academictorrents_f24122f15283757aa8a9bf9cb638db266273442d/Lectures/Week 1 - 02 Wavefunctions and Schrdinger Equation/01_Part_I-_Comments_on_studying_QM_10-11.pdf'
    FAIL Lectures/Week 8 - 17 Time-dependent quantum mechanics Victor Galitski/01_Part_I-_Time-dependent_Schrdinger_Eq._general_remarks_23-04.pdf: [Errno 2] No such file or directory: '/home/gian/agfarms/bucket-foundation/archive/academictorrents_f24122f15283757aa8a9bf9cb638db266273442d/Lectures/Week 8 - 17 Time-dependent quantum mechanics Victor Galitski/01_Part_I-_Time-dependent_Schrdinger_Eq._general_remarks_23-04.pdf'
    FAIL Lectures/Week 1 - 02 Wavefunctions and Schrdinger Equation/01_Part_I-_Comments_on_studying_QM_10-11_djvu.txt: [Errno 2] No such file or directory: '/home/gian/agfarms/bucket-foundation/archive/academictorrents_f24122f15283757aa8a9bf9cb638db266273442d/Lectures/Week 1 - 02 Wavefunctions and Schrdinger Equation/01_Part_I-_Comments_on_studying_QM_10-11_djvu.txt'
/home/gian/agfarms/bucket-foundation/archive/academictorrents_f24122f15283757aa8a9bf9cb638db266273442d
? "Feynman lectures on physics" → academictorrents_f24122f15283757aa8a9bf9cb638db266273442d ([Coursera] Exploring Quantum Physics)
  ↓ downloading 3 files for academictorrents_f24122f15283757aa8a9bf9cb638db266273442d
    FAIL Lectures/Week 1 - 02 Wavefunctions and Schrdinger Equation/01_Part_I-_Comments_on_studying_QM_10-11.pdf: [Errno 2] No such file or directory: '/home/gian/agfarms/bucket-foundation/archive/academictorrents_f24122f15283757aa8a9bf9cb638db266273442d/Lectures/Week 1 - 02 Wavefunctions and Schrdinger Equation/01_Part_I-_Comments_on_studying_QM_10-11.pdf'
    FAIL Lectures/Week 8 - 17 Time-dependent quantum mechanics Victor Galitski/01_Part_I-_Time-dependent_Schrdinger_Eq._general_remarks_23-04.pdf: [Errno 2] No such file or directory: '/home/gian/agfarms/bucket-foundation/archive/academictorrents_f24122f15283757aa8a9bf9cb638db266273442d/Lectures/Week 8 - 17 Time-dependent quantum mechanics Victor Galitski/01_Part_I-_Time-dependent_Schrdinger_Eq._general_remarks_23-04.pdf'
    FAIL Lectures/Week 1 - 02 Wavefunctions and Schrdinger Equation/01_Part_I-_Comments_on_studying_QM_10-11_djvu.txt: [Errno 2] No such file or directory: '/home/gian/agfarms/bucket-foundation/archive/academictorrents_f24122f15283757aa8a9bf9cb638db266273442d/Lectures/Week 1 - 02 Wavefunctions and Schrdinger Equation/01_Part_I-_Comments_on_studying_QM_10-11_djvu.txt'
/home/gian/agfarms/bucket-foundation/archive/academictorrents_f24122f15283757aa8a9bf9cb638db266273442d
? "Shannon mathematical theory of communication" → communications_primer (Communications Primer, A)
  ↓ downloading 0 files for communications_primer
/home/gian/agfarms/bucket-foundation/archive/communications_primer
? "Turing computable numbers 1936" → turingsvisionbir0000bern (Turing's vision : the birth of computer science)
  ↓ downloading 3 files for turingsvisionbir0000bern
    FAIL turingsvisionbir0000bern.pdf: HTTP Error 401: Unauthorized
    FAIL turingsvisionbir0000bern.epub: HTTP Error 403: Forbidden
    FAIL turingsvisionbir0000bern_djvu.txt: HTTP Error 401: Unauthorized
/home/gian/agfarms/bucket-foundation/archive/turingsvisionbir0000bern
? "Helmholtz On the Sensations of Tone" → onsensationsofto00helmrich (On the sensations of tone as a physiological basis for the t)
  ↓ downloading 3 files for onsensationsofto00helmrich
    skip (have): onsensationsofto00helmrich.pdf
    skip (have): onsensationsofto00helmrich.epub
    skip (have): onsensationsofto00helmrich_djvu.txt
/home/gian/agfarms/bucket-foundation/archive/onsensationsofto00helmrich
? "Helmholtz Treatise Physiological Optics" → ExtrasensoryPerceptionResearchFinding (Notes on the Paranormal)
  ↓ downloading 3 files for ExtrasensoryPerceptionResearchFinding
    skip (have): Extrasensory_Perception_Research_Finding.pdf
    skip (have): Extrasensory_Perception_Research_Finding.epub
    skip (have): Extrasensory_Perception_Research_Finding_djvu.txt
/home/gian/agfarms/bucket-foundation/archive/ExtrasensoryPerceptionResearchFinding
? "Schrodinger What is Life" → Necktar2017Volume9 (Necktar 2017 volume 9)
  ↓ downloading 0 files for Necktar2017Volume9
/home/gian/agfarms/bucket-foundation/archive/Necktar2017Volume9
? "Schrödinger Mind and Matter" → Necktar2017Volume9 (Necktar 2017 volume 9)
  ↓ downloading 0 files for Necktar2017Volume9
/home/gian/agfarms/bucket-foundation/archive/Necktar2017Volume9
? "Bohr Atomic Theory Description Nature" → ExtrasensoryPerceptionResearchFinding (Notes on the Paranormal)
  ↓ downloading 3 files for ExtrasensoryPerceptionResearchFinding
    skip (have): Extrasensory_Perception_Research_Finding.pdf
    skip (have): Extrasensory_Perception_Research_Finding.epub
    skip (have): Extrasensory_Perception_Research_Finding_djvu.txt
/home/gian/agfarms/bucket-foundation/archive/ExtrasensoryPerceptionResearchFinding
? "Heisenberg Physics Philosophy" → 216.TheLastEpisodeAtLeastForAWhileOrMaybeForever_670 (216. The Last Episode, at Least for a While, or Maybe Foreve)
  ↓ downloading 0 files for 216.TheLastEpisodeAtLeastForAWhileOrMaybeForever_670
/home/gian/agfarms/bucket-foundation/archive/216.TheLastEpisodeAtLeastForAWhileOrMaybeForever_670
? "Pauli Wolfgang lectures physics" → 1_20210412_20210412_0345 (Epigenesis, Existentialism and Creativity)
  ↓ downloading 0 files for 1_20210412_20210412_0345
/home/gian/agfarms/bucket-foundation/archive/1_20210412_20210412_0345
? "Wigner Eugene mind in physics" → cia-readingroom-document-cia-rdp96-00787r000500380004-4 (CIA Reading Room cia-rdp96-00787r000500380004-4: PSYCHIC PRO)
  ↓ downloading 3 files for cia-readingroom-document-cia-rdp96-00787r000500380004-4
    skip (have): cia-rdp96-00787r000500380004-4.pdf
    skip (have): cia-rdp96-00787r000500380004-4.epub
    skip (have): cia-rdp96-00787r000500380004-4_djvu.txt
/home/gian/agfarms/bucket-foundation/archive/cia-readingroom-document-cia-rdp96-00787r000500380004-4
? "Wheeler Geons Black Holes Quantum Foam" → geonsblackholesq00whee (Geons, black holes, and quantum foam : a life in physics)
  ↓ downloading 3 files for geonsblackholesq00whee
    FAIL geonsblackholesq00whee.pdf: HTTP Error 403: Forbidden
    FAIL geonsblackholesq00whee.epub: HTTP Error 403: Forbidden
    FAIL geonsblackholesq00whee_djvu.txt: HTTP Error 403: Forbidden
/home/gian/agfarms/bucket-foundation/archive/geonsblackholesq00whee
? "Pasteur fermentation" → mmoiresurlafer00past (Mémoire sur la fermentation alcoolique)
  ↓ downloading 2 files for mmoiresurlafer00past
    skip (have): mmoiresurlafer00past.pdf
    skip (have): mmoiresurlafer00past_djvu.txt
/home/gian/agfarms/bucket-foundation/archive/mmoiresurlafer00past
? "Darwin Origin of Species" → origin_species_librivox (On the Origin of Species by Means of Natural Selection)
  ↓ downloading 2 files for origin_species_librivox
    skip (have): On_the_Origin_of_Species_by_Means_of_Natural_Selection_1005.pdf
    skip (have): On_the_Origin_of_Species_by_Means_of_Natural_Selection_1005_djvu.txt
/home/gian/agfarms/bucket-foundation/archive/origin_species_librivox
? "Wallace contributions theory natural selection" → ExtrasensoryPerceptionResearchFinding (Notes on the Paranormal)
  ↓ downloading 3 files for ExtrasensoryPerceptionResearchFinding
    skip (have): Extrasensory_Perception_Research_Finding.pdf
    skip (have): Extrasensory_Perception_Research_Finding.epub
    skip (have): Extrasensory_Perception_Research_Finding_djvu.txt
/home/gian/agfarms/bucket-foundation/archive/ExtrasensoryPerceptionResearchFinding
? "Linus Pauling general chemistry" → introductiontoqu031712mbp (['Introduction To Quantum Mechanics', 'With Applications To Chemistry.'])
  ↓ downloading 3 files for introductiontoqu031712mbp
    skip (have): introductiontoqu031712mbp.pdf
    skip (have): introductiontoqu031712mbp.epub
    skip (have): introductiontoqu031712mbp_djvu.txt
/home/gian/agfarms/bucket-foundation/archive/introductiontoqu031712mbp
? "Linus Pauling vitamin C" → How_To_Live_Longer_And_Feel_Better_PDF (Linus Pauling PhD: How To Live Longer And Feel Better pdf)
  ↓ downloading 3 files for How_To_Live_Longer_And_Feel_Better_PDF
    skip (have): How to live longer and feel better - Pauling, Linus, 1901-1994.pdf
    skip (have): How to live longer and feel better - Pauling, Linus, 1901-1994.epub
    skip (have): How to live longer and feel better - Pauling, Linus, 1901-1994_djvu.txt
/home/gian/agfarms/bucket-foundation/archive/How_To_Live_Longer_And_Feel_Better_PDF
? "Crick what mad pursuit" → oxfordbookofmode0000unse_a2g6 (The Oxford book of modern science writing)
  ↓ downloading 3 files for oxfordbookofmode0000unse_a2g6
    FAIL oxfordbookofmode0000unse_a2g6.pdf: HTTP Error 403: Forbidden
    FAIL oxfordbookofmode0000unse_a2g6.epub: HTTP Error 401: Unauthorized
    FAIL oxfordbookofmode0000unse_a2g6_djvu.txt: HTTP Error 401: Unauthorized
/home/gian/agfarms/bucket-foundation/archive/oxfordbookofmode0000unse_a2g6
? "Schrödinger statistical thermodynamics" → yavorskydetlafamodernhandbookofphysicsmir1982 (A Modern Handbook Of Physics)
  ↓ downloading 3 files for yavorskydetlafamodernhandbookofphysicsmir1982
    skip (have): Yavorsky-Detlaf-A-Modern-Handbook-of-Physics-Mir-1982.pdf
    skip (have): Yavorsky-Detlaf-A-Modern-Handbook-of-Physics-Mir-1982.epub
    skip (have): Yavorsky-Detlaf-A-Modern-Handbook-of-Physics-Mir-1982_djvu.txt
/home/gian/agfarms/bucket-foundation/archive/yavorskydetlafamodernhandbookofphysicsmir1982
? "Boltzmann lectures gas theory" → lectures-on-gas-theory-ludwig-boltzmann (Lectures on Gas Theory - Ludwig Boltzmann, Stephen G. Brush)
  ↓ downloading 3 files for lectures-on-gas-theory-ludwig-boltzmann
    skip (have): Lectures on Gas Theory - Ludwig Boltzmann.pdf
    skip (have): Lectures on Gas Theory - Ludwig Boltzmann.epub
    skip (have): Lectures on Gas Theory - Ludwig Boltzmann_djvu.txt
/home/gian/agfarms/bucket-foundation/archive/lectures-on-gas-theory-ludwig-boltzmann
? "Carnot reflections motive power fire" → cia-readingroom-document-cia-rdp79-01194a000400140001-7 (CIA Reading Room cia-rdp79-01194a000400140001-7: CA PROPAGAN)
  ↓ downloading 3 files for cia-readingroom-document-cia-rdp79-01194a000400140001-7
    skip (have): cia-rdp79-01194a000400140001-7.pdf
    skip (have): cia-rdp79-01194a000400140001-7.epub
    skip (have): cia-rdp79-01194a000400140001-7_djvu.txt
/home/gian/agfarms/bucket-foundation/archive/cia-readingroom-document-cia-rdp79-01194a000400140001-7
? "Planck thermodynamik thermodynamics" → vorlesungenbert01plangoog (Vorlesungen über thermodynamik)
  ↓ downloading 2 files for vorlesungenbert01plangoog
    skip (have): vorlesungenbert01plangoog.pdf
    skip (have): vorlesungenbert01plangoog_djvu.txt
/home/gian/agfarms/bucket-foundation/archive/vorlesungenbert01plangoog
? "Lavoisier elements chemistry" → understanding-science (Understanding Science, Collected Edition, Vols 1-12)
  ↓ downloading 3 files for understanding-science
    skip (have): Understanding_Science-Vol_01_jpg85.pdf
    skip (have): Understanding_Science-Vol_01_jpg85.epub
    skip (have): Understanding_Science-Vol_01_jpg85_djvu.txt
/home/gian/agfarms/bucket-foundation/archive/understanding-science
? "Fourier analytical theory heat" → analyticaltheory00fourrich (The analytical theory of heat)
  ↓ downloading 3 files for analyticaltheory00fourrich
    skip (have): analyticaltheory00fourrich.pdf
    skip (have): analyticaltheory00fourrich.epub
    skip (have): analyticaltheory00fourrich_djvu.txt
/home/gian/agfarms/bucket-foundation/archive/analyticaltheory00fourrich
? "Galileo dialogue two world systems" → GalileiGalileoDialogueConcerningTheTwoChiefWorldSystemsEN155P. (Galilei, Galileo - Dialogue Concerning the two Chief World S)
  ↓ downloading 3 files for GalileiGalileoDialogueConcerningTheTwoChiefWorldSystemsEN155P.
    skip (have): Galilei, Galileo - Dialogue Concerning the two Chief World Systems (EN, 155 p.).pdf
    skip (have): Galilei, Galileo - Dialogue Concerning the two Chief World Systems (EN, 155 p.).epub
    skip (have): Galilei, Galileo - Dialogue Concerning the two Chief World Systems (EN, 155 p.)_djvu.txt
/home/gian/agfarms/bucket-foundation/archive/GalileiGalileoDialogueConcerningTheTwoChiefWorldSystemsEN155P.
? "Feynman QED" → MIT8.701F20 (MIT 8.701 Introduction to Nuclear and Particle Physics, Fall)
  ↓ downloading 0 files for MIT8.701F20
/home/gian/agfarms/bucket-foundation/archive/MIT8.701F20
? "Crick Watson DNA" → MIT7.01SCF11 (OCW Scholar: Fundamentals of Biology)
  ↓ downloading 0 files for MIT7.01SCF11
/home/gian/agfarms/bucket-foundation/archive/MIT7.01SCF11
? "Darwin descent of man" → descent_man_1_1011_librivox (The Descent of Man and Selection in Relation to Sex Part 1)
  ↓ downloading 2 files for descent_man_1_1011_librivox
    skip (have): descentman1_1011.pdf
    skip (have): descentman1_1011_djvu.txt
/home/gian/agfarms/bucket-foundation/archive/descent_man_1_1011_librivox
[2026-08-09T19:10:46-04:00] === archive runner done ===
[2026-08-10T19:07:54-04:00] === archive runner start ===
  ↓ downloading 3 files for the-universal-one-1926-walter-russell
    skip (have): TheUniversalOne1926WalterRussell.pdf
    skip (have): TheUniversalOne1926WalterRussell.epub
    skip (have): TheUniversalOne1926WalterRussell_djvu.txt
/home/gian/agfarms/bucket-foundation/archive/the-universal-one-1926-walter-russell
  ↓ downloading 3 files for principlesofchem00menduoft
    skip (have): principlesofchem00menduoft.pdf
    skip (have): principlesofchem00menduoft.epub
    skip (have): principlesofchem00menduoft_djvu.txt
/home/gian/agfarms/bucket-foundation/archive/principlesofchem00menduoft
  ↓ downloading 3 files for principlesofchem01menduoft
    skip (have): principlesofchem01menduoft.pdf
    skip (have): principlesofchem01menduoft.epub
    skip (have): principlesofchem01menduoft_djvu.txt
/home/gian/agfarms/bucket-foundation/archive/principlesofchem01menduoft
? "walter russell new concept universe" → ExtrasensoryPerceptionResearchFinding (Notes on the Paranormal)
  ↓ downloading 3 files for ExtrasensoryPerceptionResearchFinding
    skip (have): Extrasensory_Perception_Research_Finding.pdf
    skip (have): Extrasensory_Perception_Research_Finding.epub
    skip (have): Extrasensory_Perception_Research_Finding_djvu.txt
/home/gian/agfarms/bucket-foundation/archive/ExtrasensoryPerceptionResearchFinding
  ↓ downloading 3 files for newtonspmathema00newtrich
    skip (have): newtonspmathema00newtrich.pdf
    skip (have): newtonspmathema00newtrich.epub
    skip (have): newtonspmathema00newtrich_djvu.txt
/home/gian/agfarms/bucket-foundation/archive/newtonspmathema00newtrich
  ↓ downloading 3 files for principia00newtuoft
    skip (have): principia00newtuoft.pdf
    skip (have): principia00newtuoft.epub
    skip (have): principia00newtuoft_djvu.txt
/home/gian/agfarms/bucket-foundation/archive/principia00newtuoft
? "Newton Opticks 1704" → opticks_1203_librivox (Opticks)
  ↓ downloading 2 files for opticks_1203_librivox
    skip (have): opticks_1207.pdf
    skip (have): opticks_1207_djvu.txt
/home/gian/agfarms/bucket-foundation/archive/opticks_1203_librivox
? "Maxwell Treatise on Electricity and Magnetism volume 1" → electricandmagne01maxwrich (A treatise on electricity and magnetism)
  ↓ downloading 3 files for electricandmagne01maxwrich
    skip (have): electricandmagne01maxwrich.pdf
    skip (have): electricandmagne01maxwrich.epub
    skip (have): electricandmagne01maxwrich_djvu.txt
/home/gian/agfarms/bucket-foundation/archive/electricandmagne01maxwrich
? "Maxwell Treatise on Electricity and Magnetism volume 2" → electricandmagne01maxwrich (A treatise on electricity and magnetism)
  ↓ downloading 3 files for electricandmagne01maxwrich
    skip (have): electricandmagne01maxwrich.pdf
    skip (have): electricandmagne01maxwrich.epub
    skip (have): electricandmagne01maxwrich_djvu.txt
/home/gian/agfarms/bucket-foundation/archive/electricandmagne01maxwrich
? "Maxwell scientific papers" → scientificpapers01maxw (The scientific papers of James Clerk Maxwell)
  ↓ downloading 3 files for scientificpapers01maxw
    skip (have): scientificpapers01maxw.pdf
    skip (have): scientificpapers01maxw.epub
    skip (have): scientificpapers01maxw_djvu.txt
/home/gian/agfarms/bucket-foundation/archive/scientificpapers01maxw
? "Faraday Experimental Researches in Electricity volume 1" → ExtrasensoryPerceptionResearchFinding (Notes on the Paranormal)
  ↓ downloading 3 files for ExtrasensoryPerceptionResearchFinding
    skip (have): Extrasensory_Perception_Research_Finding.pdf
    skip (have): Extrasensory_Perception_Research_Finding.epub
    skip (have): Extrasensory_Perception_Research_Finding_djvu.txt
/home/gian/agfarms/bucket-foundation/archive/ExtrasensoryPerceptionResearchFinding
? "Faraday Experimental Researches in Electricity volume 2" → ExtrasensoryPerceptionResearchFinding (Notes on the Paranormal)
  ↓ downloading 3 files for ExtrasensoryPerceptionResearchFinding
    skip (have): Extrasensory_Perception_Research_Finding.pdf
    skip (have): Extrasensory_Perception_Research_Finding.epub
    skip (have): Extrasensory_Perception_Research_Finding_djvu.txt
/home/gian/agfarms/bucket-foundation/archive/ExtrasensoryPerceptionResearchFinding
? "Faraday Experimental Researches in Electricity volume 3" → ExtrasensoryPerceptionResearchFinding (Notes on the Paranormal)
  ↓ downloading 3 files for ExtrasensoryPerceptionResearchFinding
    skip (have): Extrasensory_Perception_Research_Finding.pdf
    skip (have): Extrasensory_Perception_Research_Finding.epub
    skip (have): Extrasensory_Perception_Research_Finding_djvu.txt
/home/gian/agfarms/bucket-foundation/archive/ExtrasensoryPerceptionResearchFinding
? "Tesla My Inventions" → pbsnovadocs (PBS Nova Documentaries)
  ↓ downloading 0 files for pbsnovadocs
/home/gian/agfarms/bucket-foundation/archive/pbsnovadocs
? "Tesla Colorado Springs Notes" → majestic-12-files (MAJESTIC 12 Files)
  ↓ downloading 0 files for majestic-12-files
/home/gian/agfarms/bucket-foundation/archive/majestic-12-files
? "Tesla problem of increasing human energy" → sharware (chestnut-multimedia)
  ↓ downloading 2 files for sharware
    FAIL chestnut/DLR/CONTENTS.pdf: HTTP Error 500: Internal Server Error
    FAIL chestnut/DLR/CONTENTS_djvu.txt: HTTP Error 500: Internal Server Error
/home/gian/agfarms/bucket-foundation/archive/sharware
? "Einstein Relativity special general theory" → relativity_librivox (Relativity: The Special and General Theory)
  ↓ downloading 2 files for relativity_librivox
    skip (have): relativity_1003.pdf
    skip (have): relativity_1003_djvu.txt
/home/gian/agfarms/bucket-foundation/archive/relativity_librivox
? "Einstein 1905 photoelectric" → cia-readingroom-document-cia-rdp96-00788r001100010004-6 (CIA Reading Room cia-rdp96-00788r001100010004-6: PROCEEDINGS)
  ↓ downloading 3 files for cia-readingroom-document-cia-rdp96-00788r001100010004-6
    skip (have): cia-rdp96-00788r001100010004-6.pdf
    skip (have): cia-rdp96-00788r001100010004-6.epub
    skip (have): cia-rdp96-00788r001100010004-6_djvu.txt
/home/gian/agfarms/bucket-foundation/archive/cia-readingroom-document-cia-rdp96-00788r001100010004-6
? "Szent-Györgyi Bioenergetics" → bioenergetics00szen (Bioenergetics)
  ↓ downloading 3 files for bioenergetics00szen
    skip (have): bioenergetics00szen.pdf
    skip (have): bioenergetics00szen.epub
    skip (have): bioenergetics00szen_djvu.txt
/home/gian/agfarms/bucket-foundation/archive/bioenergetics00szen
NO HITS: Szent-Györgyi submolecular biology
? "Becker Body Electric" → die-or-d.i.y.-full-archive ((Blogger) Die or D.I.Y.? Full Archive)
  ↓ downloading 0 files for die-or-d.i.y.-full-archive
/home/gian/agfarms/bucket-foundation/archive/die-or-d.i.y.-full-archive
? "Becker Cross Currents" → ExtrasensoryPerceptionResearchFinding (Notes on the Paranormal)
  ↓ downloading 3 files for ExtrasensoryPerceptionResearchFinding
    skip (have): Extrasensory_Perception_Research_Finding.pdf
    skip (have): Extrasensory_Perception_Research_Finding.epub
    skip (have): Extrasensory_Perception_Research_Finding_djvu.txt
/home/gian/agfarms/bucket-foundation/archive/ExtrasensoryPerceptionResearchFinding
? "Ling physical theory living state" → BluePlanetProjectUFOTECHNOLOGY (Blue Planet Project UFO TECHNOLOGY)
  ↓ downloading 3 files for BluePlanetProjectUFOTECHNOLOGY
    skip (have): Blue Planet Project UFO TECHNOLOGY.pdf
    skip (have): Blue Planet Project UFO TECHNOLOGY.epub
    skip (have): Blue Planet Project UFO TECHNOLOGY_djvu.txt
/home/gian/agfarms/bucket-foundation/archive/BluePlanetProjectUFOTECHNOLOGY
? "Ling association induction" → ibogaine_literature (Ibogaine Literature)
  ↓ downloading 3 files for ibogaine_literature
    skip (have): abaul1989.pdf
    skip (have): agwada1975.pdf
    skip (have): abaul1989_djvu.txt
/home/gian/agfarms/bucket-foundation/archive/ibogaine_literature
? "Nordenström Biologically Closed Electric Circuits" → biokinetic-impacts-on-structure-and-imaging-of-the-lung-the-concept-of-biologica (Biokinetic Impacts on Structure and Imaging of the Lung the )
  ↓ downloading 2 files for biokinetic-impacts-on-structure-and-imaging-of-the-lung-the-concept-of-biologica
    skip (have): Biokinetic impacts on structure and imaging of the lung the concept of biologically closed electric circuits - Nordenstrom AJR 1985.pdf
    skip (have): Biokinetic impacts on structure and imaging of the lung the concept of biologically closed electric circuits - Nordenstrom AJR 1985_djvu.txt
/home/gian/agfarms/bucket-foundation/archive/biokinetic-impacts-on-structure-and-imaging-of-the-lung-the-concept-of-biologica
? "Euclid Elements Heath translation" → EuclidsElementsBooksIIIVolume1Heath (Euclid's Elements Books I II Volume 1 Heath)
  ↓ downloading 2 files for EuclidsElementsBooksIIIVolume1Heath
    skip (have): Euclid's_Elements_Books_I-II_Volume_1-Heath.pdf
    skip (have): Euclid's_Elements_Books_I-II_Volume_1-Heath_djvu.txt
/home/gian/agfarms/bucket-foundation/archive/EuclidsElementsBooksIIIVolume1Heath
? "Gauss Disquisitiones Arithmeticae" → disquisitionesa00gaus (Disquisitiones arithmeticae)
  ↓ downloading 3 files for disquisitionesa00gaus
    skip (have): disquisitionesa00gaus.pdf
    skip (have): disquisitionesa00gaus.epub
    skip (have): disquisitionesa00gaus_djvu.txt
/home/gian/agfarms/bucket-foundation/archive/disquisitionesa00gaus
? "Riemann zeta hypothesis" → logicalcross (LogicalCross)
  ↓ downloading 2 files for logicalcross
    skip (have): essay.pdf
    skip (have): essay_djvu.txt
/home/gian/agfarms/bucket-foundation/archive/logicalcross
? "Cantor set theory" → YouDontNeedAWeathermanToKnowWhichWayTheWindBlows_925 (You Don't Need A Weatherman To Know Which Way The Wind Blows)
  ↓ downloading 3 files for YouDontNeedAWeathermanToKnowWhichWayTheWindBlows_925
    skip (have): YouDontNeedAWeathermanToKnowWhichWayTheWindBlows_925.pdf
    skip (have): YouDontNeedAWeathermanToKnowWhichWayTheWindBlows_925.epub
    skip (have): YouDontNeedAWeathermanToKnowWhichWayTheWindBlows_925_djvu.txt
/home/gian/agfarms/bucket-foundation/archive/YouDontNeedAWeathermanToKnowWhichWayTheWindBlows_925
? "Dirac Principles of Quantum Mechanics" → academictorrents_f24122f15283757aa8a9bf9cb638db266273442d ([Coursera] Exploring Quantum Physics)
  ↓ downloading 3 files for academictorrents_f24122f15283757aa8a9bf9cb638db266273442d
    FAIL Lectures/Week 1 - 02 Wavefunctions and Schrdinger Equation/01_Part_I-_Comments_on_studying_QM_10-11.pdf: [Errno 2] No such file or directory: '/home/gian/agfarms/bucket-foundation/archive/academictorrents_f24122f15283757aa8a9bf9cb638db266273442d/Lectures/Week 1 - 02 Wavefunctions and Schrdinger Equation/01_Part_I-_Comments_on_studying_QM_10-11.pdf'
    FAIL Lectures/Week 8 - 17 Time-dependent quantum mechanics Victor Galitski/01_Part_I-_Time-dependent_Schrdinger_Eq._general_remarks_23-04.pdf: [Errno 2] No such file or directory: '/home/gian/agfarms/bucket-foundation/archive/academictorrents_f24122f15283757aa8a9bf9cb638db266273442d/Lectures/Week 8 - 17 Time-dependent quantum mechanics Victor Galitski/01_Part_I-_Time-dependent_Schrdinger_Eq._general_remarks_23-04.pdf'
    FAIL Lectures/Week 1 - 02 Wavefunctions and Schrdinger Equation/01_Part_I-_Comments_on_studying_QM_10-11_djvu.txt: [Errno 2] No such file or directory: '/home/gian/agfarms/bucket-foundation/archive/academictorrents_f24122f15283757aa8a9bf9cb638db266273442d/Lectures/Week 1 - 02 Wavefunctions and Schrdinger Equation/01_Part_I-_Comments_on_studying_QM_10-11_djvu.txt'
/home/gian/agfarms/bucket-foundation/archive/academictorrents_f24122f15283757aa8a9bf9cb638db266273442d
? "Feynman lectures on physics" → academictorrents_f24122f15283757aa8a9bf9cb638db266273442d ([Coursera] Exploring Quantum Physics)
  ↓ downloading 3 files for academictorrents_f24122f15283757aa8a9bf9cb638db266273442d
    FAIL Lectures/Week 1 - 02 Wavefunctions and Schrdinger Equation/01_Part_I-_Comments_on_studying_QM_10-11.pdf: [Errno 2] No such file or directory: '/home/gian/agfarms/bucket-foundation/archive/academictorrents_f24122f15283757aa8a9bf9cb638db266273442d/Lectures/Week 1 - 02 Wavefunctions and Schrdinger Equation/01_Part_I-_Comments_on_studying_QM_10-11.pdf'
    FAIL Lectures/Week 8 - 17 Time-dependent quantum mechanics Victor Galitski/01_Part_I-_Time-dependent_Schrdinger_Eq._general_remarks_23-04.pdf: [Errno 2] No such file or directory: '/home/gian/agfarms/bucket-foundation/archive/academictorrents_f24122f15283757aa8a9bf9cb638db266273442d/Lectures/Week 8 - 17 Time-dependent quantum mechanics Victor Galitski/01_Part_I-_Time-dependent_Schrdinger_Eq._general_remarks_23-04.pdf'
    FAIL Lectures/Week 1 - 02 Wavefunctions and Schrdinger Equation/01_Part_I-_Comments_on_studying_QM_10-11_djvu.txt: [Errno 2] No such file or directory: '/home/gian/agfarms/bucket-foundation/archive/academictorrents_f24122f15283757aa8a9bf9cb638db266273442d/Lectures/Week 1 - 02 Wavefunctions and Schrdinger Equation/01_Part_I-_Comments_on_studying_QM_10-11_djvu.txt'
/home/gian/agfarms/bucket-foundation/archive/academictorrents_f24122f15283757aa8a9bf9cb638db266273442d
? "Shannon mathematical theory of communication" → communications_primer (Communications Primer, A)
  ↓ downloading 0 files for communications_primer
/home/gian/agfarms/bucket-foundation/archive/communications_primer
? "Turing computable numbers 1936" → turingsvisionbir0000bern (Turing's vision : the birth of computer science)
  ↓ downloading 3 files for turingsvisionbir0000bern
    FAIL turingsvisionbir0000bern.pdf: HTTP Error 401: Unauthorized
    FAIL turingsvisionbir0000bern.epub: HTTP Error 401: Unauthorized
    FAIL turingsvisionbir0000bern_djvu.txt: HTTP Error 401: Unauthorized
/home/gian/agfarms/bucket-foundation/archive/turingsvisionbir0000bern
? "Helmholtz On the Sensations of Tone" → onsensationsofto00helmrich (On the sensations of tone as a physiological basis for the t)
  ↓ downloading 3 files for onsensationsofto00helmrich
    skip (have): onsensationsofto00helmrich.pdf
    skip (have): onsensationsofto00helmrich.epub
    skip (have): onsensationsofto00helmrich_djvu.txt
/home/gian/agfarms/bucket-foundation/archive/onsensationsofto00helmrich
? "Helmholtz Treatise Physiological Optics" → ExtrasensoryPerceptionResearchFinding (Notes on the Paranormal)
  ↓ downloading 3 files for ExtrasensoryPerceptionResearchFinding
    skip (have): Extrasensory_Perception_Research_Finding.pdf
    skip (have): Extrasensory_Perception_Research_Finding.epub
    skip (have): Extrasensory_Perception_Research_Finding_djvu.txt
/home/gian/agfarms/bucket-foundation/archive/ExtrasensoryPerceptionResearchFinding
? "Schrodinger What is Life" → Necktar2017Volume9 (Necktar 2017 volume 9)
  ↓ downloading 0 files for Necktar2017Volume9
/home/gian/agfarms/bucket-foundation/archive/Necktar2017Volume9
? "Schrödinger Mind and Matter" → Necktar2017Volume9 (Necktar 2017 volume 9)
  ↓ downloading 0 files for Necktar2017Volume9
/home/gian/agfarms/bucket-foundation/archive/Necktar2017Volume9
? "Bohr Atomic Theory Description Nature" → ExtrasensoryPerceptionResearchFinding (Notes on the Paranormal)
  ↓ downloading 3 files for ExtrasensoryPerceptionResearchFinding
    skip (have): Extrasensory_Perception_Research_Finding.pdf
    skip (have): Extrasensory_Perception_Research_Finding.epub
    skip (have): Extrasensory_Perception_Research_Finding_djvu.txt
/home/gian/agfarms/bucket-foundation/archive/ExtrasensoryPerceptionResearchFinding
? "Heisenberg Physics Philosophy" → 216.TheLastEpisodeAtLeastForAWhileOrMaybeForever_670 (216. The Last Episode, at Least for a While, or Maybe Foreve)
  ↓ downloading 0 files for 216.TheLastEpisodeAtLeastForAWhileOrMaybeForever_670
/home/gian/agfarms/bucket-foundation/archive/216.TheLastEpisodeAtLeastForAWhileOrMaybeForever_670
? "Pauli Wolfgang lectures physics" → 1_20210412_20210412_0345 (Epigenesis, Existentialism and Creativity)
  ↓ downloading 0 files for 1_20210412_20210412_0345
/home/gian/agfarms/bucket-foundation/archive/1_20210412_20210412_0345
? "Wigner Eugene mind in physics" → cia-readingroom-document-cia-rdp96-00787r000500380004-4 (CIA Reading Room cia-rdp96-00787r000500380004-4: PSYCHIC PRO)
  ↓ downloading 3 files for cia-readingroom-document-cia-rdp96-00787r000500380004-4
    skip (have): cia-rdp96-00787r000500380004-4.pdf
    skip (have): cia-rdp96-00787r000500380004-4.epub
    skip (have): cia-rdp96-00787r000500380004-4_djvu.txt
/home/gian/agfarms/bucket-foundation/archive/cia-readingroom-document-cia-rdp96-00787r000500380004-4
? "Wheeler Geons Black Holes Quantum Foam" → geonsblackholesq00whee (Geons, black holes, and quantum foam : a life in physics)
  ↓ downloading 3 files for geonsblackholesq00whee
    FAIL geonsblackholesq00whee.pdf: HTTP Error 403: Forbidden
    FAIL geonsblackholesq00whee.epub: HTTP Error 403: Forbidden
    FAIL geonsblackholesq00whee_djvu.txt: HTTP Error 403: Forbidden
/home/gian/agfarms/bucket-foundation/archive/geonsblackholesq00whee
? "Pasteur fermentation" → mmoiresurlafer00past (Mémoire sur la fermentation alcoolique)
  ↓ downloading 2 files for mmoiresurlafer00past
    skip (have): mmoiresurlafer00past.pdf
    skip (have): mmoiresurlafer00past_djvu.txt
/home/gian/agfarms/bucket-foundation/archive/mmoiresurlafer00past
? "Darwin Origin of Species" → origin_species_librivox (On the Origin of Species by Means of Natural Selection)
  ↓ downloading 2 files for origin_species_librivox
    skip (have): On_the_Origin_of_Species_by_Means_of_Natural_Selection_1005.pdf
    skip (have): On_the_Origin_of_Species_by_Means_of_Natural_Selection_1005_djvu.txt
/home/gian/agfarms/bucket-foundation/archive/origin_species_librivox
? "Wallace contributions theory natural selection" → ExtrasensoryPerceptionResearchFinding (Notes on the Paranormal)
  ↓ downloading 3 files for ExtrasensoryPerceptionResearchFinding
    skip (have): Extrasensory_Perception_Research_Finding.pdf
    skip (have): Extrasensory_Perception_Research_Finding.epub
    skip (have): Extrasensory_Perception_Research_Finding_djvu.txt
/home/gian/agfarms/bucket-foundation/archive/ExtrasensoryPerceptionResearchFinding
? "Linus Pauling general chemistry" → introductiontoqu031712mbp (['Introduction To Quantum Mechanics', 'With Applications To Chemistry.'])
  ↓ downloading 3 files for introductiontoqu031712mbp
    skip (have): introductiontoqu031712mbp.pdf
    skip (have): introductiontoqu031712mbp.epub
    skip (have): introductiontoqu031712mbp_djvu.txt
/home/gian/agfarms/bucket-foundation/archive/introductiontoqu031712mbp
? "Linus Pauling vitamin C" → How_To_Live_Longer_And_Feel_Better_PDF (Linus Pauling PhD: How To Live Longer And Feel Better pdf)
  ↓ downloading 3 files for How_To_Live_Longer_And_Feel_Better_PDF
    skip (have): How to live longer and feel better - Pauling, Linus, 1901-1994.pdf
    skip (have): How to live longer and feel better - Pauling, Linus, 1901-1994.epub
    skip (have): How to live longer and feel better - Pauling, Linus, 1901-1994_djvu.txt
/home/gian/agfarms/bucket-foundation/archive/How_To_Live_Longer_And_Feel_Better_PDF
? "Crick what mad pursuit" → github.com-charlax-engineering-management_-_2022-10-31_07-54-00 (github.com-charlax-engineering-management_-_2022-10-31_07-54)
  ↓ downloading 0 files for github.com-charlax-engineering-management_-_2022-10-31_07-54-00
/home/gian/agfarms/bucket-foundation/archive/github.com-charlax-engineering-management_-_2022-10-31_07-54-00
? "Schrödinger statistical thermodynamics" → yavorskydetlafamodernhandbookofphysicsmir1982 (A Modern Handbook Of Physics)
  ↓ downloading 3 files for yavorskydetlafamodernhandbookofphysicsmir1982
    skip (have): Yavorsky-Detlaf-A-Modern-Handbook-of-Physics-Mir-1982.pdf
    skip (have): Yavorsky-Detlaf-A-Modern-Handbook-of-Physics-Mir-1982.epub
    skip (have): Yavorsky-Detlaf-A-Modern-Handbook-of-Physics-Mir-1982_djvu.txt
/home/gian/agfarms/bucket-foundation/archive/yavorskydetlafamodernhandbookofphysicsmir1982
? "Boltzmann lectures gas theory" → lectures-on-gas-theory-ludwig-boltzmann (Lectures on Gas Theory - Ludwig Boltzmann, Stephen G. Brush)
  ↓ downloading 3 files for lectures-on-gas-theory-ludwig-boltzmann
    skip (have): Lectures on Gas Theory - Ludwig Boltzmann.pdf
    skip (have): Lectures on Gas Theory - Ludwig Boltzmann.epub
    skip (have): Lectures on Gas Theory - Ludwig Boltzmann_djvu.txt
/home/gian/agfarms/bucket-foundation/archive/lectures-on-gas-theory-ludwig-boltzmann
? "Carnot reflections motive power fire" → cia-readingroom-document-cia-rdp79-01194a000400140001-7 (CIA Reading Room cia-rdp79-01194a000400140001-7: CA PROPAGAN)
  ↓ downloading 3 files for cia-readingroom-document-cia-rdp79-01194a000400140001-7
    skip (have): cia-rdp79-01194a000400140001-7.pdf
    skip (have): cia-rdp79-01194a000400140001-7.epub
    skip (have): cia-rdp79-01194a000400140001-7_djvu.txt
/home/gian/agfarms/bucket-foundation/archive/cia-readingroom-document-cia-rdp79-01194a000400140001-7
? "Planck thermodynamik thermodynamics" → vorlesungenbert01plangoog (Vorlesungen über thermodynamik)
  ↓ downloading 2 files for vorlesungenbert01plangoog
    skip (have): vorlesungenbert01plangoog.pdf
    skip (have): vorlesungenbert01plangoog_djvu.txt
/home/gian/agfarms/bucket-foundation/archive/vorlesungenbert01plangoog
? "Lavoisier elements chemistry" → understanding-science (Understanding Science, Collected Edition, Vols 1-12)
  ↓ downloading 3 files for understanding-science
    skip (have): Understanding_Science-Vol_01_jpg85.pdf
    skip (have): Understanding_Science-Vol_01_jpg85.epub
    skip (have): Understanding_Science-Vol_01_jpg85_djvu.txt
/home/gian/agfarms/bucket-foundation/archive/understanding-science
? "Fourier analytical theory heat" → analyticaltheory00fourrich (The analytical theory of heat)
  ↓ downloading 3 files for analyticaltheory00fourrich
    skip (have): analyticaltheory00fourrich.pdf
    skip (have): analyticaltheory00fourrich.epub
    skip (have): analyticaltheory00fourrich_djvu.txt
/home/gian/agfarms/bucket-foundation/archive/analyticaltheory00fourrich
? "Galileo dialogue two world systems" → GalileiGalileoDialogueConcerningTheTwoChiefWorldSystemsEN155P. (Galilei, Galileo - Dialogue Concerning the two Chief World S)
  ↓ downloading 3 files for GalileiGalileoDialogueConcerningTheTwoChiefWorldSystemsEN155P.
    skip (have): Galilei, Galileo - Dialogue Concerning the two Chief World Systems (EN, 155 p.).pdf
    skip (have): Galilei, Galileo - Dialogue Concerning the two Chief World Systems (EN, 155 p.).epub
    skip (have): Galilei, Galileo - Dialogue Concerning the two Chief World Systems (EN, 155 p.)_djvu.txt
/home/gian/agfarms/bucket-foundation/archive/GalileiGalileoDialogueConcerningTheTwoChiefWorldSystemsEN155P.
? "Feynman QED" → MIT8.701F20 (MIT 8.701 Introduction to Nuclear and Particle Physics, Fall)
  ↓ downloading 0 files for MIT8.701F20
/home/gian/agfarms/bucket-foundation/archive/MIT8.701F20
? "Crick Watson DNA" → MIT7.01SCF11 (OCW Scholar: Fundamentals of Biology)
  ↓ downloading 0 files for MIT7.01SCF11
/home/gian/agfarms/bucket-foundation/archive/MIT7.01SCF11
? "Darwin descent of man" → descent_man_1_1011_librivox (The Descent of Man and Selection in Relation to Sex Part 1)
  ↓ downloading 2 files for descent_man_1_1011_librivox
    skip (have): descentman1_1011.pdf
    skip (have): descentman1_1011_djvu.txt
/home/gian/agfarms/bucket-foundation/archive/descent_man_1_1011_librivox
[2026-08-10T19:10:01-04:00] === archive runner done ===
[2026-08-13T09:52:12-04:00] === archive runner start ===
  ↓ downloading 3 files for the-universal-one-1926-walter-russell
    skip (have): TheUniversalOne1926WalterRussell.pdf
    skip (have): TheUniversalOne1926WalterRussell.epub
    skip (have): TheUniversalOne1926WalterRussell_djvu.txt
/home/gian/agfarms/bucket-foundation/archive/the-universal-one-1926-walter-russell
  ↓ downloading 3 files for principlesofchem00menduoft
    skip (have): principlesofchem00menduoft.pdf
    skip (have): principlesofchem00menduoft.epub
    skip (have): principlesofchem00menduoft_djvu.txt
/home/gian/agfarms/bucket-foundation/archive/principlesofchem00menduoft
  ↓ downloading 3 files for principlesofchem01menduoft
    skip (have): principlesofchem01menduoft.pdf
    skip (have): principlesofchem01menduoft.epub
    skip (have): principlesofchem01menduoft_djvu.txt
/home/gian/agfarms/bucket-foundation/archive/principlesofchem01menduoft
? "walter russell new concept universe" → ExtrasensoryPerceptionResearchFinding (Notes on the Paranormal)
  ↓ downloading 3 files for ExtrasensoryPerceptionResearchFinding
    skip (have): Extrasensory_Perception_Research_Finding.pdf
    skip (have): Extrasensory_Perception_Research_Finding.epub
    skip (have): Extrasensory_Perception_Research_Finding_djvu.txt
/home/gian/agfarms/bucket-foundation/archive/ExtrasensoryPerceptionResearchFinding
  ↓ downloading 3 files for newtonspmathema00newtrich
    skip (have): newtonspmathema00newtrich.pdf
    skip (have): newtonspmathema00newtrich.epub
    skip (have): newtonspmathema00newtrich_djvu.txt
/home/gian/agfarms/bucket-foundation/archive/newtonspmathema00newtrich
  ↓ downloading 3 files for principia00newtuoft
    skip (have): principia00newtuoft.pdf
    skip (have): principia00newtuoft.epub
    skip (have): principia00newtuoft_djvu.txt
/home/gian/agfarms/bucket-foundation/archive/principia00newtuoft
? "Newton Opticks 1704" → opticks_1203_librivox (Opticks)
  ↓ downloading 2 files for opticks_1203_librivox
    skip (have): opticks_1207.pdf
    skip (have): opticks_1207_djvu.txt
/home/gian/agfarms/bucket-foundation/archive/opticks_1203_librivox
? "Maxwell Treatise on Electricity and Magnetism volume 1" → electricandmagne01maxwrich (A treatise on electricity and magnetism)
  ↓ downloading 3 files for electricandmagne01maxwrich
    skip (have): electricandmagne01maxwrich.pdf
    skip (have): electricandmagne01maxwrich.epub
    skip (have): electricandmagne01maxwrich_djvu.txt
/home/gian/agfarms/bucket-foundation/archive/electricandmagne01maxwrich
? "Maxwell Treatise on Electricity and Magnetism volume 2" → electricandmagne01maxwrich (A treatise on electricity and magnetism)
  ↓ downloading 3 files for electricandmagne01maxwrich
    skip (have): electricandmagne01maxwrich.pdf
    skip (have): electricandmagne01maxwrich.epub
    skip (have): electricandmagne01maxwrich_djvu.txt
/home/gian/agfarms/bucket-foundation/archive/electricandmagne01maxwrich
? "Maxwell scientific papers" → scientificpapers01maxw (The scientific papers of James Clerk Maxwell)
  ↓ downloading 3 files for scientificpapers01maxw
    skip (have): scientificpapers01maxw.pdf
    skip (have): scientificpapers01maxw.epub
    skip (have): scientificpapers01maxw_djvu.txt
/home/gian/agfarms/bucket-foundation/archive/scientificpapers01maxw
? "Faraday Experimental Researches in Electricity volume 1" → ExtrasensoryPerceptionResearchFinding (Notes on the Paranormal)
  ↓ downloading 3 files for ExtrasensoryPerceptionResearchFinding
    skip (have): Extrasensory_Perception_Research_Finding.pdf
    skip (have): Extrasensory_Perception_Research_Finding.epub
    skip (have): Extrasensory_Perception_Research_Finding_djvu.txt
/home/gian/agfarms/bucket-foundation/archive/ExtrasensoryPerceptionResearchFinding
? "Faraday Experimental Researches in Electricity volume 2" → ExtrasensoryPerceptionResearchFinding (Notes on the Paranormal)
  ↓ downloading 3 files for ExtrasensoryPerceptionResearchFinding
    skip (have): Extrasensory_Perception_Research_Finding.pdf
    skip (have): Extrasensory_Perception_Research_Finding.epub
    skip (have): Extrasensory_Perception_Research_Finding_djvu.txt
/home/gian/agfarms/bucket-foundation/archive/ExtrasensoryPerceptionResearchFinding
? "Faraday Experimental Researches in Electricity volume 3" → ExtrasensoryPerceptionResearchFinding (Notes on the Paranormal)
  ↓ downloading 3 files for ExtrasensoryPerceptionResearchFinding
    skip (have): Extrasensory_Perception_Research_Finding.pdf
    skip (have): Extrasensory_Perception_Research_Finding.epub
    skip (have): Extrasensory_Perception_Research_Finding_djvu.txt
/home/gian/agfarms/bucket-foundation/archive/ExtrasensoryPerceptionResearchFinding
? "Tesla My Inventions" → pbsnovadocs (PBS Nova Documentaries)
  ↓ downloading 0 files for pbsnovadocs
/home/gian/agfarms/bucket-foundation/archive/pbsnovadocs
? "Tesla Colorado Springs Notes" → majestic-12-files (MAJESTIC 12 Files)
  ↓ downloading 0 files for majestic-12-files
/home/gian/agfarms/bucket-foundation/archive/majestic-12-files
? "Tesla problem of increasing human energy" → sharware (chestnut-multimedia)
  ↓ downloading 2 files for sharware
    FAIL chestnut/DLR/CONTENTS.pdf: [Errno 2] No such file or directory: '/home/gian/agfarms/bucket-foundation/archive/sharware/chestnut/DLR/CONTENTS.pdf'
    FAIL chestnut/DLR/CONTENTS_djvu.txt: [Errno 2] No such file or directory: '/home/gian/agfarms/bucket-foundation/archive/sharware/chestnut/DLR/CONTENTS_djvu.txt'
/home/gian/agfarms/bucket-foundation/archive/sharware
? "Einstein Relativity special general theory" → relativity_librivox (Relativity: The Special and General Theory)
  ↓ downloading 2 files for relativity_librivox
    skip (have): relativity_1003.pdf
    skip (have): relativity_1003_djvu.txt
/home/gian/agfarms/bucket-foundation/archive/relativity_librivox
? "Einstein 1905 photoelectric" → cia-readingroom-document-cia-rdp96-00788r001100010004-6 (CIA Reading Room cia-rdp96-00788r001100010004-6: PROCEEDINGS)
  ↓ downloading 3 files for cia-readingroom-document-cia-rdp96-00788r001100010004-6
    skip (have): cia-rdp96-00788r001100010004-6.pdf
    skip (have): cia-rdp96-00788r001100010004-6.epub
    skip (have): cia-rdp96-00788r001100010004-6_djvu.txt
/home/gian/agfarms/bucket-foundation/archive/cia-readingroom-document-cia-rdp96-00788r001100010004-6
? "Szent-Györgyi Bioenergetics" → bioenergetics00szen (Bioenergetics)
  ↓ downloading 3 files for bioenergetics00szen
    skip (have): bioenergetics00szen.pdf
    skip (have): bioenergetics00szen.epub
    skip (have): bioenergetics00szen_djvu.txt
/home/gian/agfarms/bucket-foundation/archive/bioenergetics00szen
NO HITS: Szent-Györgyi submolecular biology
? "Becker Body Electric" → die-or-d.i.y.-full-archive ((Blogger) Die or D.I.Y.? Full Archive)
  ↓ downloading 0 files for die-or-d.i.y.-full-archive
/home/gian/agfarms/bucket-foundation/archive/die-or-d.i.y.-full-archive
? "Becker Cross Currents" → ExtrasensoryPerceptionResearchFinding (Notes on the Paranormal)
  ↓ downloading 3 files for ExtrasensoryPerceptionResearchFinding
    skip (have): Extrasensory_Perception_Research_Finding.pdf
    skip (have): Extrasensory_Perception_Research_Finding.epub
    skip (have): Extrasensory_Perception_Research_Finding_djvu.txt
/home/gian/agfarms/bucket-foundation/archive/ExtrasensoryPerceptionResearchFinding
? "Ling physical theory living state" → BluePlanetProjectUFOTECHNOLOGY (Blue Planet Project UFO TECHNOLOGY)
  ↓ downloading 3 files for BluePlanetProjectUFOTECHNOLOGY
    skip (have): Blue Planet Project UFO TECHNOLOGY.pdf
    skip (have): Blue Planet Project UFO TECHNOLOGY.epub
    skip (have): Blue Planet Project UFO TECHNOLOGY_djvu.txt
/home/gian/agfarms/bucket-foundation/archive/BluePlanetProjectUFOTECHNOLOGY
? "Ling association induction" → ibogaine_literature (Ibogaine Literature)
  ↓ downloading 3 files for ibogaine_literature
    skip (have): abaul1989.pdf
    skip (have): agwada1975.pdf
    skip (have): abaul1989_djvu.txt
/home/gian/agfarms/bucket-foundation/archive/ibogaine_literature
? "Nordenström Biologically Closed Electric Circuits" → biokinetic-impacts-on-structure-and-imaging-of-the-lung-the-concept-of-biologica (Biokinetic Impacts on Structure and Imaging of the Lung the )
  ↓ downloading 2 files for biokinetic-impacts-on-structure-and-imaging-of-the-lung-the-concept-of-biologica
    skip (have): Biokinetic impacts on structure and imaging of the lung the concept of biologically closed electric circuits - Nordenstrom AJR 1985.pdf
    skip (have): Biokinetic impacts on structure and imaging of the lung the concept of biologically closed electric circuits - Nordenstrom AJR 1985_djvu.txt
/home/gian/agfarms/bucket-foundation/archive/biokinetic-impacts-on-structure-and-imaging-of-the-lung-the-concept-of-biologica
? "Euclid Elements Heath translation" → EuclidsElementsBooksIIIVolume1Heath (Euclid's Elements Books I II Volume 1 Heath)
  ↓ downloading 2 files for EuclidsElementsBooksIIIVolume1Heath
    skip (have): Euclid's_Elements_Books_I-II_Volume_1-Heath.pdf
    skip (have): Euclid's_Elements_Books_I-II_Volume_1-Heath_djvu.txt
/home/gian/agfarms/bucket-foundation/archive/EuclidsElementsBooksIIIVolume1Heath
? "Gauss Disquisitiones Arithmeticae" → disquisitionesa00gaus (Disquisitiones arithmeticae)
  ↓ downloading 3 files for disquisitionesa00gaus
    skip (have): disquisitionesa00gaus.pdf
    skip (have): disquisitionesa00gaus.epub
    skip (have): disquisitionesa00gaus_djvu.txt
/home/gian/agfarms/bucket-foundation/archive/disquisitionesa00gaus
? "Riemann zeta hypothesis" → logicalcross (LogicalCross)
  ↓ downloading 2 files for logicalcross
    skip (have): essay.pdf
    skip (have): essay_djvu.txt
/home/gian/agfarms/bucket-foundation/archive/logicalcross
? "Cantor set theory" → YouDontNeedAWeathermanToKnowWhichWayTheWindBlows_925 (You Don't Need A Weatherman To Know Which Way The Wind Blows)
  ↓ downloading 3 files for YouDontNeedAWeathermanToKnowWhichWayTheWindBlows_925
    skip (have): YouDontNeedAWeathermanToKnowWhichWayTheWindBlows_925.pdf
    skip (have): YouDontNeedAWeathermanToKnowWhichWayTheWindBlows_925.epub
    skip (have): YouDontNeedAWeathermanToKnowWhichWayTheWindBlows_925_djvu.txt
/home/gian/agfarms/bucket-foundation/archive/YouDontNeedAWeathermanToKnowWhichWayTheWindBlows_925
? "Dirac Principles of Quantum Mechanics" → academictorrents_f24122f15283757aa8a9bf9cb638db266273442d ([Coursera] Exploring Quantum Physics)
  ↓ downloading 3 files for academictorrents_f24122f15283757aa8a9bf9cb638db266273442d
    FAIL Lectures/Week 1 - 02 Wavefunctions and Schrdinger Equation/01_Part_I-_Comments_on_studying_QM_10-11.pdf: [Errno 2] No such file or directory: '/home/gian/agfarms/bucket-foundation/archive/academictorrents_f24122f15283757aa8a9bf9cb638db266273442d/Lectures/Week 1 - 02 Wavefunctions and Schrdinger Equation/01_Part_I-_Comments_on_studying_QM_10-11.pdf'
    FAIL Lectures/Week 8 - 17 Time-dependent quantum mechanics Victor Galitski/01_Part_I-_Time-dependent_Schrdinger_Eq._general_remarks_23-04.pdf: [Errno 2] No such file or directory: '/home/gian/agfarms/bucket-foundation/archive/academictorrents_f24122f15283757aa8a9bf9cb638db266273442d/Lectures/Week 8 - 17 Time-dependent quantum mechanics Victor Galitski/01_Part_I-_Time-dependent_Schrdinger_Eq._general_remarks_23-04.pdf'
    FAIL Lectures/Week 1 - 02 Wavefunctions and Schrdinger Equation/01_Part_I-_Comments_on_studying_QM_10-11_djvu.txt: HTTP Error 500: Internal Server Error
/home/gian/agfarms/bucket-foundation/archive/academictorrents_f24122f15283757aa8a9bf9cb638db266273442d
? "Feynman lectures on physics" → academictorrents_f24122f15283757aa8a9bf9cb638db266273442d ([Coursera] Exploring Quantum Physics)
  ↓ downloading 3 files for academictorrents_f24122f15283757aa8a9bf9cb638db266273442d
    FAIL Lectures/Week 1 - 02 Wavefunctions and Schrdinger Equation/01_Part_I-_Comments_on_studying_QM_10-11.pdf: [Errno 2] No such file or directory: '/home/gian/agfarms/bucket-foundation/archive/academictorrents_f24122f15283757aa8a9bf9cb638db266273442d/Lectures/Week 1 - 02 Wavefunctions and Schrdinger Equation/01_Part_I-_Comments_on_studying_QM_10-11.pdf'
    FAIL Lectures/Week 8 - 17 Time-dependent quantum mechanics Victor Galitski/01_Part_I-_Time-dependent_Schrdinger_Eq._general_remarks_23-04.pdf: [Errno 2] No such file or directory: '/home/gian/agfarms/bucket-foundation/archive/academictorrents_f24122f15283757aa8a9bf9cb638db266273442d/Lectures/Week 8 - 17 Time-dependent quantum mechanics Victor Galitski/01_Part_I-_Time-dependent_Schrdinger_Eq._general_remarks_23-04.pdf'
    FAIL Lectures/Week 1 - 02 Wavefunctions and Schrdinger Equation/01_Part_I-_Comments_on_studying_QM_10-11_djvu.txt: [Errno 2] No such file or directory: '/home/gian/agfarms/bucket-foundation/archive/academictorrents_f24122f15283757aa8a9bf9cb638db266273442d/Lectures/Week 1 - 02 Wavefunctions and Schrdinger Equation/01_Part_I-_Comments_on_studying_QM_10-11_djvu.txt'
/home/gian/agfarms/bucket-foundation/archive/academictorrents_f24122f15283757aa8a9bf9cb638db266273442d
? "Shannon mathematical theory of communication" → communications_primer (Communications Primer, A)
  ↓ downloading 0 files for communications_primer
/home/gian/agfarms/bucket-foundation/archive/communications_primer
? "Turing computable numbers 1936" → turingsvisionbir0000bern (Turing's vision : the birth of computer science)
  ↓ downloading 3 files for turingsvisionbir0000bern
    FAIL turingsvisionbir0000bern.pdf: HTTP Error 401: Unauthorized
    FAIL turingsvisionbir0000bern.epub: HTTP Error 401: Unauthorized
    FAIL turingsvisionbir0000bern_djvu.txt: HTTP Error 401: Unauthorized
/home/gian/agfarms/bucket-foundation/archive/turingsvisionbir0000bern
? "Helmholtz On the Sensations of Tone" → onsensationsofto00helmrich (On the sensations of tone as a physiological basis for the t)
  ↓ downloading 3 files for onsensationsofto00helmrich
    skip (have): onsensationsofto00helmrich.pdf
    skip (have): onsensationsofto00helmrich.epub
    skip (have): onsensationsofto00helmrich_djvu.txt
/home/gian/agfarms/bucket-foundation/archive/onsensationsofto00helmrich
? "Helmholtz Treatise Physiological Optics" → ExtrasensoryPerceptionResearchFinding (Notes on the Paranormal)
  ↓ downloading 3 files for ExtrasensoryPerceptionResearchFinding
    skip (have): Extrasensory_Perception_Research_Finding.pdf
    skip (have): Extrasensory_Perception_Research_Finding.epub
    skip (have): Extrasensory_Perception_Research_Finding_djvu.txt
/home/gian/agfarms/bucket-foundation/archive/ExtrasensoryPerceptionResearchFinding
? "Schrodinger What is Life" → Necktar2017Volume9 (Necktar 2017 volume 9)
  ↓ downloading 0 files for Necktar2017Volume9
/home/gian/agfarms/bucket-foundation/archive/Necktar2017Volume9
? "Schrödinger Mind and Matter" → Necktar2017Volume9 (Necktar 2017 volume 9)
  ↓ downloading 0 files for Necktar2017Volume9
/home/gian/agfarms/bucket-foundation/archive/Necktar2017Volume9
? "Bohr Atomic Theory Description Nature" → ExtrasensoryPerceptionResearchFinding (Notes on the Paranormal)
  ↓ downloading 3 files for ExtrasensoryPerceptionResearchFinding
    skip (have): Extrasensory_Perception_Research_Finding.pdf
    skip (have): Extrasensory_Perception_Research_Finding.epub
    skip (have): Extrasensory_Perception_Research_Finding_djvu.txt
/home/gian/agfarms/bucket-foundation/archive/ExtrasensoryPerceptionResearchFinding
? "Heisenberg Physics Philosophy" → 216.TheLastEpisodeAtLeastForAWhileOrMaybeForever_670 (216. The Last Episode, at Least for a While, or Maybe Foreve)
  ↓ downloading 0 files for 216.TheLastEpisodeAtLeastForAWhileOrMaybeForever_670
/home/gian/agfarms/bucket-foundation/archive/216.TheLastEpisodeAtLeastForAWhileOrMaybeForever_670
? "Pauli Wolfgang lectures physics" → 1_20210412_20210412_0345 (Epigenesis, Existentialism and Creativity)
  ↓ downloading 0 files for 1_20210412_20210412_0345
/home/gian/agfarms/bucket-foundation/archive/1_20210412_20210412_0345
? "Wigner Eugene mind in physics" → cia-readingroom-document-cia-rdp96-00787r000500380004-4 (CIA Reading Room cia-rdp96-00787r000500380004-4: PSYCHIC PRO)
  ↓ downloading 3 files for cia-readingroom-document-cia-rdp96-00787r000500380004-4
    skip (have): cia-rdp96-00787r000500380004-4.pdf
    skip (have): cia-rdp96-00787r000500380004-4.epub
    skip (have): cia-rdp96-00787r000500380004-4_djvu.txt
/home/gian/agfarms/bucket-foundation/archive/cia-readingroom-document-cia-rdp96-00787r000500380004-4
? "Wheeler Geons Black Holes Quantum Foam" → geonsblackholesq00whee (Geons, black holes, and quantum foam : a life in physics)
  ↓ downloading 3 files for geonsblackholesq00whee
    FAIL geonsblackholesq00whee.pdf: HTTP Error 401: Unauthorized
    FAIL geonsblackholesq00whee.epub: HTTP Error 401: Unauthorized
    FAIL geonsblackholesq00whee_djvu.txt: HTTP Error 401: Unauthorized
/home/gian/agfarms/bucket-foundation/archive/geonsblackholesq00whee
? "Pasteur fermentation" → mmoiresurlafer00past (Mémoire sur la fermentation alcoolique)
  ↓ downloading 2 files for mmoiresurlafer00past
    skip (have): mmoiresurlafer00past.pdf
    skip (have): mmoiresurlafer00past_djvu.txt
/home/gian/agfarms/bucket-foundation/archive/mmoiresurlafer00past
? "Darwin Origin of Species" → origin_species_librivox (On the Origin of Species by Means of Natural Selection)
  ↓ downloading 2 files for origin_species_librivox
    skip (have): On_the_Origin_of_Species_by_Means_of_Natural_Selection_1005.pdf
    skip (have): On_the_Origin_of_Species_by_Means_of_Natural_Selection_1005_djvu.txt
/home/gian/agfarms/bucket-foundation/archive/origin_species_librivox
? "Wallace contributions theory natural selection" → ExtrasensoryPerceptionResearchFinding (Notes on the Paranormal)
  ↓ downloading 3 files for ExtrasensoryPerceptionResearchFinding
    skip (have): Extrasensory_Perception_Research_Finding.pdf
    skip (have): Extrasensory_Perception_Research_Finding.epub
    skip (have): Extrasensory_Perception_Research_Finding_djvu.txt
/home/gian/agfarms/bucket-foundation/archive/ExtrasensoryPerceptionResearchFinding
? "Linus Pauling general chemistry" → introductiontoqu031712mbp (['Introduction To Quantum Mechanics', 'With Applications To Chemistry.'])
  ↓ downloading 3 files for introductiontoqu031712mbp
    skip (have): introductiontoqu031712mbp.pdf
    skip (have): introductiontoqu031712mbp.epub
    skip (have): introductiontoqu031712mbp_djvu.txt
/home/gian/agfarms/bucket-foundation/archive/introductiontoqu031712mbp
? "Linus Pauling vitamin C" → How_To_Live_Longer_And_Feel_Better_PDF (Linus Pauling PhD: How To Live Longer And Feel Better pdf)
  ↓ downloading 3 files for How_To_Live_Longer_And_Feel_Better_PDF
    skip (have): How to live longer and feel better - Pauling, Linus, 1901-1994.pdf
    skip (have): How to live longer and feel better - Pauling, Linus, 1901-1994.epub
    skip (have): How to live longer and feel better - Pauling, Linus, 1901-1994_djvu.txt
/home/gian/agfarms/bucket-foundation/archive/How_To_Live_Longer_And_Feel_Better_PDF
? "Crick what mad pursuit" → oxfordbookofmode0000unse_a2g6 (The Oxford book of modern science writing)
  ↓ downloading 3 files for oxfordbookofmode0000unse_a2g6
    FAIL oxfordbookofmode0000unse_a2g6.pdf: HTTP Error 403: Forbidden
    FAIL oxfordbookofmode0000unse_a2g6.epub: HTTP Error 403: Forbidden
    FAIL oxfordbookofmode0000unse_a2g6_djvu.txt: HTTP Error 403: Forbidden
/home/gian/agfarms/bucket-foundation/archive/oxfordbookofmode0000unse_a2g6
? "Schrödinger statistical thermodynamics" → yavorskydetlafamodernhandbookofphysicsmir1982 (A Modern Handbook Of Physics)
  ↓ downloading 3 files for yavorskydetlafamodernhandbookofphysicsmir1982
    skip (have): Yavorsky-Detlaf-A-Modern-Handbook-of-Physics-Mir-1982.pdf
    skip (have): Yavorsky-Detlaf-A-Modern-Handbook-of-Physics-Mir-1982.epub
    skip (have): Yavorsky-Detlaf-A-Modern-Handbook-of-Physics-Mir-1982_djvu.txt
/home/gian/agfarms/bucket-foundation/archive/yavorskydetlafamodernhandbookofphysicsmir1982
? "Boltzmann lectures gas theory" → lectures-on-gas-theory-ludwig-boltzmann (Lectures on Gas Theory - Ludwig Boltzmann, Stephen G. Brush)
  ↓ downloading 3 files for lectures-on-gas-theory-ludwig-boltzmann
    skip (have): Lectures on Gas Theory - Ludwig Boltzmann.pdf
    skip (have): Lectures on Gas Theory - Ludwig Boltzmann.epub
    skip (have): Lectures on Gas Theory - Ludwig Boltzmann_djvu.txt
/home/gian/agfarms/bucket-foundation/archive/lectures-on-gas-theory-ludwig-boltzmann
? "Carnot reflections motive power fire" → cia-readingroom-document-cia-rdp79-01194a000400140001-7 (CIA Reading Room cia-rdp79-01194a000400140001-7: CA PROPAGAN)
  ↓ downloading 3 files for cia-readingroom-document-cia-rdp79-01194a000400140001-7
    skip (have): cia-rdp79-01194a000400140001-7.pdf
    skip (have): cia-rdp79-01194a000400140001-7.epub
    skip (have): cia-rdp79-01194a000400140001-7_djvu.txt
/home/gian/agfarms/bucket-foundation/archive/cia-readingroom-document-cia-rdp79-01194a000400140001-7
? "Planck thermodynamik thermodynamics" → vorlesungenbert01plangoog (Vorlesungen über thermodynamik)
  ↓ downloading 2 files for vorlesungenbert01plangoog
    skip (have): vorlesungenbert01plangoog.pdf
    skip (have): vorlesungenbert01plangoog_djvu.txt
/home/gian/agfarms/bucket-foundation/archive/vorlesungenbert01plangoog
? "Lavoisier elements chemistry" → understanding-science (Understanding Science, Collected Edition, Vols 1-12)
  ↓ downloading 3 files for understanding-science
    skip (have): Understanding_Science-Vol_01_jpg85.pdf
    skip (have): Understanding_Science-Vol_01_jpg85.epub
    skip (have): Understanding_Science-Vol_01_jpg85_djvu.txt
/home/gian/agfarms/bucket-foundation/archive/understanding-science
? "Fourier analytical theory heat" → analyticaltheory00fourrich (The analytical theory of heat)
  ↓ downloading 3 files for analyticaltheory00fourrich
    skip (have): analyticaltheory00fourrich.pdf
    skip (have): analyticaltheory00fourrich.epub
    skip (have): analyticaltheory00fourrich_djvu.txt
/home/gian/agfarms/bucket-foundation/archive/analyticaltheory00fourrich
? "Galileo dialogue two world systems" → GalileiGalileoDialogueConcerningTheTwoChiefWorldSystemsEN155P. (Galilei, Galileo - Dialogue Concerning the two Chief World S)
  ↓ downloading 3 files for GalileiGalileoDialogueConcerningTheTwoChiefWorldSystemsEN155P.
    skip (have): Galilei, Galileo - Dialogue Concerning the two Chief World Systems (EN, 155 p.).pdf
    skip (have): Galilei, Galileo - Dialogue Concerning the two Chief World Systems (EN, 155 p.).epub
    skip (have): Galilei, Galileo - Dialogue Concerning the two Chief World Systems (EN, 155 p.)_djvu.txt
/home/gian/agfarms/bucket-foundation/archive/GalileiGalileoDialogueConcerningTheTwoChiefWorldSystemsEN155P.
? "Feynman QED" → MIT8.701F20 (MIT 8.701 Introduction to Nuclear and Particle Physics, Fall)
  ↓ downloading 0 files for MIT8.701F20
/home/gian/agfarms/bucket-foundation/archive/MIT8.701F20
? "Crick Watson DNA" → MIT7.01SCF11 (OCW Scholar: Fundamentals of Biology)
  ↓ downloading 0 files for MIT7.01SCF11
/home/gian/agfarms/bucket-foundation/archive/MIT7.01SCF11
? "Darwin descent of man" → descent_man_1_1011_librivox (The Descent of Man and Selection in Relation to Sex Part 1)
  ↓ downloading 2 files for descent_man_1_1011_librivox
    skip (have): descentman1_1011.pdf
    skip (have): descentman1_1011_djvu.txt
/home/gian/agfarms/bucket-foundation/archive/descent_man_1_1011_librivox
[2026-08-13T09:54:52-04:00] === archive runner done ===
[2026-08-13T14:46:33-04:00] === archive runner start ===
  ↓ downloading 3 files for the-universal-one-1926-walter-russell
    skip (have): TheUniversalOne1926WalterRussell.pdf
    skip (have): TheUniversalOne1926WalterRussell.epub
    skip (have): TheUniversalOne1926WalterRussell_djvu.txt
/home/gian/agfarms/bucket-foundation/archive/the-universal-one-1926-walter-russell
  ↓ downloading 3 files for principlesofchem00menduoft
    skip (have): principlesofchem00menduoft.pdf
    skip (have): principlesofchem00menduoft.epub
    skip (have): principlesofchem00menduoft_djvu.txt
/home/gian/agfarms/bucket-foundation/archive/principlesofchem00menduoft
  ↓ downloading 3 files for principlesofchem01menduoft
    skip (have): principlesofchem01menduoft.pdf
    skip (have): principlesofchem01menduoft.epub
    skip (have): principlesofchem01menduoft_djvu.txt
/home/gian/agfarms/bucket-foundation/archive/principlesofchem01menduoft
? "walter russell new concept universe" → ExtrasensoryPerceptionResearchFinding (Notes on the Paranormal)
  ↓ downloading 3 files for ExtrasensoryPerceptionResearchFinding
    skip (have): Extrasensory_Perception_Research_Finding.pdf
    skip (have): Extrasensory_Perception_Research_Finding.epub
    skip (have): Extrasensory_Perception_Research_Finding_djvu.txt
/home/gian/agfarms/bucket-foundation/archive/ExtrasensoryPerceptionResearchFinding
  ↓ downloading 3 files for newtonspmathema00newtrich
    skip (have): newtonspmathema00newtrich.pdf
    skip (have): newtonspmathema00newtrich.epub
    skip (have): newtonspmathema00newtrich_djvu.txt
/home/gian/agfarms/bucket-foundation/archive/newtonspmathema00newtrich
  ↓ downloading 3 files for principia00newtuoft
    skip (have): principia00newtuoft.pdf
    skip (have): principia00newtuoft.epub
    skip (have): principia00newtuoft_djvu.txt
/home/gian/agfarms/bucket-foundation/archive/principia00newtuoft
? "Newton Opticks 1704" → opticks_1203_librivox (Opticks)
  ↓ downloading 2 files for opticks_1203_librivox
    skip (have): opticks_1207.pdf
    skip (have): opticks_1207_djvu.txt
/home/gian/agfarms/bucket-foundation/archive/opticks_1203_librivox
? "Maxwell Treatise on Electricity and Magnetism volume 1" → electricandmagne01maxwrich (A treatise on electricity and magnetism)
  ↓ downloading 3 files for electricandmagne01maxwrich
    skip (have): electricandmagne01maxwrich.pdf
    skip (have): electricandmagne01maxwrich.epub
    skip (have): electricandmagne01maxwrich_djvu.txt
/home/gian/agfarms/bucket-foundation/archive/electricandmagne01maxwrich
? "Maxwell Treatise on Electricity and Magnetism volume 2" → electricandmagne01maxwrich (A treatise on electricity and magnetism)
  ↓ downloading 3 files for electricandmagne01maxwrich
    skip (have): electricandmagne01maxwrich.pdf
    skip (have): electricandmagne01maxwrich.epub
    skip (have): electricandmagne01maxwrich_djvu.txt
/home/gian/agfarms/bucket-foundation/archive/electricandmagne01maxwrich
? "Maxwell scientific papers" → scientificpapers01maxw (The scientific papers of James Clerk Maxwell)
  ↓ downloading 3 files for scientificpapers01maxw
    skip (have): scientificpapers01maxw.pdf
    skip (have): scientificpapers01maxw.epub
    skip (have): scientificpapers01maxw_djvu.txt
/home/gian/agfarms/bucket-foundation/archive/scientificpapers01maxw
? "Faraday Experimental Researches in Electricity volume 1" → ExtrasensoryPerceptionResearchFinding (Notes on the Paranormal)
  ↓ downloading 3 files for ExtrasensoryPerceptionResearchFinding
    skip (have): Extrasensory_Perception_Research_Finding.pdf
    skip (have): Extrasensory_Perception_Research_Finding.epub
    skip (have): Extrasensory_Perception_Research_Finding_djvu.txt
/home/gian/agfarms/bucket-foundation/archive/ExtrasensoryPerceptionResearchFinding
? "Faraday Experimental Researches in Electricity volume 2" → ExtrasensoryPerceptionResearchFinding (Notes on the Paranormal)
  ↓ downloading 3 files for ExtrasensoryPerceptionResearchFinding
    skip (have): Extrasensory_Perception_Research_Finding.pdf
    skip (have): Extrasensory_Perception_Research_Finding.epub
    skip (have): Extrasensory_Perception_Research_Finding_djvu.txt
/home/gian/agfarms/bucket-foundation/archive/ExtrasensoryPerceptionResearchFinding
? "Faraday Experimental Researches in Electricity volume 3" → ExtrasensoryPerceptionResearchFinding (Notes on the Paranormal)
  ↓ downloading 3 files for ExtrasensoryPerceptionResearchFinding
    skip (have): Extrasensory_Perception_Research_Finding.pdf
    skip (have): Extrasensory_Perception_Research_Finding.epub
    skip (have): Extrasensory_Perception_Research_Finding_djvu.txt
/home/gian/agfarms/bucket-foundation/archive/ExtrasensoryPerceptionResearchFinding
? "Tesla My Inventions" → pbsnovadocs (PBS Nova Documentaries)
  ↓ downloading 0 files for pbsnovadocs
/home/gian/agfarms/bucket-foundation/archive/pbsnovadocs
? "Tesla Colorado Springs Notes" → majestic-12-files (MAJESTIC 12 Files)
  ↓ downloading 0 files for majestic-12-files
/home/gian/agfarms/bucket-foundation/archive/majestic-12-files
? "Tesla problem of increasing human energy" → sharware (chestnut-multimedia)
  ↓ downloading 2 files for sharware
    FAIL chestnut/DLR/CONTENTS.pdf: [Errno 2] No such file or directory: '/home/gian/agfarms/bucket-foundation/archive/sharware/chestnut/DLR/CONTENTS.pdf'
    FAIL chestnut/DLR/CONTENTS_djvu.txt: [Errno 2] No such file or directory: '/home/gian/agfarms/bucket-foundation/archive/sharware/chestnut/DLR/CONTENTS_djvu.txt'
/home/gian/agfarms/bucket-foundation/archive/sharware
? "Einstein Relativity special general theory" → relativity_librivox (Relativity: The Special and General Theory)
  ↓ downloading 2 files for relativity_librivox
    skip (have): relativity_1003.pdf
    skip (have): relativity_1003_djvu.txt
/home/gian/agfarms/bucket-foundation/archive/relativity_librivox
? "Einstein 1905 photoelectric" → cia-readingroom-document-cia-rdp96-00788r001100010004-6 (CIA Reading Room cia-rdp96-00788r001100010004-6: PROCEEDINGS)
  ↓ downloading 3 files for cia-readingroom-document-cia-rdp96-00788r001100010004-6
    skip (have): cia-rdp96-00788r001100010004-6.pdf
    skip (have): cia-rdp96-00788r001100010004-6.epub
    skip (have): cia-rdp96-00788r001100010004-6_djvu.txt
/home/gian/agfarms/bucket-foundation/archive/cia-readingroom-document-cia-rdp96-00788r001100010004-6
? "Szent-Györgyi Bioenergetics" → bioenergetics00szen (Bioenergetics)
  ↓ downloading 3 files for bioenergetics00szen
    skip (have): bioenergetics00szen.pdf
    skip (have): bioenergetics00szen.epub
    skip (have): bioenergetics00szen_djvu.txt
/home/gian/agfarms/bucket-foundation/archive/bioenergetics00szen
NO HITS: Szent-Györgyi submolecular biology
? "Becker Body Electric" → die-or-d.i.y.-full-archive ((Blogger) Die or D.I.Y.? Full Archive)
  ↓ downloading 0 files for die-or-d.i.y.-full-archive
/home/gian/agfarms/bucket-foundation/archive/die-or-d.i.y.-full-archive
? "Becker Cross Currents" → ExtrasensoryPerceptionResearchFinding (Notes on the Paranormal)
  ↓ downloading 3 files for ExtrasensoryPerceptionResearchFinding
    skip (have): Extrasensory_Perception_Research_Finding.pdf
    skip (have): Extrasensory_Perception_Research_Finding.epub
    skip (have): Extrasensory_Perception_Research_Finding_djvu.txt
/home/gian/agfarms/bucket-foundation/archive/ExtrasensoryPerceptionResearchFinding
? "Ling physical theory living state" → BluePlanetProjectUFOTECHNOLOGY (Blue Planet Project UFO TECHNOLOGY)
  ↓ downloading 3 files for BluePlanetProjectUFOTECHNOLOGY
    skip (have): Blue Planet Project UFO TECHNOLOGY.pdf
    skip (have): Blue Planet Project UFO TECHNOLOGY.epub
    skip (have): Blue Planet Project UFO TECHNOLOGY_djvu.txt
/home/gian/agfarms/bucket-foundation/archive/BluePlanetProjectUFOTECHNOLOGY
? "Ling association induction" → ibogaine_literature (Ibogaine Literature)
  ↓ downloading 3 files for ibogaine_literature
    skip (have): abaul1989.pdf
    skip (have): agwada1975.pdf
    skip (have): abaul1989_djvu.txt
/home/gian/agfarms/bucket-foundation/archive/ibogaine_literature
? "Nordenström Biologically Closed Electric Circuits" → biokinetic-impacts-on-structure-and-imaging-of-the-lung-the-concept-of-biologica (Biokinetic Impacts on Structure and Imaging of the Lung the )
  ↓ downloading 2 files for biokinetic-impacts-on-structure-and-imaging-of-the-lung-the-concept-of-biologica
    skip (have): Biokinetic impacts on structure and imaging of the lung the concept of biologically closed electric circuits - Nordenstrom AJR 1985.pdf
    skip (have): Biokinetic impacts on structure and imaging of the lung the concept of biologically closed electric circuits - Nordenstrom AJR 1985_djvu.txt
/home/gian/agfarms/bucket-foundation/archive/biokinetic-impacts-on-structure-and-imaging-of-the-lung-the-concept-of-biologica
? "Euclid Elements Heath translation" → EuclidsElementsBooksIIIVolume1Heath (Euclid's Elements Books I II Volume 1 Heath)
  ↓ downloading 2 files for EuclidsElementsBooksIIIVolume1Heath
    skip (have): Euclid's_Elements_Books_I-II_Volume_1-Heath.pdf
    skip (have): Euclid's_Elements_Books_I-II_Volume_1-Heath_djvu.txt
/home/gian/agfarms/bucket-foundation/archive/EuclidsElementsBooksIIIVolume1Heath
? "Gauss Disquisitiones Arithmeticae" → disquisitionesa00gaus (Disquisitiones arithmeticae)
  ↓ downloading 3 files for disquisitionesa00gaus
    skip (have): disquisitionesa00gaus.pdf
    skip (have): disquisitionesa00gaus.epub
    skip (have): disquisitionesa00gaus_djvu.txt
/home/gian/agfarms/bucket-foundation/archive/disquisitionesa00gaus
? "Riemann zeta hypothesis" → logicalcross (LogicalCross)
  ↓ downloading 2 files for logicalcross
    skip (have): essay.pdf
    skip (have): essay_djvu.txt
/home/gian/agfarms/bucket-foundation/archive/logicalcross
? "Cantor set theory" → YouDontNeedAWeathermanToKnowWhichWayTheWindBlows_925 (You Don't Need A Weatherman To Know Which Way The Wind Blows)
  ↓ downloading 3 files for YouDontNeedAWeathermanToKnowWhichWayTheWindBlows_925
    skip (have): YouDontNeedAWeathermanToKnowWhichWayTheWindBlows_925.pdf
    skip (have): YouDontNeedAWeathermanToKnowWhichWayTheWindBlows_925.epub
    skip (have): YouDontNeedAWeathermanToKnowWhichWayTheWindBlows_925_djvu.txt
/home/gian/agfarms/bucket-foundation/archive/YouDontNeedAWeathermanToKnowWhichWayTheWindBlows_925
? "Dirac Principles of Quantum Mechanics" → academictorrents_f24122f15283757aa8a9bf9cb638db266273442d ([Coursera] Exploring Quantum Physics)
  ↓ downloading 3 files for academictorrents_f24122f15283757aa8a9bf9cb638db266273442d
    FAIL Lectures/Week 1 - 02 Wavefunctions and Schrdinger Equation/01_Part_I-_Comments_on_studying_QM_10-11.pdf: [Errno 2] No such file or directory: '/home/gian/agfarms/bucket-foundation/archive/academictorrents_f24122f15283757aa8a9bf9cb638db266273442d/Lectures/Week 1 - 02 Wavefunctions and Schrdinger Equation/01_Part_I-_Comments_on_studying_QM_10-11.pdf'
    FAIL Lectures/Week 8 - 17 Time-dependent quantum mechanics Victor Galitski/01_Part_I-_Time-dependent_Schrdinger_Eq._general_remarks_23-04.pdf: [Errno 2] No such file or directory: '/home/gian/agfarms/bucket-foundation/archive/academictorrents_f24122f15283757aa8a9bf9cb638db266273442d/Lectures/Week 8 - 17 Time-dependent quantum mechanics Victor Galitski/01_Part_I-_Time-dependent_Schrdinger_Eq._general_remarks_23-04.pdf'
    FAIL Lectures/Week 1 - 02 Wavefunctions and Schrdinger Equation/01_Part_I-_Comments_on_studying_QM_10-11_djvu.txt: [Errno 2] No such file or directory: '/home/gian/agfarms/bucket-foundation/archive/academictorrents_f24122f15283757aa8a9bf9cb638db266273442d/Lectures/Week 1 - 02 Wavefunctions and Schrdinger Equation/01_Part_I-_Comments_on_studying_QM_10-11_djvu.txt'
/home/gian/agfarms/bucket-foundation/archive/academictorrents_f24122f15283757aa8a9bf9cb638db266273442d
? "Feynman lectures on physics" → academictorrents_f24122f15283757aa8a9bf9cb638db266273442d ([Coursera] Exploring Quantum Physics)
  ↓ downloading 3 files for academictorrents_f24122f15283757aa8a9bf9cb638db266273442d
    FAIL Lectures/Week 1 - 02 Wavefunctions and Schrdinger Equation/01_Part_I-_Comments_on_studying_QM_10-11.pdf: [Errno 2] No such file or directory: '/home/gian/agfarms/bucket-foundation/archive/academictorrents_f24122f15283757aa8a9bf9cb638db266273442d/Lectures/Week 1 - 02 Wavefunctions and Schrdinger Equation/01_Part_I-_Comments_on_studying_QM_10-11.pdf'
    FAIL Lectures/Week 8 - 17 Time-dependent quantum mechanics Victor Galitski/01_Part_I-_Time-dependent_Schrdinger_Eq._general_remarks_23-04.pdf: [Errno 2] No such file or directory: '/home/gian/agfarms/bucket-foundation/archive/academictorrents_f24122f15283757aa8a9bf9cb638db266273442d/Lectures/Week 8 - 17 Time-dependent quantum mechanics Victor Galitski/01_Part_I-_Time-dependent_Schrdinger_Eq._general_remarks_23-04.pdf'
    FAIL Lectures/Week 1 - 02 Wavefunctions and Schrdinger Equation/01_Part_I-_Comments_on_studying_QM_10-11_djvu.txt: [Errno 2] No such file or directory: '/home/gian/agfarms/bucket-foundation/archive/academictorrents_f24122f15283757aa8a9bf9cb638db266273442d/Lectures/Week 1 - 02 Wavefunctions and Schrdinger Equation/01_Part_I-_Comments_on_studying_QM_10-11_djvu.txt'
/home/gian/agfarms/bucket-foundation/archive/academictorrents_f24122f15283757aa8a9bf9cb638db266273442d
? "Shannon mathematical theory of communication" → communications_primer (Communications Primer, A)
  ↓ downloading 0 files for communications_primer
/home/gian/agfarms/bucket-foundation/archive/communications_primer
? "Turing computable numbers 1936" → turingsvisionbir0000bern (Turing's vision : the birth of computer science)
  ↓ downloading 3 files for turingsvisionbir0000bern
    FAIL turingsvisionbir0000bern.pdf: HTTP Error 401: Unauthorized
    FAIL turingsvisionbir0000bern.epub: HTTP Error 401: Unauthorized
    FAIL turingsvisionbir0000bern_djvu.txt: HTTP Error 401: Unauthorized
/home/gian/agfarms/bucket-foundation/archive/turingsvisionbir0000bern
? "Helmholtz On the Sensations of Tone" → onsensationsofto00helmrich (On the sensations of tone as a physiological basis for the t)
  ↓ downloading 3 files for onsensationsofto00helmrich
    skip (have): onsensationsofto00helmrich.pdf
    skip (have): onsensationsofto00helmrich.epub
    skip (have): onsensationsofto00helmrich_djvu.txt
/home/gian/agfarms/bucket-foundation/archive/onsensationsofto00helmrich
? "Helmholtz Treatise Physiological Optics" → ExtrasensoryPerceptionResearchFinding (Notes on the Paranormal)
  ↓ downloading 3 files for ExtrasensoryPerceptionResearchFinding
    skip (have): Extrasensory_Perception_Research_Finding.pdf
    skip (have): Extrasensory_Perception_Research_Finding.epub
    skip (have): Extrasensory_Perception_Research_Finding_djvu.txt
/home/gian/agfarms/bucket-foundation/archive/ExtrasensoryPerceptionResearchFinding
? "Schrodinger What is Life" → Necktar2017Volume9 (Necktar 2017 volume 9)
  ↓ downloading 0 files for Necktar2017Volume9
/home/gian/agfarms/bucket-foundation/archive/Necktar2017Volume9
? "Schrödinger Mind and Matter" → Necktar2017Volume9 (Necktar 2017 volume 9)
  ↓ downloading 0 files for Necktar2017Volume9
/home/gian/agfarms/bucket-foundation/archive/Necktar2017Volume9
? "Bohr Atomic Theory Description Nature" → ExtrasensoryPerceptionResearchFinding (Notes on the Paranormal)
  ↓ downloading 3 files for ExtrasensoryPerceptionResearchFinding
    skip (have): Extrasensory_Perception_Research_Finding.pdf
    skip (have): Extrasensory_Perception_Research_Finding.epub
    skip (have): Extrasensory_Perception_Research_Finding_djvu.txt
/home/gian/agfarms/bucket-foundation/archive/ExtrasensoryPerceptionResearchFinding
? "Heisenberg Physics Philosophy" → 216.TheLastEpisodeAtLeastForAWhileOrMaybeForever_670 (216. The Last Episode, at Least for a While, or Maybe Foreve)
  ↓ downloading 0 files for 216.TheLastEpisodeAtLeastForAWhileOrMaybeForever_670
/home/gian/agfarms/bucket-foundation/archive/216.TheLastEpisodeAtLeastForAWhileOrMaybeForever_670
? "Pauli Wolfgang lectures physics" → 1_20210412_20210412_0345 (Epigenesis, Existentialism and Creativity)
  ↓ downloading 0 files for 1_20210412_20210412_0345
/home/gian/agfarms/bucket-foundation/archive/1_20210412_20210412_0345
? "Wigner Eugene mind in physics" → cia-readingroom-document-cia-rdp96-00787r000500380004-4 (CIA Reading Room cia-rdp96-00787r000500380004-4: PSYCHIC PRO)
  ↓ downloading 3 files for cia-readingroom-document-cia-rdp96-00787r000500380004-4
    skip (have): cia-rdp96-00787r000500380004-4.pdf
    skip (have): cia-rdp96-00787r000500380004-4.epub
    skip (have): cia-rdp96-00787r000500380004-4_djvu.txt
/home/gian/agfarms/bucket-foundation/archive/cia-readingroom-document-cia-rdp96-00787r000500380004-4
? "Wheeler Geons Black Holes Quantum Foam" → geonsblackholesq00whee (Geons, black holes, and quantum foam : a life in physics)
  ↓ downloading 3 files for geonsblackholesq00whee
    FAIL geonsblackholesq00whee.pdf: HTTP Error 401: Unauthorized
    FAIL geonsblackholesq00whee.epub: HTTP Error 401: Unauthorized
    FAIL geonsblackholesq00whee_djvu.txt: HTTP Error 401: Unauthorized
/home/gian/agfarms/bucket-foundation/archive/geonsblackholesq00whee
? "Pasteur fermentation" → mmoiresurlafer00past (Mémoire sur la fermentation alcoolique)
  ↓ downloading 2 files for mmoiresurlafer00past
    skip (have): mmoiresurlafer00past.pdf
    skip (have): mmoiresurlafer00past_djvu.txt
/home/gian/agfarms/bucket-foundation/archive/mmoiresurlafer00past
? "Darwin Origin of Species" → origin_species_librivox (On the Origin of Species by Means of Natural Selection)
  ↓ downloading 2 files for origin_species_librivox
    skip (have): On_the_Origin_of_Species_by_Means_of_Natural_Selection_1005.pdf
    skip (have): On_the_Origin_of_Species_by_Means_of_Natural_Selection_1005_djvu.txt
/home/gian/agfarms/bucket-foundation/archive/origin_species_librivox
? "Wallace contributions theory natural selection" → ExtrasensoryPerceptionResearchFinding (Notes on the Paranormal)
  ↓ downloading 3 files for ExtrasensoryPerceptionResearchFinding
    skip (have): Extrasensory_Perception_Research_Finding.pdf
    skip (have): Extrasensory_Perception_Research_Finding.epub
    skip (have): Extrasensory_Perception_Research_Finding_djvu.txt
/home/gian/agfarms/bucket-foundation/archive/ExtrasensoryPerceptionResearchFinding
? "Linus Pauling general chemistry" → introductiontoqu031712mbp (['Introduction To Quantum Mechanics', 'With Applications To Chemistry.'])
  ↓ downloading 3 files for introductiontoqu031712mbp
    skip (have): introductiontoqu031712mbp.pdf
    skip (have): introductiontoqu031712mbp.epub
    skip (have): introductiontoqu031712mbp_djvu.txt
/home/gian/agfarms/bucket-foundation/archive/introductiontoqu031712mbp
? "Linus Pauling vitamin C" → How_To_Live_Longer_And_Feel_Better_PDF (Linus Pauling PhD: How To Live Longer And Feel Better pdf)
  ↓ downloading 3 files for How_To_Live_Longer_And_Feel_Better_PDF
    skip (have): How to live longer and feel better - Pauling, Linus, 1901-1994.pdf
    skip (have): How to live longer and feel better - Pauling, Linus, 1901-1994.epub
    skip (have): How to live longer and feel better - Pauling, Linus, 1901-1994_djvu.txt
/home/gian/agfarms/bucket-foundation/archive/How_To_Live_Longer_And_Feel_Better_PDF
? "Crick what mad pursuit" → oxfordbookofmode0000unse_a2g6 (The Oxford book of modern science writing)
  ↓ downloading 3 files for oxfordbookofmode0000unse_a2g6
    FAIL oxfordbookofmode0000unse_a2g6.pdf: HTTP Error 403: Forbidden
    FAIL oxfordbookofmode0000unse_a2g6.epub: HTTP Error 403: Forbidden
    FAIL oxfordbookofmode0000unse_a2g6_djvu.txt: HTTP Error 403: Forbidden
/home/gian/agfarms/bucket-foundation/archive/oxfordbookofmode0000unse_a2g6
? "Schrödinger statistical thermodynamics" → yavorskydetlafamodernhandbookofphysicsmir1982 (A Modern Handbook Of Physics)
  ↓ downloading 3 files for yavorskydetlafamodernhandbookofphysicsmir1982
    skip (have): Yavorsky-Detlaf-A-Modern-Handbook-of-Physics-Mir-1982.pdf
    skip (have): Yavorsky-Detlaf-A-Modern-Handbook-of-Physics-Mir-1982.epub
    skip (have): Yavorsky-Detlaf-A-Modern-Handbook-of-Physics-Mir-1982_djvu.txt
/home/gian/agfarms/bucket-foundation/archive/yavorskydetlafamodernhandbookofphysicsmir1982
? "Boltzmann lectures gas theory" → lectures-on-gas-theory-ludwig-boltzmann (Lectures on Gas Theory - Ludwig Boltzmann, Stephen G. Brush)
  ↓ downloading 3 files for lectures-on-gas-theory-ludwig-boltzmann
    skip (have): Lectures on Gas Theory - Ludwig Boltzmann.pdf
    skip (have): Lectures on Gas Theory - Ludwig Boltzmann.epub
    skip (have): Lectures on Gas Theory - Ludwig Boltzmann_djvu.txt
/home/gian/agfarms/bucket-foundation/archive/lectures-on-gas-theory-ludwig-boltzmann
? "Carnot reflections motive power fire" → cia-readingroom-document-cia-rdp79-01194a000400140001-7 (CIA Reading Room cia-rdp79-01194a000400140001-7: CA PROPAGAN)
  ↓ downloading 3 files for cia-readingroom-document-cia-rdp79-01194a000400140001-7
    skip (have): cia-rdp79-01194a000400140001-7.pdf
    skip (have): cia-rdp79-01194a000400140001-7.epub
    skip (have): cia-rdp79-01194a000400140001-7_djvu.txt
/home/gian/agfarms/bucket-foundation/archive/cia-readingroom-document-cia-rdp79-01194a000400140001-7
? "Planck thermodynamik thermodynamics" → vorlesungenbert01plangoog (Vorlesungen über thermodynamik)
  ↓ downloading 2 files for vorlesungenbert01plangoog
    skip (have): vorlesungenbert01plangoog.pdf
    skip (have): vorlesungenbert01plangoog_djvu.txt
/home/gian/agfarms/bucket-foundation/archive/vorlesungenbert01plangoog
? "Lavoisier elements chemistry" → understanding-science (Understanding Science, Collected Edition, Vols 1-12)
  ↓ downloading 3 files for understanding-science
    skip (have): Understanding_Science-Vol_01_jpg85.pdf
    skip (have): Understanding_Science-Vol_01_jpg85.epub
    skip (have): Understanding_Science-Vol_01_jpg85_djvu.txt
/home/gian/agfarms/bucket-foundation/archive/understanding-science
? "Fourier analytical theory heat" → analyticaltheory00fourrich (The analytical theory of heat)
  ↓ downloading 3 files for analyticaltheory00fourrich
    skip (have): analyticaltheory00fourrich.pdf
    skip (have): analyticaltheory00fourrich.epub
    skip (have): analyticaltheory00fourrich_djvu.txt
/home/gian/agfarms/bucket-foundation/archive/analyticaltheory00fourrich
? "Galileo dialogue two world systems" → GalileiGalileoDialogueConcerningTheTwoChiefWorldSystemsEN155P. (Galilei, Galileo - Dialogue Concerning the two Chief World S)
  ↓ downloading 3 files for GalileiGalileoDialogueConcerningTheTwoChiefWorldSystemsEN155P.
    skip (have): Galilei, Galileo - Dialogue Concerning the two Chief World Systems (EN, 155 p.).pdf
    skip (have): Galilei, Galileo - Dialogue Concerning the two Chief World Systems (EN, 155 p.).epub
    skip (have): Galilei, Galileo - Dialogue Concerning the two Chief World Systems (EN, 155 p.)_djvu.txt
/home/gian/agfarms/bucket-foundation/archive/GalileiGalileoDialogueConcerningTheTwoChiefWorldSystemsEN155P.
? "Feynman QED" → MIT8.701F20 (MIT 8.701 Introduction to Nuclear and Particle Physics, Fall)
  ↓ downloading 0 files for MIT8.701F20
/home/gian/agfarms/bucket-foundation/archive/MIT8.701F20
? "Crick Watson DNA" → MIT7.01SCF11 (OCW Scholar: Fundamentals of Biology)
  ↓ downloading 0 files for MIT7.01SCF11
/home/gian/agfarms/bucket-foundation/archive/MIT7.01SCF11
? "Darwin descent of man" → descent_man_1_1011_librivox (The Descent of Man and Selection in Relation to Sex Part 1)
  ↓ downloading 2 files for descent_man_1_1011_librivox
    skip (have): descentman1_1011.pdf
    skip (have): descentman1_1011_djvu.txt
/home/gian/agfarms/bucket-foundation/archive/descent_man_1_1011_librivox
[2026-08-13T14:48:55-04:00] === archive runner done ===
[2026-08-13T14:56:19-04:00] === archive runner start ===
  ↓ downloading 3 files for the-universal-one-1926-walter-russell
    skip (have): TheUniversalOne1926WalterRussell.pdf
    skip (have): TheUniversalOne1926WalterRussell.epub
    skip (have): TheUniversalOne1926WalterRussell_djvu.txt
/home/gian/agfarms/bucket-foundation/archive/the-universal-one-1926-walter-russell
  ↓ downloading 3 files for principlesofchem00menduoft
    skip (have): principlesofchem00menduoft.pdf
    skip (have): principlesofchem00menduoft.epub
    skip (have): principlesofchem00menduoft_djvu.txt
/home/gian/agfarms/bucket-foundation/archive/principlesofchem00menduoft
  ↓ downloading 3 files for principlesofchem01menduoft
    skip (have): principlesofchem01menduoft.pdf
    skip (have): principlesofchem01menduoft.epub
    skip (have): principlesofchem01menduoft_djvu.txt
/home/gian/agfarms/bucket-foundation/archive/principlesofchem01menduoft
? "walter russell new concept universe" → ExtrasensoryPerceptionResearchFinding (Notes on the Paranormal)
  ↓ downloading 3 files for ExtrasensoryPerceptionResearchFinding
    skip (have): Extrasensory_Perception_Research_Finding.pdf
    skip (have): Extrasensory_Perception_Research_Finding.epub
    skip (have): Extrasensory_Perception_Research_Finding_djvu.txt
/home/gian/agfarms/bucket-foundation/archive/ExtrasensoryPerceptionResearchFinding
  ↓ downloading 3 files for newtonspmathema00newtrich
    skip (have): newtonspmathema00newtrich.pdf
    skip (have): newtonspmathema00newtrich.epub
    skip (have): newtonspmathema00newtrich_djvu.txt
/home/gian/agfarms/bucket-foundation/archive/newtonspmathema00newtrich
  ↓ downloading 3 files for principia00newtuoft
    skip (have): principia00newtuoft.pdf
    skip (have): principia00newtuoft.epub
    skip (have): principia00newtuoft_djvu.txt
/home/gian/agfarms/bucket-foundation/archive/principia00newtuoft
? "Newton Opticks 1704" → opticks_1203_librivox (Opticks)
  ↓ downloading 2 files for opticks_1203_librivox
    skip (have): opticks_1207.pdf
    skip (have): opticks_1207_djvu.txt
/home/gian/agfarms/bucket-foundation/archive/opticks_1203_librivox
? "Maxwell Treatise on Electricity and Magnetism volume 1" → electricandmagne01maxwrich (A treatise on electricity and magnetism)
  ↓ downloading 3 files for electricandmagne01maxwrich
    skip (have): electricandmagne01maxwrich.pdf
    skip (have): electricandmagne01maxwrich.epub
    skip (have): electricandmagne01maxwrich_djvu.txt
/home/gian/agfarms/bucket-foundation/archive/electricandmagne01maxwrich
? "Maxwell Treatise on Electricity and Magnetism volume 2" → electricandmagne01maxwrich (A treatise on electricity and magnetism)
  ↓ downloading 3 files for electricandmagne01maxwrich
    skip (have): electricandmagne01maxwrich.pdf
    skip (have): electricandmagne01maxwrich.epub
    skip (have): electricandmagne01maxwrich_djvu.txt
/home/gian/agfarms/bucket-foundation/archive/electricandmagne01maxwrich
? "Maxwell scientific papers" → scientificpapers01maxw (The scientific papers of James Clerk Maxwell)
  ↓ downloading 3 files for scientificpapers01maxw
    skip (have): scientificpapers01maxw.pdf
    skip (have): scientificpapers01maxw.epub
    skip (have): scientificpapers01maxw_djvu.txt
/home/gian/agfarms/bucket-foundation/archive/scientificpapers01maxw
? "Faraday Experimental Researches in Electricity volume 1" → ExtrasensoryPerceptionResearchFinding (Notes on the Paranormal)
  ↓ downloading 3 files for ExtrasensoryPerceptionResearchFinding
    skip (have): Extrasensory_Perception_Research_Finding.pdf
    skip (have): Extrasensory_Perception_Research_Finding.epub
    skip (have): Extrasensory_Perception_Research_Finding_djvu.txt
/home/gian/agfarms/bucket-foundation/archive/ExtrasensoryPerceptionResearchFinding
? "Faraday Experimental Researches in Electricity volume 2" → ExtrasensoryPerceptionResearchFinding (Notes on the Paranormal)
  ↓ downloading 3 files for ExtrasensoryPerceptionResearchFinding
    skip (have): Extrasensory_Perception_Research_Finding.pdf
    skip (have): Extrasensory_Perception_Research_Finding.epub
    skip (have): Extrasensory_Perception_Research_Finding_djvu.txt
/home/gian/agfarms/bucket-foundation/archive/ExtrasensoryPerceptionResearchFinding
? "Faraday Experimental Researches in Electricity volume 3" → ExtrasensoryPerceptionResearchFinding (Notes on the Paranormal)
  ↓ downloading 3 files for ExtrasensoryPerceptionResearchFinding
    skip (have): Extrasensory_Perception_Research_Finding.pdf
    skip (have): Extrasensory_Perception_Research_Finding.epub
    skip (have): Extrasensory_Perception_Research_Finding_djvu.txt
/home/gian/agfarms/bucket-foundation/archive/ExtrasensoryPerceptionResearchFinding
? "Tesla My Inventions" → pbsnovadocs (PBS Nova Documentaries)
  ↓ downloading 0 files for pbsnovadocs
/home/gian/agfarms/bucket-foundation/archive/pbsnovadocs
? "Tesla Colorado Springs Notes" → majestic-12-files (MAJESTIC 12 Files)
  ↓ downloading 0 files for majestic-12-files
/home/gian/agfarms/bucket-foundation/archive/majestic-12-files
? "Tesla problem of increasing human energy" → sharware (chestnut-multimedia)
  ↓ downloading 2 files for sharware
    FAIL chestnut/DLR/CONTENTS.pdf: [Errno 2] No such file or directory: '/home/gian/agfarms/bucket-foundation/archive/sharware/chestnut/DLR/CONTENTS.pdf'
    FAIL chestnut/DLR/CONTENTS_djvu.txt: [Errno 2] No such file or directory: '/home/gian/agfarms/bucket-foundation/archive/sharware/chestnut/DLR/CONTENTS_djvu.txt'
/home/gian/agfarms/bucket-foundation/archive/sharware
? "Einstein Relativity special general theory" → relativity_librivox (Relativity: The Special and General Theory)
  ↓ downloading 2 files for relativity_librivox
    skip (have): relativity_1003.pdf
    skip (have): relativity_1003_djvu.txt
/home/gian/agfarms/bucket-foundation/archive/relativity_librivox
? "Einstein 1905 photoelectric" → cia-readingroom-document-cia-rdp96-00788r001100010004-6 (CIA Reading Room cia-rdp96-00788r001100010004-6: PROCEEDINGS)
  ↓ downloading 3 files for cia-readingroom-document-cia-rdp96-00788r001100010004-6
    skip (have): cia-rdp96-00788r001100010004-6.pdf
    skip (have): cia-rdp96-00788r001100010004-6.epub
    skip (have): cia-rdp96-00788r001100010004-6_djvu.txt
/home/gian/agfarms/bucket-foundation/archive/cia-readingroom-document-cia-rdp96-00788r001100010004-6
? "Szent-Györgyi Bioenergetics" → bioenergetics00szen (Bioenergetics)
  ↓ downloading 3 files for bioenergetics00szen
    skip (have): bioenergetics00szen.pdf
    skip (have): bioenergetics00szen.epub
    skip (have): bioenergetics00szen_djvu.txt
/home/gian/agfarms/bucket-foundation/archive/bioenergetics00szen
NO HITS: Szent-Györgyi submolecular biology
? "Becker Body Electric" → die-or-d.i.y.-full-archive ((Blogger) Die or D.I.Y.? Full Archive)
  ↓ downloading 0 files for die-or-d.i.y.-full-archive
/home/gian/agfarms/bucket-foundation/archive/die-or-d.i.y.-full-archive
? "Becker Cross Currents" → ExtrasensoryPerceptionResearchFinding (Notes on the Paranormal)
  ↓ downloading 3 files for ExtrasensoryPerceptionResearchFinding
    skip (have): Extrasensory_Perception_Research_Finding.pdf
    skip (have): Extrasensory_Perception_Research_Finding.epub
    skip (have): Extrasensory_Perception_Research_Finding_djvu.txt
/home/gian/agfarms/bucket-foundation/archive/ExtrasensoryPerceptionResearchFinding
? "Ling physical theory living state" → BluePlanetProjectUFOTECHNOLOGY (Blue Planet Project UFO TECHNOLOGY)
  ↓ downloading 3 files for BluePlanetProjectUFOTECHNOLOGY
    skip (have): Blue Planet Project UFO TECHNOLOGY.pdf
    skip (have): Blue Planet Project UFO TECHNOLOGY.epub
    skip (have): Blue Planet Project UFO TECHNOLOGY_djvu.txt
/home/gian/agfarms/bucket-foundation/archive/BluePlanetProjectUFOTECHNOLOGY
? "Ling association induction" → ibogaine_literature (Ibogaine Literature)
  ↓ downloading 3 files for ibogaine_literature
    skip (have): abaul1989.pdf
    skip (have): agwada1975.pdf
    skip (have): abaul1989_djvu.txt
/home/gian/agfarms/bucket-foundation/archive/ibogaine_literature
? "Nordenström Biologically Closed Electric Circuits" → biokinetic-impacts-on-structure-and-imaging-of-the-lung-the-concept-of-biologica (Biokinetic Impacts on Structure and Imaging of the Lung the )
  ↓ downloading 2 files for biokinetic-impacts-on-structure-and-imaging-of-the-lung-the-concept-of-biologica
    skip (have): Biokinetic impacts on structure and imaging of the lung the concept of biologically closed electric circuits - Nordenstrom AJR 1985.pdf
    skip (have): Biokinetic impacts on structure and imaging of the lung the concept of biologically closed electric circuits - Nordenstrom AJR 1985_djvu.txt
/home/gian/agfarms/bucket-foundation/archive/biokinetic-impacts-on-structure-and-imaging-of-the-lung-the-concept-of-biologica
? "Euclid Elements Heath translation" → EuclidsElementsBooksIIIVolume1Heath (Euclid's Elements Books I II Volume 1 Heath)
  ↓ downloading 2 files for EuclidsElementsBooksIIIVolume1Heath
    skip (have): Euclid's_Elements_Books_I-II_Volume_1-Heath.pdf
    skip (have): Euclid's_Elements_Books_I-II_Volume_1-Heath_djvu.txt
/home/gian/agfarms/bucket-foundation/archive/EuclidsElementsBooksIIIVolume1Heath
? "Gauss Disquisitiones Arithmeticae" → disquisitionesa00gaus (Disquisitiones arithmeticae)
  ↓ downloading 3 files for disquisitionesa00gaus
    skip (have): disquisitionesa00gaus.pdf
    skip (have): disquisitionesa00gaus.epub
    skip (have): disquisitionesa00gaus_djvu.txt
/home/gian/agfarms/bucket-foundation/archive/disquisitionesa00gaus
? "Riemann zeta hypothesis" → logicalcross (LogicalCross)
  ↓ downloading 2 files for logicalcross
    skip (have): essay.pdf
    skip (have): essay_djvu.txt
/home/gian/agfarms/bucket-foundation/archive/logicalcross
? "Cantor set theory" → YouDontNeedAWeathermanToKnowWhichWayTheWindBlows_925 (You Don't Need A Weatherman To Know Which Way The Wind Blows)
  ↓ downloading 3 files for YouDontNeedAWeathermanToKnowWhichWayTheWindBlows_925
    skip (have): YouDontNeedAWeathermanToKnowWhichWayTheWindBlows_925.pdf
    skip (have): YouDontNeedAWeathermanToKnowWhichWayTheWindBlows_925.epub
    skip (have): YouDontNeedAWeathermanToKnowWhichWayTheWindBlows_925_djvu.txt
/home/gian/agfarms/bucket-foundation/archive/YouDontNeedAWeathermanToKnowWhichWayTheWindBlows_925
? "Dirac Principles of Quantum Mechanics" → academictorrents_f24122f15283757aa8a9bf9cb638db266273442d ([Coursera] Exploring Quantum Physics)
  ↓ downloading 3 files for academictorrents_f24122f15283757aa8a9bf9cb638db266273442d
    FAIL Lectures/Week 1 - 02 Wavefunctions and Schrdinger Equation/01_Part_I-_Comments_on_studying_QM_10-11.pdf: [Errno 2] No such file or directory: '/home/gian/agfarms/bucket-foundation/archive/academictorrents_f24122f15283757aa8a9bf9cb638db266273442d/Lectures/Week 1 - 02 Wavefunctions and Schrdinger Equation/01_Part_I-_Comments_on_studying_QM_10-11.pdf'
    FAIL Lectures/Week 8 - 17 Time-dependent quantum mechanics Victor Galitski/01_Part_I-_Time-dependent_Schrdinger_Eq._general_remarks_23-04.pdf: [Errno 2] No such file or directory: '/home/gian/agfarms/bucket-foundation/archive/academictorrents_f24122f15283757aa8a9bf9cb638db266273442d/Lectures/Week 8 - 17 Time-dependent quantum mechanics Victor Galitski/01_Part_I-_Time-dependent_Schrdinger_Eq._general_remarks_23-04.pdf'
    FAIL Lectures/Week 1 - 02 Wavefunctions and Schrdinger Equation/01_Part_I-_Comments_on_studying_QM_10-11_djvu.txt: [Errno 2] No such file or directory: '/home/gian/agfarms/bucket-foundation/archive/academictorrents_f24122f15283757aa8a9bf9cb638db266273442d/Lectures/Week 1 - 02 Wavefunctions and Schrdinger Equation/01_Part_I-_Comments_on_studying_QM_10-11_djvu.txt'
/home/gian/agfarms/bucket-foundation/archive/academictorrents_f24122f15283757aa8a9bf9cb638db266273442d
? "Feynman lectures on physics" → academictorrents_f24122f15283757aa8a9bf9cb638db266273442d ([Coursera] Exploring Quantum Physics)
  ↓ downloading 3 files for academictorrents_f24122f15283757aa8a9bf9cb638db266273442d
    FAIL Lectures/Week 1 - 02 Wavefunctions and Schrdinger Equation/01_Part_I-_Comments_on_studying_QM_10-11.pdf: [Errno 2] No such file or directory: '/home/gian/agfarms/bucket-foundation/archive/academictorrents_f24122f15283757aa8a9bf9cb638db266273442d/Lectures/Week 1 - 02 Wavefunctions and Schrdinger Equation/01_Part_I-_Comments_on_studying_QM_10-11.pdf'
    FAIL Lectures/Week 8 - 17 Time-dependent quantum mechanics Victor Galitski/01_Part_I-_Time-dependent_Schrdinger_Eq._general_remarks_23-04.pdf: [Errno 2] No such file or directory: '/home/gian/agfarms/bucket-foundation/archive/academictorrents_f24122f15283757aa8a9bf9cb638db266273442d/Lectures/Week 8 - 17 Time-dependent quantum mechanics Victor Galitski/01_Part_I-_Time-dependent_Schrdinger_Eq._general_remarks_23-04.pdf'
    FAIL Lectures/Week 1 - 02 Wavefunctions and Schrdinger Equation/01_Part_I-_Comments_on_studying_QM_10-11_djvu.txt: [Errno 2] No such file or directory: '/home/gian/agfarms/bucket-foundation/archive/academictorrents_f24122f15283757aa8a9bf9cb638db266273442d/Lectures/Week 1 - 02 Wavefunctions and Schrdinger Equation/01_Part_I-_Comments_on_studying_QM_10-11_djvu.txt'
/home/gian/agfarms/bucket-foundation/archive/academictorrents_f24122f15283757aa8a9bf9cb638db266273442d
? "Shannon mathematical theory of communication" → communications_primer (Communications Primer, A)
  ↓ downloading 0 files for communications_primer
/home/gian/agfarms/bucket-foundation/archive/communications_primer
? "Turing computable numbers 1936" → turingsvisionbir0000bern (Turing's vision : the birth of computer science)
  ↓ downloading 3 files for turingsvisionbir0000bern
    FAIL turingsvisionbir0000bern.pdf: HTTP Error 401: Unauthorized
    FAIL turingsvisionbir0000bern.epub: HTTP Error 401: Unauthorized
    FAIL turingsvisionbir0000bern_djvu.txt: HTTP Error 401: Unauthorized
/home/gian/agfarms/bucket-foundation/archive/turingsvisionbir0000bern
? "Helmholtz On the Sensations of Tone" → onsensationsofto00helmrich (On the sensations of tone as a physiological basis for the t)
  ↓ downloading 3 files for onsensationsofto00helmrich
    skip (have): onsensationsofto00helmrich.pdf
    skip (have): onsensationsofto00helmrich.epub
    skip (have): onsensationsofto00helmrich_djvu.txt
/home/gian/agfarms/bucket-foundation/archive/onsensationsofto00helmrich
? "Helmholtz Treatise Physiological Optics" → ExtrasensoryPerceptionResearchFinding (Notes on the Paranormal)
  ↓ downloading 3 files for ExtrasensoryPerceptionResearchFinding
    skip (have): Extrasensory_Perception_Research_Finding.pdf
    skip (have): Extrasensory_Perception_Research_Finding.epub
    skip (have): Extrasensory_Perception_Research_Finding_djvu.txt
/home/gian/agfarms/bucket-foundation/archive/ExtrasensoryPerceptionResearchFinding
? "Schrodinger What is Life" → Necktar2017Volume9 (Necktar 2017 volume 9)
  ↓ downloading 0 files for Necktar2017Volume9
/home/gian/agfarms/bucket-foundation/archive/Necktar2017Volume9
? "Schrödinger Mind and Matter" → Necktar2017Volume9 (Necktar 2017 volume 9)
  ↓ downloading 0 files for Necktar2017Volume9
/home/gian/agfarms/bucket-foundation/archive/Necktar2017Volume9
? "Bohr Atomic Theory Description Nature" → ExtrasensoryPerceptionResearchFinding (Notes on the Paranormal)
  ↓ downloading 3 files for ExtrasensoryPerceptionResearchFinding
    skip (have): Extrasensory_Perception_Research_Finding.pdf
    skip (have): Extrasensory_Perception_Research_Finding.epub
    skip (have): Extrasensory_Perception_Research_Finding_djvu.txt
/home/gian/agfarms/bucket-foundation/archive/ExtrasensoryPerceptionResearchFinding
? "Heisenberg Physics Philosophy" → 216.TheLastEpisodeAtLeastForAWhileOrMaybeForever_670 (216. The Last Episode, at Least for a While, or Maybe Foreve)
  ↓ downloading 0 files for 216.TheLastEpisodeAtLeastForAWhileOrMaybeForever_670
/home/gian/agfarms/bucket-foundation/archive/216.TheLastEpisodeAtLeastForAWhileOrMaybeForever_670
? "Pauli Wolfgang lectures physics" → 1_20210412_20210412_0345 (Epigenesis, Existentialism and Creativity)
  ↓ downloading 0 files for 1_20210412_20210412_0345
/home/gian/agfarms/bucket-foundation/archive/1_20210412_20210412_0345
? "Wigner Eugene mind in physics" → cia-readingroom-document-cia-rdp96-00787r000500380004-4 (CIA Reading Room cia-rdp96-00787r000500380004-4: PSYCHIC PRO)
  ↓ downloading 3 files for cia-readingroom-document-cia-rdp96-00787r000500380004-4
    skip (have): cia-rdp96-00787r000500380004-4.pdf
    skip (have): cia-rdp96-00787r000500380004-4.epub
    skip (have): cia-rdp96-00787r000500380004-4_djvu.txt
/home/gian/agfarms/bucket-foundation/archive/cia-readingroom-document-cia-rdp96-00787r000500380004-4
? "Wheeler Geons Black Holes Quantum Foam" → geonsblackholesq00whee (Geons, black holes, and quantum foam : a life in physics)
  ↓ downloading 3 files for geonsblackholesq00whee
    FAIL geonsblackholesq00whee.pdf: HTTP Error 401: Unauthorized
    FAIL geonsblackholesq00whee.epub: HTTP Error 401: Unauthorized
    FAIL geonsblackholesq00whee_djvu.txt: HTTP Error 401: Unauthorized
/home/gian/agfarms/bucket-foundation/archive/geonsblackholesq00whee
? "Pasteur fermentation" → mmoiresurlafer00past (Mémoire sur la fermentation alcoolique)
  ↓ downloading 2 files for mmoiresurlafer00past
    skip (have): mmoiresurlafer00past.pdf
    skip (have): mmoiresurlafer00past_djvu.txt
/home/gian/agfarms/bucket-foundation/archive/mmoiresurlafer00past
? "Darwin Origin of Species" → origin_species_librivox (On the Origin of Species by Means of Natural Selection)
  ↓ downloading 2 files for origin_species_librivox
    skip (have): On_the_Origin_of_Species_by_Means_of_Natural_Selection_1005.pdf
    skip (have): On_the_Origin_of_Species_by_Means_of_Natural_Selection_1005_djvu.txt
/home/gian/agfarms/bucket-foundation/archive/origin_species_librivox
? "Wallace contributions theory natural selection" → ExtrasensoryPerceptionResearchFinding (Notes on the Paranormal)
  ↓ downloading 3 files for ExtrasensoryPerceptionResearchFinding
    skip (have): Extrasensory_Perception_Research_Finding.pdf
    skip (have): Extrasensory_Perception_Research_Finding.epub
    skip (have): Extrasensory_Perception_Research_Finding_djvu.txt
/home/gian/agfarms/bucket-foundation/archive/ExtrasensoryPerceptionResearchFinding
? "Linus Pauling general chemistry" → introductiontoqu031712mbp (['Introduction To Quantum Mechanics', 'With Applications To Chemistry.'])
  ↓ downloading 3 files for introductiontoqu031712mbp
    skip (have): introductiontoqu031712mbp.pdf
    skip (have): introductiontoqu031712mbp.epub
    skip (have): introductiontoqu031712mbp_djvu.txt
/home/gian/agfarms/bucket-foundation/archive/introductiontoqu031712mbp
? "Linus Pauling vitamin C" → How_To_Live_Longer_And_Feel_Better_PDF (Linus Pauling PhD: How To Live Longer And Feel Better pdf)
  ↓ downloading 3 files for How_To_Live_Longer_And_Feel_Better_PDF
    skip (have): How to live longer and feel better - Pauling, Linus, 1901-1994.pdf
    skip (have): How to live longer and feel better - Pauling, Linus, 1901-1994.epub
    skip (have): How to live longer and feel better - Pauling, Linus, 1901-1994_djvu.txt
/home/gian/agfarms/bucket-foundation/archive/How_To_Live_Longer_And_Feel_Better_PDF
? "Crick what mad pursuit" → oxfordbookofmode0000unse_a2g6 (The Oxford book of modern science writing)
  ↓ downloading 3 files for oxfordbookofmode0000unse_a2g6
    FAIL oxfordbookofmode0000unse_a2g6.pdf: HTTP Error 403: Forbidden
    FAIL oxfordbookofmode0000unse_a2g6.epub: HTTP Error 403: Forbidden
    FAIL oxfordbookofmode0000unse_a2g6_djvu.txt: HTTP Error 403: Forbidden
/home/gian/agfarms/bucket-foundation/archive/oxfordbookofmode0000unse_a2g6
? "Schrödinger statistical thermodynamics" → yavorskydetlafamodernhandbookofphysicsmir1982 (A Modern Handbook Of Physics)
  ↓ downloading 3 files for yavorskydetlafamodernhandbookofphysicsmir1982
    skip (have): Yavorsky-Detlaf-A-Modern-Handbook-of-Physics-Mir-1982.pdf
    skip (have): Yavorsky-Detlaf-A-Modern-Handbook-of-Physics-Mir-1982.epub
    skip (have): Yavorsky-Detlaf-A-Modern-Handbook-of-Physics-Mir-1982_djvu.txt
/home/gian/agfarms/bucket-foundation/archive/yavorskydetlafamodernhandbookofphysicsmir1982
? "Boltzmann lectures gas theory" → lectures-on-gas-theory-ludwig-boltzmann (Lectures on Gas Theory - Ludwig Boltzmann, Stephen G. Brush)
  ↓ downloading 3 files for lectures-on-gas-theory-ludwig-boltzmann
    skip (have): Lectures on Gas Theory - Ludwig Boltzmann.pdf
    skip (have): Lectures on Gas Theory - Ludwig Boltzmann.epub
    skip (have): Lectures on Gas Theory - Ludwig Boltzmann_djvu.txt
/home/gian/agfarms/bucket-foundation/archive/lectures-on-gas-theory-ludwig-boltzmann
? "Carnot reflections motive power fire" → cia-readingroom-document-cia-rdp79-01194a000400140001-7 (CIA Reading Room cia-rdp79-01194a000400140001-7: CA PROPAGAN)
  ↓ downloading 3 files for cia-readingroom-document-cia-rdp79-01194a000400140001-7
    skip (have): cia-rdp79-01194a000400140001-7.pdf
    skip (have): cia-rdp79-01194a000400140001-7.epub
    skip (have): cia-rdp79-01194a000400140001-7_djvu.txt
/home/gian/agfarms/bucket-foundation/archive/cia-readingroom-document-cia-rdp79-01194a000400140001-7
? "Planck thermodynamik thermodynamics" → vorlesungenbert01plangoog (Vorlesungen über thermodynamik)
  ↓ downloading 2 files for vorlesungenbert01plangoog
    skip (have): vorlesungenbert01plangoog.pdf
    skip (have): vorlesungenbert01plangoog_djvu.txt
/home/gian/agfarms/bucket-foundation/archive/vorlesungenbert01plangoog
? "Lavoisier elements chemistry" → understanding-science (Understanding Science, Collected Edition, Vols 1-12)
  ↓ downloading 3 files for understanding-science
    skip (have): Understanding_Science-Vol_01_jpg85.pdf
    skip (have): Understanding_Science-Vol_01_jpg85.epub
    skip (have): Understanding_Science-Vol_01_jpg85_djvu.txt
/home/gian/agfarms/bucket-foundation/archive/understanding-science
? "Fourier analytical theory heat" → analyticaltheory00fourrich (The analytical theory of heat)
  ↓ downloading 3 files for analyticaltheory00fourrich
    skip (have): analyticaltheory00fourrich.pdf
    skip (have): analyticaltheory00fourrich.epub
    skip (have): analyticaltheory00fourrich_djvu.txt
/home/gian/agfarms/bucket-foundation/archive/analyticaltheory00fourrich
? "Galileo dialogue two world systems" → GalileiGalileoDialogueConcerningTheTwoChiefWorldSystemsEN155P. (Galilei, Galileo - Dialogue Concerning the two Chief World S)
  ↓ downloading 3 files for GalileiGalileoDialogueConcerningTheTwoChiefWorldSystemsEN155P.
    skip (have): Galilei, Galileo - Dialogue Concerning the two Chief World Systems (EN, 155 p.).pdf
    skip (have): Galilei, Galileo - Dialogue Concerning the two Chief World Systems (EN, 155 p.).epub
    skip (have): Galilei, Galileo - Dialogue Concerning the two Chief World Systems (EN, 155 p.)_djvu.txt
/home/gian/agfarms/bucket-foundation/archive/GalileiGalileoDialogueConcerningTheTwoChiefWorldSystemsEN155P.
? "Feynman QED" → MIT8.701F20 (MIT 8.701 Introduction to Nuclear and Particle Physics, Fall)
  ↓ downloading 0 files for MIT8.701F20
/home/gian/agfarms/bucket-foundation/archive/MIT8.701F20
? "Crick Watson DNA" → MIT7.01SCF11 (OCW Scholar: Fundamentals of Biology)
  ↓ downloading 0 files for MIT7.01SCF11
/home/gian/agfarms/bucket-foundation/archive/MIT7.01SCF11
? "Darwin descent of man" → descent_man_1_1011_librivox (The Descent of Man and Selection in Relation to Sex Part 1)
  ↓ downloading 2 files for descent_man_1_1011_librivox
    skip (have): descentman1_1011.pdf
    skip (have): descentman1_1011_djvu.txt
/home/gian/agfarms/bucket-foundation/archive/descent_man_1_1011_librivox
[2026-08-13T14:58:13-04:00] === archive runner done ===
[2026-08-15T09:43:54-04:00] === archive runner start ===
  ↓ downloading 3 files for the-universal-one-1926-walter-russell
    skip (have): TheUniversalOne1926WalterRussell.pdf
    skip (have): TheUniversalOne1926WalterRussell.epub
    skip (have): TheUniversalOne1926WalterRussell_djvu.txt
/home/gian/agfarms/bucket-foundation/archive/the-universal-one-1926-walter-russell
  ↓ downloading 3 files for principlesofchem00menduoft
    skip (have): principlesofchem00menduoft.pdf
    skip (have): principlesofchem00menduoft.epub
    skip (have): principlesofchem00menduoft_djvu.txt
/home/gian/agfarms/bucket-foundation/archive/principlesofchem00menduoft
  ↓ downloading 3 files for principlesofchem01menduoft
    skip (have): principlesofchem01menduoft.pdf
    skip (have): principlesofchem01menduoft.epub
    skip (have): principlesofchem01menduoft_djvu.txt
/home/gian/agfarms/bucket-foundation/archive/principlesofchem01menduoft
? "walter russell new concept universe" → ExtrasensoryPerceptionResearchFinding (Notes on the Paranormal)
  ↓ downloading 3 files for ExtrasensoryPerceptionResearchFinding
    skip (have): Extrasensory_Perception_Research_Finding.pdf
    skip (have): Extrasensory_Perception_Research_Finding.epub
    skip (have): Extrasensory_Perception_Research_Finding_djvu.txt
/home/gian/agfarms/bucket-foundation/archive/ExtrasensoryPerceptionResearchFinding
  ↓ downloading 3 files for newtonspmathema00newtrich
    skip (have): newtonspmathema00newtrich.pdf
    skip (have): newtonspmathema00newtrich.epub
    skip (have): newtonspmathema00newtrich_djvu.txt
/home/gian/agfarms/bucket-foundation/archive/newtonspmathema00newtrich
  ↓ downloading 3 files for principia00newtuoft
    skip (have): principia00newtuoft.pdf
    skip (have): principia00newtuoft.epub
    skip (have): principia00newtuoft_djvu.txt
/home/gian/agfarms/bucket-foundation/archive/principia00newtuoft
? "Newton Opticks 1704" → opticks_1203_librivox (Opticks)
  ↓ downloading 2 files for opticks_1203_librivox
    skip (have): opticks_1207.pdf
    skip (have): opticks_1207_djvu.txt
/home/gian/agfarms/bucket-foundation/archive/opticks_1203_librivox
? "Maxwell Treatise on Electricity and Magnetism volume 1" → electricandmagne01maxwrich (A treatise on electricity and magnetism)
  ↓ downloading 3 files for electricandmagne01maxwrich
    skip (have): electricandmagne01maxwrich.pdf
    skip (have): electricandmagne01maxwrich.epub
    skip (have): electricandmagne01maxwrich_djvu.txt
/home/gian/agfarms/bucket-foundation/archive/electricandmagne01maxwrich
? "Maxwell Treatise on Electricity and Magnetism volume 2" → electricandmagne01maxwrich (A treatise on electricity and magnetism)
  ↓ downloading 3 files for electricandmagne01maxwrich
    skip (have): electricandmagne01maxwrich.pdf
    skip (have): electricandmagne01maxwrich.epub
    skip (have): electricandmagne01maxwrich_djvu.txt
/home/gian/agfarms/bucket-foundation/archive/electricandmagne01maxwrich
? "Maxwell scientific papers" → scientificpapers01maxw (The scientific papers of James Clerk Maxwell)
  ↓ downloading 3 files for scientificpapers01maxw
    skip (have): scientificpapers01maxw.pdf
    skip (have): scientificpapers01maxw.epub
    skip (have): scientificpapers01maxw_djvu.txt
/home/gian/agfarms/bucket-foundation/archive/scientificpapers01maxw
? "Faraday Experimental Researches in Electricity volume 1" → ExtrasensoryPerceptionResearchFinding (Notes on the Paranormal)
  ↓ downloading 3 files for ExtrasensoryPerceptionResearchFinding
    skip (have): Extrasensory_Perception_Research_Finding.pdf
    skip (have): Extrasensory_Perception_Research_Finding.epub
    skip (have): Extrasensory_Perception_Research_Finding_djvu.txt
/home/gian/agfarms/bucket-foundation/archive/ExtrasensoryPerceptionResearchFinding
? "Faraday Experimental Researches in Electricity volume 2" → ExtrasensoryPerceptionResearchFinding (Notes on the Paranormal)
  ↓ downloading 3 files for ExtrasensoryPerceptionResearchFinding
    skip (have): Extrasensory_Perception_Research_Finding.pdf
    skip (have): Extrasensory_Perception_Research_Finding.epub
    skip (have): Extrasensory_Perception_Research_Finding_djvu.txt
/home/gian/agfarms/bucket-foundation/archive/ExtrasensoryPerceptionResearchFinding
? "Faraday Experimental Researches in Electricity volume 3" → ExtrasensoryPerceptionResearchFinding (Notes on the Paranormal)
  ↓ downloading 3 files for ExtrasensoryPerceptionResearchFinding
    skip (have): Extrasensory_Perception_Research_Finding.pdf
    skip (have): Extrasensory_Perception_Research_Finding.epub
    skip (have): Extrasensory_Perception_Research_Finding_djvu.txt
/home/gian/agfarms/bucket-foundation/archive/ExtrasensoryPerceptionResearchFinding
? "Tesla My Inventions" → pbsnovadocs (PBS Nova Documentaries)
  ↓ downloading 0 files for pbsnovadocs
/home/gian/agfarms/bucket-foundation/archive/pbsnovadocs
? "Tesla Colorado Springs Notes" → majestic-12-files (MAJESTIC 12 Files)
  ↓ downloading 0 files for majestic-12-files
/home/gian/agfarms/bucket-foundation/archive/majestic-12-files
? "Tesla problem of increasing human energy" → sharware (chestnut-multimedia)
  ↓ downloading 2 files for sharware
    FAIL chestnut/DLR/CONTENTS.pdf: [Errno 2] No such file or directory: '/home/gian/agfarms/bucket-foundation/archive/sharware/chestnut/DLR/CONTENTS.pdf'
    FAIL chestnut/DLR/CONTENTS_djvu.txt: [Errno 2] No such file or directory: '/home/gian/agfarms/bucket-foundation/archive/sharware/chestnut/DLR/CONTENTS_djvu.txt'
/home/gian/agfarms/bucket-foundation/archive/sharware
? "Einstein Relativity special general theory" → relativity_librivox (Relativity: The Special and General Theory)
  ↓ downloading 2 files for relativity_librivox
    skip (have): relativity_1003.pdf
    skip (have): relativity_1003_djvu.txt
/home/gian/agfarms/bucket-foundation/archive/relativity_librivox
? "Einstein 1905 photoelectric" → cia-readingroom-document-cia-rdp96-00788r001100010004-6 (CIA Reading Room cia-rdp96-00788r001100010004-6: PROCEEDINGS)
  ↓ downloading 3 files for cia-readingroom-document-cia-rdp96-00788r001100010004-6
    skip (have): cia-rdp96-00788r001100010004-6.pdf
    skip (have): cia-rdp96-00788r001100010004-6.epub
    skip (have): cia-rdp96-00788r001100010004-6_djvu.txt
/home/gian/agfarms/bucket-foundation/archive/cia-readingroom-document-cia-rdp96-00788r001100010004-6
? "Szent-Györgyi Bioenergetics" → bioenergetics00szen (Bioenergetics)
  ↓ downloading 3 files for bioenergetics00szen
    skip (have): bioenergetics00szen.pdf
    skip (have): bioenergetics00szen.epub
    skip (have): bioenergetics00szen_djvu.txt
/home/gian/agfarms/bucket-foundation/archive/bioenergetics00szen
NO HITS: Szent-Györgyi submolecular biology
? "Becker Body Electric" → die-or-d.i.y.-full-archive ((Blogger) Die or D.I.Y.? Full Archive)
  ↓ downloading 0 files for die-or-d.i.y.-full-archive
/home/gian/agfarms/bucket-foundation/archive/die-or-d.i.y.-full-archive
? "Becker Cross Currents" → ExtrasensoryPerceptionResearchFinding (Notes on the Paranormal)
  ↓ downloading 3 files for ExtrasensoryPerceptionResearchFinding
    skip (have): Extrasensory_Perception_Research_Finding.pdf
    skip (have): Extrasensory_Perception_Research_Finding.epub
    skip (have): Extrasensory_Perception_Research_Finding_djvu.txt
/home/gian/agfarms/bucket-foundation/archive/ExtrasensoryPerceptionResearchFinding
? "Ling physical theory living state" → BluePlanetProjectUFOTECHNOLOGY (Blue Planet Project UFO TECHNOLOGY)
  ↓ downloading 3 files for BluePlanetProjectUFOTECHNOLOGY
    skip (have): Blue Planet Project UFO TECHNOLOGY.pdf
    skip (have): Blue Planet Project UFO TECHNOLOGY.epub
    skip (have): Blue Planet Project UFO TECHNOLOGY_djvu.txt
/home/gian/agfarms/bucket-foundation/archive/BluePlanetProjectUFOTECHNOLOGY
? "Ling association induction" → ibogaine_literature (Ibogaine Literature)
  ↓ downloading 3 files for ibogaine_literature
    skip (have): abaul1989.pdf
    skip (have): agwada1975.pdf
    skip (have): abaul1989_djvu.txt
/home/gian/agfarms/bucket-foundation/archive/ibogaine_literature
? "Nordenström Biologically Closed Electric Circuits" → biokinetic-impacts-on-structure-and-imaging-of-the-lung-the-concept-of-biologica (Biokinetic Impacts on Structure and Imaging of the Lung the )
  ↓ downloading 2 files for biokinetic-impacts-on-structure-and-imaging-of-the-lung-the-concept-of-biologica
    skip (have): Biokinetic impacts on structure and imaging of the lung the concept of biologically closed electric circuits - Nordenstrom AJR 1985.pdf
    skip (have): Biokinetic impacts on structure and imaging of the lung the concept of biologically closed electric circuits - Nordenstrom AJR 1985_djvu.txt
/home/gian/agfarms/bucket-foundation/archive/biokinetic-impacts-on-structure-and-imaging-of-the-lung-the-concept-of-biologica
? "Euclid Elements Heath translation" → EuclidsElementsBooksIIIVolume1Heath (Euclid's Elements Books I II Volume 1 Heath)
  ↓ downloading 2 files for EuclidsElementsBooksIIIVolume1Heath
    skip (have): Euclid's_Elements_Books_I-II_Volume_1-Heath.pdf
    skip (have): Euclid's_Elements_Books_I-II_Volume_1-Heath_djvu.txt
/home/gian/agfarms/bucket-foundation/archive/EuclidsElementsBooksIIIVolume1Heath
? "Gauss Disquisitiones Arithmeticae" → disquisitionesa00gaus (Disquisitiones arithmeticae)
  ↓ downloading 3 files for disquisitionesa00gaus
    skip (have): disquisitionesa00gaus.pdf
    skip (have): disquisitionesa00gaus.epub
    skip (have): disquisitionesa00gaus_djvu.txt
/home/gian/agfarms/bucket-foundation/archive/disquisitionesa00gaus
? "Riemann zeta hypothesis" → logicalcross (LogicalCross)
  ↓ downloading 2 files for logicalcross
    skip (have): essay.pdf
    skip (have): essay_djvu.txt
/home/gian/agfarms/bucket-foundation/archive/logicalcross
? "Cantor set theory" → YouDontNeedAWeathermanToKnowWhichWayTheWindBlows_925 (You Don't Need A Weatherman To Know Which Way The Wind Blows)
  ↓ downloading 3 files for YouDontNeedAWeathermanToKnowWhichWayTheWindBlows_925
    skip (have): YouDontNeedAWeathermanToKnowWhichWayTheWindBlows_925.pdf
    skip (have): YouDontNeedAWeathermanToKnowWhichWayTheWindBlows_925.epub
    skip (have): YouDontNeedAWeathermanToKnowWhichWayTheWindBlows_925_djvu.txt
/home/gian/agfarms/bucket-foundation/archive/YouDontNeedAWeathermanToKnowWhichWayTheWindBlows_925
? "Dirac Principles of Quantum Mechanics" → academictorrents_f24122f15283757aa8a9bf9cb638db266273442d ([Coursera] Exploring Quantum Physics)
  ↓ downloading 3 files for academictorrents_f24122f15283757aa8a9bf9cb638db266273442d
    FAIL Lectures/Week 1 - 02 Wavefunctions and Schrdinger Equation/01_Part_I-_Comments_on_studying_QM_10-11.pdf: [Errno 2] No such file or directory: '/home/gian/agfarms/bucket-foundation/archive/academictorrents_f24122f15283757aa8a9bf9cb638db266273442d/Lectures/Week 1 - 02 Wavefunctions and Schrdinger Equation/01_Part_I-_Comments_on_studying_QM_10-11.pdf'
    FAIL Lectures/Week 8 - 17 Time-dependent quantum mechanics Victor Galitski/01_Part_I-_Time-dependent_Schrdinger_Eq._general_remarks_23-04.pdf: [Errno 2] No such file or directory: '/home/gian/agfarms/bucket-foundation/archive/academictorrents_f24122f15283757aa8a9bf9cb638db266273442d/Lectures/Week 8 - 17 Time-dependent quantum mechanics Victor Galitski/01_Part_I-_Time-dependent_Schrdinger_Eq._general_remarks_23-04.pdf'
    FAIL Lectures/Week 1 - 02 Wavefunctions and Schrdinger Equation/01_Part_I-_Comments_on_studying_QM_10-11_djvu.txt: [Errno 2] No such file or directory: '/home/gian/agfarms/bucket-foundation/archive/academictorrents_f24122f15283757aa8a9bf9cb638db266273442d/Lectures/Week 1 - 02 Wavefunctions and Schrdinger Equation/01_Part_I-_Comments_on_studying_QM_10-11_djvu.txt'
/home/gian/agfarms/bucket-foundation/archive/academictorrents_f24122f15283757aa8a9bf9cb638db266273442d
? "Feynman lectures on physics" → academictorrents_f24122f15283757aa8a9bf9cb638db266273442d ([Coursera] Exploring Quantum Physics)
  ↓ downloading 3 files for academictorrents_f24122f15283757aa8a9bf9cb638db266273442d
    FAIL Lectures/Week 1 - 02 Wavefunctions and Schrdinger Equation/01_Part_I-_Comments_on_studying_QM_10-11.pdf: [Errno 2] No such file or directory: '/home/gian/agfarms/bucket-foundation/archive/academictorrents_f24122f15283757aa8a9bf9cb638db266273442d/Lectures/Week 1 - 02 Wavefunctions and Schrdinger Equation/01_Part_I-_Comments_on_studying_QM_10-11.pdf'
    FAIL Lectures/Week 8 - 17 Time-dependent quantum mechanics Victor Galitski/01_Part_I-_Time-dependent_Schrdinger_Eq._general_remarks_23-04.pdf: [Errno 2] No such file or directory: '/home/gian/agfarms/bucket-foundation/archive/academictorrents_f24122f15283757aa8a9bf9cb638db266273442d/Lectures/Week 8 - 17 Time-dependent quantum mechanics Victor Galitski/01_Part_I-_Time-dependent_Schrdinger_Eq._general_remarks_23-04.pdf'
    FAIL Lectures/Week 1 - 02 Wavefunctions and Schrdinger Equation/01_Part_I-_Comments_on_studying_QM_10-11_djvu.txt: [Errno 2] No such file or directory: '/home/gian/agfarms/bucket-foundation/archive/academictorrents_f24122f15283757aa8a9bf9cb638db266273442d/Lectures/Week 1 - 02 Wavefunctions and Schrdinger Equation/01_Part_I-_Comments_on_studying_QM_10-11_djvu.txt'
/home/gian/agfarms/bucket-foundation/archive/academictorrents_f24122f15283757aa8a9bf9cb638db266273442d
? "Shannon mathematical theory of communication" → communications_primer (Communications Primer, A)
  ↓ downloading 0 files for communications_primer
/home/gian/agfarms/bucket-foundation/archive/communications_primer
? "Turing computable numbers 1936" → turingsvisionbir0000bern (Turing's vision : the birth of computer science)
  ↓ downloading 3 files for turingsvisionbir0000bern
    FAIL turingsvisionbir0000bern.pdf: HTTP Error 401: Unauthorized
    FAIL turingsvisionbir0000bern.epub: HTTP Error 401: Unauthorized
    FAIL turingsvisionbir0000bern_djvu.txt: HTTP Error 401: Unauthorized
/home/gian/agfarms/bucket-foundation/archive/turingsvisionbir0000bern
? "Helmholtz On the Sensations of Tone" → onsensationsofto00helmrich (On the sensations of tone as a physiological basis for the t)
  ↓ downloading 3 files for onsensationsofto00helmrich
    skip (have): onsensationsofto00helmrich.pdf
    skip (have): onsensationsofto00helmrich.epub
    skip (have): onsensationsofto00helmrich_djvu.txt
/home/gian/agfarms/bucket-foundation/archive/onsensationsofto00helmrich
? "Helmholtz Treatise Physiological Optics" → ExtrasensoryPerceptionResearchFinding (Notes on the Paranormal)
  ↓ downloading 3 files for ExtrasensoryPerceptionResearchFinding
    skip (have): Extrasensory_Perception_Research_Finding.pdf
    skip (have): Extrasensory_Perception_Research_Finding.epub
    skip (have): Extrasensory_Perception_Research_Finding_djvu.txt
/home/gian/agfarms/bucket-foundation/archive/ExtrasensoryPerceptionResearchFinding
? "Schrodinger What is Life" → Necktar2017Volume9 (Necktar 2017 volume 9)
  ↓ downloading 0 files for Necktar2017Volume9
/home/gian/agfarms/bucket-foundation/archive/Necktar2017Volume9
? "Schrödinger Mind and Matter" → Necktar2017Volume9 (Necktar 2017 volume 9)
  ↓ downloading 0 files for Necktar2017Volume9
/home/gian/agfarms/bucket-foundation/archive/Necktar2017Volume9
? "Bohr Atomic Theory Description Nature" → ExtrasensoryPerceptionResearchFinding (Notes on the Paranormal)
  ↓ downloading 3 files for ExtrasensoryPerceptionResearchFinding
    skip (have): Extrasensory_Perception_Research_Finding.pdf
    skip (have): Extrasensory_Perception_Research_Finding.epub
    skip (have): Extrasensory_Perception_Research_Finding_djvu.txt
/home/gian/agfarms/bucket-foundation/archive/ExtrasensoryPerceptionResearchFinding
? "Heisenberg Physics Philosophy" → 216.TheLastEpisodeAtLeastForAWhileOrMaybeForever_670 (216. The Last Episode, at Least for a While, or Maybe Foreve)
  ↓ downloading 0 files for 216.TheLastEpisodeAtLeastForAWhileOrMaybeForever_670
/home/gian/agfarms/bucket-foundation/archive/216.TheLastEpisodeAtLeastForAWhileOrMaybeForever_670
? "Pauli Wolfgang lectures physics" → 1_20210412_20210412_0345 (Epigenesis, Existentialism and Creativity)
  ↓ downloading 0 files for 1_20210412_20210412_0345
/home/gian/agfarms/bucket-foundation/archive/1_20210412_20210412_0345
? "Wigner Eugene mind in physics" → cia-readingroom-document-cia-rdp96-00787r000500380004-4 (CIA Reading Room cia-rdp96-00787r000500380004-4: PSYCHIC PRO)
  ↓ downloading 3 files for cia-readingroom-document-cia-rdp96-00787r000500380004-4
    skip (have): cia-rdp96-00787r000500380004-4.pdf
    skip (have): cia-rdp96-00787r000500380004-4.epub
    skip (have): cia-rdp96-00787r000500380004-4_djvu.txt
/home/gian/agfarms/bucket-foundation/archive/cia-readingroom-document-cia-rdp96-00787r000500380004-4
? "Wheeler Geons Black Holes Quantum Foam" → geonsblackholesq00whee (Geons, black holes, and quantum foam : a life in physics)
  ↓ downloading 3 files for geonsblackholesq00whee
    FAIL geonsblackholesq00whee.pdf: HTTP Error 403: Forbidden
    FAIL geonsblackholesq00whee.epub: HTTP Error 403: Forbidden
    FAIL geonsblackholesq00whee_djvu.txt: HTTP Error 403: Forbidden
/home/gian/agfarms/bucket-foundation/archive/geonsblackholesq00whee
? "Pasteur fermentation" → mmoiresurlafer00past (Mémoire sur la fermentation alcoolique)
  ↓ downloading 2 files for mmoiresurlafer00past
    skip (have): mmoiresurlafer00past.pdf
    skip (have): mmoiresurlafer00past_djvu.txt
/home/gian/agfarms/bucket-foundation/archive/mmoiresurlafer00past
? "Darwin Origin of Species" → origin_species_librivox (On the Origin of Species by Means of Natural Selection)
  ↓ downloading 2 files for origin_species_librivox
    skip (have): On_the_Origin_of_Species_by_Means_of_Natural_Selection_1005.pdf
    skip (have): On_the_Origin_of_Species_by_Means_of_Natural_Selection_1005_djvu.txt
/home/gian/agfarms/bucket-foundation/archive/origin_species_librivox
? "Wallace contributions theory natural selection" → ExtrasensoryPerceptionResearchFinding (Notes on the Paranormal)
  ↓ downloading 3 files for ExtrasensoryPerceptionResearchFinding
    skip (have): Extrasensory_Perception_Research_Finding.pdf
    skip (have): Extrasensory_Perception_Research_Finding.epub
    skip (have): Extrasensory_Perception_Research_Finding_djvu.txt
/home/gian/agfarms/bucket-foundation/archive/ExtrasensoryPerceptionResearchFinding
? "Linus Pauling general chemistry" → introductiontoqu031712mbp (['Introduction To Quantum Mechanics', 'With Applications To Chemistry.'])
  ↓ downloading 3 files for introductiontoqu031712mbp
    skip (have): introductiontoqu031712mbp.pdf
    skip (have): introductiontoqu031712mbp.epub
    skip (have): introductiontoqu031712mbp_djvu.txt
/home/gian/agfarms/bucket-foundation/archive/introductiontoqu031712mbp
? "Linus Pauling vitamin C" → How_To_Live_Longer_And_Feel_Better_PDF (Linus Pauling PhD: How To Live Longer And Feel Better pdf)
  ↓ downloading 3 files for How_To_Live_Longer_And_Feel_Better_PDF
    skip (have): How to live longer and feel better - Pauling, Linus, 1901-1994.pdf
    skip (have): How to live longer and feel better - Pauling, Linus, 1901-1994.epub
    skip (have): How to live longer and feel better - Pauling, Linus, 1901-1994_djvu.txt
/home/gian/agfarms/bucket-foundation/archive/How_To_Live_Longer_And_Feel_Better_PDF
? "Crick what mad pursuit" → oxfordbookofmode0000unse_a2g6 (The Oxford book of modern science writing)
  ↓ downloading 3 files for oxfordbookofmode0000unse_a2g6
    FAIL oxfordbookofmode0000unse_a2g6.pdf: HTTP Error 403: Forbidden
    FAIL oxfordbookofmode0000unse_a2g6.epub: HTTP Error 403: Forbidden
    FAIL oxfordbookofmode0000unse_a2g6_djvu.txt: HTTP Error 403: Forbidden
/home/gian/agfarms/bucket-foundation/archive/oxfordbookofmode0000unse_a2g6
? "Schrödinger statistical thermodynamics" → yavorskydetlafamodernhandbookofphysicsmir1982 (A Modern Handbook Of Physics)
  ↓ downloading 3 files for yavorskydetlafamodernhandbookofphysicsmir1982
    skip (have): Yavorsky-Detlaf-A-Modern-Handbook-of-Physics-Mir-1982.pdf
    skip (have): Yavorsky-Detlaf-A-Modern-Handbook-of-Physics-Mir-1982.epub
    skip (have): Yavorsky-Detlaf-A-Modern-Handbook-of-Physics-Mir-1982_djvu.txt
/home/gian/agfarms/bucket-foundation/archive/yavorskydetlafamodernhandbookofphysicsmir1982
? "Boltzmann lectures gas theory" → lectures-on-gas-theory-ludwig-boltzmann (Lectures on Gas Theory - Ludwig Boltzmann, Stephen G. Brush)
  ↓ downloading 3 files for lectures-on-gas-theory-ludwig-boltzmann
    skip (have): Lectures on Gas Theory - Ludwig Boltzmann.pdf
    skip (have): Lectures on Gas Theory - Ludwig Boltzmann.epub
    skip (have): Lectures on Gas Theory - Ludwig Boltzmann_djvu.txt
/home/gian/agfarms/bucket-foundation/archive/lectures-on-gas-theory-ludwig-boltzmann
? "Carnot reflections motive power fire" → cia-readingroom-document-cia-rdp79-01194a000400140001-7 (CIA Reading Room cia-rdp79-01194a000400140001-7: CA PROPAGAN)
  ↓ downloading 3 files for cia-readingroom-document-cia-rdp79-01194a000400140001-7
    skip (have): cia-rdp79-01194a000400140001-7.pdf
    skip (have): cia-rdp79-01194a000400140001-7.epub
    skip (have): cia-rdp79-01194a000400140001-7_djvu.txt
/home/gian/agfarms/bucket-foundation/archive/cia-readingroom-document-cia-rdp79-01194a000400140001-7
? "Planck thermodynamik thermodynamics" → vorlesungenbert01plangoog (Vorlesungen über thermodynamik)
  ↓ downloading 2 files for vorlesungenbert01plangoog
    skip (have): vorlesungenbert01plangoog.pdf
    skip (have): vorlesungenbert01plangoog_djvu.txt
/home/gian/agfarms/bucket-foundation/archive/vorlesungenbert01plangoog
? "Lavoisier elements chemistry" → understanding-science (Understanding Science, Collected Edition, Vols 1-12)
  ↓ downloading 3 files for understanding-science
    skip (have): Understanding_Science-Vol_01_jpg85.pdf
    skip (have): Understanding_Science-Vol_01_jpg85.epub
    skip (have): Understanding_Science-Vol_01_jpg85_djvu.txt
/home/gian/agfarms/bucket-foundation/archive/understanding-science
? "Fourier analytical theory heat" → analyticaltheory00fourrich (The analytical theory of heat)
  ↓ downloading 3 files for analyticaltheory00fourrich
    skip (have): analyticaltheory00fourrich.pdf
    skip (have): analyticaltheory00fourrich.epub
    skip (have): analyticaltheory00fourrich_djvu.txt
/home/gian/agfarms/bucket-foundation/archive/analyticaltheory00fourrich
? "Galileo dialogue two world systems" → GalileiGalileoDialogueConcerningTheTwoChiefWorldSystemsEN155P. (Galilei, Galileo - Dialogue Concerning the two Chief World S)
  ↓ downloading 3 files for GalileiGalileoDialogueConcerningTheTwoChiefWorldSystemsEN155P.
    skip (have): Galilei, Galileo - Dialogue Concerning the two Chief World Systems (EN, 155 p.).pdf
    skip (have): Galilei, Galileo - Dialogue Concerning the two Chief World Systems (EN, 155 p.).epub
    skip (have): Galilei, Galileo - Dialogue Concerning the two Chief World Systems (EN, 155 p.)_djvu.txt
/home/gian/agfarms/bucket-foundation/archive/GalileiGalileoDialogueConcerningTheTwoChiefWorldSystemsEN155P.
? "Feynman QED" → MIT8.701F20 (MIT 8.701 Introduction to Nuclear and Particle Physics, Fall)
  ↓ downloading 0 files for MIT8.701F20
/home/gian/agfarms/bucket-foundation/archive/MIT8.701F20
? "Crick Watson DNA" → MIT7.01SCF11 (OCW Scholar: Fundamentals of Biology)
  ↓ downloading 0 files for MIT7.01SCF11
/home/gian/agfarms/bucket-foundation/archive/MIT7.01SCF11
? "Darwin descent of man" → descent_man_1_1011_librivox (The Descent of Man and Selection in Relation to Sex Part 1)
  ↓ downloading 2 files for descent_man_1_1011_librivox
    skip (have): descentman1_1011.pdf
    skip (have): descentman1_1011_djvu.txt
/home/gian/agfarms/bucket-foundation/archive/descent_man_1_1011_librivox
[2026-08-15T09:50:22-04:00] === archive runner done ===
[2026-08-16T09:44:54-04:00] === archive runner start ===
  ↓ downloading 3 files for the-universal-one-1926-walter-russell
    skip (have): TheUniversalOne1926WalterRussell.pdf
    skip (have): TheUniversalOne1926WalterRussell.epub
    skip (have): TheUniversalOne1926WalterRussell_djvu.txt
/home/gian/agfarms/bucket-foundation/archive/the-universal-one-1926-walter-russell
  ↓ downloading 3 files for principlesofchem00menduoft
    skip (have): principlesofchem00menduoft.pdf
    skip (have): principlesofchem00menduoft.epub
    skip (have): principlesofchem00menduoft_djvu.txt
/home/gian/agfarms/bucket-foundation/archive/principlesofchem00menduoft
  ↓ downloading 3 files for principlesofchem01menduoft
    skip (have): principlesofchem01menduoft.pdf
    skip (have): principlesofchem01menduoft.epub
    skip (have): principlesofchem01menduoft_djvu.txt
/home/gian/agfarms/bucket-foundation/archive/principlesofchem01menduoft
? "walter russell new concept universe" → ExtrasensoryPerceptionResearchFinding (Notes on the Paranormal)
  ↓ downloading 3 files for ExtrasensoryPerceptionResearchFinding
    skip (have): Extrasensory_Perception_Research_Finding.pdf
    skip (have): Extrasensory_Perception_Research_Finding.epub
    skip (have): Extrasensory_Perception_Research_Finding_djvu.txt
/home/gian/agfarms/bucket-foundation/archive/ExtrasensoryPerceptionResearchFinding
  ↓ downloading 3 files for newtonspmathema00newtrich
    skip (have): newtonspmathema00newtrich.pdf
    skip (have): newtonspmathema00newtrich.epub
    skip (have): newtonspmathema00newtrich_djvu.txt
/home/gian/agfarms/bucket-foundation/archive/newtonspmathema00newtrich
  ↓ downloading 3 files for principia00newtuoft
    skip (have): principia00newtuoft.pdf
    skip (have): principia00newtuoft.epub
    skip (have): principia00newtuoft_djvu.txt
/home/gian/agfarms/bucket-foundation/archive/principia00newtuoft
? "Newton Opticks 1704" → opticks_1203_librivox (Opticks)
  ↓ downloading 2 files for opticks_1203_librivox
    skip (have): opticks_1207.pdf
    skip (have): opticks_1207_djvu.txt
/home/gian/agfarms/bucket-foundation/archive/opticks_1203_librivox
? "Maxwell Treatise on Electricity and Magnetism volume 1" → electricandmagne01maxwrich (A treatise on electricity and magnetism)
  ↓ downloading 3 files for electricandmagne01maxwrich
    skip (have): electricandmagne01maxwrich.pdf
    skip (have): electricandmagne01maxwrich.epub
    skip (have): electricandmagne01maxwrich_djvu.txt
/home/gian/agfarms/bucket-foundation/archive/electricandmagne01maxwrich
? "Maxwell Treatise on Electricity and Magnetism volume 2" → electricandmagne01maxwrich (A treatise on electricity and magnetism)
  ↓ downloading 3 files for electricandmagne01maxwrich
    skip (have): electricandmagne01maxwrich.pdf
    skip (have): electricandmagne01maxwrich.epub
    skip (have): electricandmagne01maxwrich_djvu.txt
/home/gian/agfarms/bucket-foundation/archive/electricandmagne01maxwrich
? "Maxwell scientific papers" → scientificpapers01maxw (The scientific papers of James Clerk Maxwell)
  ↓ downloading 3 files for scientificpapers01maxw
    skip (have): scientificpapers01maxw.pdf
    skip (have): scientificpapers01maxw.epub
    skip (have): scientificpapers01maxw_djvu.txt
/home/gian/agfarms/bucket-foundation/archive/scientificpapers01maxw
? "Faraday Experimental Researches in Electricity volume 1" → ExtrasensoryPerceptionResearchFinding (Notes on the Paranormal)
  ↓ downloading 3 files for ExtrasensoryPerceptionResearchFinding
    skip (have): Extrasensory_Perception_Research_Finding.pdf
    skip (have): Extrasensory_Perception_Research_Finding.epub
    skip (have): Extrasensory_Perception_Research_Finding_djvu.txt
/home/gian/agfarms/bucket-foundation/archive/ExtrasensoryPerceptionResearchFinding
? "Faraday Experimental Researches in Electricity volume 2" → ExtrasensoryPerceptionResearchFinding (Notes on the Paranormal)
  ↓ downloading 3 files for ExtrasensoryPerceptionResearchFinding
    skip (have): Extrasensory_Perception_Research_Finding.pdf
    skip (have): Extrasensory_Perception_Research_Finding.epub
    skip (have): Extrasensory_Perception_Research_Finding_djvu.txt
/home/gian/agfarms/bucket-foundation/archive/ExtrasensoryPerceptionResearchFinding
? "Faraday Experimental Researches in Electricity volume 3" → ExtrasensoryPerceptionResearchFinding (Notes on the Paranormal)
  ↓ downloading 3 files for ExtrasensoryPerceptionResearchFinding
    skip (have): Extrasensory_Perception_Research_Finding.pdf
    skip (have): Extrasensory_Perception_Research_Finding.epub
    skip (have): Extrasensory_Perception_Research_Finding_djvu.txt
/home/gian/agfarms/bucket-foundation/archive/ExtrasensoryPerceptionResearchFinding
? "Tesla My Inventions" → pbsnovadocs (PBS Nova Documentaries)
  ↓ downloading 0 files for pbsnovadocs
/home/gian/agfarms/bucket-foundation/archive/pbsnovadocs
? "Tesla Colorado Springs Notes" → majestic-12-files (MAJESTIC 12 Files)
  ↓ downloading 0 files for majestic-12-files
/home/gian/agfarms/bucket-foundation/archive/majestic-12-files
? "Tesla problem of increasing human energy" → sharware (chestnut-multimedia)
  ↓ downloading 2 files for sharware
    FAIL chestnut/DLR/CONTENTS.pdf: [Errno 2] No such file or directory: '/home/gian/agfarms/bucket-foundation/archive/sharware/chestnut/DLR/CONTENTS.pdf'
    FAIL chestnut/DLR/CONTENTS_djvu.txt: [Errno 2] No such file or directory: '/home/gian/agfarms/bucket-foundation/archive/sharware/chestnut/DLR/CONTENTS_djvu.txt'
/home/gian/agfarms/bucket-foundation/archive/sharware
? "Einstein Relativity special general theory" → relativity_librivox (Relativity: The Special and General Theory)
  ↓ downloading 2 files for relativity_librivox
    skip (have): relativity_1003.pdf
    skip (have): relativity_1003_djvu.txt
/home/gian/agfarms/bucket-foundation/archive/relativity_librivox
? "Einstein 1905 photoelectric" → cia-readingroom-document-cia-rdp96-00788r001100010004-6 (CIA Reading Room cia-rdp96-00788r001100010004-6: PROCEEDINGS)
  ↓ downloading 3 files for cia-readingroom-document-cia-rdp96-00788r001100010004-6
    skip (have): cia-rdp96-00788r001100010004-6.pdf
    skip (have): cia-rdp96-00788r001100010004-6.epub
    skip (have): cia-rdp96-00788r001100010004-6_djvu.txt
/home/gian/agfarms/bucket-foundation/archive/cia-readingroom-document-cia-rdp96-00788r001100010004-6
? "Szent-Györgyi Bioenergetics" → bioenergetics00szen (Bioenergetics)
  ↓ downloading 3 files for bioenergetics00szen
    skip (have): bioenergetics00szen.pdf
    skip (have): bioenergetics00szen.epub
    skip (have): bioenergetics00szen_djvu.txt
/home/gian/agfarms/bucket-foundation/archive/bioenergetics00szen
NO HITS: Szent-Györgyi submolecular biology
? "Becker Body Electric" → die-or-d.i.y.-full-archive ((Blogger) Die or D.I.Y.? Full Archive)
  ↓ downloading 0 files for die-or-d.i.y.-full-archive
/home/gian/agfarms/bucket-foundation/archive/die-or-d.i.y.-full-archive
? "Becker Cross Currents" → ExtrasensoryPerceptionResearchFinding (Notes on the Paranormal)
  ↓ downloading 3 files for ExtrasensoryPerceptionResearchFinding
    skip (have): Extrasensory_Perception_Research_Finding.pdf
    skip (have): Extrasensory_Perception_Research_Finding.epub
    skip (have): Extrasensory_Perception_Research_Finding_djvu.txt
/home/gian/agfarms/bucket-foundation/archive/ExtrasensoryPerceptionResearchFinding
? "Ling physical theory living state" → BluePlanetProjectUFOTECHNOLOGY (Blue Planet Project UFO TECHNOLOGY)
  ↓ downloading 3 files for BluePlanetProjectUFOTECHNOLOGY
    skip (have): Blue Planet Project UFO TECHNOLOGY.pdf
    skip (have): Blue Planet Project UFO TECHNOLOGY.epub
    skip (have): Blue Planet Project UFO TECHNOLOGY_djvu.txt
/home/gian/agfarms/bucket-foundation/archive/BluePlanetProjectUFOTECHNOLOGY
? "Ling association induction" → ibogaine_literature (Ibogaine Literature)
  ↓ downloading 3 files for ibogaine_literature
    skip (have): abaul1989.pdf
    skip (have): agwada1975.pdf
    skip (have): abaul1989_djvu.txt
/home/gian/agfarms/bucket-foundation/archive/ibogaine_literature
? "Nordenström Biologically Closed Electric Circuits" → biokinetic-impacts-on-structure-and-imaging-of-the-lung-the-concept-of-biologica (Biokinetic Impacts on Structure and Imaging of the Lung the )
  ↓ downloading 3 files for biokinetic-impacts-on-structure-and-imaging-of-the-lung-the-concept-of-biologica
    skip (have): Biokinetic impacts on structure and imaging of the lung the concept of biologically closed electric circuits - Nordenstrom AJR 1985.pdf
    FAIL Biokinetic impacts on structure and imaging of the lung the concept of biologically closed electric circuits - Nordenstrom AJR 1985.epub: HTTP Error 500: Internal Server Error
    skip (have): Biokinetic impacts on structure and imaging of the lung the concept of biologically closed electric circuits - Nordenstrom AJR 1985_djvu.txt
/home/gian/agfarms/bucket-foundation/archive/biokinetic-impacts-on-structure-and-imaging-of-the-lung-the-concept-of-biologica
? "Euclid Elements Heath translation" → EuclidsElementsBooksIIIVolume1Heath (Euclid's Elements Books I II Volume 1 Heath)
  ↓ downloading 2 files for EuclidsElementsBooksIIIVolume1Heath
    skip (have): Euclid's_Elements_Books_I-II_Volume_1-Heath.pdf
    skip (have): Euclid's_Elements_Books_I-II_Volume_1-Heath_djvu.txt
/home/gian/agfarms/bucket-foundation/archive/EuclidsElementsBooksIIIVolume1Heath
? "Gauss Disquisitiones Arithmeticae" → disquisitionesa00gaus (Disquisitiones arithmeticae)
  ↓ downloading 3 files for disquisitionesa00gaus
    skip (have): disquisitionesa00gaus.pdf
    skip (have): disquisitionesa00gaus.epub
    skip (have): disquisitionesa00gaus_djvu.txt
/home/gian/agfarms/bucket-foundation/archive/disquisitionesa00gaus
? "Riemann zeta hypothesis" → logicalcross (LogicalCross)
  ↓ downloading 2 files for logicalcross
    skip (have): essay.pdf
    skip (have): essay_djvu.txt
/home/gian/agfarms/bucket-foundation/archive/logicalcross
? "Cantor set theory" → YouDontNeedAWeathermanToKnowWhichWayTheWindBlows_925 (You Don't Need A Weatherman To Know Which Way The Wind Blows)
  ↓ downloading 3 files for YouDontNeedAWeathermanToKnowWhichWayTheWindBlows_925
    skip (have): YouDontNeedAWeathermanToKnowWhichWayTheWindBlows_925.pdf
    skip (have): YouDontNeedAWeathermanToKnowWhichWayTheWindBlows_925.epub
    skip (have): YouDontNeedAWeathermanToKnowWhichWayTheWindBlows_925_djvu.txt
/home/gian/agfarms/bucket-foundation/archive/YouDontNeedAWeathermanToKnowWhichWayTheWindBlows_925
? "Dirac Principles of Quantum Mechanics" → academictorrents_f24122f15283757aa8a9bf9cb638db266273442d ([Coursera] Exploring Quantum Physics)
  ↓ downloading 3 files for academictorrents_f24122f15283757aa8a9bf9cb638db266273442d
    FAIL Lectures/Week 1 - 02 Wavefunctions and Schrdinger Equation/01_Part_I-_Comments_on_studying_QM_10-11.pdf: [Errno 2] No such file or directory: '/home/gian/agfarms/bucket-foundation/archive/academictorrents_f24122f15283757aa8a9bf9cb638db266273442d/Lectures/Week 1 - 02 Wavefunctions and Schrdinger Equation/01_Part_I-_Comments_on_studying_QM_10-11.pdf'
    FAIL Lectures/Week 8 - 17 Time-dependent quantum mechanics Victor Galitski/01_Part_I-_Time-dependent_Schrdinger_Eq._general_remarks_23-04.pdf: [Errno 2] No such file or directory: '/home/gian/agfarms/bucket-foundation/archive/academictorrents_f24122f15283757aa8a9bf9cb638db266273442d/Lectures/Week 8 - 17 Time-dependent quantum mechanics Victor Galitski/01_Part_I-_Time-dependent_Schrdinger_Eq._general_remarks_23-04.pdf'
    FAIL Lectures/Week 1 - 02 Wavefunctions and Schrdinger Equation/01_Part_I-_Comments_on_studying_QM_10-11_djvu.txt: [Errno 2] No such file or directory: '/home/gian/agfarms/bucket-foundation/archive/academictorrents_f24122f15283757aa8a9bf9cb638db266273442d/Lectures/Week 1 - 02 Wavefunctions and Schrdinger Equation/01_Part_I-_Comments_on_studying_QM_10-11_djvu.txt'
/home/gian/agfarms/bucket-foundation/archive/academictorrents_f24122f15283757aa8a9bf9cb638db266273442d
? "Feynman lectures on physics" → academictorrents_f24122f15283757aa8a9bf9cb638db266273442d ([Coursera] Exploring Quantum Physics)
  ↓ downloading 3 files for academictorrents_f24122f15283757aa8a9bf9cb638db266273442d
    FAIL Lectures/Week 1 - 02 Wavefunctions and Schrdinger Equation/01_Part_I-_Comments_on_studying_QM_10-11.pdf: [Errno 2] No such file or directory: '/home/gian/agfarms/bucket-foundation/archive/academictorrents_f24122f15283757aa8a9bf9cb638db266273442d/Lectures/Week 1 - 02 Wavefunctions and Schrdinger Equation/01_Part_I-_Comments_on_studying_QM_10-11.pdf'
    FAIL Lectures/Week 8 - 17 Time-dependent quantum mechanics Victor Galitski/01_Part_I-_Time-dependent_Schrdinger_Eq._general_remarks_23-04.pdf: [Errno 2] No such file or directory: '/home/gian/agfarms/bucket-foundation/archive/academictorrents_f24122f15283757aa8a9bf9cb638db266273442d/Lectures/Week 8 - 17 Time-dependent quantum mechanics Victor Galitski/01_Part_I-_Time-dependent_Schrdinger_Eq._general_remarks_23-04.pdf'
    FAIL Lectures/Week 1 - 02 Wavefunctions and Schrdinger Equation/01_Part_I-_Comments_on_studying_QM_10-11_djvu.txt: [Errno 2] No such file or directory: '/home/gian/agfarms/bucket-foundation/archive/academictorrents_f24122f15283757aa8a9bf9cb638db266273442d/Lectures/Week 1 - 02 Wavefunctions and Schrdinger Equation/01_Part_I-_Comments_on_studying_QM_10-11_djvu.txt'
/home/gian/agfarms/bucket-foundation/archive/academictorrents_f24122f15283757aa8a9bf9cb638db266273442d
? "Shannon mathematical theory of communication" → communications_primer (Communications Primer, A)
  ↓ downloading 0 files for communications_primer
/home/gian/agfarms/bucket-foundation/archive/communications_primer
? "Turing computable numbers 1936" → turingsvisionbir0000bern (Turing's vision : the birth of computer science)
  ↓ downloading 3 files for turingsvisionbir0000bern
    FAIL turingsvisionbir0000bern.pdf: HTTP Error 401: Unauthorized
    FAIL turingsvisionbir0000bern.epub: HTTP Error 403: Forbidden
    FAIL turingsvisionbir0000bern_djvu.txt: HTTP Error 401: Unauthorized
/home/gian/agfarms/bucket-foundation/archive/turingsvisionbir0000bern
? "Helmholtz On the Sensations of Tone" → onsensationsofto00helmrich (On the sensations of tone as a physiological basis for the t)
  ↓ downloading 3 files for onsensationsofto00helmrich
    skip (have): onsensationsofto00helmrich.pdf
    skip (have): onsensationsofto00helmrich.epub
    skip (have): onsensationsofto00helmrich_djvu.txt
/home/gian/agfarms/bucket-foundation/archive/onsensationsofto00helmrich
? "Helmholtz Treatise Physiological Optics" → ExtrasensoryPerceptionResearchFinding (Notes on the Paranormal)
  ↓ downloading 3 files for ExtrasensoryPerceptionResearchFinding
    skip (have): Extrasensory_Perception_Research_Finding.pdf
    skip (have): Extrasensory_Perception_Research_Finding.epub
    skip (have): Extrasensory_Perception_Research_Finding_djvu.txt
/home/gian/agfarms/bucket-foundation/archive/ExtrasensoryPerceptionResearchFinding
? "Schrodinger What is Life" → Necktar2017Volume9 (Necktar 2017 volume 9)
  ↓ downloading 0 files for Necktar2017Volume9
/home/gian/agfarms/bucket-foundation/archive/Necktar2017Volume9
? "Schrödinger Mind and Matter" → Necktar2017Volume9 (Necktar 2017 volume 9)
  ↓ downloading 0 files for Necktar2017Volume9
/home/gian/agfarms/bucket-foundation/archive/Necktar2017Volume9
? "Bohr Atomic Theory Description Nature" → ExtrasensoryPerceptionResearchFinding (Notes on the Paranormal)
  ↓ downloading 3 files for ExtrasensoryPerceptionResearchFinding
    skip (have): Extrasensory_Perception_Research_Finding.pdf
    skip (have): Extrasensory_Perception_Research_Finding.epub
    skip (have): Extrasensory_Perception_Research_Finding_djvu.txt
/home/gian/agfarms/bucket-foundation/archive/ExtrasensoryPerceptionResearchFinding
? "Heisenberg Physics Philosophy" → 216.TheLastEpisodeAtLeastForAWhileOrMaybeForever_670 (216. The Last Episode, at Least for a While, or Maybe Foreve)
  ↓ downloading 0 files for 216.TheLastEpisodeAtLeastForAWhileOrMaybeForever_670
/home/gian/agfarms/bucket-foundation/archive/216.TheLastEpisodeAtLeastForAWhileOrMaybeForever_670
? "Pauli Wolfgang lectures physics" → 1_20210412_20210412_0345 (Epigenesis, Existentialism and Creativity)
  ↓ downloading 0 files for 1_20210412_20210412_0345
/home/gian/agfarms/bucket-foundation/archive/1_20210412_20210412_0345
? "Wigner Eugene mind in physics" → cia-readingroom-document-cia-rdp96-00787r000500380004-4 (CIA Reading Room cia-rdp96-00787r000500380004-4: PSYCHIC PRO)
  ↓ downloading 3 files for cia-readingroom-document-cia-rdp96-00787r000500380004-4
    skip (have): cia-rdp96-00787r000500380004-4.pdf
    skip (have): cia-rdp96-00787r000500380004-4.epub
    skip (have): cia-rdp96-00787r000500380004-4_djvu.txt
/home/gian/agfarms/bucket-foundation/archive/cia-readingroom-document-cia-rdp96-00787r000500380004-4
? "Wheeler Geons Black Holes Quantum Foam" → geonsblackholesq00whee (Geons, black holes, and quantum foam : a life in physics)
  ↓ downloading 3 files for geonsblackholesq00whee
    FAIL geonsblackholesq00whee.pdf: HTTP Error 403: Forbidden
    FAIL geonsblackholesq00whee.epub: HTTP Error 403: Forbidden
    FAIL geonsblackholesq00whee_djvu.txt: HTTP Error 403: Forbidden
/home/gian/agfarms/bucket-foundation/archive/geonsblackholesq00whee
? "Pasteur fermentation" → mmoiresurlafer00past (Mémoire sur la fermentation alcoolique)
  ↓ downloading 2 files for mmoiresurlafer00past
    skip (have): mmoiresurlafer00past.pdf
    skip (have): mmoiresurlafer00past_djvu.txt
/home/gian/agfarms/bucket-foundation/archive/mmoiresurlafer00past
? "Darwin Origin of Species" → origin_species_librivox (On the Origin of Species by Means of Natural Selection)
  ↓ downloading 2 files for origin_species_librivox
    skip (have): On_the_Origin_of_Species_by_Means_of_Natural_Selection_1005.pdf
    skip (have): On_the_Origin_of_Species_by_Means_of_Natural_Selection_1005_djvu.txt
/home/gian/agfarms/bucket-foundation/archive/origin_species_librivox
? "Wallace contributions theory natural selection" → ExtrasensoryPerceptionResearchFinding (Notes on the Paranormal)
  ↓ downloading 3 files for ExtrasensoryPerceptionResearchFinding
    skip (have): Extrasensory_Perception_Research_Finding.pdf
    skip (have): Extrasensory_Perception_Research_Finding.epub
    skip (have): Extrasensory_Perception_Research_Finding_djvu.txt
/home/gian/agfarms/bucket-foundation/archive/ExtrasensoryPerceptionResearchFinding
? "Linus Pauling general chemistry" → introductiontoqu031712mbp (['Introduction To Quantum Mechanics', 'With Applications To Chemistry.'])
  ↓ downloading 3 files for introductiontoqu031712mbp
    skip (have): introductiontoqu031712mbp.pdf
    skip (have): introductiontoqu031712mbp.epub
    skip (have): introductiontoqu031712mbp_djvu.txt
/home/gian/agfarms/bucket-foundation/archive/introductiontoqu031712mbp
? "Linus Pauling vitamin C" → How_To_Live_Longer_And_Feel_Better_PDF (Linus Pauling PhD: How To Live Longer And Feel Better pdf)
  ↓ downloading 3 files for How_To_Live_Longer_And_Feel_Better_PDF
    skip (have): How to live longer and feel better - Pauling, Linus, 1901-1994.pdf
    skip (have): How to live longer and feel better - Pauling, Linus, 1901-1994.epub
    skip (have): How to live longer and feel better - Pauling, Linus, 1901-1994_djvu.txt
/home/gian/agfarms/bucket-foundation/archive/How_To_Live_Longer_And_Feel_Better_PDF
? "Crick what mad pursuit" → oxfordbookofmode0000unse_a2g6 (The Oxford book of modern science writing)
  ↓ downloading 3 files for oxfordbookofmode0000unse_a2g6
    FAIL oxfordbookofmode0000unse_a2g6.pdf: HTTP Error 403: Forbidden
    FAIL oxfordbookofmode0000unse_a2g6.epub: HTTP Error 403: Forbidden
    FAIL oxfordbookofmode0000unse_a2g6_djvu.txt: HTTP Error 403: Forbidden
/home/gian/agfarms/bucket-foundation/archive/oxfordbookofmode0000unse_a2g6
? "Schrödinger statistical thermodynamics" → yavorskydetlafamodernhandbookofphysicsmir1982 (A Modern Handbook Of Physics)
  ↓ downloading 3 files for yavorskydetlafamodernhandbookofphysicsmir1982
    skip (have): Yavorsky-Detlaf-A-Modern-Handbook-of-Physics-Mir-1982.pdf
    skip (have): Yavorsky-Detlaf-A-Modern-Handbook-of-Physics-Mir-1982.epub
    skip (have): Yavorsky-Detlaf-A-Modern-Handbook-of-Physics-Mir-1982_djvu.txt
/home/gian/agfarms/bucket-foundation/archive/yavorskydetlafamodernhandbookofphysicsmir1982
? "Boltzmann lectures gas theory" → lectures-on-gas-theory-ludwig-boltzmann (Lectures on Gas Theory - Ludwig Boltzmann, Stephen G. Brush)
  ↓ downloading 3 files for lectures-on-gas-theory-ludwig-boltzmann
    skip (have): Lectures on Gas Theory - Ludwig Boltzmann.pdf
    skip (have): Lectures on Gas Theory - Ludwig Boltzmann.epub
    skip (have): Lectures on Gas Theory - Ludwig Boltzmann_djvu.txt
/home/gian/agfarms/bucket-foundation/archive/lectures-on-gas-theory-ludwig-boltzmann
? "Carnot reflections motive power fire" → cia-readingroom-document-cia-rdp79-01194a000400140001-7 (CIA Reading Room cia-rdp79-01194a000400140001-7: CA PROPAGAN)
  ↓ downloading 3 files for cia-readingroom-document-cia-rdp79-01194a000400140001-7
    skip (have): cia-rdp79-01194a000400140001-7.pdf
    skip (have): cia-rdp79-01194a000400140001-7.epub
    skip (have): cia-rdp79-01194a000400140001-7_djvu.txt
/home/gian/agfarms/bucket-foundation/archive/cia-readingroom-document-cia-rdp79-01194a000400140001-7
? "Planck thermodynamik thermodynamics" → vorlesungenbert01plangoog (Vorlesungen über thermodynamik)
  ↓ downloading 2 files for vorlesungenbert01plangoog
    skip (have): vorlesungenbert01plangoog.pdf
    skip (have): vorlesungenbert01plangoog_djvu.txt
/home/gian/agfarms/bucket-foundation/archive/vorlesungenbert01plangoog
? "Lavoisier elements chemistry" → understanding-science (Understanding Science, Collected Edition, Vols 1-12)
  ↓ downloading 3 files for understanding-science
    skip (have): Understanding_Science-Vol_01_jpg85.pdf
    skip (have): Understanding_Science-Vol_01_jpg85.epub
    skip (have): Understanding_Science-Vol_01_jpg85_djvu.txt
/home/gian/agfarms/bucket-foundation/archive/understanding-science
? "Fourier analytical theory heat" → analyticaltheory00fourrich (The analytical theory of heat)
  ↓ downloading 3 files for analyticaltheory00fourrich
    skip (have): analyticaltheory00fourrich.pdf
    skip (have): analyticaltheory00fourrich.epub
    skip (have): analyticaltheory00fourrich_djvu.txt
/home/gian/agfarms/bucket-foundation/archive/analyticaltheory00fourrich
? "Galileo dialogue two world systems" → GalileiGalileoDialogueConcerningTheTwoChiefWorldSystemsEN155P. (Galilei, Galileo - Dialogue Concerning the two Chief World S)
  ↓ downloading 3 files for GalileiGalileoDialogueConcerningTheTwoChiefWorldSystemsEN155P.
    skip (have): Galilei, Galileo - Dialogue Concerning the two Chief World Systems (EN, 155 p.).pdf
    skip (have): Galilei, Galileo - Dialogue Concerning the two Chief World Systems (EN, 155 p.).epub
    skip (have): Galilei, Galileo - Dialogue Concerning the two Chief World Systems (EN, 155 p.)_djvu.txt
/home/gian/agfarms/bucket-foundation/archive/GalileiGalileoDialogueConcerningTheTwoChiefWorldSystemsEN155P.
? "Feynman QED" → MIT8.701F20 (MIT 8.701 Introduction to Nuclear and Particle Physics, Fall)
  ↓ downloading 0 files for MIT8.701F20
/home/gian/agfarms/bucket-foundation/archive/MIT8.701F20
? "Crick Watson DNA" → MIT7.01SCF11 (OCW Scholar: Fundamentals of Biology)
  ↓ downloading 0 files for MIT7.01SCF11
/home/gian/agfarms/bucket-foundation/archive/MIT7.01SCF11
? "Darwin descent of man" → descent_man_1_1011_librivox (The Descent of Man and Selection in Relation to Sex Part 1)
  ↓ downloading 2 files for descent_man_1_1011_librivox
    skip (have): descentman1_1011.pdf
    skip (have): descentman1_1011_djvu.txt
/home/gian/agfarms/bucket-foundation/archive/descent_man_1_1011_librivox
[2026-08-16T09:50:25-04:00] === archive runner done ===
[2026-08-17T09:45:54-04:00] === archive runner start ===
  ↓ downloading 3 files for the-universal-one-1926-walter-russell
    skip (have): TheUniversalOne1926WalterRussell.pdf
    skip (have): TheUniversalOne1926WalterRussell.epub
    skip (have): TheUniversalOne1926WalterRussell_djvu.txt
/home/gian/agfarms/bucket-foundation/archive/the-universal-one-1926-walter-russell
  ↓ downloading 3 files for principlesofchem00menduoft
    skip (have): principlesofchem00menduoft.pdf
    skip (have): principlesofchem00menduoft.epub
    skip (have): principlesofchem00menduoft_djvu.txt
/home/gian/agfarms/bucket-foundation/archive/principlesofchem00menduoft
  ↓ downloading 3 files for principlesofchem01menduoft
    skip (have): principlesofchem01menduoft.pdf
    skip (have): principlesofchem01menduoft.epub
    skip (have): principlesofchem01menduoft_djvu.txt
/home/gian/agfarms/bucket-foundation/archive/principlesofchem01menduoft
? "walter russell new concept universe" → ExtrasensoryPerceptionResearchFinding (Notes on the Paranormal)
  ↓ downloading 3 files for ExtrasensoryPerceptionResearchFinding
    skip (have): Extrasensory_Perception_Research_Finding.pdf
    skip (have): Extrasensory_Perception_Research_Finding.epub
    skip (have): Extrasensory_Perception_Research_Finding_djvu.txt
/home/gian/agfarms/bucket-foundation/archive/ExtrasensoryPerceptionResearchFinding
  ↓ downloading 3 files for newtonspmathema00newtrich
    skip (have): newtonspmathema00newtrich.pdf
    skip (have): newtonspmathema00newtrich.epub
    skip (have): newtonspmathema00newtrich_djvu.txt
/home/gian/agfarms/bucket-foundation/archive/newtonspmathema00newtrich
  ↓ downloading 3 files for principia00newtuoft
    skip (have): principia00newtuoft.pdf
    skip (have): principia00newtuoft.epub
    skip (have): principia00newtuoft_djvu.txt
/home/gian/agfarms/bucket-foundation/archive/principia00newtuoft
? "Newton Opticks 1704" → opticks_1203_librivox (Opticks)
  ↓ downloading 2 files for opticks_1203_librivox
    skip (have): opticks_1207.pdf
    skip (have): opticks_1207_djvu.txt
/home/gian/agfarms/bucket-foundation/archive/opticks_1203_librivox
? "Maxwell Treatise on Electricity and Magnetism volume 1" → electricandmagne01maxwrich (A treatise on electricity and magnetism)
  ↓ downloading 3 files for electricandmagne01maxwrich
    skip (have): electricandmagne01maxwrich.pdf
    skip (have): electricandmagne01maxwrich.epub
    skip (have): electricandmagne01maxwrich_djvu.txt
/home/gian/agfarms/bucket-foundation/archive/electricandmagne01maxwrich
? "Maxwell Treatise on Electricity and Magnetism volume 2" → electricandmagne01maxwrich (A treatise on electricity and magnetism)
  ↓ downloading 3 files for electricandmagne01maxwrich
    skip (have): electricandmagne01maxwrich.pdf
    skip (have): electricandmagne01maxwrich.epub
    skip (have): electricandmagne01maxwrich_djvu.txt
/home/gian/agfarms/bucket-foundation/archive/electricandmagne01maxwrich
? "Maxwell scientific papers" → scientificpapers01maxw (The scientific papers of James Clerk Maxwell)
  ↓ downloading 3 files for scientificpapers01maxw
    skip (have): scientificpapers01maxw.pdf
    skip (have): scientificpapers01maxw.epub
    skip (have): scientificpapers01maxw_djvu.txt
/home/gian/agfarms/bucket-foundation/archive/scientificpapers01maxw
? "Faraday Experimental Researches in Electricity volume 1" → ExtrasensoryPerceptionResearchFinding (Notes on the Paranormal)
  ↓ downloading 3 files for ExtrasensoryPerceptionResearchFinding
    skip (have): Extrasensory_Perception_Research_Finding.pdf
    skip (have): Extrasensory_Perception_Research_Finding.epub
    skip (have): Extrasensory_Perception_Research_Finding_djvu.txt
/home/gian/agfarms/bucket-foundation/archive/ExtrasensoryPerceptionResearchFinding
? "Faraday Experimental Researches in Electricity volume 2" → ExtrasensoryPerceptionResearchFinding (Notes on the Paranormal)
  ↓ downloading 3 files for ExtrasensoryPerceptionResearchFinding
    skip (have): Extrasensory_Perception_Research_Finding.pdf
    skip (have): Extrasensory_Perception_Research_Finding.epub
    skip (have): Extrasensory_Perception_Research_Finding_djvu.txt
/home/gian/agfarms/bucket-foundation/archive/ExtrasensoryPerceptionResearchFinding
? "Faraday Experimental Researches in Electricity volume 3" → ExtrasensoryPerceptionResearchFinding (Notes on the Paranormal)
  ↓ downloading 3 files for ExtrasensoryPerceptionResearchFinding
    skip (have): Extrasensory_Perception_Research_Finding.pdf
    skip (have): Extrasensory_Perception_Research_Finding.epub
    skip (have): Extrasensory_Perception_Research_Finding_djvu.txt
/home/gian/agfarms/bucket-foundation/archive/ExtrasensoryPerceptionResearchFinding
? "Tesla My Inventions" → pbsnovadocs (PBS Nova Documentaries)
  ↓ downloading 0 files for pbsnovadocs
/home/gian/agfarms/bucket-foundation/archive/pbsnovadocs
? "Tesla Colorado Springs Notes" → majestic-12-files (MAJESTIC 12 Files)
  ↓ downloading 0 files for majestic-12-files
/home/gian/agfarms/bucket-foundation/archive/majestic-12-files
? "Tesla problem of increasing human energy" → sharware (chestnut-multimedia)
  ↓ downloading 2 files for sharware
    FAIL chestnut/DLR/CONTENTS.pdf: [Errno 2] No such file or directory: '/home/gian/agfarms/bucket-foundation/archive/sharware/chestnut/DLR/CONTENTS.pdf'
    FAIL chestnut/DLR/CONTENTS_djvu.txt: <urlopen error [Errno 110] Connection timed out>
/home/gian/agfarms/bucket-foundation/archive/sharware
? "Einstein Relativity special general theory" → relativity_librivox (Relativity: The Special and General Theory)
  ↓ downloading 2 files for relativity_librivox
    skip (have): relativity_1003.pdf
    skip (have): relativity_1003_djvu.txt
/home/gian/agfarms/bucket-foundation/archive/relativity_librivox
? "Einstein 1905 photoelectric" → cia-readingroom-document-cia-rdp96-00788r001100010004-6 (CIA Reading Room cia-rdp96-00788r001100010004-6: PROCEEDINGS)
  ↓ downloading 3 files for cia-readingroom-document-cia-rdp96-00788r001100010004-6
    skip (have): cia-rdp96-00788r001100010004-6.pdf
    skip (have): cia-rdp96-00788r001100010004-6.epub
    skip (have): cia-rdp96-00788r001100010004-6_djvu.txt
/home/gian/agfarms/bucket-foundation/archive/cia-readingroom-document-cia-rdp96-00788r001100010004-6
? "Szent-Györgyi Bioenergetics" → bioenergetics00szen (Bioenergetics)
  ↓ downloading 3 files for bioenergetics00szen
    skip (have): bioenergetics00szen.pdf
    skip (have): bioenergetics00szen.epub
    skip (have): bioenergetics00szen_djvu.txt
/home/gian/agfarms/bucket-foundation/archive/bioenergetics00szen
NO HITS: Szent-Györgyi submolecular biology
? "Becker Body Electric" → die-or-d.i.y.-full-archive ((Blogger) Die or D.I.Y.? Full Archive)
  ↓ downloading 0 files for die-or-d.i.y.-full-archive
/home/gian/agfarms/bucket-foundation/archive/die-or-d.i.y.-full-archive
? "Becker Cross Currents" → ExtrasensoryPerceptionResearchFinding (Notes on the Paranormal)
  ↓ downloading 3 files for ExtrasensoryPerceptionResearchFinding
    skip (have): Extrasensory_Perception_Research_Finding.pdf
    skip (have): Extrasensory_Perception_Research_Finding.epub
    skip (have): Extrasensory_Perception_Research_Finding_djvu.txt
/home/gian/agfarms/bucket-foundation/archive/ExtrasensoryPerceptionResearchFinding
? "Ling physical theory living state" → BluePlanetProjectUFOTECHNOLOGY (Blue Planet Project UFO TECHNOLOGY)
  ↓ downloading 3 files for BluePlanetProjectUFOTECHNOLOGY
    skip (have): Blue Planet Project UFO TECHNOLOGY.pdf
    skip (have): Blue Planet Project UFO TECHNOLOGY.epub
    skip (have): Blue Planet Project UFO TECHNOLOGY_djvu.txt
/home/gian/agfarms/bucket-foundation/archive/BluePlanetProjectUFOTECHNOLOGY
? "Ling association induction" → ibogaine_literature (Ibogaine Literature)
  ↓ downloading 3 files for ibogaine_literature
    skip (have): abaul1989.pdf
    skip (have): agwada1975.pdf
    skip (have): abaul1989_djvu.txt
/home/gian/agfarms/bucket-foundation/archive/ibogaine_literature
? "Nordenström Biologically Closed Electric Circuits" → biokinetic-impacts-on-structure-and-imaging-of-the-lung-the-concept-of-biologica (Biokinetic Impacts on Structure and Imaging of the Lung the )
  ↓ downloading 3 files for biokinetic-impacts-on-structure-and-imaging-of-the-lung-the-concept-of-biologica
    skip (have): Biokinetic impacts on structure and imaging of the lung the concept of biologically closed electric circuits - Nordenstrom AJR 1985.pdf
    ok    7,259,704  Biokinetic impacts on structure and imaging of the lung the concept of biologically closed electric circuits - Nordenstrom AJR 1985.epub
    skip (have): Biokinetic impacts on structure and imaging of the lung the concept of biologically closed electric circuits - Nordenstrom AJR 1985_djvu.txt
/home/gian/agfarms/bucket-foundation/archive/biokinetic-impacts-on-structure-and-imaging-of-the-lung-the-concept-of-biologica
? "Euclid Elements Heath translation" → EuclidsElementsBooksIIIVolume1Heath (Euclid's Elements Books I II Volume 1 Heath)
  ↓ downloading 2 files for EuclidsElementsBooksIIIVolume1Heath
    skip (have): Euclid's_Elements_Books_I-II_Volume_1-Heath.pdf
    skip (have): Euclid's_Elements_Books_I-II_Volume_1-Heath_djvu.txt
/home/gian/agfarms/bucket-foundation/archive/EuclidsElementsBooksIIIVolume1Heath
? "Gauss Disquisitiones Arithmeticae" → disquisitionesa00gaus (Disquisitiones arithmeticae)
  ↓ downloading 3 files for disquisitionesa00gaus
    skip (have): disquisitionesa00gaus.pdf
    skip (have): disquisitionesa00gaus.epub
    skip (have): disquisitionesa00gaus_djvu.txt
/home/gian/agfarms/bucket-foundation/archive/disquisitionesa00gaus
? "Riemann zeta hypothesis" → logicalcross (LogicalCross)
  ↓ downloading 2 files for logicalcross
    skip (have): essay.pdf
    skip (have): essay_djvu.txt
/home/gian/agfarms/bucket-foundation/archive/logicalcross
? "Cantor set theory" → YouDontNeedAWeathermanToKnowWhichWayTheWindBlows_925 (You Don't Need A Weatherman To Know Which Way The Wind Blows)
  ↓ downloading 3 files for YouDontNeedAWeathermanToKnowWhichWayTheWindBlows_925
    skip (have): YouDontNeedAWeathermanToKnowWhichWayTheWindBlows_925.pdf
    skip (have): YouDontNeedAWeathermanToKnowWhichWayTheWindBlows_925.epub
    skip (have): YouDontNeedAWeathermanToKnowWhichWayTheWindBlows_925_djvu.txt
/home/gian/agfarms/bucket-foundation/archive/YouDontNeedAWeathermanToKnowWhichWayTheWindBlows_925
? "Dirac Principles of Quantum Mechanics" → academictorrents_f24122f15283757aa8a9bf9cb638db266273442d ([Coursera] Exploring Quantum Physics)
  ↓ downloading 3 files for academictorrents_f24122f15283757aa8a9bf9cb638db266273442d
    FAIL Lectures/Week 1 - 02 Wavefunctions and Schrdinger Equation/01_Part_I-_Comments_on_studying_QM_10-11.pdf: [Errno 2] No such file or directory: '/home/gian/agfarms/bucket-foundation/archive/academictorrents_f24122f15283757aa8a9bf9cb638db266273442d/Lectures/Week 1 - 02 Wavefunctions and Schrdinger Equation/01_Part_I-_Comments_on_studying_QM_10-11.pdf'
    FAIL Lectures/Week 8 - 17 Time-dependent quantum mechanics Victor Galitski/01_Part_I-_Time-dependent_Schrdinger_Eq._general_remarks_23-04.pdf: [Errno 2] No such file or directory: '/home/gian/agfarms/bucket-foundation/archive/academictorrents_f24122f15283757aa8a9bf9cb638db266273442d/Lectures/Week 8 - 17 Time-dependent quantum mechanics Victor Galitski/01_Part_I-_Time-dependent_Schrdinger_Eq._general_remarks_23-04.pdf'
    FAIL Lectures/Week 1 - 02 Wavefunctions and Schrdinger Equation/01_Part_I-_Comments_on_studying_QM_10-11_djvu.txt: [Errno 2] No such file or directory: '/home/gian/agfarms/bucket-foundation/archive/academictorrents_f24122f15283757aa8a9bf9cb638db266273442d/Lectures/Week 1 - 02 Wavefunctions and Schrdinger Equation/01_Part_I-_Comments_on_studying_QM_10-11_djvu.txt'
/home/gian/agfarms/bucket-foundation/archive/academictorrents_f24122f15283757aa8a9bf9cb638db266273442d
? "Feynman lectures on physics" → academictorrents_f24122f15283757aa8a9bf9cb638db266273442d ([Coursera] Exploring Quantum Physics)
  ↓ downloading 3 files for academictorrents_f24122f15283757aa8a9bf9cb638db266273442d
    FAIL Lectures/Week 1 - 02 Wavefunctions and Schrdinger Equation/01_Part_I-_Comments_on_studying_QM_10-11.pdf: [Errno 2] No such file or directory: '/home/gian/agfarms/bucket-foundation/archive/academictorrents_f24122f15283757aa8a9bf9cb638db266273442d/Lectures/Week 1 - 02 Wavefunctions and Schrdinger Equation/01_Part_I-_Comments_on_studying_QM_10-11.pdf'
    FAIL Lectures/Week 8 - 17 Time-dependent quantum mechanics Victor Galitski/01_Part_I-_Time-dependent_Schrdinger_Eq._general_remarks_23-04.pdf: [Errno 2] No such file or directory: '/home/gian/agfarms/bucket-foundation/archive/academictorrents_f24122f15283757aa8a9bf9cb638db266273442d/Lectures/Week 8 - 17 Time-dependent quantum mechanics Victor Galitski/01_Part_I-_Time-dependent_Schrdinger_Eq._general_remarks_23-04.pdf'
    FAIL Lectures/Week 1 - 02 Wavefunctions and Schrdinger Equation/01_Part_I-_Comments_on_studying_QM_10-11_djvu.txt: [Errno 2] No such file or directory: '/home/gian/agfarms/bucket-foundation/archive/academictorrents_f24122f15283757aa8a9bf9cb638db266273442d/Lectures/Week 1 - 02 Wavefunctions and Schrdinger Equation/01_Part_I-_Comments_on_studying_QM_10-11_djvu.txt'
/home/gian/agfarms/bucket-foundation/archive/academictorrents_f24122f15283757aa8a9bf9cb638db266273442d
? "Shannon mathematical theory of communication" → communications_primer (Communications Primer, A)
  ↓ downloading 0 files for communications_primer
/home/gian/agfarms/bucket-foundation/archive/communications_primer
? "Turing computable numbers 1936" → youtube-BbnDmeNojFA (Como Reinventar o Computador do Zero)
  ↓ downloading 0 files for youtube-BbnDmeNojFA
/home/gian/agfarms/bucket-foundation/archive/youtube-BbnDmeNojFA
? "Helmholtz On the Sensations of Tone" → onsensationsofto00helmrich (On the sensations of tone as a physiological basis for the t)
  ↓ downloading 3 files for onsensationsofto00helmrich
    skip (have): onsensationsofto00helmrich.pdf
    skip (have): onsensationsofto00helmrich.epub
    skip (have): onsensationsofto00helmrich_djvu.txt
/home/gian/agfarms/bucket-foundation/archive/onsensationsofto00helmrich
? "Helmholtz Treatise Physiological Optics" → ExtrasensoryPerceptionResearchFinding (Notes on the Paranormal)
  ↓ downloading 3 files for ExtrasensoryPerceptionResearchFinding
    skip (have): Extrasensory_Perception_Research_Finding.pdf
    skip (have): Extrasensory_Perception_Research_Finding.epub
    skip (have): Extrasensory_Perception_Research_Finding_djvu.txt
/home/gian/agfarms/bucket-foundation/archive/ExtrasensoryPerceptionResearchFinding
? "Schrodinger What is Life" → Necktar2017Volume9 (Necktar 2017 volume 9)
  ↓ downloading 0 files for Necktar2017Volume9
/home/gian/agfarms/bucket-foundation/archive/Necktar2017Volume9
? "Schrödinger Mind and Matter" → Necktar2017Volume9 (Necktar 2017 volume 9)
  ↓ downloading 0 files for Necktar2017Volume9
/home/gian/agfarms/bucket-foundation/archive/Necktar2017Volume9
? "Bohr Atomic Theory Description Nature" → ExtrasensoryPerceptionResearchFinding (Notes on the Paranormal)
  ↓ downloading 3 files for ExtrasensoryPerceptionResearchFinding
    skip (have): Extrasensory_Perception_Research_Finding.pdf
    skip (have): Extrasensory_Perception_Research_Finding.epub
    skip (have): Extrasensory_Perception_Research_Finding_djvu.txt
/home/gian/agfarms/bucket-foundation/archive/ExtrasensoryPerceptionResearchFinding
? "Heisenberg Physics Philosophy" → 216.TheLastEpisodeAtLeastForAWhileOrMaybeForever_670 (216. The Last Episode, at Least for a While, or Maybe Foreve)
  ↓ downloading 0 files for 216.TheLastEpisodeAtLeastForAWhileOrMaybeForever_670
/home/gian/agfarms/bucket-foundation/archive/216.TheLastEpisodeAtLeastForAWhileOrMaybeForever_670
? "Pauli Wolfgang lectures physics" → 1_20210412_20210412_0345 (Epigenesis, Existentialism and Creativity)
  ↓ downloading 0 files for 1_20210412_20210412_0345
/home/gian/agfarms/bucket-foundation/archive/1_20210412_20210412_0345
? "Wigner Eugene mind in physics" → cia-readingroom-document-cia-rdp96-00787r000500380004-4 (CIA Reading Room cia-rdp96-00787r000500380004-4: PSYCHIC PRO)
  ↓ downloading 3 files for cia-readingroom-document-cia-rdp96-00787r000500380004-4
    skip (have): cia-rdp96-00787r000500380004-4.pdf
    skip (have): cia-rdp96-00787r000500380004-4.epub
    skip (have): cia-rdp96-00787r000500380004-4_djvu.txt
/home/gian/agfarms/bucket-foundation/archive/cia-readingroom-document-cia-rdp96-00787r000500380004-4
? "Wheeler Geons Black Holes Quantum Foam" → geonsblackholesq00whee (Geons, black holes, and quantum foam : a life in physics)
  ↓ downloading 3 files for geonsblackholesq00whee
    FAIL geonsblackholesq00whee.pdf: HTTP Error 403: Forbidden
    FAIL geonsblackholesq00whee.epub: HTTP Error 403: Forbidden
    FAIL geonsblackholesq00whee_djvu.txt: HTTP Error 403: Forbidden
/home/gian/agfarms/bucket-foundation/archive/geonsblackholesq00whee
? "Pasteur fermentation" → mmoiresurlafer00past (Mémoire sur la fermentation alcoolique)
  ↓ downloading 2 files for mmoiresurlafer00past
    skip (have): mmoiresurlafer00past.pdf
    skip (have): mmoiresurlafer00past_djvu.txt
/home/gian/agfarms/bucket-foundation/archive/mmoiresurlafer00past
? "Darwin Origin of Species" → origin_species_librivox (On the Origin of Species by Means of Natural Selection)
  ↓ downloading 2 files for origin_species_librivox
    skip (have): On_the_Origin_of_Species_by_Means_of_Natural_Selection_1005.pdf
    skip (have): On_the_Origin_of_Species_by_Means_of_Natural_Selection_1005_djvu.txt
/home/gian/agfarms/bucket-foundation/archive/origin_species_librivox
? "Wallace contributions theory natural selection" → ExtrasensoryPerceptionResearchFinding (Notes on the Paranormal)
  ↓ downloading 3 files for ExtrasensoryPerceptionResearchFinding
    skip (have): Extrasensory_Perception_Research_Finding.pdf
    skip (have): Extrasensory_Perception_Research_Finding.epub
    skip (have): Extrasensory_Perception_Research_Finding_djvu.txt
/home/gian/agfarms/bucket-foundation/archive/ExtrasensoryPerceptionResearchFinding
? "Linus Pauling general chemistry" → introductiontoqu031712mbp (['Introduction To Quantum Mechanics', 'With Applications To Chemistry.'])
  ↓ downloading 3 files for introductiontoqu031712mbp
    skip (have): introductiontoqu031712mbp.pdf
    skip (have): introductiontoqu031712mbp.epub
    skip (have): introductiontoqu031712mbp_djvu.txt
/home/gian/agfarms/bucket-foundation/archive/introductiontoqu031712mbp
? "Linus Pauling vitamin C" → How_To_Live_Longer_And_Feel_Better_PDF (Linus Pauling PhD: How To Live Longer And Feel Better pdf)
  ↓ downloading 3 files for How_To_Live_Longer_And_Feel_Better_PDF
    skip (have): How to live longer and feel better - Pauling, Linus, 1901-1994.pdf
    skip (have): How to live longer and feel better - Pauling, Linus, 1901-1994.epub
    skip (have): How to live longer and feel better - Pauling, Linus, 1901-1994_djvu.txt
/home/gian/agfarms/bucket-foundation/archive/How_To_Live_Longer_And_Feel_Better_PDF
? "Crick what mad pursuit" → oxfordbookofmode0000unse_a2g6 (The Oxford book of modern science writing)
  ↓ downloading 3 files for oxfordbookofmode0000unse_a2g6
    FAIL oxfordbookofmode0000unse_a2g6.pdf: HTTP Error 403: Forbidden
    FAIL oxfordbookofmode0000unse_a2g6.epub: HTTP Error 403: Forbidden
    FAIL oxfordbookofmode0000unse_a2g6_djvu.txt: HTTP Error 403: Forbidden
/home/gian/agfarms/bucket-foundation/archive/oxfordbookofmode0000unse_a2g6
? "Schrödinger statistical thermodynamics" → yavorskydetlafamodernhandbookofphysicsmir1982 (A Modern Handbook Of Physics)
  ↓ downloading 3 files for yavorskydetlafamodernhandbookofphysicsmir1982
    skip (have): Yavorsky-Detlaf-A-Modern-Handbook-of-Physics-Mir-1982.pdf
    skip (have): Yavorsky-Detlaf-A-Modern-Handbook-of-Physics-Mir-1982.epub
    skip (have): Yavorsky-Detlaf-A-Modern-Handbook-of-Physics-Mir-1982_djvu.txt
/home/gian/agfarms/bucket-foundation/archive/yavorskydetlafamodernhandbookofphysicsmir1982
? "Boltzmann lectures gas theory" → lectures-on-gas-theory-ludwig-boltzmann (Lectures on Gas Theory - Ludwig Boltzmann, Stephen G. Brush)
  ↓ downloading 3 files for lectures-on-gas-theory-ludwig-boltzmann
    skip (have): Lectures on Gas Theory - Ludwig Boltzmann.pdf
    skip (have): Lectures on Gas Theory - Ludwig Boltzmann.epub
    skip (have): Lectures on Gas Theory - Ludwig Boltzmann_djvu.txt
/home/gian/agfarms/bucket-foundation/archive/lectures-on-gas-theory-ludwig-boltzmann
? "Carnot reflections motive power fire" → cia-readingroom-document-cia-rdp79-01194a000400140001-7 (CIA Reading Room cia-rdp79-01194a000400140001-7: CA PROPAGAN)
  ↓ downloading 3 files for cia-readingroom-document-cia-rdp79-01194a000400140001-7
    skip (have): cia-rdp79-01194a000400140001-7.pdf
    skip (have): cia-rdp79-01194a000400140001-7.epub
    skip (have): cia-rdp79-01194a000400140001-7_djvu.txt
/home/gian/agfarms/bucket-foundation/archive/cia-readingroom-document-cia-rdp79-01194a000400140001-7
? "Planck thermodynamik thermodynamics" → vorlesungenbert01plangoog (Vorlesungen über thermodynamik)
  ↓ downloading 2 files for vorlesungenbert01plangoog
    skip (have): vorlesungenbert01plangoog.pdf
    skip (have): vorlesungenbert01plangoog_djvu.txt
/home/gian/agfarms/bucket-foundation/archive/vorlesungenbert01plangoog
? "Lavoisier elements chemistry" → understanding-science (Understanding Science, Collected Edition, Vols 1-12)
  ↓ downloading 3 files for understanding-science
    skip (have): Understanding_Science-Vol_01_jpg85.pdf
    skip (have): Understanding_Science-Vol_01_jpg85.epub
    skip (have): Understanding_Science-Vol_01_jpg85_djvu.txt
/home/gian/agfarms/bucket-foundation/archive/understanding-science
? "Fourier analytical theory heat" → analyticaltheory00fourrich (The analytical theory of heat)
  ↓ downloading 3 files for analyticaltheory00fourrich
    skip (have): analyticaltheory00fourrich.pdf
    skip (have): analyticaltheory00fourrich.epub
    skip (have): analyticaltheory00fourrich_djvu.txt
/home/gian/agfarms/bucket-foundation/archive/analyticaltheory00fourrich
? "Galileo dialogue two world systems" → GalileiGalileoDialogueConcerningTheTwoChiefWorldSystemsEN155P. (Galilei, Galileo - Dialogue Concerning the two Chief World S)
  ↓ downloading 3 files for GalileiGalileoDialogueConcerningTheTwoChiefWorldSystemsEN155P.
    skip (have): Galilei, Galileo - Dialogue Concerning the two Chief World Systems (EN, 155 p.).pdf
    skip (have): Galilei, Galileo - Dialogue Concerning the two Chief World Systems (EN, 155 p.).epub
    skip (have): Galilei, Galileo - Dialogue Concerning the two Chief World Systems (EN, 155 p.)_djvu.txt
/home/gian/agfarms/bucket-foundation/archive/GalileiGalileoDialogueConcerningTheTwoChiefWorldSystemsEN155P.
? "Feynman QED" → MIT8.701F20 (MIT 8.701 Introduction to Nuclear and Particle Physics, Fall)
  ↓ downloading 0 files for MIT8.701F20
/home/gian/agfarms/bucket-foundation/archive/MIT8.701F20
? "Crick Watson DNA" → MIT7.01SCF11 (OCW Scholar: Fundamentals of Biology)
  ↓ downloading 0 files for MIT7.01SCF11
/home/gian/agfarms/bucket-foundation/archive/MIT7.01SCF11
? "Darwin descent of man" → descent_man_1_1011_librivox (The Descent of Man and Selection in Relation to Sex Part 1)
  ↓ downloading 2 files for descent_man_1_1011_librivox
    skip (have): descentman1_1011.pdf
    skip (have): descentman1_1011_djvu.txt
/home/gian/agfarms/bucket-foundation/archive/descent_man_1_1011_librivox
[2026-08-17T10:01:38-04:00] === archive runner done ===
[2026-08-18T10:55:36-04:00] === archive runner start ===
  ↓ downloading 3 files for the-universal-one-1926-walter-russell
    skip (have): TheUniversalOne1926WalterRussell.pdf
    skip (have): TheUniversalOne1926WalterRussell.epub
    skip (have): TheUniversalOne1926WalterRussell_djvu.txt
/home/gian/agfarms/bucket-foundation/archive/the-universal-one-1926-walter-russell
  ↓ downloading 3 files for principlesofchem00menduoft
    skip (have): principlesofchem00menduoft.pdf
    skip (have): principlesofchem00menduoft.epub
    skip (have): principlesofchem00menduoft_djvu.txt
/home/gian/agfarms/bucket-foundation/archive/principlesofchem00menduoft
  ↓ downloading 3 files for principlesofchem01menduoft
    skip (have): principlesofchem01menduoft.pdf
    skip (have): principlesofchem01menduoft.epub
    skip (have): principlesofchem01menduoft_djvu.txt
/home/gian/agfarms/bucket-foundation/archive/principlesofchem01menduoft
? "walter russell new concept universe" → ExtrasensoryPerceptionResearchFinding (Notes on the Paranormal)
  ↓ downloading 3 files for ExtrasensoryPerceptionResearchFinding
    skip (have): Extrasensory_Perception_Research_Finding.pdf
    skip (have): Extrasensory_Perception_Research_Finding.epub
    skip (have): Extrasensory_Perception_Research_Finding_djvu.txt
/home/gian/agfarms/bucket-foundation/archive/ExtrasensoryPerceptionResearchFinding
  ↓ downloading 3 files for newtonspmathema00newtrich
    skip (have): newtonspmathema00newtrich.pdf
    skip (have): newtonspmathema00newtrich.epub
    skip (have): newtonspmathema00newtrich_djvu.txt
/home/gian/agfarms/bucket-foundation/archive/newtonspmathema00newtrich
  ↓ downloading 3 files for principia00newtuoft
    skip (have): principia00newtuoft.pdf
    skip (have): principia00newtuoft.epub
    skip (have): principia00newtuoft_djvu.txt
/home/gian/agfarms/bucket-foundation/archive/principia00newtuoft
? "Newton Opticks 1704" → opticks_1203_librivox (Opticks)
  ↓ downloading 2 files for opticks_1203_librivox
    skip (have): opticks_1207.pdf
    skip (have): opticks_1207_djvu.txt
/home/gian/agfarms/bucket-foundation/archive/opticks_1203_librivox
? "Maxwell Treatise on Electricity and Magnetism volume 1" → electricandmagne01maxwrich (A treatise on electricity and magnetism)
  ↓ downloading 3 files for electricandmagne01maxwrich
    skip (have): electricandmagne01maxwrich.pdf
    skip (have): electricandmagne01maxwrich.epub
    skip (have): electricandmagne01maxwrich_djvu.txt
/home/gian/agfarms/bucket-foundation/archive/electricandmagne01maxwrich
? "Maxwell Treatise on Electricity and Magnetism volume 2" → electricandmagne01maxwrich (A treatise on electricity and magnetism)
  ↓ downloading 3 files for electricandmagne01maxwrich
    skip (have): electricandmagne01maxwrich.pdf
    skip (have): electricandmagne01maxwrich.epub
    skip (have): electricandmagne01maxwrich_djvu.txt
/home/gian/agfarms/bucket-foundation/archive/electricandmagne01maxwrich
? "Maxwell scientific papers" → scientificpapers01maxw (The scientific papers of James Clerk Maxwell)
  ↓ downloading 3 files for scientificpapers01maxw
    skip (have): scientificpapers01maxw.pdf
    skip (have): scientificpapers01maxw.epub
    skip (have): scientificpapers01maxw_djvu.txt
/home/gian/agfarms/bucket-foundation/archive/scientificpapers01maxw
? "Faraday Experimental Researches in Electricity volume 1" → ExtrasensoryPerceptionResearchFinding (Notes on the Paranormal)
  ↓ downloading 3 files for ExtrasensoryPerceptionResearchFinding
    skip (have): Extrasensory_Perception_Research_Finding.pdf
    skip (have): Extrasensory_Perception_Research_Finding.epub
    skip (have): Extrasensory_Perception_Research_Finding_djvu.txt
/home/gian/agfarms/bucket-foundation/archive/ExtrasensoryPerceptionResearchFinding
? "Faraday Experimental Researches in Electricity volume 2" → ExtrasensoryPerceptionResearchFinding (Notes on the Paranormal)
  ↓ downloading 3 files for ExtrasensoryPerceptionResearchFinding
    skip (have): Extrasensory_Perception_Research_Finding.pdf
    skip (have): Extrasensory_Perception_Research_Finding.epub
    skip (have): Extrasensory_Perception_Research_Finding_djvu.txt
/home/gian/agfarms/bucket-foundation/archive/ExtrasensoryPerceptionResearchFinding
? "Faraday Experimental Researches in Electricity volume 3" → ExtrasensoryPerceptionResearchFinding (Notes on the Paranormal)
  ↓ downloading 3 files for ExtrasensoryPerceptionResearchFinding
    skip (have): Extrasensory_Perception_Research_Finding.pdf
    skip (have): Extrasensory_Perception_Research_Finding.epub
    skip (have): Extrasensory_Perception_Research_Finding_djvu.txt
/home/gian/agfarms/bucket-foundation/archive/ExtrasensoryPerceptionResearchFinding
? "Tesla My Inventions" → nikolateslascoloradospringsnotes18991900 (Nikola Tesla's - All Published + Declassified Military Scien)
  ↓ downloading 4 files for nikolateslascoloradospringsnotes18991900
    FAIL TESLA/9-11 TESLA Report- Conspiracy Exposed(1).pdf: [Errno 2] No such file or directory: '/home/gian/agfarms/bucket-foundation/archive/nikolateslascoloradospringsnotes18991900/TESLA/9-11 TESLA Report- Conspiracy Exposed(1).pdf'
    FAIL TESLA/117_Some_Experiments_in_Teslas_Lab_with_Currents_of_High_Potential_and_High_Frequency.pdf: [Errno 2] No such file or directory: '/home/gian/agfarms/bucket-foundation/archive/nikolateslascoloradospringsnotes18991900/TESLA/117_Some_Experiments_in_Teslas_Lab_with_Currents_of_High_Potential_and_High_Frequency.pdf'
    FAIL TESLA/117_Some_Experiments_in_Teslas_Lab_with_Currents_of_High_Potential_and_High_Frequency.epub: [Errno 2] No such file or directory: '/home/gian/agfarms/bucket-foundation/archive/nikolateslascoloradospringsnotes18991900/TESLA/117_Some_Experiments_in_Teslas_Lab_with_Currents_of_High_Potential_and_High_Frequency.epub'
    FAIL TESLA/117_Some_Experiments_in_Teslas_Lab_with_Currents_of_High_Potential_and_High_Frequency_djvu.txt: [Errno 2] No such file or directory: '/home/gian/agfarms/bucket-foundation/archive/nikolateslascoloradospringsnotes18991900/TESLA/117_Some_Experiments_in_Teslas_Lab_with_Currents_of_High_Potential_and_High_Frequency_djvu.txt'
/home/gian/agfarms/bucket-foundation/archive/nikolateslascoloradospringsnotes18991900
? "Tesla Colorado Springs Notes" → majestic-12-files (MAJESTIC 12 Files)
  ↓ downloading 0 files for majestic-12-files
/home/gian/agfarms/bucket-foundation/archive/majestic-12-files
? "Tesla problem of increasing human energy" → sharware (chestnut-multimedia)
  ↓ downloading 2 files for sharware
    FAIL chestnut/DLR/CONTENTS.pdf: [Errno 2] No such file or directory: '/home/gian/agfarms/bucket-foundation/archive/sharware/chestnut/DLR/CONTENTS.pdf'
    FAIL chestnut/DLR/CONTENTS_djvu.txt: [Errno 2] No such file or directory: '/home/gian/agfarms/bucket-foundation/archive/sharware/chestnut/DLR/CONTENTS_djvu.txt'
/home/gian/agfarms/bucket-foundation/archive/sharware
? "Einstein Relativity special general theory" → relativity_librivox (Relativity: The Special and General Theory)
  ↓ downloading 2 files for relativity_librivox
    skip (have): relativity_1003.pdf
    skip (have): relativity_1003_djvu.txt
/home/gian/agfarms/bucket-foundation/archive/relativity_librivox
? "Einstein 1905 photoelectric" → cia-readingroom-document-cia-rdp96-00788r001100010004-6 (CIA Reading Room cia-rdp96-00788r001100010004-6: PROCEEDINGS)
  ↓ downloading 3 files for cia-readingroom-document-cia-rdp96-00788r001100010004-6
    skip (have): cia-rdp96-00788r001100010004-6.pdf
    skip (have): cia-rdp96-00788r001100010004-6.epub
    skip (have): cia-rdp96-00788r001100010004-6_djvu.txt
/home/gian/agfarms/bucket-foundation/archive/cia-readingroom-document-cia-rdp96-00788r001100010004-6
? "Szent-Györgyi Bioenergetics" → bioenergetics00szen (Bioenergetics)
  ↓ downloading 3 files for bioenergetics00szen
    skip (have): bioenergetics00szen.pdf
    skip (have): bioenergetics00szen.epub
    skip (have): bioenergetics00szen_djvu.txt
/home/gian/agfarms/bucket-foundation/archive/bioenergetics00szen
NO HITS: Szent-Györgyi submolecular biology
? "Becker Body Electric" → die-or-d.i.y.-full-archive ((Blogger) Die or D.I.Y.? Full Archive)
  ↓ downloading 0 files for die-or-d.i.y.-full-archive
/home/gian/agfarms/bucket-foundation/archive/die-or-d.i.y.-full-archive
? "Becker Cross Currents" → ExtrasensoryPerceptionResearchFinding (Notes on the Paranormal)
  ↓ downloading 3 files for ExtrasensoryPerceptionResearchFinding
    skip (have): Extrasensory_Perception_Research_Finding.pdf
    skip (have): Extrasensory_Perception_Research_Finding.epub
    skip (have): Extrasensory_Perception_Research_Finding_djvu.txt
/home/gian/agfarms/bucket-foundation/archive/ExtrasensoryPerceptionResearchFinding
? "Ling physical theory living state" → BluePlanetProjectUFOTECHNOLOGY (Blue Planet Project UFO TECHNOLOGY)
  ↓ downloading 3 files for BluePlanetProjectUFOTECHNOLOGY
    skip (have): Blue Planet Project UFO TECHNOLOGY.pdf
    skip (have): Blue Planet Project UFO TECHNOLOGY.epub
    skip (have): Blue Planet Project UFO TECHNOLOGY_djvu.txt
/home/gian/agfarms/bucket-foundation/archive/BluePlanetProjectUFOTECHNOLOGY
? "Ling association induction" → ibogaine_literature (Ibogaine Literature)
  ↓ downloading 3 files for ibogaine_literature
    skip (have): abaul1989.pdf
    skip (have): agwada1975.pdf
    skip (have): abaul1989_djvu.txt
/home/gian/agfarms/bucket-foundation/archive/ibogaine_literature
? "Nordenström Biologically Closed Electric Circuits" → biokinetic-impacts-on-structure-and-imaging-of-the-lung-the-concept-of-biologica (Biokinetic Impacts on Structure and Imaging of the Lung the )
  ↓ downloading 3 files for biokinetic-impacts-on-structure-and-imaging-of-the-lung-the-concept-of-biologica
    skip (have): Biokinetic impacts on structure and imaging of the lung the concept of biologically closed electric circuits - Nordenstrom AJR 1985.pdf
    skip (have): Biokinetic impacts on structure and imaging of the lung the concept of biologically closed electric circuits - Nordenstrom AJR 1985.epub
    skip (have): Biokinetic impacts on structure and imaging of the lung the concept of biologically closed electric circuits - Nordenstrom AJR 1985_djvu.txt
/home/gian/agfarms/bucket-foundation/archive/biokinetic-impacts-on-structure-and-imaging-of-the-lung-the-concept-of-biologica
? "Euclid Elements Heath translation" → EuclidsElementsBooksIIIVolume1Heath (Euclid's Elements Books I II Volume 1 Heath)
  ↓ downloading 2 files for EuclidsElementsBooksIIIVolume1Heath
    skip (have): Euclid's_Elements_Books_I-II_Volume_1-Heath.pdf
    skip (have): Euclid's_Elements_Books_I-II_Volume_1-Heath_djvu.txt
/home/gian/agfarms/bucket-foundation/archive/EuclidsElementsBooksIIIVolume1Heath
? "Gauss Disquisitiones Arithmeticae" → disquisitionesa00gaus (Disquisitiones arithmeticae)
  ↓ downloading 3 files for disquisitionesa00gaus
    skip (have): disquisitionesa00gaus.pdf
    skip (have): disquisitionesa00gaus.epub
    skip (have): disquisitionesa00gaus_djvu.txt
/home/gian/agfarms/bucket-foundation/archive/disquisitionesa00gaus
? "Riemann zeta hypothesis" → logicalcross (LogicalCross)
  ↓ downloading 2 files for logicalcross
    skip (have): essay.pdf
    skip (have): essay_djvu.txt
/home/gian/agfarms/bucket-foundation/archive/logicalcross
? "Cantor set theory" → YouDontNeedAWeathermanToKnowWhichWayTheWindBlows_925 (You Don't Need A Weatherman To Know Which Way The Wind Blows)
  ↓ downloading 3 files for YouDontNeedAWeathermanToKnowWhichWayTheWindBlows_925
    skip (have): YouDontNeedAWeathermanToKnowWhichWayTheWindBlows_925.pdf
    skip (have): YouDontNeedAWeathermanToKnowWhichWayTheWindBlows_925.epub
    skip (have): YouDontNeedAWeathermanToKnowWhichWayTheWindBlows_925_djvu.txt
/home/gian/agfarms/bucket-foundation/archive/YouDontNeedAWeathermanToKnowWhichWayTheWindBlows_925
? "Dirac Principles of Quantum Mechanics" → academictorrents_f24122f15283757aa8a9bf9cb638db266273442d ([Coursera] Exploring Quantum Physics)
  ↓ downloading 3 files for academictorrents_f24122f15283757aa8a9bf9cb638db266273442d
    FAIL Lectures/Week 1 - 02 Wavefunctions and Schrdinger Equation/01_Part_I-_Comments_on_studying_QM_10-11.pdf: [Errno 2] No such file or directory: '/home/gian/agfarms/bucket-foundation/archive/academictorrents_f24122f15283757aa8a9bf9cb638db266273442d/Lectures/Week 1 - 02 Wavefunctions and Schrdinger Equation/01_Part_I-_Comments_on_studying_QM_10-11.pdf'
    FAIL Lectures/Week 8 - 17 Time-dependent quantum mechanics Victor Galitski/01_Part_I-_Time-dependent_Schrdinger_Eq._general_remarks_23-04.pdf: [Errno 2] No such file or directory: '/home/gian/agfarms/bucket-foundation/archive/academictorrents_f24122f15283757aa8a9bf9cb638db266273442d/Lectures/Week 8 - 17 Time-dependent quantum mechanics Victor Galitski/01_Part_I-_Time-dependent_Schrdinger_Eq._general_remarks_23-04.pdf'
    FAIL Lectures/Week 1 - 02 Wavefunctions and Schrdinger Equation/01_Part_I-_Comments_on_studying_QM_10-11_djvu.txt: HTTP Error 500: Internal Server Error
/home/gian/agfarms/bucket-foundation/archive/academictorrents_f24122f15283757aa8a9bf9cb638db266273442d
? "Feynman lectures on physics" → academictorrents_f24122f15283757aa8a9bf9cb638db266273442d ([Coursera] Exploring Quantum Physics)
  ↓ downloading 3 files for academictorrents_f24122f15283757aa8a9bf9cb638db266273442d
    FAIL Lectures/Week 1 - 02 Wavefunctions and Schrdinger Equation/01_Part_I-_Comments_on_studying_QM_10-11.pdf: [Errno 2] No such file or directory: '/home/gian/agfarms/bucket-foundation/archive/academictorrents_f24122f15283757aa8a9bf9cb638db266273442d/Lectures/Week 1 - 02 Wavefunctions and Schrdinger Equation/01_Part_I-_Comments_on_studying_QM_10-11.pdf'
    FAIL Lectures/Week 8 - 17 Time-dependent quantum mechanics Victor Galitski/01_Part_I-_Time-dependent_Schrdinger_Eq._general_remarks_23-04.pdf: [Errno 2] No such file or directory: '/home/gian/agfarms/bucket-foundation/archive/academictorrents_f24122f15283757aa8a9bf9cb638db266273442d/Lectures/Week 8 - 17 Time-dependent quantum mechanics Victor Galitski/01_Part_I-_Time-dependent_Schrdinger_Eq._general_remarks_23-04.pdf'
    FAIL Lectures/Week 1 - 02 Wavefunctions and Schrdinger Equation/01_Part_I-_Comments_on_studying_QM_10-11_djvu.txt: [Errno 2] No such file or directory: '/home/gian/agfarms/bucket-foundation/archive/academictorrents_f24122f15283757aa8a9bf9cb638db266273442d/Lectures/Week 1 - 02 Wavefunctions and Schrdinger Equation/01_Part_I-_Comments_on_studying_QM_10-11_djvu.txt'
/home/gian/agfarms/bucket-foundation/archive/academictorrents_f24122f15283757aa8a9bf9cb638db266273442d
? "Shannon mathematical theory of communication" → communications_primer (Communications Primer, A)
  ↓ downloading 0 files for communications_primer
/home/gian/agfarms/bucket-foundation/archive/communications_primer
? "Turing computable numbers 1936" → turingsvisionbir0000bern (Turing's vision : the birth of computer science)
  ↓ downloading 3 files for turingsvisionbir0000bern
    FAIL turingsvisionbir0000bern.pdf: HTTP Error 401: Unauthorized
    FAIL turingsvisionbir0000bern.epub: HTTP Error 403: Forbidden
    FAIL turingsvisionbir0000bern_djvu.txt: HTTP Error 401: Unauthorized
/home/gian/agfarms/bucket-foundation/archive/turingsvisionbir0000bern
? "Helmholtz On the Sensations of Tone" → onsensationsofto00helmrich (On the sensations of tone as a physiological basis for the t)
  ↓ downloading 3 files for onsensationsofto00helmrich
    skip (have): onsensationsofto00helmrich.pdf
    skip (have): onsensationsofto00helmrich.epub
    skip (have): onsensationsofto00helmrich_djvu.txt
/home/gian/agfarms/bucket-foundation/archive/onsensationsofto00helmrich
? "Helmholtz Treatise Physiological Optics" → ExtrasensoryPerceptionResearchFinding (Notes on the Paranormal)
  ↓ downloading 3 files for ExtrasensoryPerceptionResearchFinding
    skip (have): Extrasensory_Perception_Research_Finding.pdf
    skip (have): Extrasensory_Perception_Research_Finding.epub
    skip (have): Extrasensory_Perception_Research_Finding_djvu.txt
/home/gian/agfarms/bucket-foundation/archive/ExtrasensoryPerceptionResearchFinding
? "Schrodinger What is Life" → Necktar2017Volume9 (Necktar 2017 volume 9)
  ↓ downloading 0 files for Necktar2017Volume9
/home/gian/agfarms/bucket-foundation/archive/Necktar2017Volume9
? "Schrödinger Mind and Matter" → Necktar2017Volume9 (Necktar 2017 volume 9)
  ↓ downloading 0 files for Necktar2017Volume9
/home/gian/agfarms/bucket-foundation/archive/Necktar2017Volume9
? "Bohr Atomic Theory Description Nature" → ExtrasensoryPerceptionResearchFinding (Notes on the Paranormal)
  ↓ downloading 3 files for ExtrasensoryPerceptionResearchFinding
    skip (have): Extrasensory_Perception_Research_Finding.pdf
    skip (have): Extrasensory_Perception_Research_Finding.epub
    skip (have): Extrasensory_Perception_Research_Finding_djvu.txt
/home/gian/agfarms/bucket-foundation/archive/ExtrasensoryPerceptionResearchFinding
? "Heisenberg Physics Philosophy" → 216.TheLastEpisodeAtLeastForAWhileOrMaybeForever_670 (216. The Last Episode, at Least for a While, or Maybe Foreve)
  ↓ downloading 0 files for 216.TheLastEpisodeAtLeastForAWhileOrMaybeForever_670
/home/gian/agfarms/bucket-foundation/archive/216.TheLastEpisodeAtLeastForAWhileOrMaybeForever_670
? "Pauli Wolfgang lectures physics" → 1_20210412_20210412_0345 (Epigenesis, Existentialism and Creativity)
  ↓ downloading 0 files for 1_20210412_20210412_0345
/home/gian/agfarms/bucket-foundation/archive/1_20210412_20210412_0345
? "Wigner Eugene mind in physics" → cia-readingroom-document-cia-rdp96-00787r000500380004-4 (CIA Reading Room cia-rdp96-00787r000500380004-4: PSYCHIC PRO)
  ↓ downloading 3 files for cia-readingroom-document-cia-rdp96-00787r000500380004-4
    skip (have): cia-rdp96-00787r000500380004-4.pdf
    skip (have): cia-rdp96-00787r000500380004-4.epub
    skip (have): cia-rdp96-00787r000500380004-4_djvu.txt
/home/gian/agfarms/bucket-foundation/archive/cia-readingroom-document-cia-rdp96-00787r000500380004-4
? "Wheeler Geons Black Holes Quantum Foam" → geonsblackholesq00whee (Geons, black holes, and quantum foam : a life in physics)
  ↓ downloading 3 files for geonsblackholesq00whee
    FAIL geonsblackholesq00whee.pdf: HTTP Error 403: Forbidden
    FAIL geonsblackholesq00whee.epub: HTTP Error 403: Forbidden
    FAIL geonsblackholesq00whee_djvu.txt: HTTP Error 403: Forbidden
/home/gian/agfarms/bucket-foundation/archive/geonsblackholesq00whee
? "Pasteur fermentation" → mmoiresurlafer00past (Mémoire sur la fermentation alcoolique)
  ↓ downloading 2 files for mmoiresurlafer00past
    skip (have): mmoiresurlafer00past.pdf
    skip (have): mmoiresurlafer00past_djvu.txt
/home/gian/agfarms/bucket-foundation/archive/mmoiresurlafer00past
? "Darwin Origin of Species" → origin_species_librivox (On the Origin of Species by Means of Natural Selection)
  ↓ downloading 2 files for origin_species_librivox
    skip (have): On_the_Origin_of_Species_by_Means_of_Natural_Selection_1005.pdf
    skip (have): On_the_Origin_of_Species_by_Means_of_Natural_Selection_1005_djvu.txt
/home/gian/agfarms/bucket-foundation/archive/origin_species_librivox
? "Wallace contributions theory natural selection" → ExtrasensoryPerceptionResearchFinding (Notes on the Paranormal)
  ↓ downloading 3 files for ExtrasensoryPerceptionResearchFinding
    skip (have): Extrasensory_Perception_Research_Finding.pdf
    skip (have): Extrasensory_Perception_Research_Finding.epub
    skip (have): Extrasensory_Perception_Research_Finding_djvu.txt
/home/gian/agfarms/bucket-foundation/archive/ExtrasensoryPerceptionResearchFinding
? "Linus Pauling general chemistry" → introductiontoqu031712mbp (['Introduction To Quantum Mechanics', 'With Applications To Chemistry.'])
  ↓ downloading 3 files for introductiontoqu031712mbp
    skip (have): introductiontoqu031712mbp.pdf
    skip (have): introductiontoqu031712mbp.epub
    skip (have): introductiontoqu031712mbp_djvu.txt
/home/gian/agfarms/bucket-foundation/archive/introductiontoqu031712mbp
? "Linus Pauling vitamin C" → How_To_Live_Longer_And_Feel_Better_PDF (Linus Pauling PhD: How To Live Longer And Feel Better pdf)
  ↓ downloading 3 files for How_To_Live_Longer_And_Feel_Better_PDF
    skip (have): How to live longer and feel better - Pauling, Linus, 1901-1994.pdf
    skip (have): How to live longer and feel better - Pauling, Linus, 1901-1994.epub
    skip (have): How to live longer and feel better - Pauling, Linus, 1901-1994_djvu.txt
/home/gian/agfarms/bucket-foundation/archive/How_To_Live_Longer_And_Feel_Better_PDF
? "Crick what mad pursuit" → oxfordbookofmode0000unse_a2g6 (The Oxford book of modern science writing)
  ↓ downloading 3 files for oxfordbookofmode0000unse_a2g6
    FAIL oxfordbookofmode0000unse_a2g6.pdf: HTTP Error 403: Forbidden
    FAIL oxfordbookofmode0000unse_a2g6.epub: HTTP Error 403: Forbidden
    FAIL oxfordbookofmode0000unse_a2g6_djvu.txt: HTTP Error 403: Forbidden
/home/gian/agfarms/bucket-foundation/archive/oxfordbookofmode0000unse_a2g6
? "Schrödinger statistical thermodynamics" → yavorskydetlafamodernhandbookofphysicsmir1982 (A Modern Handbook Of Physics)
  ↓ downloading 3 files for yavorskydetlafamodernhandbookofphysicsmir1982
    skip (have): Yavorsky-Detlaf-A-Modern-Handbook-of-Physics-Mir-1982.pdf
    skip (have): Yavorsky-Detlaf-A-Modern-Handbook-of-Physics-Mir-1982.epub
    skip (have): Yavorsky-Detlaf-A-Modern-Handbook-of-Physics-Mir-1982_djvu.txt
/home/gian/agfarms/bucket-foundation/archive/yavorskydetlafamodernhandbookofphysicsmir1982
? "Boltzmann lectures gas theory" → lectures-on-gas-theory-ludwig-boltzmann (Lectures on Gas Theory - Ludwig Boltzmann, Stephen G. Brush)
  ↓ downloading 3 files for lectures-on-gas-theory-ludwig-boltzmann
    skip (have): Lectures on Gas Theory - Ludwig Boltzmann.pdf
    skip (have): Lectures on Gas Theory - Ludwig Boltzmann.epub
    skip (have): Lectures on Gas Theory - Ludwig Boltzmann_djvu.txt
/home/gian/agfarms/bucket-foundation/archive/lectures-on-gas-theory-ludwig-boltzmann
? "Carnot reflections motive power fire" → cia-readingroom-document-cia-rdp79-01194a000400140001-7 (CIA Reading Room cia-rdp79-01194a000400140001-7: CA PROPAGAN)
  ↓ downloading 3 files for cia-readingroom-document-cia-rdp79-01194a000400140001-7
    skip (have): cia-rdp79-01194a000400140001-7.pdf
    skip (have): cia-rdp79-01194a000400140001-7.epub
    skip (have): cia-rdp79-01194a000400140001-7_djvu.txt
/home/gian/agfarms/bucket-foundation/archive/cia-readingroom-document-cia-rdp79-01194a000400140001-7
? "Planck thermodynamik thermodynamics" → vorlesungenbert01plangoog (Vorlesungen über thermodynamik)
  ↓ downloading 2 files for vorlesungenbert01plangoog
    skip (have): vorlesungenbert01plangoog.pdf
    skip (have): vorlesungenbert01plangoog_djvu.txt
/home/gian/agfarms/bucket-foundation/archive/vorlesungenbert01plangoog
? "Lavoisier elements chemistry" → understanding-science (Understanding Science, Collected Edition, Vols 1-12)
  ↓ downloading 3 files for understanding-science
    skip (have): Understanding_Science-Vol_01_jpg85.pdf
    skip (have): Understanding_Science-Vol_01_jpg85.epub
    skip (have): Understanding_Science-Vol_01_jpg85_djvu.txt
/home/gian/agfarms/bucket-foundation/archive/understanding-science
? "Fourier analytical theory heat" → analyticaltheory00fourrich (The analytical theory of heat)
  ↓ downloading 3 files for analyticaltheory00fourrich
    skip (have): analyticaltheory00fourrich.pdf
    skip (have): analyticaltheory00fourrich.epub
    skip (have): analyticaltheory00fourrich_djvu.txt
/home/gian/agfarms/bucket-foundation/archive/analyticaltheory00fourrich
? "Galileo dialogue two world systems" → GalileiGalileoDialogueConcerningTheTwoChiefWorldSystemsEN155P. (Galilei, Galileo - Dialogue Concerning the two Chief World S)
  ↓ downloading 3 files for GalileiGalileoDialogueConcerningTheTwoChiefWorldSystemsEN155P.
    skip (have): Galilei, Galileo - Dialogue Concerning the two Chief World Systems (EN, 155 p.).pdf
    skip (have): Galilei, Galileo - Dialogue Concerning the two Chief World Systems (EN, 155 p.).epub
    skip (have): Galilei, Galileo - Dialogue Concerning the two Chief World Systems (EN, 155 p.)_djvu.txt
/home/gian/agfarms/bucket-foundation/archive/GalileiGalileoDialogueConcerningTheTwoChiefWorldSystemsEN155P.
? "Feynman QED" → MIT8.701F20 (MIT 8.701 Introduction to Nuclear and Particle Physics, Fall)
  ↓ downloading 0 files for MIT8.701F20
/home/gian/agfarms/bucket-foundation/archive/MIT8.701F20
? "Crick Watson DNA" → MIT7.01SCF11 (OCW Scholar: Fundamentals of Biology)
  ↓ downloading 0 files for MIT7.01SCF11
/home/gian/agfarms/bucket-foundation/archive/MIT7.01SCF11
? "Darwin descent of man" → descent_man_1_1011_librivox (The Descent of Man and Selection in Relation to Sex Part 1)
  ↓ downloading 2 files for descent_man_1_1011_librivox
    skip (have): descentman1_1011.pdf
    skip (have): descentman1_1011_djvu.txt
/home/gian/agfarms/bucket-foundation/archive/descent_man_1_1011_librivox
[2026-08-18T11:01:35-04:00] === archive runner done ===
[2026-08-19T18:04:30-04:00] === archive runner start ===
  ↓ downloading 3 files for the-universal-one-1926-walter-russell
    skip (have): TheUniversalOne1926WalterRussell.pdf
    skip (have): TheUniversalOne1926WalterRussell.epub
    skip (have): TheUniversalOne1926WalterRussell_djvu.txt
/home/gian/agfarms/bucket-foundation/archive/the-universal-one-1926-walter-russell
  ↓ downloading 3 files for principlesofchem00menduoft
    skip (have): principlesofchem00menduoft.pdf
    skip (have): principlesofchem00menduoft.epub
    skip (have): principlesofchem00menduoft_djvu.txt
/home/gian/agfarms/bucket-foundation/archive/principlesofchem00menduoft
  ↓ downloading 3 files for principlesofchem01menduoft
    skip (have): principlesofchem01menduoft.pdf
    skip (have): principlesofchem01menduoft.epub
    skip (have): principlesofchem01menduoft_djvu.txt
/home/gian/agfarms/bucket-foundation/archive/principlesofchem01menduoft
? "walter russell new concept universe" → ExtrasensoryPerceptionResearchFinding (Notes on the Paranormal)
  ↓ downloading 3 files for ExtrasensoryPerceptionResearchFinding
    skip (have): Extrasensory_Perception_Research_Finding.pdf
    skip (have): Extrasensory_Perception_Research_Finding.epub
    skip (have): Extrasensory_Perception_Research_Finding_djvu.txt
/home/gian/agfarms/bucket-foundation/archive/ExtrasensoryPerceptionResearchFinding
  ↓ downloading 3 files for newtonspmathema00newtrich
    skip (have): newtonspmathema00newtrich.pdf
    skip (have): newtonspmathema00newtrich.epub
    skip (have): newtonspmathema00newtrich_djvu.txt
/home/gian/agfarms/bucket-foundation/archive/newtonspmathema00newtrich
  ↓ downloading 3 files for principia00newtuoft
    skip (have): principia00newtuoft.pdf
    skip (have): principia00newtuoft.epub
    skip (have): principia00newtuoft_djvu.txt
/home/gian/agfarms/bucket-foundation/archive/principia00newtuoft
? "Newton Opticks 1704" → opticks_1203_librivox (Opticks)
  ↓ downloading 2 files for opticks_1203_librivox
    skip (have): opticks_1207.pdf
    skip (have): opticks_1207_djvu.txt
/home/gian/agfarms/bucket-foundation/archive/opticks_1203_librivox
? "Maxwell Treatise on Electricity and Magnetism volume 1" → electricandmagne01maxwrich (A treatise on electricity and magnetism)
  ↓ downloading 3 files for electricandmagne01maxwrich
    skip (have): electricandmagne01maxwrich.pdf
    skip (have): electricandmagne01maxwrich.epub
    skip (have): electricandmagne01maxwrich_djvu.txt
/home/gian/agfarms/bucket-foundation/archive/electricandmagne01maxwrich
? "Maxwell Treatise on Electricity and Magnetism volume 2" → electricandmagne01maxwrich (A treatise on electricity and magnetism)
  ↓ downloading 3 files for electricandmagne01maxwrich
    skip (have): electricandmagne01maxwrich.pdf
    skip (have): electricandmagne01maxwrich.epub
    skip (have): electricandmagne01maxwrich_djvu.txt
/home/gian/agfarms/bucket-foundation/archive/electricandmagne01maxwrich
? "Maxwell scientific papers" → scientificpapers01maxw (The scientific papers of James Clerk Maxwell)
  ↓ downloading 3 files for scientificpapers01maxw
    skip (have): scientificpapers01maxw.pdf
    skip (have): scientificpapers01maxw.epub
    skip (have): scientificpapers01maxw_djvu.txt
/home/gian/agfarms/bucket-foundation/archive/scientificpapers01maxw
? "Faraday Experimental Researches in Electricity volume 1" → ExtrasensoryPerceptionResearchFinding (Notes on the Paranormal)
  ↓ downloading 3 files for ExtrasensoryPerceptionResearchFinding
    skip (have): Extrasensory_Perception_Research_Finding.pdf
    skip (have): Extrasensory_Perception_Research_Finding.epub
    skip (have): Extrasensory_Perception_Research_Finding_djvu.txt
/home/gian/agfarms/bucket-foundation/archive/ExtrasensoryPerceptionResearchFinding
? "Faraday Experimental Researches in Electricity volume 2" → ExtrasensoryPerceptionResearchFinding (Notes on the Paranormal)
  ↓ downloading 3 files for ExtrasensoryPerceptionResearchFinding
    skip (have): Extrasensory_Perception_Research_Finding.pdf
    skip (have): Extrasensory_Perception_Research_Finding.epub
    skip (have): Extrasensory_Perception_Research_Finding_djvu.txt
/home/gian/agfarms/bucket-foundation/archive/ExtrasensoryPerceptionResearchFinding
? "Faraday Experimental Researches in Electricity volume 3" → ExtrasensoryPerceptionResearchFinding (Notes on the Paranormal)
  ↓ downloading 3 files for ExtrasensoryPerceptionResearchFinding
    skip (have): Extrasensory_Perception_Research_Finding.pdf
    skip (have): Extrasensory_Perception_Research_Finding.epub
    skip (have): Extrasensory_Perception_Research_Finding_djvu.txt
/home/gian/agfarms/bucket-foundation/archive/ExtrasensoryPerceptionResearchFinding
? "Tesla My Inventions" → nikolateslascoloradospringsnotes18991900 (Nikola Tesla's - All Published + Declassified Military Scien)
  ↓ downloading 4 files for nikolateslascoloradospringsnotes18991900
    FAIL TESLA/9-11 TESLA Report- Conspiracy Exposed(1).pdf: [Errno 2] No such file or directory: '/home/gian/agfarms/bucket-foundation/archive/nikolateslascoloradospringsnotes18991900/TESLA/9-11 TESLA Report- Conspiracy Exposed(1).pdf'
    FAIL TESLA/117_Some_Experiments_in_Teslas_Lab_with_Currents_of_High_Potential_and_High_Frequency.pdf: [Errno 2] No such file or directory: '/home/gian/agfarms/bucket-foundation/archive/nikolateslascoloradospringsnotes18991900/TESLA/117_Some_Experiments_in_Teslas_Lab_with_Currents_of_High_Potential_and_High_Frequency.pdf'
    FAIL TESLA/117_Some_Experiments_in_Teslas_Lab_with_Currents_of_High_Potential_and_High_Frequency.epub: [Errno 2] No such file or directory: '/home/gian/agfarms/bucket-foundation/archive/nikolateslascoloradospringsnotes18991900/TESLA/117_Some_Experiments_in_Teslas_Lab_with_Currents_of_High_Potential_and_High_Frequency.epub'
    FAIL TESLA/117_Some_Experiments_in_Teslas_Lab_with_Currents_of_High_Potential_and_High_Frequency_djvu.txt: [Errno 2] No such file or directory: '/home/gian/agfarms/bucket-foundation/archive/nikolateslascoloradospringsnotes18991900/TESLA/117_Some_Experiments_in_Teslas_Lab_with_Currents_of_High_Potential_and_High_Frequency_djvu.txt'
/home/gian/agfarms/bucket-foundation/archive/nikolateslascoloradospringsnotes18991900
? "Tesla Colorado Springs Notes" → majestic-12-files (MAJESTIC 12 Files)
  ↓ downloading 0 files for majestic-12-files
/home/gian/agfarms/bucket-foundation/archive/majestic-12-files
? "Tesla problem of increasing human energy" → sharware (chestnut-multimedia)
  ↓ downloading 2 files for sharware
    FAIL chestnut/DLR/CONTENTS.pdf: HTTP Error 500: Internal Server Error
    FAIL chestnut/DLR/CONTENTS_djvu.txt: HTTP Error 500: Internal Server Error
/home/gian/agfarms/bucket-foundation/archive/sharware
? "Einstein Relativity special general theory" → relativity_librivox (Relativity: The Special and General Theory)
  ↓ downloading 2 files for relativity_librivox
    skip (have): relativity_1003.pdf
    skip (have): relativity_1003_djvu.txt
/home/gian/agfarms/bucket-foundation/archive/relativity_librivox
? "Einstein 1905 photoelectric" → cia-readingroom-document-cia-rdp96-00788r001100010004-6 (CIA Reading Room cia-rdp96-00788r001100010004-6: PROCEEDINGS)
  ↓ downloading 3 files for cia-readingroom-document-cia-rdp96-00788r001100010004-6
    skip (have): cia-rdp96-00788r001100010004-6.pdf
    skip (have): cia-rdp96-00788r001100010004-6.epub
    skip (have): cia-rdp96-00788r001100010004-6_djvu.txt
/home/gian/agfarms/bucket-foundation/archive/cia-readingroom-document-cia-rdp96-00788r001100010004-6
? "Szent-Györgyi Bioenergetics" → bioenergetics00szen (Bioenergetics)
  ↓ downloading 3 files for bioenergetics00szen
    skip (have): bioenergetics00szen.pdf
    skip (have): bioenergetics00szen.epub
    skip (have): bioenergetics00szen_djvu.txt
/home/gian/agfarms/bucket-foundation/archive/bioenergetics00szen
NO HITS: Szent-Györgyi submolecular biology
? "Becker Body Electric" → die-or-d.i.y.-full-archive ((Blogger) Die or D.I.Y.? Full Archive)
  ↓ downloading 0 files for die-or-d.i.y.-full-archive
/home/gian/agfarms/bucket-foundation/archive/die-or-d.i.y.-full-archive
? "Becker Cross Currents" → ExtrasensoryPerceptionResearchFinding (Notes on the Paranormal)
  ↓ downloading 3 files for ExtrasensoryPerceptionResearchFinding
    skip (have): Extrasensory_Perception_Research_Finding.pdf
    skip (have): Extrasensory_Perception_Research_Finding.epub
    skip (have): Extrasensory_Perception_Research_Finding_djvu.txt
/home/gian/agfarms/bucket-foundation/archive/ExtrasensoryPerceptionResearchFinding
? "Ling physical theory living state" → BluePlanetProjectUFOTECHNOLOGY (Blue Planet Project UFO TECHNOLOGY)
  ↓ downloading 3 files for BluePlanetProjectUFOTECHNOLOGY
    skip (have): Blue Planet Project UFO TECHNOLOGY.pdf
    skip (have): Blue Planet Project UFO TECHNOLOGY.epub
    skip (have): Blue Planet Project UFO TECHNOLOGY_djvu.txt
/home/gian/agfarms/bucket-foundation/archive/BluePlanetProjectUFOTECHNOLOGY
? "Ling association induction" → ibogaine_literature (Ibogaine Literature)
  ↓ downloading 3 files for ibogaine_literature
    skip (have): abaul1989.pdf
    skip (have): agwada1975.pdf
    skip (have): abaul1989_djvu.txt
/home/gian/agfarms/bucket-foundation/archive/ibogaine_literature
? "Nordenström Biologically Closed Electric Circuits" → biokinetic-impacts-on-structure-and-imaging-of-the-lung-the-concept-of-biologica (Biokinetic Impacts on Structure and Imaging of the Lung the )
  ↓ downloading 3 files for biokinetic-impacts-on-structure-and-imaging-of-the-lung-the-concept-of-biologica
    skip (have): Biokinetic impacts on structure and imaging of the lung the concept of biologically closed electric circuits - Nordenstrom AJR 1985.pdf
    skip (have): Biokinetic impacts on structure and imaging of the lung the concept of biologically closed electric circuits - Nordenstrom AJR 1985.epub
    skip (have): Biokinetic impacts on structure and imaging of the lung the concept of biologically closed electric circuits - Nordenstrom AJR 1985_djvu.txt
/home/gian/agfarms/bucket-foundation/archive/biokinetic-impacts-on-structure-and-imaging-of-the-lung-the-concept-of-biologica
? "Euclid Elements Heath translation" → EuclidsElementsBooksIIIVolume1Heath (Euclid's Elements Books I II Volume 1 Heath)
  ↓ downloading 2 files for EuclidsElementsBooksIIIVolume1Heath
    skip (have): Euclid's_Elements_Books_I-II_Volume_1-Heath.pdf
    skip (have): Euclid's_Elements_Books_I-II_Volume_1-Heath_djvu.txt
/home/gian/agfarms/bucket-foundation/archive/EuclidsElementsBooksIIIVolume1Heath
? "Gauss Disquisitiones Arithmeticae" → disquisitionesa00gaus (Disquisitiones arithmeticae)
  ↓ downloading 3 files for disquisitionesa00gaus
    skip (have): disquisitionesa00gaus.pdf
    skip (have): disquisitionesa00gaus.epub
    skip (have): disquisitionesa00gaus_djvu.txt
/home/gian/agfarms/bucket-foundation/archive/disquisitionesa00gaus
? "Riemann zeta hypothesis" → logicalcross (LogicalCross)
  ↓ downloading 2 files for logicalcross
    skip (have): essay.pdf
    skip (have): essay_djvu.txt
/home/gian/agfarms/bucket-foundation/archive/logicalcross
? "Cantor set theory" → YouDontNeedAWeathermanToKnowWhichWayTheWindBlows_925 (You Don't Need A Weatherman To Know Which Way The Wind Blows)
  ↓ downloading 3 files for YouDontNeedAWeathermanToKnowWhichWayTheWindBlows_925
    skip (have): YouDontNeedAWeathermanToKnowWhichWayTheWindBlows_925.pdf
    skip (have): YouDontNeedAWeathermanToKnowWhichWayTheWindBlows_925.epub
    skip (have): YouDontNeedAWeathermanToKnowWhichWayTheWindBlows_925_djvu.txt
/home/gian/agfarms/bucket-foundation/archive/YouDontNeedAWeathermanToKnowWhichWayTheWindBlows_925
? "Dirac Principles of Quantum Mechanics" → academictorrents_f24122f15283757aa8a9bf9cb638db266273442d ([Coursera] Exploring Quantum Physics)
  ↓ downloading 3 files for academictorrents_f24122f15283757aa8a9bf9cb638db266273442d
    FAIL Lectures/Week 1 - 02 Wavefunctions and Schrdinger Equation/01_Part_I-_Comments_on_studying_QM_10-11.pdf: [Errno 2] No such file or directory: '/home/gian/agfarms/bucket-foundation/archive/academictorrents_f24122f15283757aa8a9bf9cb638db266273442d/Lectures/Week 1 - 02 Wavefunctions and Schrdinger Equation/01_Part_I-_Comments_on_studying_QM_10-11.pdf'
    FAIL Lectures/Week 8 - 17 Time-dependent quantum mechanics Victor Galitski/01_Part_I-_Time-dependent_Schrdinger_Eq._general_remarks_23-04.pdf: [Errno 2] No such file or directory: '/home/gian/agfarms/bucket-foundation/archive/academictorrents_f24122f15283757aa8a9bf9cb638db266273442d/Lectures/Week 8 - 17 Time-dependent quantum mechanics Victor Galitski/01_Part_I-_Time-dependent_Schrdinger_Eq._general_remarks_23-04.pdf'
    FAIL Lectures/Week 1 - 02 Wavefunctions and Schrdinger Equation/01_Part_I-_Comments_on_studying_QM_10-11_djvu.txt: [Errno 2] No such file or directory: '/home/gian/agfarms/bucket-foundation/archive/academictorrents_f24122f15283757aa8a9bf9cb638db266273442d/Lectures/Week 1 - 02 Wavefunctions and Schrdinger Equation/01_Part_I-_Comments_on_studying_QM_10-11_djvu.txt'
/home/gian/agfarms/bucket-foundation/archive/academictorrents_f24122f15283757aa8a9bf9cb638db266273442d
? "Feynman lectures on physics" → academictorrents_f24122f15283757aa8a9bf9cb638db266273442d ([Coursera] Exploring Quantum Physics)
  ↓ downloading 3 files for academictorrents_f24122f15283757aa8a9bf9cb638db266273442d
    FAIL Lectures/Week 1 - 02 Wavefunctions and Schrdinger Equation/01_Part_I-_Comments_on_studying_QM_10-11.pdf: [Errno 2] No such file or directory: '/home/gian/agfarms/bucket-foundation/archive/academictorrents_f24122f15283757aa8a9bf9cb638db266273442d/Lectures/Week 1 - 02 Wavefunctions and Schrdinger Equation/01_Part_I-_Comments_on_studying_QM_10-11.pdf'
    FAIL Lectures/Week 8 - 17 Time-dependent quantum mechanics Victor Galitski/01_Part_I-_Time-dependent_Schrdinger_Eq._general_remarks_23-04.pdf: [Errno 2] No such file or directory: '/home/gian/agfarms/bucket-foundation/archive/academictorrents_f24122f15283757aa8a9bf9cb638db266273442d/Lectures/Week 8 - 17 Time-dependent quantum mechanics Victor Galitski/01_Part_I-_Time-dependent_Schrdinger_Eq._general_remarks_23-04.pdf'
    FAIL Lectures/Week 1 - 02 Wavefunctions and Schrdinger Equation/01_Part_I-_Comments_on_studying_QM_10-11_djvu.txt: [Errno 2] No such file or directory: '/home/gian/agfarms/bucket-foundation/archive/academictorrents_f24122f15283757aa8a9bf9cb638db266273442d/Lectures/Week 1 - 02 Wavefunctions and Schrdinger Equation/01_Part_I-_Comments_on_studying_QM_10-11_djvu.txt'
/home/gian/agfarms/bucket-foundation/archive/academictorrents_f24122f15283757aa8a9bf9cb638db266273442d
? "Shannon mathematical theory of communication" → communications_primer (Communications Primer, A)
  ↓ downloading 0 files for communications_primer
/home/gian/agfarms/bucket-foundation/archive/communications_primer
? "Turing computable numbers 1936" → turingsvisionbir0000bern (Turing's vision : the birth of computer science)
  ↓ downloading 3 files for turingsvisionbir0000bern
    FAIL turingsvisionbir0000bern.pdf: HTTP Error 401: Unauthorized
    FAIL turingsvisionbir0000bern.epub: HTTP Error 401: Unauthorized
    FAIL turingsvisionbir0000bern_djvu.txt: HTTP Error 401: Unauthorized
/home/gian/agfarms/bucket-foundation/archive/turingsvisionbir0000bern
? "Helmholtz On the Sensations of Tone" → onsensationsofto00helmrich (On the sensations of tone as a physiological basis for the t)
  ↓ downloading 3 files for onsensationsofto00helmrich
    skip (have): onsensationsofto00helmrich.pdf
    skip (have): onsensationsofto00helmrich.epub
    skip (have): onsensationsofto00helmrich_djvu.txt
/home/gian/agfarms/bucket-foundation/archive/onsensationsofto00helmrich
? "Helmholtz Treatise Physiological Optics" → ExtrasensoryPerceptionResearchFinding (Notes on the Paranormal)
  ↓ downloading 3 files for ExtrasensoryPerceptionResearchFinding
    skip (have): Extrasensory_Perception_Research_Finding.pdf
    skip (have): Extrasensory_Perception_Research_Finding.epub
    skip (have): Extrasensory_Perception_Research_Finding_djvu.txt
/home/gian/agfarms/bucket-foundation/archive/ExtrasensoryPerceptionResearchFinding
? "Schrodinger What is Life" → Necktar2017Volume9 (Necktar 2017 volume 9)
  ↓ downloading 0 files for Necktar2017Volume9
/home/gian/agfarms/bucket-foundation/archive/Necktar2017Volume9
? "Schrödinger Mind and Matter" → Necktar2017Volume9 (Necktar 2017 volume 9)
  ↓ downloading 0 files for Necktar2017Volume9
/home/gian/agfarms/bucket-foundation/archive/Necktar2017Volume9
? "Bohr Atomic Theory Description Nature" → ExtrasensoryPerceptionResearchFinding (Notes on the Paranormal)
  ↓ downloading 3 files for ExtrasensoryPerceptionResearchFinding
    skip (have): Extrasensory_Perception_Research_Finding.pdf
    skip (have): Extrasensory_Perception_Research_Finding.epub
    skip (have): Extrasensory_Perception_Research_Finding_djvu.txt
/home/gian/agfarms/bucket-foundation/archive/ExtrasensoryPerceptionResearchFinding
? "Heisenberg Physics Philosophy" → 216.TheLastEpisodeAtLeastForAWhileOrMaybeForever_670 (216. The Last Episode, at Least for a While, or Maybe Foreve)
  ↓ downloading 0 files for 216.TheLastEpisodeAtLeastForAWhileOrMaybeForever_670
/home/gian/agfarms/bucket-foundation/archive/216.TheLastEpisodeAtLeastForAWhileOrMaybeForever_670
? "Pauli Wolfgang lectures physics" → 1_20210412_20210412_0345 (Epigenesis, Existentialism and Creativity)
  ↓ downloading 0 files for 1_20210412_20210412_0345
/home/gian/agfarms/bucket-foundation/archive/1_20210412_20210412_0345
? "Wigner Eugene mind in physics" → cia-readingroom-document-cia-rdp96-00787r000500380004-4 (CIA Reading Room cia-rdp96-00787r000500380004-4: PSYCHIC PRO)
  ↓ downloading 3 files for cia-readingroom-document-cia-rdp96-00787r000500380004-4
    skip (have): cia-rdp96-00787r000500380004-4.pdf
    skip (have): cia-rdp96-00787r000500380004-4.epub
    skip (have): cia-rdp96-00787r000500380004-4_djvu.txt
/home/gian/agfarms/bucket-foundation/archive/cia-readingroom-document-cia-rdp96-00787r000500380004-4
? "Wheeler Geons Black Holes Quantum Foam" → geonsblackholesq00whee (Geons, black holes, and quantum foam : a life in physics)
  ↓ downloading 3 files for geonsblackholesq00whee
    FAIL geonsblackholesq00whee.pdf: HTTP Error 401: Unauthorized
    FAIL geonsblackholesq00whee.epub: HTTP Error 401: Unauthorized
    FAIL geonsblackholesq00whee_djvu.txt: HTTP Error 401: Unauthorized
/home/gian/agfarms/bucket-foundation/archive/geonsblackholesq00whee
? "Pasteur fermentation" → mmoiresurlafer00past (Mémoire sur la fermentation alcoolique)
  ↓ downloading 2 files for mmoiresurlafer00past
    skip (have): mmoiresurlafer00past.pdf
    skip (have): mmoiresurlafer00past_djvu.txt
/home/gian/agfarms/bucket-foundation/archive/mmoiresurlafer00past
? "Darwin Origin of Species" → origin_species_librivox (On the Origin of Species by Means of Natural Selection)
  ↓ downloading 2 files for origin_species_librivox
    skip (have): On_the_Origin_of_Species_by_Means_of_Natural_Selection_1005.pdf
    skip (have): On_the_Origin_of_Species_by_Means_of_Natural_Selection_1005_djvu.txt
/home/gian/agfarms/bucket-foundation/archive/origin_species_librivox
? "Wallace contributions theory natural selection" → ExtrasensoryPerceptionResearchFinding (Notes on the Paranormal)
  ↓ downloading 3 files for ExtrasensoryPerceptionResearchFinding
    skip (have): Extrasensory_Perception_Research_Finding.pdf
    skip (have): Extrasensory_Perception_Research_Finding.epub
    skip (have): Extrasensory_Perception_Research_Finding_djvu.txt
/home/gian/agfarms/bucket-foundation/archive/ExtrasensoryPerceptionResearchFinding
? "Linus Pauling general chemistry" → introductiontoqu031712mbp (['Introduction To Quantum Mechanics', 'With Applications To Chemistry.'])
  ↓ downloading 3 files for introductiontoqu031712mbp
    skip (have): introductiontoqu031712mbp.pdf
    skip (have): introductiontoqu031712mbp.epub
    skip (have): introductiontoqu031712mbp_djvu.txt
/home/gian/agfarms/bucket-foundation/archive/introductiontoqu031712mbp
? "Linus Pauling vitamin C" → How_To_Live_Longer_And_Feel_Better_PDF (Linus Pauling PhD: How To Live Longer And Feel Better pdf)
  ↓ downloading 3 files for How_To_Live_Longer_And_Feel_Better_PDF
    skip (have): How to live longer and feel better - Pauling, Linus, 1901-1994.pdf
    skip (have): How to live longer and feel better - Pauling, Linus, 1901-1994.epub
    skip (have): How to live longer and feel better - Pauling, Linus, 1901-1994_djvu.txt
/home/gian/agfarms/bucket-foundation/archive/How_To_Live_Longer_And_Feel_Better_PDF
? "Crick what mad pursuit" → oxfordbookofmode0000unse_a2g6 (The Oxford book of modern science writing)
  ↓ downloading 3 files for oxfordbookofmode0000unse_a2g6
    FAIL oxfordbookofmode0000unse_a2g6.pdf: HTTP Error 401: Unauthorized
    FAIL oxfordbookofmode0000unse_a2g6.epub: HTTP Error 403: Forbidden
    FAIL oxfordbookofmode0000unse_a2g6_djvu.txt: HTTP Error 403: Forbidden
/home/gian/agfarms/bucket-foundation/archive/oxfordbookofmode0000unse_a2g6
? "Schrödinger statistical thermodynamics" → yavorskydetlafamodernhandbookofphysicsmir1982 (A Modern Handbook Of Physics)
  ↓ downloading 3 files for yavorskydetlafamodernhandbookofphysicsmir1982
    skip (have): Yavorsky-Detlaf-A-Modern-Handbook-of-Physics-Mir-1982.pdf
    skip (have): Yavorsky-Detlaf-A-Modern-Handbook-of-Physics-Mir-1982.epub
    skip (have): Yavorsky-Detlaf-A-Modern-Handbook-of-Physics-Mir-1982_djvu.txt
/home/gian/agfarms/bucket-foundation/archive/yavorskydetlafamodernhandbookofphysicsmir1982
? "Boltzmann lectures gas theory" → lectures-on-gas-theory-ludwig-boltzmann (Lectures on Gas Theory - Ludwig Boltzmann, Stephen G. Brush)
  ↓ downloading 3 files for lectures-on-gas-theory-ludwig-boltzmann
    skip (have): Lectures on Gas Theory - Ludwig Boltzmann.pdf
    skip (have): Lectures on Gas Theory - Ludwig Boltzmann.epub
    skip (have): Lectures on Gas Theory - Ludwig Boltzmann_djvu.txt
/home/gian/agfarms/bucket-foundation/archive/lectures-on-gas-theory-ludwig-boltzmann
? "Carnot reflections motive power fire" → cia-readingroom-document-cia-rdp79-01194a000400140001-7 (CIA Reading Room cia-rdp79-01194a000400140001-7: CA PROPAGAN)
  ↓ downloading 3 files for cia-readingroom-document-cia-rdp79-01194a000400140001-7
    skip (have): cia-rdp79-01194a000400140001-7.pdf
    skip (have): cia-rdp79-01194a000400140001-7.epub
    skip (have): cia-rdp79-01194a000400140001-7_djvu.txt
/home/gian/agfarms/bucket-foundation/archive/cia-readingroom-document-cia-rdp79-01194a000400140001-7
? "Planck thermodynamik thermodynamics" → vorlesungenbert01plangoog (Vorlesungen über thermodynamik)
  ↓ downloading 2 files for vorlesungenbert01plangoog
    skip (have): vorlesungenbert01plangoog.pdf
    skip (have): vorlesungenbert01plangoog_djvu.txt
/home/gian/agfarms/bucket-foundation/archive/vorlesungenbert01plangoog
? "Lavoisier elements chemistry" → understanding-science (Understanding Science, Collected Edition, Vols 1-12)
  ↓ downloading 3 files for understanding-science
    skip (have): Understanding_Science-Vol_01_jpg85.pdf
    skip (have): Understanding_Science-Vol_01_jpg85.epub
    skip (have): Understanding_Science-Vol_01_jpg85_djvu.txt
/home/gian/agfarms/bucket-foundation/archive/understanding-science
? "Fourier analytical theory heat" → analyticaltheory00fourrich (The analytical theory of heat)
  ↓ downloading 3 files for analyticaltheory00fourrich
    skip (have): analyticaltheory00fourrich.pdf
    skip (have): analyticaltheory00fourrich.epub
    skip (have): analyticaltheory00fourrich_djvu.txt
/home/gian/agfarms/bucket-foundation/archive/analyticaltheory00fourrich
? "Galileo dialogue two world systems" → GalileiGalileoDialogueConcerningTheTwoChiefWorldSystemsEN155P. (Galilei, Galileo - Dialogue Concerning the two Chief World S)
  ↓ downloading 3 files for GalileiGalileoDialogueConcerningTheTwoChiefWorldSystemsEN155P.
    skip (have): Galilei, Galileo - Dialogue Concerning the two Chief World Systems (EN, 155 p.).pdf
    skip (have): Galilei, Galileo - Dialogue Concerning the two Chief World Systems (EN, 155 p.).epub
    skip (have): Galilei, Galileo - Dialogue Concerning the two Chief World Systems (EN, 155 p.)_djvu.txt
/home/gian/agfarms/bucket-foundation/archive/GalileiGalileoDialogueConcerningTheTwoChiefWorldSystemsEN155P.
? "Feynman QED" → MIT8.701F20 (MIT 8.701 Introduction to Nuclear and Particle Physics, Fall)
  ↓ downloading 0 files for MIT8.701F20
/home/gian/agfarms/bucket-foundation/archive/MIT8.701F20
? "Crick Watson DNA" → MIT7.01SCF11 (OCW Scholar: Fundamentals of Biology)
  ↓ downloading 0 files for MIT7.01SCF11
/home/gian/agfarms/bucket-foundation/archive/MIT7.01SCF11
? "Darwin descent of man" → descent_man_1_1011_librivox (The Descent of Man and Selection in Relation to Sex Part 1)
  ↓ downloading 2 files for descent_man_1_1011_librivox
    skip (have): descentman1_1011.pdf
    skip (have): descentman1_1011_djvu.txt
/home/gian/agfarms/bucket-foundation/archive/descent_man_1_1011_librivox
[2026-08-19T18:07:37-04:00] === archive runner done ===
[2026-08-21T21:37:24-04:00] === archive runner start ===
  ↓ downloading 3 files for the-universal-one-1926-walter-russell
    skip (have): TheUniversalOne1926WalterRussell.pdf
    skip (have): TheUniversalOne1926WalterRussell.epub
    skip (have): TheUniversalOne1926WalterRussell_djvu.txt
/home/gian/agfarms/bucket-foundation/archive/the-universal-one-1926-walter-russell
  ↓ downloading 3 files for principlesofchem00menduoft
    skip (have): principlesofchem00menduoft.pdf
    skip (have): principlesofchem00menduoft.epub
    skip (have): principlesofchem00menduoft_djvu.txt
/home/gian/agfarms/bucket-foundation/archive/principlesofchem00menduoft
  ↓ downloading 3 files for principlesofchem01menduoft
    skip (have): principlesofchem01menduoft.pdf
    skip (have): principlesofchem01menduoft.epub
    skip (have): principlesofchem01menduoft_djvu.txt
/home/gian/agfarms/bucket-foundation/archive/principlesofchem01menduoft
? "walter russell new concept universe" → ExtrasensoryPerceptionResearchFinding (Notes on the Paranormal)
  ↓ downloading 3 files for ExtrasensoryPerceptionResearchFinding
    skip (have): Extrasensory_Perception_Research_Finding.pdf
    skip (have): Extrasensory_Perception_Research_Finding.epub
    skip (have): Extrasensory_Perception_Research_Finding_djvu.txt
/home/gian/agfarms/bucket-foundation/archive/ExtrasensoryPerceptionResearchFinding
  ↓ downloading 3 files for newtonspmathema00newtrich
    skip (have): newtonspmathema00newtrich.pdf
    skip (have): newtonspmathema00newtrich.epub
    skip (have): newtonspmathema00newtrich_djvu.txt
/home/gian/agfarms/bucket-foundation/archive/newtonspmathema00newtrich
  ↓ downloading 3 files for principia00newtuoft
    skip (have): principia00newtuoft.pdf
    skip (have): principia00newtuoft.epub
    skip (have): principia00newtuoft_djvu.txt
/home/gian/agfarms/bucket-foundation/archive/principia00newtuoft
? "Newton Opticks 1704" → opticks_1203_librivox (Opticks)
  ↓ downloading 2 files for opticks_1203_librivox
    skip (have): opticks_1207.pdf
    skip (have): opticks_1207_djvu.txt
/home/gian/agfarms/bucket-foundation/archive/opticks_1203_librivox
? "Maxwell Treatise on Electricity and Magnetism volume 1" → electricandmagne01maxwrich (A treatise on electricity and magnetism)
  ↓ downloading 3 files for electricandmagne01maxwrich
    skip (have): electricandmagne01maxwrich.pdf
    skip (have): electricandmagne01maxwrich.epub
    skip (have): electricandmagne01maxwrich_djvu.txt
/home/gian/agfarms/bucket-foundation/archive/electricandmagne01maxwrich
? "Maxwell Treatise on Electricity and Magnetism volume 2" → electricandmagne01maxwrich (A treatise on electricity and magnetism)
  ↓ downloading 3 files for electricandmagne01maxwrich
    skip (have): electricandmagne01maxwrich.pdf
    skip (have): electricandmagne01maxwrich.epub
    skip (have): electricandmagne01maxwrich_djvu.txt
/home/gian/agfarms/bucket-foundation/archive/electricandmagne01maxwrich
? "Maxwell scientific papers" → scientificpapers01maxw (The scientific papers of James Clerk Maxwell)
  ↓ downloading 3 files for scientificpapers01maxw
    skip (have): scientificpapers01maxw.pdf
    skip (have): scientificpapers01maxw.epub
    skip (have): scientificpapers01maxw_djvu.txt
/home/gian/agfarms/bucket-foundation/archive/scientificpapers01maxw
? "Faraday Experimental Researches in Electricity volume 1" → ExtrasensoryPerceptionResearchFinding (Notes on the Paranormal)
  ↓ downloading 3 files for ExtrasensoryPerceptionResearchFinding
    skip (have): Extrasensory_Perception_Research_Finding.pdf
    skip (have): Extrasensory_Perception_Research_Finding.epub
    skip (have): Extrasensory_Perception_Research_Finding_djvu.txt
/home/gian/agfarms/bucket-foundation/archive/ExtrasensoryPerceptionResearchFinding
? "Faraday Experimental Researches in Electricity volume 2" → ExtrasensoryPerceptionResearchFinding (Notes on the Paranormal)
  ↓ downloading 3 files for ExtrasensoryPerceptionResearchFinding
    skip (have): Extrasensory_Perception_Research_Finding.pdf
    skip (have): Extrasensory_Perception_Research_Finding.epub
    skip (have): Extrasensory_Perception_Research_Finding_djvu.txt
/home/gian/agfarms/bucket-foundation/archive/ExtrasensoryPerceptionResearchFinding
? "Faraday Experimental Researches in Electricity volume 3" → ExtrasensoryPerceptionResearchFinding (Notes on the Paranormal)
  ↓ downloading 3 files for ExtrasensoryPerceptionResearchFinding
    skip (have): Extrasensory_Perception_Research_Finding.pdf
    skip (have): Extrasensory_Perception_Research_Finding.epub
    skip (have): Extrasensory_Perception_Research_Finding_djvu.txt
/home/gian/agfarms/bucket-foundation/archive/ExtrasensoryPerceptionResearchFinding
? "Tesla My Inventions" → nikolateslascoloradospringsnotes18991900 (Nikola Tesla's - All Published + Declassified Military Scien)
  ↓ downloading 4 files for nikolateslascoloradospringsnotes18991900
    FAIL TESLA/9-11 TESLA Report- Conspiracy Exposed(1).pdf: [Errno 2] No such file or directory: '/home/gian/agfarms/bucket-foundation/archive/nikolateslascoloradospringsnotes18991900/TESLA/9-11 TESLA Report- Conspiracy Exposed(1).pdf'
    FAIL TESLA/117_Some_Experiments_in_Teslas_Lab_with_Currents_of_High_Potential_and_High_Frequency.pdf: [Errno 2] No such file or directory: '/home/gian/agfarms/bucket-foundation/archive/nikolateslascoloradospringsnotes18991900/TESLA/117_Some_Experiments_in_Teslas_Lab_with_Currents_of_High_Potential_and_High_Frequency.pdf'
    FAIL TESLA/117_Some_Experiments_in_Teslas_Lab_with_Currents_of_High_Potential_and_High_Frequency.epub: [Errno 2] No such file or directory: '/home/gian/agfarms/bucket-foundation/archive/nikolateslascoloradospringsnotes18991900/TESLA/117_Some_Experiments_in_Teslas_Lab_with_Currents_of_High_Potential_and_High_Frequency.epub'
    FAIL TESLA/117_Some_Experiments_in_Teslas_Lab_with_Currents_of_High_Potential_and_High_Frequency_djvu.txt: [Errno 2] No such file or directory: '/home/gian/agfarms/bucket-foundation/archive/nikolateslascoloradospringsnotes18991900/TESLA/117_Some_Experiments_in_Teslas_Lab_with_Currents_of_High_Potential_and_High_Frequency_djvu.txt'
/home/gian/agfarms/bucket-foundation/archive/nikolateslascoloradospringsnotes18991900
? "Tesla Colorado Springs Notes" → majestic-12-files (MAJESTIC 12 Files)
  ↓ downloading 0 files for majestic-12-files
/home/gian/agfarms/bucket-foundation/archive/majestic-12-files
? "Tesla problem of increasing human energy" → sharware (chestnut-multimedia)
  ↓ downloading 2 files for sharware
    FAIL chestnut/DLR/CONTENTS.pdf: [Errno 2] No such file or directory: '/home/gian/agfarms/bucket-foundation/archive/sharware/chestnut/DLR/CONTENTS.pdf'
    FAIL chestnut/DLR/CONTENTS_djvu.txt: [Errno 2] No such file or directory: '/home/gian/agfarms/bucket-foundation/archive/sharware/chestnut/DLR/CONTENTS_djvu.txt'
/home/gian/agfarms/bucket-foundation/archive/sharware
? "Einstein Relativity special general theory" → relativity_librivox (Relativity: The Special and General Theory)
  ↓ downloading 2 files for relativity_librivox
    skip (have): relativity_1003.pdf
    skip (have): relativity_1003_djvu.txt
/home/gian/agfarms/bucket-foundation/archive/relativity_librivox
? "Einstein 1905 photoelectric" → cia-readingroom-document-cia-rdp96-00788r001100010004-6 (CIA Reading Room cia-rdp96-00788r001100010004-6: PROCEEDINGS)
  ↓ downloading 3 files for cia-readingroom-document-cia-rdp96-00788r001100010004-6
    skip (have): cia-rdp96-00788r001100010004-6.pdf
    skip (have): cia-rdp96-00788r001100010004-6.epub
    skip (have): cia-rdp96-00788r001100010004-6_djvu.txt
/home/gian/agfarms/bucket-foundation/archive/cia-readingroom-document-cia-rdp96-00788r001100010004-6
? "Szent-Györgyi Bioenergetics" → bioenergetics00szen (Bioenergetics)
  ↓ downloading 3 files for bioenergetics00szen
    skip (have): bioenergetics00szen.pdf
    skip (have): bioenergetics00szen.epub
    skip (have): bioenergetics00szen_djvu.txt
/home/gian/agfarms/bucket-foundation/archive/bioenergetics00szen
NO HITS: Szent-Györgyi submolecular biology
? "Becker Body Electric" → die-or-d.i.y.-full-archive ((Blogger) Die or D.I.Y.? Full Archive)
  ↓ downloading 0 files for die-or-d.i.y.-full-archive
/home/gian/agfarms/bucket-foundation/archive/die-or-d.i.y.-full-archive
? "Becker Cross Currents" → ExtrasensoryPerceptionResearchFinding (Notes on the Paranormal)
  ↓ downloading 3 files for ExtrasensoryPerceptionResearchFinding
    skip (have): Extrasensory_Perception_Research_Finding.pdf
    skip (have): Extrasensory_Perception_Research_Finding.epub
    skip (have): Extrasensory_Perception_Research_Finding_djvu.txt
/home/gian/agfarms/bucket-foundation/archive/ExtrasensoryPerceptionResearchFinding
? "Ling physical theory living state" → BluePlanetProjectUFOTECHNOLOGY (Blue Planet Project UFO TECHNOLOGY)
  ↓ downloading 3 files for BluePlanetProjectUFOTECHNOLOGY
    skip (have): Blue Planet Project UFO TECHNOLOGY.pdf
    skip (have): Blue Planet Project UFO TECHNOLOGY.epub
    skip (have): Blue Planet Project UFO TECHNOLOGY_djvu.txt
/home/gian/agfarms/bucket-foundation/archive/BluePlanetProjectUFOTECHNOLOGY
? "Ling association induction" → ibogaine_literature (Ibogaine Literature)
  ↓ downloading 3 files for ibogaine_literature
    skip (have): abaul1989.pdf
    skip (have): agwada1975.pdf
    skip (have): abaul1989_djvu.txt
/home/gian/agfarms/bucket-foundation/archive/ibogaine_literature
? "Nordenström Biologically Closed Electric Circuits" → biokinetic-impacts-on-structure-and-imaging-of-the-lung-the-concept-of-biologica (Biokinetic Impacts on Structure and Imaging of the Lung the )
  ↓ downloading 3 files for biokinetic-impacts-on-structure-and-imaging-of-the-lung-the-concept-of-biologica
    skip (have): Biokinetic impacts on structure and imaging of the lung the concept of biologically closed electric circuits - Nordenstrom AJR 1985.pdf
    skip (have): Biokinetic impacts on structure and imaging of the lung the concept of biologically closed electric circuits - Nordenstrom AJR 1985.epub
    skip (have): Biokinetic impacts on structure and imaging of the lung the concept of biologically closed electric circuits - Nordenstrom AJR 1985_djvu.txt
/home/gian/agfarms/bucket-foundation/archive/biokinetic-impacts-on-structure-and-imaging-of-the-lung-the-concept-of-biologica
? "Euclid Elements Heath translation" → EuclidsElementsBooksIIIVolume1Heath (Euclid's Elements Books I II Volume 1 Heath)
  ↓ downloading 2 files for EuclidsElementsBooksIIIVolume1Heath
    skip (have): Euclid's_Elements_Books_I-II_Volume_1-Heath.pdf
    skip (have): Euclid's_Elements_Books_I-II_Volume_1-Heath_djvu.txt
/home/gian/agfarms/bucket-foundation/archive/EuclidsElementsBooksIIIVolume1Heath
? "Gauss Disquisitiones Arithmeticae" → disquisitionesa00gaus (Disquisitiones arithmeticae)
  ↓ downloading 3 files for disquisitionesa00gaus
    skip (have): disquisitionesa00gaus.pdf
    skip (have): disquisitionesa00gaus.epub
    skip (have): disquisitionesa00gaus_djvu.txt
/home/gian/agfarms/bucket-foundation/archive/disquisitionesa00gaus
? "Riemann zeta hypothesis" → logicalcross (LogicalCross)
  ↓ downloading 2 files for logicalcross
    skip (have): essay.pdf
    skip (have): essay_djvu.txt
/home/gian/agfarms/bucket-foundation/archive/logicalcross
? "Cantor set theory" → YouDontNeedAWeathermanToKnowWhichWayTheWindBlows_925 (You Don't Need A Weatherman To Know Which Way The Wind Blows)
  ↓ downloading 3 files for YouDontNeedAWeathermanToKnowWhichWayTheWindBlows_925
    skip (have): YouDontNeedAWeathermanToKnowWhichWayTheWindBlows_925.pdf
    skip (have): YouDontNeedAWeathermanToKnowWhichWayTheWindBlows_925.epub
    skip (have): YouDontNeedAWeathermanToKnowWhichWayTheWindBlows_925_djvu.txt
/home/gian/agfarms/bucket-foundation/archive/YouDontNeedAWeathermanToKnowWhichWayTheWindBlows_925
? "Dirac Principles of Quantum Mechanics" → academictorrents_f24122f15283757aa8a9bf9cb638db266273442d ([Coursera] Exploring Quantum Physics)
  ↓ downloading 3 files for academictorrents_f24122f15283757aa8a9bf9cb638db266273442d
    FAIL Lectures/Week 1 - 02 Wavefunctions and Schrdinger Equation/01_Part_I-_Comments_on_studying_QM_10-11.pdf: [Errno 2] No such file or directory: '/home/gian/agfarms/bucket-foundation/archive/academictorrents_f24122f15283757aa8a9bf9cb638db266273442d/Lectures/Week 1 - 02 Wavefunctions and Schrdinger Equation/01_Part_I-_Comments_on_studying_QM_10-11.pdf'
    FAIL Lectures/Week 8 - 17 Time-dependent quantum mechanics Victor Galitski/01_Part_I-_Time-dependent_Schrdinger_Eq._general_remarks_23-04.pdf: [Errno 2] No such file or directory: '/home/gian/agfarms/bucket-foundation/archive/academictorrents_f24122f15283757aa8a9bf9cb638db266273442d/Lectures/Week 8 - 17 Time-dependent quantum mechanics Victor Galitski/01_Part_I-_Time-dependent_Schrdinger_Eq._general_remarks_23-04.pdf'
    FAIL Lectures/Week 1 - 02 Wavefunctions and Schrdinger Equation/01_Part_I-_Comments_on_studying_QM_10-11_djvu.txt: [Errno 2] No such file or directory: '/home/gian/agfarms/bucket-foundation/archive/academictorrents_f24122f15283757aa8a9bf9cb638db266273442d/Lectures/Week 1 - 02 Wavefunctions and Schrdinger Equation/01_Part_I-_Comments_on_studying_QM_10-11_djvu.txt'
/home/gian/agfarms/bucket-foundation/archive/academictorrents_f24122f15283757aa8a9bf9cb638db266273442d
? "Feynman lectures on physics" → academictorrents_f24122f15283757aa8a9bf9cb638db266273442d ([Coursera] Exploring Quantum Physics)
  ↓ downloading 3 files for academictorrents_f24122f15283757aa8a9bf9cb638db266273442d
    FAIL Lectures/Week 1 - 02 Wavefunctions and Schrdinger Equation/01_Part_I-_Comments_on_studying_QM_10-11.pdf: [Errno 2] No such file or directory: '/home/gian/agfarms/bucket-foundation/archive/academictorrents_f24122f15283757aa8a9bf9cb638db266273442d/Lectures/Week 1 - 02 Wavefunctions and Schrdinger Equation/01_Part_I-_Comments_on_studying_QM_10-11.pdf'
    FAIL Lectures/Week 8 - 17 Time-dependent quantum mechanics Victor Galitski/01_Part_I-_Time-dependent_Schrdinger_Eq._general_remarks_23-04.pdf: [Errno 2] No such file or directory: '/home/gian/agfarms/bucket-foundation/archive/academictorrents_f24122f15283757aa8a9bf9cb638db266273442d/Lectures/Week 8 - 17 Time-dependent quantum mechanics Victor Galitski/01_Part_I-_Time-dependent_Schrdinger_Eq._general_remarks_23-04.pdf'
    FAIL Lectures/Week 1 - 02 Wavefunctions and Schrdinger Equation/01_Part_I-_Comments_on_studying_QM_10-11_djvu.txt: [Errno 2] No such file or directory: '/home/gian/agfarms/bucket-foundation/archive/academictorrents_f24122f15283757aa8a9bf9cb638db266273442d/Lectures/Week 1 - 02 Wavefunctions and Schrdinger Equation/01_Part_I-_Comments_on_studying_QM_10-11_djvu.txt'
/home/gian/agfarms/bucket-foundation/archive/academictorrents_f24122f15283757aa8a9bf9cb638db266273442d
? "Shannon mathematical theory of communication" → communications_primer (Communications Primer, A)
  ↓ downloading 0 files for communications_primer
/home/gian/agfarms/bucket-foundation/archive/communications_primer
? "Turing computable numbers 1936" → turingsvisionbir0000bern (Turing's vision : the birth of computer science)
  ↓ downloading 3 files for turingsvisionbir0000bern
    FAIL turingsvisionbir0000bern.pdf: HTTP Error 401: Unauthorized
    FAIL turingsvisionbir0000bern.epub: HTTP Error 401: Unauthorized
    FAIL turingsvisionbir0000bern_djvu.txt: HTTP Error 401: Unauthorized
/home/gian/agfarms/bucket-foundation/archive/turingsvisionbir0000bern
? "Helmholtz On the Sensations of Tone" → onsensationsofto00helmrich (On the sensations of tone as a physiological basis for the t)
  ↓ downloading 3 files for onsensationsofto00helmrich
    skip (have): onsensationsofto00helmrich.pdf
    skip (have): onsensationsofto00helmrich.epub
    skip (have): onsensationsofto00helmrich_djvu.txt
/home/gian/agfarms/bucket-foundation/archive/onsensationsofto00helmrich
? "Helmholtz Treatise Physiological Optics" → ExtrasensoryPerceptionResearchFinding (Notes on the Paranormal)
  ↓ downloading 3 files for ExtrasensoryPerceptionResearchFinding
    skip (have): Extrasensory_Perception_Research_Finding.pdf
    skip (have): Extrasensory_Perception_Research_Finding.epub
    skip (have): Extrasensory_Perception_Research_Finding_djvu.txt
/home/gian/agfarms/bucket-foundation/archive/ExtrasensoryPerceptionResearchFinding
? "Schrodinger What is Life" → Necktar2017Volume9 (Necktar 2017 volume 9)
  ↓ downloading 0 files for Necktar2017Volume9
/home/gian/agfarms/bucket-foundation/archive/Necktar2017Volume9
? "Schrödinger Mind and Matter" → Necktar2017Volume9 (Necktar 2017 volume 9)
  ↓ downloading 0 files for Necktar2017Volume9
/home/gian/agfarms/bucket-foundation/archive/Necktar2017Volume9
? "Bohr Atomic Theory Description Nature" → ExtrasensoryPerceptionResearchFinding (Notes on the Paranormal)
  ↓ downloading 3 files for ExtrasensoryPerceptionResearchFinding
    skip (have): Extrasensory_Perception_Research_Finding.pdf
    skip (have): Extrasensory_Perception_Research_Finding.epub
    skip (have): Extrasensory_Perception_Research_Finding_djvu.txt
/home/gian/agfarms/bucket-foundation/archive/ExtrasensoryPerceptionResearchFinding
? "Heisenberg Physics Philosophy" → 216.TheLastEpisodeAtLeastForAWhileOrMaybeForever_670 (216. The Last Episode, at Least for a While, or Maybe Foreve)
  ↓ downloading 0 files for 216.TheLastEpisodeAtLeastForAWhileOrMaybeForever_670
/home/gian/agfarms/bucket-foundation/archive/216.TheLastEpisodeAtLeastForAWhileOrMaybeForever_670
? "Pauli Wolfgang lectures physics" → 1_20210412_20210412_0345 (Epigenesis, Existentialism and Creativity)
  ↓ downloading 0 files for 1_20210412_20210412_0345
/home/gian/agfarms/bucket-foundation/archive/1_20210412_20210412_0345
? "Wigner Eugene mind in physics" → cia-readingroom-document-cia-rdp96-00787r000500380004-4 (CIA Reading Room cia-rdp96-00787r000500380004-4: PSYCHIC PRO)
  ↓ downloading 3 files for cia-readingroom-document-cia-rdp96-00787r000500380004-4
    skip (have): cia-rdp96-00787r000500380004-4.pdf
    skip (have): cia-rdp96-00787r000500380004-4.epub
    skip (have): cia-rdp96-00787r000500380004-4_djvu.txt
/home/gian/agfarms/bucket-foundation/archive/cia-readingroom-document-cia-rdp96-00787r000500380004-4
? "Wheeler Geons Black Holes Quantum Foam" → geonsblackholesq00whee (Geons, black holes, and quantum foam : a life in physics)
  ↓ downloading 3 files for geonsblackholesq00whee
    FAIL geonsblackholesq00whee.pdf: HTTP Error 403: Forbidden
    FAIL geonsblackholesq00whee.epub: HTTP Error 403: Forbidden
    FAIL geonsblackholesq00whee_djvu.txt: HTTP Error 403: Forbidden
/home/gian/agfarms/bucket-foundation/archive/geonsblackholesq00whee
? "Pasteur fermentation" → mmoiresurlafer00past (Mémoire sur la fermentation alcoolique)
  ↓ downloading 2 files for mmoiresurlafer00past
    skip (have): mmoiresurlafer00past.pdf
    skip (have): mmoiresurlafer00past_djvu.txt
/home/gian/agfarms/bucket-foundation/archive/mmoiresurlafer00past
? "Darwin Origin of Species" → origin_species_librivox (On the Origin of Species by Means of Natural Selection)
  ↓ downloading 2 files for origin_species_librivox
    skip (have): On_the_Origin_of_Species_by_Means_of_Natural_Selection_1005.pdf
    skip (have): On_the_Origin_of_Species_by_Means_of_Natural_Selection_1005_djvu.txt
/home/gian/agfarms/bucket-foundation/archive/origin_species_librivox
? "Wallace contributions theory natural selection" → ExtrasensoryPerceptionResearchFinding (Notes on the Paranormal)
  ↓ downloading 3 files for ExtrasensoryPerceptionResearchFinding
    skip (have): Extrasensory_Perception_Research_Finding.pdf
    skip (have): Extrasensory_Perception_Research_Finding.epub
    skip (have): Extrasensory_Perception_Research_Finding_djvu.txt
/home/gian/agfarms/bucket-foundation/archive/ExtrasensoryPerceptionResearchFinding
? "Linus Pauling general chemistry" → introductiontoqu031712mbp (['Introduction To Quantum Mechanics', 'With Applications To Chemistry.'])
  ↓ downloading 3 files for introductiontoqu031712mbp
    skip (have): introductiontoqu031712mbp.pdf
    skip (have): introductiontoqu031712mbp.epub
    skip (have): introductiontoqu031712mbp_djvu.txt
/home/gian/agfarms/bucket-foundation/archive/introductiontoqu031712mbp
? "Linus Pauling vitamin C" → How_To_Live_Longer_And_Feel_Better_PDF (Linus Pauling PhD: How To Live Longer And Feel Better pdf)
  ↓ downloading 3 files for How_To_Live_Longer_And_Feel_Better_PDF
    skip (have): How to live longer and feel better - Pauling, Linus, 1901-1994.pdf
    skip (have): How to live longer and feel better - Pauling, Linus, 1901-1994.epub
    skip (have): How to live longer and feel better - Pauling, Linus, 1901-1994_djvu.txt
/home/gian/agfarms/bucket-foundation/archive/How_To_Live_Longer_And_Feel_Better_PDF
? "Crick what mad pursuit" → oxfordbookofmode0000unse_a2g6 (The Oxford book of modern science writing)
  ↓ downloading 3 files for oxfordbookofmode0000unse_a2g6
    FAIL oxfordbookofmode0000unse_a2g6.pdf: HTTP Error 403: Forbidden
    FAIL oxfordbookofmode0000unse_a2g6.epub: HTTP Error 403: Forbidden
    FAIL oxfordbookofmode0000unse_a2g6_djvu.txt: HTTP Error 403: Forbidden
/home/gian/agfarms/bucket-foundation/archive/oxfordbookofmode0000unse_a2g6
? "Schrödinger statistical thermodynamics" → yavorskydetlafamodernhandbookofphysicsmir1982 (A Modern Handbook Of Physics)
  ↓ downloading 3 files for yavorskydetlafamodernhandbookofphysicsmir1982
    skip (have): Yavorsky-Detlaf-A-Modern-Handbook-of-Physics-Mir-1982.pdf
    skip (have): Yavorsky-Detlaf-A-Modern-Handbook-of-Physics-Mir-1982.epub
    skip (have): Yavorsky-Detlaf-A-Modern-Handbook-of-Physics-Mir-1982_djvu.txt
/home/gian/agfarms/bucket-foundation/archive/yavorskydetlafamodernhandbookofphysicsmir1982
? "Boltzmann lectures gas theory" → lectures-on-gas-theory-ludwig-boltzmann (Lectures on Gas Theory - Ludwig Boltzmann, Stephen G. Brush)
  ↓ downloading 3 files for lectures-on-gas-theory-ludwig-boltzmann
    skip (have): Lectures on Gas Theory - Ludwig Boltzmann.pdf
    skip (have): Lectures on Gas Theory - Ludwig Boltzmann.epub
    skip (have): Lectures on Gas Theory - Ludwig Boltzmann_djvu.txt
/home/gian/agfarms/bucket-foundation/archive/lectures-on-gas-theory-ludwig-boltzmann
? "Carnot reflections motive power fire" → cia-readingroom-document-cia-rdp79-01194a000400140001-7 (CIA Reading Room cia-rdp79-01194a000400140001-7: CA PROPAGAN)
  ↓ downloading 3 files for cia-readingroom-document-cia-rdp79-01194a000400140001-7
    skip (have): cia-rdp79-01194a000400140001-7.pdf
    skip (have): cia-rdp79-01194a000400140001-7.epub
    skip (have): cia-rdp79-01194a000400140001-7_djvu.txt
/home/gian/agfarms/bucket-foundation/archive/cia-readingroom-document-cia-rdp79-01194a000400140001-7
? "Planck thermodynamik thermodynamics" → vorlesungenbert01plangoog (Vorlesungen über thermodynamik)
  ↓ downloading 2 files for vorlesungenbert01plangoog
    skip (have): vorlesungenbert01plangoog.pdf
    skip (have): vorlesungenbert01plangoog_djvu.txt
/home/gian/agfarms/bucket-foundation/archive/vorlesungenbert01plangoog
? "Lavoisier elements chemistry" → understanding-science (Understanding Science, Collected Edition, Vols 1-12)
  ↓ downloading 3 files for understanding-science
    skip (have): Understanding_Science-Vol_01_jpg85.pdf
    skip (have): Understanding_Science-Vol_01_jpg85.epub
    skip (have): Understanding_Science-Vol_01_jpg85_djvu.txt
/home/gian/agfarms/bucket-foundation/archive/understanding-science
? "Fourier analytical theory heat" → analyticaltheory00fourrich (The analytical theory of heat)
  ↓ downloading 3 files for analyticaltheory00fourrich
    skip (have): analyticaltheory00fourrich.pdf
    skip (have): analyticaltheory00fourrich.epub
    skip (have): analyticaltheory00fourrich_djvu.txt
/home/gian/agfarms/bucket-foundation/archive/analyticaltheory00fourrich
? "Galileo dialogue two world systems" → GalileiGalileoDialogueConcerningTheTwoChiefWorldSystemsEN155P. (Galilei, Galileo - Dialogue Concerning the two Chief World S)
  ↓ downloading 3 files for GalileiGalileoDialogueConcerningTheTwoChiefWorldSystemsEN155P.
    skip (have): Galilei, Galileo - Dialogue Concerning the two Chief World Systems (EN, 155 p.).pdf
    skip (have): Galilei, Galileo - Dialogue Concerning the two Chief World Systems (EN, 155 p.).epub
    skip (have): Galilei, Galileo - Dialogue Concerning the two Chief World Systems (EN, 155 p.)_djvu.txt
/home/gian/agfarms/bucket-foundation/archive/GalileiGalileoDialogueConcerningTheTwoChiefWorldSystemsEN155P.
? "Feynman QED" → MIT8.701F20 (MIT 8.701 Introduction to Nuclear and Particle Physics, Fall)
  ↓ downloading 0 files for MIT8.701F20
/home/gian/agfarms/bucket-foundation/archive/MIT8.701F20
? "Crick Watson DNA" → MIT7.01SCF11 (OCW Scholar: Fundamentals of Biology)
  ↓ downloading 0 files for MIT7.01SCF11
/home/gian/agfarms/bucket-foundation/archive/MIT7.01SCF11
? "Darwin descent of man" → descent_man_1_1011_librivox (The Descent of Man and Selection in Relation to Sex Part 1)
  ↓ downloading 2 files for descent_man_1_1011_librivox
    skip (have): descentman1_1011.pdf
    skip (have): descentman1_1011_djvu.txt
/home/gian/agfarms/bucket-foundation/archive/descent_man_1_1011_librivox
[2026-08-21T21:39:49-04:00] === archive runner done ===
[2026-08-22T21:37:39-04:00] === archive runner start ===
  ↓ downloading 3 files for the-universal-one-1926-walter-russell
    skip (have): TheUniversalOne1926WalterRussell.pdf
    skip (have): TheUniversalOne1926WalterRussell.epub
    skip (have): TheUniversalOne1926WalterRussell_djvu.txt
/home/gian/agfarms/bucket-foundation/archive/the-universal-one-1926-walter-russell
  ↓ downloading 3 files for principlesofchem00menduoft
    skip (have): principlesofchem00menduoft.pdf
    skip (have): principlesofchem00menduoft.epub
    skip (have): principlesofchem00menduoft_djvu.txt
/home/gian/agfarms/bucket-foundation/archive/principlesofchem00menduoft
  ↓ downloading 3 files for principlesofchem01menduoft
    skip (have): principlesofchem01menduoft.pdf
    skip (have): principlesofchem01menduoft.epub
    skip (have): principlesofchem01menduoft_djvu.txt
/home/gian/agfarms/bucket-foundation/archive/principlesofchem01menduoft
? "walter russell new concept universe" → ExtrasensoryPerceptionResearchFinding (Notes on the Paranormal)
  ↓ downloading 3 files for ExtrasensoryPerceptionResearchFinding
    skip (have): Extrasensory_Perception_Research_Finding.pdf
    skip (have): Extrasensory_Perception_Research_Finding.epub
    skip (have): Extrasensory_Perception_Research_Finding_djvu.txt
/home/gian/agfarms/bucket-foundation/archive/ExtrasensoryPerceptionResearchFinding
  ↓ downloading 3 files for newtonspmathema00newtrich
    skip (have): newtonspmathema00newtrich.pdf
    skip (have): newtonspmathema00newtrich.epub
    skip (have): newtonspmathema00newtrich_djvu.txt
/home/gian/agfarms/bucket-foundation/archive/newtonspmathema00newtrich
  ↓ downloading 3 files for principia00newtuoft
    skip (have): principia00newtuoft.pdf
    skip (have): principia00newtuoft.epub
    skip (have): principia00newtuoft_djvu.txt
/home/gian/agfarms/bucket-foundation/archive/principia00newtuoft
? "Newton Opticks 1704" → opticks_1203_librivox (Opticks)
  ↓ downloading 2 files for opticks_1203_librivox
    skip (have): opticks_1207.pdf
    skip (have): opticks_1207_djvu.txt
/home/gian/agfarms/bucket-foundation/archive/opticks_1203_librivox
? "Maxwell Treatise on Electricity and Magnetism volume 1" → electricandmagne01maxwrich (A treatise on electricity and magnetism)
  ↓ downloading 3 files for electricandmagne01maxwrich
    skip (have): electricandmagne01maxwrich.pdf
    skip (have): electricandmagne01maxwrich.epub
    skip (have): electricandmagne01maxwrich_djvu.txt
/home/gian/agfarms/bucket-foundation/archive/electricandmagne01maxwrich
? "Maxwell Treatise on Electricity and Magnetism volume 2" → electricandmagne01maxwrich (A treatise on electricity and magnetism)
  ↓ downloading 3 files for electricandmagne01maxwrich
    skip (have): electricandmagne01maxwrich.pdf
    skip (have): electricandmagne01maxwrich.epub
    skip (have): electricandmagne01maxwrich_djvu.txt
/home/gian/agfarms/bucket-foundation/archive/electricandmagne01maxwrich
? "Maxwell scientific papers" → scientificpapers01maxw (The scientific papers of James Clerk Maxwell)
  ↓ downloading 3 files for scientificpapers01maxw
    skip (have): scientificpapers01maxw.pdf
    skip (have): scientificpapers01maxw.epub
    skip (have): scientificpapers01maxw_djvu.txt
/home/gian/agfarms/bucket-foundation/archive/scientificpapers01maxw
? "Faraday Experimental Researches in Electricity volume 1" → ExtrasensoryPerceptionResearchFinding (Notes on the Paranormal)
  ↓ downloading 3 files for ExtrasensoryPerceptionResearchFinding
    skip (have): Extrasensory_Perception_Research_Finding.pdf
    skip (have): Extrasensory_Perception_Research_Finding.epub
    skip (have): Extrasensory_Perception_Research_Finding_djvu.txt
/home/gian/agfarms/bucket-foundation/archive/ExtrasensoryPerceptionResearchFinding
? "Faraday Experimental Researches in Electricity volume 2" → ExtrasensoryPerceptionResearchFinding (Notes on the Paranormal)
  ↓ downloading 3 files for ExtrasensoryPerceptionResearchFinding
    skip (have): Extrasensory_Perception_Research_Finding.pdf
    skip (have): Extrasensory_Perception_Research_Finding.epub
    skip (have): Extrasensory_Perception_Research_Finding_djvu.txt
/home/gian/agfarms/bucket-foundation/archive/ExtrasensoryPerceptionResearchFinding
? "Faraday Experimental Researches in Electricity volume 3" → ExtrasensoryPerceptionResearchFinding (Notes on the Paranormal)
  ↓ downloading 3 files for ExtrasensoryPerceptionResearchFinding
    skip (have): Extrasensory_Perception_Research_Finding.pdf
    skip (have): Extrasensory_Perception_Research_Finding.epub
    skip (have): Extrasensory_Perception_Research_Finding_djvu.txt
/home/gian/agfarms/bucket-foundation/archive/ExtrasensoryPerceptionResearchFinding
? "Tesla My Inventions" → pbsnovadocs (PBS Nova Documentaries)
  ↓ downloading 0 files for pbsnovadocs
/home/gian/agfarms/bucket-foundation/archive/pbsnovadocs
? "Tesla Colorado Springs Notes" → majestic-12-files (MAJESTIC 12 Files)
  ↓ downloading 0 files for majestic-12-files
/home/gian/agfarms/bucket-foundation/archive/majestic-12-files
? "Tesla problem of increasing human energy" → sharware (chestnut-multimedia)
  ↓ downloading 2 files for sharware
    FAIL chestnut/DLR/CONTENTS.pdf: [Errno 2] No such file or directory: '/home/gian/agfarms/bucket-foundation/archive/sharware/chestnut/DLR/CONTENTS.pdf'
    FAIL chestnut/DLR/CONTENTS_djvu.txt: [Errno 2] No such file or directory: '/home/gian/agfarms/bucket-foundation/archive/sharware/chestnut/DLR/CONTENTS_djvu.txt'
/home/gian/agfarms/bucket-foundation/archive/sharware
? "Einstein Relativity special general theory" → relativity_librivox (Relativity: The Special and General Theory)
  ↓ downloading 2 files for relativity_librivox
    skip (have): relativity_1003.pdf
    skip (have): relativity_1003_djvu.txt
/home/gian/agfarms/bucket-foundation/archive/relativity_librivox
? "Einstein 1905 photoelectric" → cia-readingroom-document-cia-rdp96-00788r001100010004-6 (CIA Reading Room cia-rdp96-00788r001100010004-6: PROCEEDINGS)
  ↓ downloading 3 files for cia-readingroom-document-cia-rdp96-00788r001100010004-6
    skip (have): cia-rdp96-00788r001100010004-6.pdf
    skip (have): cia-rdp96-00788r001100010004-6.epub
    skip (have): cia-rdp96-00788r001100010004-6_djvu.txt
/home/gian/agfarms/bucket-foundation/archive/cia-readingroom-document-cia-rdp96-00788r001100010004-6
? "Szent-Györgyi Bioenergetics" → bioenergetics00szen (Bioenergetics)
  ↓ downloading 3 files for bioenergetics00szen
    skip (have): bioenergetics00szen.pdf
    skip (have): bioenergetics00szen.epub
    skip (have): bioenergetics00szen_djvu.txt
/home/gian/agfarms/bucket-foundation/archive/bioenergetics00szen
NO HITS: Szent-Györgyi submolecular biology
? "Becker Body Electric" → die-or-d.i.y.-full-archive ((Blogger) Die or D.I.Y.? Full Archive)
  ↓ downloading 0 files for die-or-d.i.y.-full-archive
/home/gian/agfarms/bucket-foundation/archive/die-or-d.i.y.-full-archive
? "Becker Cross Currents" → ExtrasensoryPerceptionResearchFinding (Notes on the Paranormal)
  ↓ downloading 3 files for ExtrasensoryPerceptionResearchFinding
    skip (have): Extrasensory_Perception_Research_Finding.pdf
    skip (have): Extrasensory_Perception_Research_Finding.epub
    skip (have): Extrasensory_Perception_Research_Finding_djvu.txt
/home/gian/agfarms/bucket-foundation/archive/ExtrasensoryPerceptionResearchFinding
? "Ling physical theory living state" → BluePlanetProjectUFOTECHNOLOGY (Blue Planet Project UFO TECHNOLOGY)
  ↓ downloading 3 files for BluePlanetProjectUFOTECHNOLOGY
    skip (have): Blue Planet Project UFO TECHNOLOGY.pdf
    skip (have): Blue Planet Project UFO TECHNOLOGY.epub
    skip (have): Blue Planet Project UFO TECHNOLOGY_djvu.txt
/home/gian/agfarms/bucket-foundation/archive/BluePlanetProjectUFOTECHNOLOGY
? "Ling association induction" → ibogaine_literature (Ibogaine Literature)
  ↓ downloading 3 files for ibogaine_literature
    skip (have): abaul1989.pdf
    skip (have): agwada1975.pdf
    skip (have): abaul1989_djvu.txt
/home/gian/agfarms/bucket-foundation/archive/ibogaine_literature
? "Nordenström Biologically Closed Electric Circuits" → biokinetic-impacts-on-structure-and-imaging-of-the-lung-the-concept-of-biologica (Biokinetic Impacts on Structure and Imaging of the Lung the )
  ↓ downloading 3 files for biokinetic-impacts-on-structure-and-imaging-of-the-lung-the-concept-of-biologica
    skip (have): Biokinetic impacts on structure and imaging of the lung the concept of biologically closed electric circuits - Nordenstrom AJR 1985.pdf
    skip (have): Biokinetic impacts on structure and imaging of the lung the concept of biologically closed electric circuits - Nordenstrom AJR 1985.epub
    skip (have): Biokinetic impacts on structure and imaging of the lung the concept of biologically closed electric circuits - Nordenstrom AJR 1985_djvu.txt
/home/gian/agfarms/bucket-foundation/archive/biokinetic-impacts-on-structure-and-imaging-of-the-lung-the-concept-of-biologica
? "Euclid Elements Heath translation" → EuclidsElementsBooksIIIVolume1Heath (Euclid's Elements Books I II Volume 1 Heath)
  ↓ downloading 2 files for EuclidsElementsBooksIIIVolume1Heath
    skip (have): Euclid's_Elements_Books_I-II_Volume_1-Heath.pdf
    skip (have): Euclid's_Elements_Books_I-II_Volume_1-Heath_djvu.txt
/home/gian/agfarms/bucket-foundation/archive/EuclidsElementsBooksIIIVolume1Heath
? "Gauss Disquisitiones Arithmeticae" → disquisitionesa00gaus (Disquisitiones arithmeticae)
  ↓ downloading 3 files for disquisitionesa00gaus
    skip (have): disquisitionesa00gaus.pdf
    skip (have): disquisitionesa00gaus.epub
    skip (have): disquisitionesa00gaus_djvu.txt
/home/gian/agfarms/bucket-foundation/archive/disquisitionesa00gaus
? "Riemann zeta hypothesis" → logicalcross (LogicalCross)
  ↓ downloading 2 files for logicalcross
    skip (have): essay.pdf
    skip (have): essay_djvu.txt
/home/gian/agfarms/bucket-foundation/archive/logicalcross
? "Cantor set theory" → YouDontNeedAWeathermanToKnowWhichWayTheWindBlows_925 (You Don't Need A Weatherman To Know Which Way The Wind Blows)
  ↓ downloading 3 files for YouDontNeedAWeathermanToKnowWhichWayTheWindBlows_925
    skip (have): YouDontNeedAWeathermanToKnowWhichWayTheWindBlows_925.pdf
    skip (have): YouDontNeedAWeathermanToKnowWhichWayTheWindBlows_925.epub
    skip (have): YouDontNeedAWeathermanToKnowWhichWayTheWindBlows_925_djvu.txt
/home/gian/agfarms/bucket-foundation/archive/YouDontNeedAWeathermanToKnowWhichWayTheWindBlows_925
? "Dirac Principles of Quantum Mechanics" → academictorrents_f24122f15283757aa8a9bf9cb638db266273442d ([Coursera] Exploring Quantum Physics)
  ↓ downloading 3 files for academictorrents_f24122f15283757aa8a9bf9cb638db266273442d
    FAIL Lectures/Week 1 - 02 Wavefunctions and Schrdinger Equation/01_Part_I-_Comments_on_studying_QM_10-11.pdf: [Errno 2] No such file or directory: '/home/gian/agfarms/bucket-foundation/archive/academictorrents_f24122f15283757aa8a9bf9cb638db266273442d/Lectures/Week 1 - 02 Wavefunctions and Schrdinger Equation/01_Part_I-_Comments_on_studying_QM_10-11.pdf'
    FAIL Lectures/Week 8 - 17 Time-dependent quantum mechanics Victor Galitski/01_Part_I-_Time-dependent_Schrdinger_Eq._general_remarks_23-04.pdf: [Errno 2] No such file or directory: '/home/gian/agfarms/bucket-foundation/archive/academictorrents_f24122f15283757aa8a9bf9cb638db266273442d/Lectures/Week 8 - 17 Time-dependent quantum mechanics Victor Galitski/01_Part_I-_Time-dependent_Schrdinger_Eq._general_remarks_23-04.pdf'
    FAIL Lectures/Week 1 - 02 Wavefunctions and Schrdinger Equation/01_Part_I-_Comments_on_studying_QM_10-11_djvu.txt: [Errno 2] No such file or directory: '/home/gian/agfarms/bucket-foundation/archive/academictorrents_f24122f15283757aa8a9bf9cb638db266273442d/Lectures/Week 1 - 02 Wavefunctions and Schrdinger Equation/01_Part_I-_Comments_on_studying_QM_10-11_djvu.txt'
/home/gian/agfarms/bucket-foundation/archive/academictorrents_f24122f15283757aa8a9bf9cb638db266273442d
? "Feynman lectures on physics" → academictorrents_f24122f15283757aa8a9bf9cb638db266273442d ([Coursera] Exploring Quantum Physics)
  ↓ downloading 3 files for academictorrents_f24122f15283757aa8a9bf9cb638db266273442d
    FAIL Lectures/Week 1 - 02 Wavefunctions and Schrdinger Equation/01_Part_I-_Comments_on_studying_QM_10-11.pdf: [Errno 2] No such file or directory: '/home/gian/agfarms/bucket-foundation/archive/academictorrents_f24122f15283757aa8a9bf9cb638db266273442d/Lectures/Week 1 - 02 Wavefunctions and Schrdinger Equation/01_Part_I-_Comments_on_studying_QM_10-11.pdf'
    FAIL Lectures/Week 8 - 17 Time-dependent quantum mechanics Victor Galitski/01_Part_I-_Time-dependent_Schrdinger_Eq._general_remarks_23-04.pdf: [Errno 2] No such file or directory: '/home/gian/agfarms/bucket-foundation/archive/academictorrents_f24122f15283757aa8a9bf9cb638db266273442d/Lectures/Week 8 - 17 Time-dependent quantum mechanics Victor Galitski/01_Part_I-_Time-dependent_Schrdinger_Eq._general_remarks_23-04.pdf'
    FAIL Lectures/Week 1 - 02 Wavefunctions and Schrdinger Equation/01_Part_I-_Comments_on_studying_QM_10-11_djvu.txt: [Errno 2] No such file or directory: '/home/gian/agfarms/bucket-foundation/archive/academictorrents_f24122f15283757aa8a9bf9cb638db266273442d/Lectures/Week 1 - 02 Wavefunctions and Schrdinger Equation/01_Part_I-_Comments_on_studying_QM_10-11_djvu.txt'
/home/gian/agfarms/bucket-foundation/archive/academictorrents_f24122f15283757aa8a9bf9cb638db266273442d
? "Shannon mathematical theory of communication" → communications_primer (Communications Primer, A)
  ↓ downloading 0 files for communications_primer
/home/gian/agfarms/bucket-foundation/archive/communications_primer
? "Turing computable numbers 1936" → turingsvisionbir0000bern (Turing's vision : the birth of computer science)
  ↓ downloading 3 files for turingsvisionbir0000bern
    FAIL turingsvisionbir0000bern.pdf: HTTP Error 401: Unauthorized
    FAIL turingsvisionbir0000bern.epub: HTTP Error 401: Unauthorized
    FAIL turingsvisionbir0000bern_djvu.txt: HTTP Error 401: Unauthorized
/home/gian/agfarms/bucket-foundation/archive/turingsvisionbir0000bern
? "Helmholtz On the Sensations of Tone" → onsensationsofto00helmrich (On the sensations of tone as a physiological basis for the t)
  ↓ downloading 3 files for onsensationsofto00helmrich
    skip (have): onsensationsofto00helmrich.pdf
    skip (have): onsensationsofto00helmrich.epub
    skip (have): onsensationsofto00helmrich_djvu.txt
/home/gian/agfarms/bucket-foundation/archive/onsensationsofto00helmrich
? "Helmholtz Treatise Physiological Optics" → ExtrasensoryPerceptionResearchFinding (Notes on the Paranormal)
  ↓ downloading 3 files for ExtrasensoryPerceptionResearchFinding
    skip (have): Extrasensory_Perception_Research_Finding.pdf
    skip (have): Extrasensory_Perception_Research_Finding.epub
    skip (have): Extrasensory_Perception_Research_Finding_djvu.txt
/home/gian/agfarms/bucket-foundation/archive/ExtrasensoryPerceptionResearchFinding
? "Schrodinger What is Life" → Necktar2017Volume9 (Necktar 2017 volume 9)
  ↓ downloading 0 files for Necktar2017Volume9
/home/gian/agfarms/bucket-foundation/archive/Necktar2017Volume9
? "Schrödinger Mind and Matter" → Necktar2017Volume9 (Necktar 2017 volume 9)
  ↓ downloading 0 files for Necktar2017Volume9
/home/gian/agfarms/bucket-foundation/archive/Necktar2017Volume9
? "Bohr Atomic Theory Description Nature" → ExtrasensoryPerceptionResearchFinding (Notes on the Paranormal)
  ↓ downloading 3 files for ExtrasensoryPerceptionResearchFinding
    skip (have): Extrasensory_Perception_Research_Finding.pdf
    skip (have): Extrasensory_Perception_Research_Finding.epub
    skip (have): Extrasensory_Perception_Research_Finding_djvu.txt
/home/gian/agfarms/bucket-foundation/archive/ExtrasensoryPerceptionResearchFinding
? "Heisenberg Physics Philosophy" → 216.TheLastEpisodeAtLeastForAWhileOrMaybeForever_670 (216. The Last Episode, at Least for a While, or Maybe Foreve)
  ↓ downloading 0 files for 216.TheLastEpisodeAtLeastForAWhileOrMaybeForever_670
/home/gian/agfarms/bucket-foundation/archive/216.TheLastEpisodeAtLeastForAWhileOrMaybeForever_670
? "Pauli Wolfgang lectures physics" → 1_20210412_20210412_0345 (Epigenesis, Existentialism and Creativity)
  ↓ downloading 0 files for 1_20210412_20210412_0345
/home/gian/agfarms/bucket-foundation/archive/1_20210412_20210412_0345
? "Wigner Eugene mind in physics" → cia-readingroom-document-cia-rdp96-00787r000500380004-4 (CIA Reading Room cia-rdp96-00787r000500380004-4: PSYCHIC PRO)
  ↓ downloading 3 files for cia-readingroom-document-cia-rdp96-00787r000500380004-4
    skip (have): cia-rdp96-00787r000500380004-4.pdf
    skip (have): cia-rdp96-00787r000500380004-4.epub
    skip (have): cia-rdp96-00787r000500380004-4_djvu.txt
/home/gian/agfarms/bucket-foundation/archive/cia-readingroom-document-cia-rdp96-00787r000500380004-4
? "Wheeler Geons Black Holes Quantum Foam" → geonsblackholesq00whee (Geons, black holes, and quantum foam : a life in physics)
  ↓ downloading 3 files for geonsblackholesq00whee
    FAIL geonsblackholesq00whee.pdf: HTTP Error 401: Unauthorized
    FAIL geonsblackholesq00whee.epub: HTTP Error 401: Unauthorized
    FAIL geonsblackholesq00whee_djvu.txt: HTTP Error 403: Forbidden
/home/gian/agfarms/bucket-foundation/archive/geonsblackholesq00whee
? "Pasteur fermentation" → mmoiresurlafer00past (Mémoire sur la fermentation alcoolique)
  ↓ downloading 2 files for mmoiresurlafer00past
    skip (have): mmoiresurlafer00past.pdf
    skip (have): mmoiresurlafer00past_djvu.txt
/home/gian/agfarms/bucket-foundation/archive/mmoiresurlafer00past
? "Darwin Origin of Species" → origin_species_librivox (On the Origin of Species by Means of Natural Selection)
  ↓ downloading 2 files for origin_species_librivox
    skip (have): On_the_Origin_of_Species_by_Means_of_Natural_Selection_1005.pdf
    skip (have): On_the_Origin_of_Species_by_Means_of_Natural_Selection_1005_djvu.txt
/home/gian/agfarms/bucket-foundation/archive/origin_species_librivox
? "Wallace contributions theory natural selection" → ExtrasensoryPerceptionResearchFinding (Notes on the Paranormal)
  ↓ downloading 3 files for ExtrasensoryPerceptionResearchFinding
    skip (have): Extrasensory_Perception_Research_Finding.pdf
    skip (have): Extrasensory_Perception_Research_Finding.epub
    skip (have): Extrasensory_Perception_Research_Finding_djvu.txt
/home/gian/agfarms/bucket-foundation/archive/ExtrasensoryPerceptionResearchFinding
? "Linus Pauling general chemistry" → introductiontoqu031712mbp (['Introduction To Quantum Mechanics', 'With Applications To Chemistry.'])
  ↓ downloading 3 files for introductiontoqu031712mbp
    skip (have): introductiontoqu031712mbp.pdf
    skip (have): introductiontoqu031712mbp.epub
    skip (have): introductiontoqu031712mbp_djvu.txt
/home/gian/agfarms/bucket-foundation/archive/introductiontoqu031712mbp
? "Linus Pauling vitamin C" → How_To_Live_Longer_And_Feel_Better_PDF (Linus Pauling PhD: How To Live Longer And Feel Better pdf)
  ↓ downloading 3 files for How_To_Live_Longer_And_Feel_Better_PDF
    skip (have): How to live longer and feel better - Pauling, Linus, 1901-1994.pdf
    skip (have): How to live longer and feel better - Pauling, Linus, 1901-1994.epub
    skip (have): How to live longer and feel better - Pauling, Linus, 1901-1994_djvu.txt
/home/gian/agfarms/bucket-foundation/archive/How_To_Live_Longer_And_Feel_Better_PDF
? "Crick what mad pursuit" → oxfordbookofmode0000unse_a2g6 (The Oxford book of modern science writing)
  ↓ downloading 3 files for oxfordbookofmode0000unse_a2g6
    FAIL oxfordbookofmode0000unse_a2g6.pdf: HTTP Error 401: Unauthorized
    FAIL oxfordbookofmode0000unse_a2g6.epub: HTTP Error 401: Unauthorized
    FAIL oxfordbookofmode0000unse_a2g6_djvu.txt: HTTP Error 401: Unauthorized
/home/gian/agfarms/bucket-foundation/archive/oxfordbookofmode0000unse_a2g6
? "Schrödinger statistical thermodynamics" → yavorskydetlafamodernhandbookofphysicsmir1982 (A Modern Handbook Of Physics)
  ↓ downloading 3 files for yavorskydetlafamodernhandbookofphysicsmir1982
    skip (have): Yavorsky-Detlaf-A-Modern-Handbook-of-Physics-Mir-1982.pdf
    skip (have): Yavorsky-Detlaf-A-Modern-Handbook-of-Physics-Mir-1982.epub
    skip (have): Yavorsky-Detlaf-A-Modern-Handbook-of-Physics-Mir-1982_djvu.txt
/home/gian/agfarms/bucket-foundation/archive/yavorskydetlafamodernhandbookofphysicsmir1982
? "Boltzmann lectures gas theory" → lectures-on-gas-theory-ludwig-boltzmann (Lectures on Gas Theory - Ludwig Boltzmann, Stephen G. Brush)
  ↓ downloading 3 files for lectures-on-gas-theory-ludwig-boltzmann
    skip (have): Lectures on Gas Theory - Ludwig Boltzmann.pdf
    skip (have): Lectures on Gas Theory - Ludwig Boltzmann.epub
    skip (have): Lectures on Gas Theory - Ludwig Boltzmann_djvu.txt
/home/gian/agfarms/bucket-foundation/archive/lectures-on-gas-theory-ludwig-boltzmann
? "Carnot reflections motive power fire" → cia-readingroom-document-cia-rdp79-01194a000400140001-7 (CIA Reading Room cia-rdp79-01194a000400140001-7: CA PROPAGAN)
  ↓ downloading 3 files for cia-readingroom-document-cia-rdp79-01194a000400140001-7
    skip (have): cia-rdp79-01194a000400140001-7.pdf
    skip (have): cia-rdp79-01194a000400140001-7.epub
    skip (have): cia-rdp79-01194a000400140001-7_djvu.txt
/home/gian/agfarms/bucket-foundation/archive/cia-readingroom-document-cia-rdp79-01194a000400140001-7
? "Planck thermodynamik thermodynamics" → vorlesungenbert01plangoog (Vorlesungen über thermodynamik)
  ↓ downloading 2 files for vorlesungenbert01plangoog
    skip (have): vorlesungenbert01plangoog.pdf
    skip (have): vorlesungenbert01plangoog_djvu.txt
/home/gian/agfarms/bucket-foundation/archive/vorlesungenbert01plangoog
? "Lavoisier elements chemistry" → understanding-science (Understanding Science, Collected Edition, Vols 1-12)
  ↓ downloading 3 files for understanding-science
    skip (have): Understanding_Science-Vol_01_jpg85.pdf
    skip (have): Understanding_Science-Vol_01_jpg85.epub
    skip (have): Understanding_Science-Vol_01_jpg85_djvu.txt
/home/gian/agfarms/bucket-foundation/archive/understanding-science
? "Fourier analytical theory heat" → analyticaltheory00fourrich (The analytical theory of heat)
  ↓ downloading 3 files for analyticaltheory00fourrich
    skip (have): analyticaltheory00fourrich.pdf
    skip (have): analyticaltheory00fourrich.epub
    skip (have): analyticaltheory00fourrich_djvu.txt
/home/gian/agfarms/bucket-foundation/archive/analyticaltheory00fourrich
? "Galileo dialogue two world systems" → GalileiGalileoDialogueConcerningTheTwoChiefWorldSystemsEN155P. (Galilei, Galileo - Dialogue Concerning the two Chief World S)
  ↓ downloading 3 files for GalileiGalileoDialogueConcerningTheTwoChiefWorldSystemsEN155P.
    skip (have): Galilei, Galileo - Dialogue Concerning the two Chief World Systems (EN, 155 p.).pdf
    skip (have): Galilei, Galileo - Dialogue Concerning the two Chief World Systems (EN, 155 p.).epub
    skip (have): Galilei, Galileo - Dialogue Concerning the two Chief World Systems (EN, 155 p.)_djvu.txt
/home/gian/agfarms/bucket-foundation/archive/GalileiGalileoDialogueConcerningTheTwoChiefWorldSystemsEN155P.
? "Feynman QED" → MIT8.701F20 (MIT 8.701 Introduction to Nuclear and Particle Physics, Fall)
  ↓ downloading 0 files for MIT8.701F20
/home/gian/agfarms/bucket-foundation/archive/MIT8.701F20
? "Crick Watson DNA" → MIT7.01SCF11 (OCW Scholar: Fundamentals of Biology)
  ↓ downloading 0 files for MIT7.01SCF11
/home/gian/agfarms/bucket-foundation/archive/MIT7.01SCF11
? "Darwin descent of man" → descent_man_1_1011_librivox (The Descent of Man and Selection in Relation to Sex Part 1)
  ↓ downloading 2 files for descent_man_1_1011_librivox
    skip (have): descentman1_1011.pdf
    skip (have): descentman1_1011_djvu.txt
/home/gian/agfarms/bucket-foundation/archive/descent_man_1_1011_librivox
[2026-08-22T21:39:37-04:00] === archive runner done ===
[2026-08-23T21:37:39-04:00] === archive runner start ===
  ↓ downloading 3 files for the-universal-one-1926-walter-russell
    skip (have): TheUniversalOne1926WalterRussell.pdf
    skip (have): TheUniversalOne1926WalterRussell.epub
    skip (have): TheUniversalOne1926WalterRussell_djvu.txt
/home/gian/agfarms/bucket-foundation/archive/the-universal-one-1926-walter-russell
  ↓ downloading 3 files for principlesofchem00menduoft
    skip (have): principlesofchem00menduoft.pdf
    skip (have): principlesofchem00menduoft.epub
    skip (have): principlesofchem00menduoft_djvu.txt
/home/gian/agfarms/bucket-foundation/archive/principlesofchem00menduoft
  ↓ downloading 3 files for principlesofchem01menduoft
    skip (have): principlesofchem01menduoft.pdf
    skip (have): principlesofchem01menduoft.epub
    skip (have): principlesofchem01menduoft_djvu.txt
/home/gian/agfarms/bucket-foundation/archive/principlesofchem01menduoft
? "walter russell new concept universe" → ExtrasensoryPerceptionResearchFinding (Notes on the Paranormal)
  ↓ downloading 3 files for ExtrasensoryPerceptionResearchFinding
    skip (have): Extrasensory_Perception_Research_Finding.pdf
    skip (have): Extrasensory_Perception_Research_Finding.epub
    skip (have): Extrasensory_Perception_Research_Finding_djvu.txt
/home/gian/agfarms/bucket-foundation/archive/ExtrasensoryPerceptionResearchFinding
  ↓ downloading 3 files for newtonspmathema00newtrich
    skip (have): newtonspmathema00newtrich.pdf
    skip (have): newtonspmathema00newtrich.epub
    skip (have): newtonspmathema00newtrich_djvu.txt
/home/gian/agfarms/bucket-foundation/archive/newtonspmathema00newtrich
  ↓ downloading 3 files for principia00newtuoft
    skip (have): principia00newtuoft.pdf
    skip (have): principia00newtuoft.epub
    skip (have): principia00newtuoft_djvu.txt
/home/gian/agfarms/bucket-foundation/archive/principia00newtuoft
? "Newton Opticks 1704" → opticks_1203_librivox (Opticks)
  ↓ downloading 2 files for opticks_1203_librivox
    skip (have): opticks_1207.pdf
    skip (have): opticks_1207_djvu.txt
/home/gian/agfarms/bucket-foundation/archive/opticks_1203_librivox
? "Maxwell Treatise on Electricity and Magnetism volume 1" → electricandmagne01maxwrich (A treatise on electricity and magnetism)
  ↓ downloading 3 files for electricandmagne01maxwrich
    skip (have): electricandmagne01maxwrich.pdf
    skip (have): electricandmagne01maxwrich.epub
    skip (have): electricandmagne01maxwrich_djvu.txt
/home/gian/agfarms/bucket-foundation/archive/electricandmagne01maxwrich
? "Maxwell Treatise on Electricity and Magnetism volume 2" → electricandmagne01maxwrich (A treatise on electricity and magnetism)
  ↓ downloading 3 files for electricandmagne01maxwrich
    skip (have): electricandmagne01maxwrich.pdf
    skip (have): electricandmagne01maxwrich.epub
    skip (have): electricandmagne01maxwrich_djvu.txt
/home/gian/agfarms/bucket-foundation/archive/electricandmagne01maxwrich
? "Maxwell scientific papers" → scientificpapers01maxw (The scientific papers of James Clerk Maxwell)
  ↓ downloading 3 files for scientificpapers01maxw
    skip (have): scientificpapers01maxw.pdf
    skip (have): scientificpapers01maxw.epub
    skip (have): scientificpapers01maxw_djvu.txt
/home/gian/agfarms/bucket-foundation/archive/scientificpapers01maxw
? "Faraday Experimental Researches in Electricity volume 1" → ExtrasensoryPerceptionResearchFinding (Notes on the Paranormal)
  ↓ downloading 3 files for ExtrasensoryPerceptionResearchFinding
    skip (have): Extrasensory_Perception_Research_Finding.pdf
    skip (have): Extrasensory_Perception_Research_Finding.epub
    skip (have): Extrasensory_Perception_Research_Finding_djvu.txt
/home/gian/agfarms/bucket-foundation/archive/ExtrasensoryPerceptionResearchFinding
? "Faraday Experimental Researches in Electricity volume 2" → ExtrasensoryPerceptionResearchFinding (Notes on the Paranormal)
  ↓ downloading 3 files for ExtrasensoryPerceptionResearchFinding
    skip (have): Extrasensory_Perception_Research_Finding.pdf
    skip (have): Extrasensory_Perception_Research_Finding.epub
    skip (have): Extrasensory_Perception_Research_Finding_djvu.txt
/home/gian/agfarms/bucket-foundation/archive/ExtrasensoryPerceptionResearchFinding
? "Faraday Experimental Researches in Electricity volume 3" → ExtrasensoryPerceptionResearchFinding (Notes on the Paranormal)
  ↓ downloading 3 files for ExtrasensoryPerceptionResearchFinding
    skip (have): Extrasensory_Perception_Research_Finding.pdf
    skip (have): Extrasensory_Perception_Research_Finding.epub
    skip (have): Extrasensory_Perception_Research_Finding_djvu.txt
/home/gian/agfarms/bucket-foundation/archive/ExtrasensoryPerceptionResearchFinding
? "Tesla My Inventions" → pbsnovadocs (PBS Nova Documentaries)
  ↓ downloading 0 files for pbsnovadocs
/home/gian/agfarms/bucket-foundation/archive/pbsnovadocs
? "Tesla Colorado Springs Notes" → majestic-12-files (MAJESTIC 12 Files)
  ↓ downloading 0 files for majestic-12-files
/home/gian/agfarms/bucket-foundation/archive/majestic-12-files
? "Tesla problem of increasing human energy" → sharware (chestnut-multimedia)
  ↓ downloading 2 files for sharware
    FAIL chestnut/DLR/CONTENTS.pdf: [Errno 2] No such file or directory: '/home/gian/agfarms/bucket-foundation/archive/sharware/chestnut/DLR/CONTENTS.pdf'
    FAIL chestnut/DLR/CONTENTS_djvu.txt: [Errno 2] No such file or directory: '/home/gian/agfarms/bucket-foundation/archive/sharware/chestnut/DLR/CONTENTS_djvu.txt'
/home/gian/agfarms/bucket-foundation/archive/sharware
? "Einstein Relativity special general theory" → relativity_librivox (Relativity: The Special and General Theory)
  ↓ downloading 2 files for relativity_librivox
    skip (have): relativity_1003.pdf
    skip (have): relativity_1003_djvu.txt
/home/gian/agfarms/bucket-foundation/archive/relativity_librivox
? "Einstein 1905 photoelectric" → cia-readingroom-document-cia-rdp96-00788r001100010004-6 (CIA Reading Room cia-rdp96-00788r001100010004-6: PROCEEDINGS)
  ↓ downloading 3 files for cia-readingroom-document-cia-rdp96-00788r001100010004-6
    skip (have): cia-rdp96-00788r001100010004-6.pdf
    skip (have): cia-rdp96-00788r001100010004-6.epub
    skip (have): cia-rdp96-00788r001100010004-6_djvu.txt
/home/gian/agfarms/bucket-foundation/archive/cia-readingroom-document-cia-rdp96-00788r001100010004-6
? "Szent-Györgyi Bioenergetics" → bioenergetics00szen (Bioenergetics)
  ↓ downloading 3 files for bioenergetics00szen
    skip (have): bioenergetics00szen.pdf
    skip (have): bioenergetics00szen.epub
    skip (have): bioenergetics00szen_djvu.txt
/home/gian/agfarms/bucket-foundation/archive/bioenergetics00szen
NO HITS: Szent-Györgyi submolecular biology
? "Becker Body Electric" → die-or-d.i.y.-full-archive ((Blogger) Die or D.I.Y.? Full Archive)
  ↓ downloading 0 files for die-or-d.i.y.-full-archive
/home/gian/agfarms/bucket-foundation/archive/die-or-d.i.y.-full-archive
? "Becker Cross Currents" → ExtrasensoryPerceptionResearchFinding (Notes on the Paranormal)
  ↓ downloading 3 files for ExtrasensoryPerceptionResearchFinding
    skip (have): Extrasensory_Perception_Research_Finding.pdf
    skip (have): Extrasensory_Perception_Research_Finding.epub
    skip (have): Extrasensory_Perception_Research_Finding_djvu.txt
/home/gian/agfarms/bucket-foundation/archive/ExtrasensoryPerceptionResearchFinding
? "Ling physical theory living state" → BluePlanetProjectUFOTECHNOLOGY (Blue Planet Project UFO TECHNOLOGY)
  ↓ downloading 3 files for BluePlanetProjectUFOTECHNOLOGY
    skip (have): Blue Planet Project UFO TECHNOLOGY.pdf
    skip (have): Blue Planet Project UFO TECHNOLOGY.epub
    skip (have): Blue Planet Project UFO TECHNOLOGY_djvu.txt
/home/gian/agfarms/bucket-foundation/archive/BluePlanetProjectUFOTECHNOLOGY
? "Ling association induction" → ibogaine_literature (Ibogaine Literature)
  ↓ downloading 3 files for ibogaine_literature
    skip (have): abaul1989.pdf
    skip (have): agwada1975.pdf
    skip (have): abaul1989_djvu.txt
/home/gian/agfarms/bucket-foundation/archive/ibogaine_literature
? "Nordenström Biologically Closed Electric Circuits" → biokinetic-impacts-on-structure-and-imaging-of-the-lung-the-concept-of-biologica (Biokinetic Impacts on Structure and Imaging of the Lung the )
  ↓ downloading 3 files for biokinetic-impacts-on-structure-and-imaging-of-the-lung-the-concept-of-biologica
    skip (have): Biokinetic impacts on structure and imaging of the lung the concept of biologically closed electric circuits - Nordenstrom AJR 1985.pdf
    skip (have): Biokinetic impacts on structure and imaging of the lung the concept of biologically closed electric circuits - Nordenstrom AJR 1985.epub
    skip (have): Biokinetic impacts on structure and imaging of the lung the concept of biologically closed electric circuits - Nordenstrom AJR 1985_djvu.txt
/home/gian/agfarms/bucket-foundation/archive/biokinetic-impacts-on-structure-and-imaging-of-the-lung-the-concept-of-biologica
? "Euclid Elements Heath translation" → EuclidsElementsBooksIIIVolume1Heath (Euclid's Elements Books I II Volume 1 Heath)
  ↓ downloading 2 files for EuclidsElementsBooksIIIVolume1Heath
    skip (have): Euclid's_Elements_Books_I-II_Volume_1-Heath.pdf
    skip (have): Euclid's_Elements_Books_I-II_Volume_1-Heath_djvu.txt
/home/gian/agfarms/bucket-foundation/archive/EuclidsElementsBooksIIIVolume1Heath
? "Gauss Disquisitiones Arithmeticae" → disquisitionesa00gaus (Disquisitiones arithmeticae)
  ↓ downloading 3 files for disquisitionesa00gaus
    skip (have): disquisitionesa00gaus.pdf
    skip (have): disquisitionesa00gaus.epub
    skip (have): disquisitionesa00gaus_djvu.txt
/home/gian/agfarms/bucket-foundation/archive/disquisitionesa00gaus
? "Riemann zeta hypothesis" → logicalcross (LogicalCross)
  ↓ downloading 2 files for logicalcross
    skip (have): essay.pdf
    skip (have): essay_djvu.txt
/home/gian/agfarms/bucket-foundation/archive/logicalcross
? "Cantor set theory" → YouDontNeedAWeathermanToKnowWhichWayTheWindBlows_925 (You Don't Need A Weatherman To Know Which Way The Wind Blows)
  ↓ downloading 3 files for YouDontNeedAWeathermanToKnowWhichWayTheWindBlows_925
    skip (have): YouDontNeedAWeathermanToKnowWhichWayTheWindBlows_925.pdf
    skip (have): YouDontNeedAWeathermanToKnowWhichWayTheWindBlows_925.epub
    skip (have): YouDontNeedAWeathermanToKnowWhichWayTheWindBlows_925_djvu.txt
/home/gian/agfarms/bucket-foundation/archive/YouDontNeedAWeathermanToKnowWhichWayTheWindBlows_925
? "Dirac Principles of Quantum Mechanics" → academictorrents_f24122f15283757aa8a9bf9cb638db266273442d ([Coursera] Exploring Quantum Physics)
  ↓ downloading 3 files for academictorrents_f24122f15283757aa8a9bf9cb638db266273442d
    FAIL Lectures/Week 1 - 02 Wavefunctions and Schrdinger Equation/01_Part_I-_Comments_on_studying_QM_10-11.pdf: [Errno 2] No such file or directory: '/home/gian/agfarms/bucket-foundation/archive/academictorrents_f24122f15283757aa8a9bf9cb638db266273442d/Lectures/Week 1 - 02 Wavefunctions and Schrdinger Equation/01_Part_I-_Comments_on_studying_QM_10-11.pdf'
    FAIL Lectures/Week 8 - 17 Time-dependent quantum mechanics Victor Galitski/01_Part_I-_Time-dependent_Schrdinger_Eq._general_remarks_23-04.pdf: [Errno 2] No such file or directory: '/home/gian/agfarms/bucket-foundation/archive/academictorrents_f24122f15283757aa8a9bf9cb638db266273442d/Lectures/Week 8 - 17 Time-dependent quantum mechanics Victor Galitski/01_Part_I-_Time-dependent_Schrdinger_Eq._general_remarks_23-04.pdf'
    FAIL Lectures/Week 1 - 02 Wavefunctions and Schrdinger Equation/01_Part_I-_Comments_on_studying_QM_10-11_djvu.txt: [Errno 2] No such file or directory: '/home/gian/agfarms/bucket-foundation/archive/academictorrents_f24122f15283757aa8a9bf9cb638db266273442d/Lectures/Week 1 - 02 Wavefunctions and Schrdinger Equation/01_Part_I-_Comments_on_studying_QM_10-11_djvu.txt'
/home/gian/agfarms/bucket-foundation/archive/academictorrents_f24122f15283757aa8a9bf9cb638db266273442d
? "Feynman lectures on physics" → academictorrents_f24122f15283757aa8a9bf9cb638db266273442d ([Coursera] Exploring Quantum Physics)
  ↓ downloading 3 files for academictorrents_f24122f15283757aa8a9bf9cb638db266273442d
    FAIL Lectures/Week 1 - 02 Wavefunctions and Schrdinger Equation/01_Part_I-_Comments_on_studying_QM_10-11.pdf: [Errno 2] No such file or directory: '/home/gian/agfarms/bucket-foundation/archive/academictorrents_f24122f15283757aa8a9bf9cb638db266273442d/Lectures/Week 1 - 02 Wavefunctions and Schrdinger Equation/01_Part_I-_Comments_on_studying_QM_10-11.pdf'
    FAIL Lectures/Week 8 - 17 Time-dependent quantum mechanics Victor Galitski/01_Part_I-_Time-dependent_Schrdinger_Eq._general_remarks_23-04.pdf: [Errno 2] No such file or directory: '/home/gian/agfarms/bucket-foundation/archive/academictorrents_f24122f15283757aa8a9bf9cb638db266273442d/Lectures/Week 8 - 17 Time-dependent quantum mechanics Victor Galitski/01_Part_I-_Time-dependent_Schrdinger_Eq._general_remarks_23-04.pdf'
    FAIL Lectures/Week 1 - 02 Wavefunctions and Schrdinger Equation/01_Part_I-_Comments_on_studying_QM_10-11_djvu.txt: [Errno 2] No such file or directory: '/home/gian/agfarms/bucket-foundation/archive/academictorrents_f24122f15283757aa8a9bf9cb638db266273442d/Lectures/Week 1 - 02 Wavefunctions and Schrdinger Equation/01_Part_I-_Comments_on_studying_QM_10-11_djvu.txt'
/home/gian/agfarms/bucket-foundation/archive/academictorrents_f24122f15283757aa8a9bf9cb638db266273442d
? "Shannon mathematical theory of communication" → communications_primer (Communications Primer, A)
  ↓ downloading 0 files for communications_primer
/home/gian/agfarms/bucket-foundation/archive/communications_primer
? "Turing computable numbers 1936" → turingsvisionbir0000bern (Turing's vision : the birth of computer science)
  ↓ downloading 3 files for turingsvisionbir0000bern
    FAIL turingsvisionbir0000bern.pdf: HTTP Error 401: Unauthorized
    FAIL turingsvisionbir0000bern.epub: HTTP Error 401: Unauthorized
    FAIL turingsvisionbir0000bern_djvu.txt: HTTP Error 401: Unauthorized
/home/gian/agfarms/bucket-foundation/archive/turingsvisionbir0000bern
? "Helmholtz On the Sensations of Tone" → onsensationsofto00helmrich (On the sensations of tone as a physiological basis for the t)
  ↓ downloading 3 files for onsensationsofto00helmrich
    skip (have): onsensationsofto00helmrich.pdf
    skip (have): onsensationsofto00helmrich.epub
    skip (have): onsensationsofto00helmrich_djvu.txt
/home/gian/agfarms/bucket-foundation/archive/onsensationsofto00helmrich
? "Helmholtz Treatise Physiological Optics" → ExtrasensoryPerceptionResearchFinding (Notes on the Paranormal)
  ↓ downloading 3 files for ExtrasensoryPerceptionResearchFinding
    skip (have): Extrasensory_Perception_Research_Finding.pdf
    skip (have): Extrasensory_Perception_Research_Finding.epub
    skip (have): Extrasensory_Perception_Research_Finding_djvu.txt
/home/gian/agfarms/bucket-foundation/archive/ExtrasensoryPerceptionResearchFinding
? "Schrodinger What is Life" → WhatIsLife-EdwardSchrodinger (WHAT IS LIFE? - ERWIN SCHRODINGER)
  ↓ downloading 3 files for WhatIsLife-EdwardSchrodinger
    skip (have): whatislife-schrodinger.pdf
    skip (have): whatislife-schrodinger.epub
    skip (have): whatislife-schrodinger_djvu.txt
/home/gian/agfarms/bucket-foundation/archive/WhatIsLife-EdwardSchrodinger
? "Schrödinger Mind and Matter" → Necktar2017Volume9 (Necktar 2017 volume 9)
  ↓ downloading 0 files for Necktar2017Volume9
/home/gian/agfarms/bucket-foundation/archive/Necktar2017Volume9
? "Bohr Atomic Theory Description Nature" → ExtrasensoryPerceptionResearchFinding (Notes on the Paranormal)
  ↓ downloading 3 files for ExtrasensoryPerceptionResearchFinding
    skip (have): Extrasensory_Perception_Research_Finding.pdf
    skip (have): Extrasensory_Perception_Research_Finding.epub
    skip (have): Extrasensory_Perception_Research_Finding_djvu.txt
/home/gian/agfarms/bucket-foundation/archive/ExtrasensoryPerceptionResearchFinding
? "Heisenberg Physics Philosophy" → 216.TheLastEpisodeAtLeastForAWhileOrMaybeForever_670 (216. The Last Episode, at Least for a While, or Maybe Foreve)
  ↓ downloading 0 files for 216.TheLastEpisodeAtLeastForAWhileOrMaybeForever_670
/home/gian/agfarms/bucket-foundation/archive/216.TheLastEpisodeAtLeastForAWhileOrMaybeForever_670
? "Pauli Wolfgang lectures physics" → 1_20210412_20210412_0345 (Epigenesis, Existentialism and Creativity)
  ↓ downloading 0 files for 1_20210412_20210412_0345
/home/gian/agfarms/bucket-foundation/archive/1_20210412_20210412_0345
? "Wigner Eugene mind in physics" → cia-readingroom-document-cia-rdp96-00787r000500380004-4 (CIA Reading Room cia-rdp96-00787r000500380004-4: PSYCHIC PRO)
  ↓ downloading 3 files for cia-readingroom-document-cia-rdp96-00787r000500380004-4
    skip (have): cia-rdp96-00787r000500380004-4.pdf
    skip (have): cia-rdp96-00787r000500380004-4.epub
    skip (have): cia-rdp96-00787r000500380004-4_djvu.txt
/home/gian/agfarms/bucket-foundation/archive/cia-readingroom-document-cia-rdp96-00787r000500380004-4
? "Wheeler Geons Black Holes Quantum Foam" → geonsblackholesq00whee (Geons, black holes, and quantum foam : a life in physics)
  ↓ downloading 3 files for geonsblackholesq00whee
    FAIL geonsblackholesq00whee.pdf: HTTP Error 403: Forbidden
    FAIL geonsblackholesq00whee.epub: HTTP Error 403: Forbidden
    FAIL geonsblackholesq00whee_djvu.txt: HTTP Error 403: Forbidden
/home/gian/agfarms/bucket-foundation/archive/geonsblackholesq00whee
? "Pasteur fermentation" → mmoiresurlafer00past (Mémoire sur la fermentation alcoolique)
  ↓ downloading 2 files for mmoiresurlafer00past
    skip (have): mmoiresurlafer00past.pdf
    skip (have): mmoiresurlafer00past_djvu.txt
/home/gian/agfarms/bucket-foundation/archive/mmoiresurlafer00past
? "Darwin Origin of Species" → origin_species_librivox (On the Origin of Species by Means of Natural Selection)
  ↓ downloading 2 files for origin_species_librivox
    skip (have): On_the_Origin_of_Species_by_Means_of_Natural_Selection_1005.pdf
    skip (have): On_the_Origin_of_Species_by_Means_of_Natural_Selection_1005_djvu.txt
/home/gian/agfarms/bucket-foundation/archive/origin_species_librivox
? "Wallace contributions theory natural selection" → ExtrasensoryPerceptionResearchFinding (Notes on the Paranormal)
  ↓ downloading 3 files for ExtrasensoryPerceptionResearchFinding
    skip (have): Extrasensory_Perception_Research_Finding.pdf
    skip (have): Extrasensory_Perception_Research_Finding.epub
    skip (have): Extrasensory_Perception_Research_Finding_djvu.txt
/home/gian/agfarms/bucket-foundation/archive/ExtrasensoryPerceptionResearchFinding
? "Linus Pauling general chemistry" → introductiontoqu031712mbp (['Introduction To Quantum Mechanics', 'With Applications To Chemistry.'])
  ↓ downloading 3 files for introductiontoqu031712mbp
    skip (have): introductiontoqu031712mbp.pdf
    skip (have): introductiontoqu031712mbp.epub
    skip (have): introductiontoqu031712mbp_djvu.txt
/home/gian/agfarms/bucket-foundation/archive/introductiontoqu031712mbp
? "Linus Pauling vitamin C" → How_To_Live_Longer_And_Feel_Better_PDF (Linus Pauling PhD: How To Live Longer And Feel Better pdf)
  ↓ downloading 3 files for How_To_Live_Longer_And_Feel_Better_PDF
    skip (have): How to live longer and feel better - Pauling, Linus, 1901-1994.pdf
    skip (have): How to live longer and feel better - Pauling, Linus, 1901-1994.epub
    skip (have): How to live longer and feel better - Pauling, Linus, 1901-1994_djvu.txt
/home/gian/agfarms/bucket-foundation/archive/How_To_Live_Longer_And_Feel_Better_PDF
? "Crick what mad pursuit" → oxfordbookofmode0000unse_a2g6 (The Oxford book of modern science writing)
  ↓ downloading 3 files for oxfordbookofmode0000unse_a2g6
    FAIL oxfordbookofmode0000unse_a2g6.pdf: HTTP Error 403: Forbidden
    FAIL oxfordbookofmode0000unse_a2g6.epub: HTTP Error 403: Forbidden
    FAIL oxfordbookofmode0000unse_a2g6_djvu.txt: HTTP Error 403: Forbidden
/home/gian/agfarms/bucket-foundation/archive/oxfordbookofmode0000unse_a2g6
? "Schrödinger statistical thermodynamics" → yavorskydetlafamodernhandbookofphysicsmir1982 (A Modern Handbook Of Physics)
  ↓ downloading 3 files for yavorskydetlafamodernhandbookofphysicsmir1982
    skip (have): Yavorsky-Detlaf-A-Modern-Handbook-of-Physics-Mir-1982.pdf
    skip (have): Yavorsky-Detlaf-A-Modern-Handbook-of-Physics-Mir-1982.epub
    skip (have): Yavorsky-Detlaf-A-Modern-Handbook-of-Physics-Mir-1982_djvu.txt
/home/gian/agfarms/bucket-foundation/archive/yavorskydetlafamodernhandbookofphysicsmir1982
? "Boltzmann lectures gas theory" → lectures-on-gas-theory-ludwig-boltzmann (Lectures on Gas Theory - Ludwig Boltzmann, Stephen G. Brush)
  ↓ downloading 3 files for lectures-on-gas-theory-ludwig-boltzmann
    skip (have): Lectures on Gas Theory - Ludwig Boltzmann.pdf
    skip (have): Lectures on Gas Theory - Ludwig Boltzmann.epub
    skip (have): Lectures on Gas Theory - Ludwig Boltzmann_djvu.txt
/home/gian/agfarms/bucket-foundation/archive/lectures-on-gas-theory-ludwig-boltzmann
? "Carnot reflections motive power fire" → cia-readingroom-document-cia-rdp79-01194a000400140001-7 (CIA Reading Room cia-rdp79-01194a000400140001-7: CA PROPAGAN)
  ↓ downloading 3 files for cia-readingroom-document-cia-rdp79-01194a000400140001-7
    skip (have): cia-rdp79-01194a000400140001-7.pdf
    skip (have): cia-rdp79-01194a000400140001-7.epub
    skip (have): cia-rdp79-01194a000400140001-7_djvu.txt
/home/gian/agfarms/bucket-foundation/archive/cia-readingroom-document-cia-rdp79-01194a000400140001-7
? "Planck thermodynamik thermodynamics" → vorlesungenbert01plangoog (Vorlesungen über thermodynamik)
  ↓ downloading 2 files for vorlesungenbert01plangoog
    skip (have): vorlesungenbert01plangoog.pdf
    skip (have): vorlesungenbert01plangoog_djvu.txt
/home/gian/agfarms/bucket-foundation/archive/vorlesungenbert01plangoog
? "Lavoisier elements chemistry" → understanding-science (Understanding Science, Collected Edition, Vols 1-12)
  ↓ downloading 3 files for understanding-science
    skip (have): Understanding_Science-Vol_01_jpg85.pdf
    skip (have): Understanding_Science-Vol_01_jpg85.epub
    skip (have): Understanding_Science-Vol_01_jpg85_djvu.txt
/home/gian/agfarms/bucket-foundation/archive/understanding-science
? "Fourier analytical theory heat" → analyticaltheory00fourrich (The analytical theory of heat)
  ↓ downloading 3 files for analyticaltheory00fourrich
    skip (have): analyticaltheory00fourrich.pdf
    skip (have): analyticaltheory00fourrich.epub
    skip (have): analyticaltheory00fourrich_djvu.txt
/home/gian/agfarms/bucket-foundation/archive/analyticaltheory00fourrich
? "Galileo dialogue two world systems" → GalileiGalileoDialogueConcerningTheTwoChiefWorldSystemsEN155P. (Galilei, Galileo - Dialogue Concerning the two Chief World S)
  ↓ downloading 3 files for GalileiGalileoDialogueConcerningTheTwoChiefWorldSystemsEN155P.
    skip (have): Galilei, Galileo - Dialogue Concerning the two Chief World Systems (EN, 155 p.).pdf
    skip (have): Galilei, Galileo - Dialogue Concerning the two Chief World Systems (EN, 155 p.).epub
    skip (have): Galilei, Galileo - Dialogue Concerning the two Chief World Systems (EN, 155 p.)_djvu.txt
/home/gian/agfarms/bucket-foundation/archive/GalileiGalileoDialogueConcerningTheTwoChiefWorldSystemsEN155P.
? "Feynman QED" → MIT8.701F20 (MIT 8.701 Introduction to Nuclear and Particle Physics, Fall)
  ↓ downloading 0 files for MIT8.701F20
/home/gian/agfarms/bucket-foundation/archive/MIT8.701F20
? "Crick Watson DNA" → MIT7.01SCF11 (OCW Scholar: Fundamentals of Biology)
  ↓ downloading 0 files for MIT7.01SCF11
/home/gian/agfarms/bucket-foundation/archive/MIT7.01SCF11
? "Darwin descent of man" → descent_man_1_1011_librivox (The Descent of Man and Selection in Relation to Sex Part 1)
  ↓ downloading 2 files for descent_man_1_1011_librivox
    skip (have): descentman1_1011.pdf
    skip (have): descentman1_1011_djvu.txt
/home/gian/agfarms/bucket-foundation/archive/descent_man_1_1011_librivox
[2026-08-23T21:39:23-04:00] === archive runner done ===
