234 207 1 1
3733 11805 0 0
9496 3002 0 0
2608 3681 1 1
1743 1235 1 1
680961 680961 1 1
34990000000000000000000000000000000000000000000000000000000000000000000000000000000000000000000000000000000000000000000 110630000000000000000000000000000000000000000000000000000000000000000000000000000000000000000000000000000000000000000000 1 0
3050000000000000000000000000000000000000000000000000000000000000000000000000000000000000000000000000000000000000000000000000000000000000000000000000000 66200000000000000000000000000000000000000000000000000000000000000000000000000000000000000000000000000000000000000000000000000000000000000000000000000000 0 0
206 176 1 1
2017 6380 0 0
9824 3107 1 0
3265 4612 1 0
1786 1263 1 0
837056 837056 1 1
3203000000 10127000000 1 0
9220000000000 36500000000000 0 0
360 945 1 0
1520 4804 1 0
5250 1660 0 0
1884 2663 1 0
895 635 1 1
945248 945248 1 1
288900000000000000000000000000000000000 913400000000000000000000000000000000000 1 0
60000000000000000000000 3940000000000000000000000 0 0
616 109 0 0
3573 11300 0 0
8587 2715 0 0
3425 4839 1 0
2524 1787 1 1
431492 431492 1 1
3897000000000000000000000 12323000000000000000000000 1 0
4630000 37400000 0 0
58 467 0 0
3609 11412 1 0
7510 2375 1 0
461 653 1 0
3113 2204 1 1
521942 521942 1 1
214700 678900 1 0
7360 95300 0 0
718 529 1 1
411 1299 1 0
11263 3560 0 0
248 352 1 0
3021 2136 1 0
516747 516747 1 1
8670000000000000000000000000000000000000000000000000000000000000000000000000000000000000000000000000000000000000000000000000000000000000000000000000000000000000000000000000000000000000000000000000000000000000000000000000000000 27430000000000000000000000000000000000000000000000000000000000000000000000000000000000000000000000000000000000000000000000000000000000000000000000000000000000000000000000000000000000000000000000000000000000000000000000000000000 0 0
47600000000000000000000000000000000000000000000000000000000000000000000000000000000000000000000 890000000000000000000000000000000000000000000000000000000000000000000000000000000000000000000000 0 0
506 710 1 1
532 1682 1 0
9924 3137 0 0
2142 3026 1 0
1319 934 1 1
353539 353539 1 1
2389000000000000000000000000000000 7552000000000000000000000000000000 1 0
33700000 734000000 0 0
267 224 1 1
2187 6914 1 0
764 240 0 0
522 737 1 1
1226 869 1 1
545213 545213 1 1
160200000000 506300000000 1 0
24000000000000000000 67800000000000000000000 0 0
157 628 0 0
959 3033 0 0
4372 1381 0 0
2209 3122 1 0
707 499 1 0
861294 861294 1 1
28130000000000000000 88930000000000000000 1 0
379000000000000000000000000000 15600000000000000000000000000000 0 0
867 330 1 0
806 2549 0 0
3677 1160 0 0
1291 1823 1 1
1076 761 1 0
961782 961782 1 1
33800000000 106600000000 1 0
88200000000000000000000000 9660000000000000000000000000 0 0
406 769 1 0
2074 6559 0 0
6115 1934 1 0
1649 2327 1 1
1299 919 1 0
173393 173393 1 1
22560000000000000000000000000000000000000000000000000000000000000000000000000000000000000000000000000000000000000000000000000000000 71320000000000000000000000000000000000000000000000000000000000000000000000000000000000000000000000000000000000000000000000000000000 1 0
96000000000000000000000000000000000000000000000000000000000000000000000000000000000000000000000000000000000000000000000000000000000000000000000000000000000000000000000000000000000000000000000000000000000000000000000000000000000 6780000000000000000000000000000000000000000000000000000000000000000000000000000000000000000000000000000000000000000000000000000000000000000000000000000000000000000000000000000000000000000000000000000000000000000000000000000000000 0 0
282 840 1 0
1752 5541 0 0
686 217 1 0
3241 4577 1 1
3673 2602 1 1
30627 30627 1 1
3123000000000000000 9874000000000000000 1 0
42500000000000000000000000 16300000000000000000000000 1 0
835 893 1 1
2017 6380 0 0
4672 1477 0 0
377 534 1 0
1136 806 1 1
876177 876177 1 1
11610000000000000000000000000000000000 36730000000000000000000000000000000000 0 0
97200000 6930000000 0 0
14 797 0 0
605 1911 1 0
11171 3531 0 0
317 445 1 1
3218 2276 1 0
511689 511689 1 1
2780000000000000000 8770000000000000000 1 0
521000000000000 7800000000000000 0 0
840 1000 1 1
2656 8400 0 0
785 248 0 0
490 692 1 1
1406 997 1 1
274838 274838 1 1
28890000000000000000000000000000 91340000000000000000000000000000 1 0
10000000000000000000 1040000000000000000000 0 0
651 152 0 0
1867 5903 1 0
4988 1577 0 0
3427 4842 1 0
1752 1240 1 0
776757 776757 1 1
32850000000000000000000000000000000000000000000000000000000000000000000000000000 103860000000000000000000000000000000000000000000000000000000000000000000000000000 1 0
509000000000000000000000000000000000000000000000000000000000000000000000000000000000000000000000000000000000000000000000000000000000000000000000000000000000000000000000000000000000000000000000000000000 56400000000000000000000000000000000000000000000000000000000000000000000000000000000000000000000000000000000000000000000000000000000000000000000000000000000000000000000000000000000000000000000000000000000 0 0
78 418 0 0
176 557 0 0
7225 2286 1 0
3346 4726 1 1
3461 2449 1 0
231430 231430 1 1
110000 348000 0 0
23600000 49900000 1 0
408 669 1 0
2754 8706 1 0
1376 434 0 0
748 1054 1 1
2790 1973 1 0
202885 202885 1 1
365100000000000000000000 1154300000000000000000000 1 0
3400000 5160000000 0 0
616 512 1 1
1014 3205 1 0
7913 2501 0 0
532 752 1 0
2310 1635 1 0
549608 549608 1 1
2927000000000000000000000000000000 9257000000000000000000000000000000 0 0
3440000000000000000000000000 645000000000000000000000000000 0 0
155 788 0 0
3738 11819 1 0
6662 2107 1 0
2334 3294 1 1
530 375 1 0
485853 485853 1 1
1898000 6003000 0 0
4700000 2760000000 0 0
518 453 1 1
3784 11968 0 0
3878 1228 1 0
3685 5207 1 0
3736 2643 1 0
805928 805928 1 1
12620000000000000000000000000000000000000000000000000000000000000000 39890000000000000000000000000000000000000000000000000000000000000000 1 0
18200000000000000000000000000000000000000000000000000000000000000000000000000000000000000000000000000000000000000000000000000000000000000000000000000000000000000000000000000000000000000000000000000000000000000000000000000000000000 71500000000000000000000000000000000000000000000000000000000000000000000000000000000000000000000000000000000000000000000000000000000000000000000000000000000000000000000000000000000000000000000000000000000000000000000000000000000000 0 0
501 618 1 1
2524 7980 1 0
4794 1517 1 0
982 1387 1 1
3587 2541 1 1
61245 61245 1 1
938000000 2964000000 1 0
32100000000000000000 3180000000000000000000 0 0
53 417 0 0
3987 12608 1 0
8388 2652 0 0
1618 2284 1 1
583 413 1 1
728254 728254 1 1
322200000000000000000000 1018700000000000000000000 1 0
98000000000 833000000000 0 0
500 823 1 0
2808 8877 1 0
10644 3364 0 0
1574 2222 1 1
1671 1181 1 0
742654 742654 1 1
3161000000000000000000 9994000000000000000000 1 0
12500000000000000000000000000 635000000000000000000000000000 0 0
134 131 1 1
2695 8522 1 0
10681 3377 0 0
3716 5246 1 1
3387 2396 1 0
415997 415997 1 1
1958000000000000000000000 6189000000000000000000000 1 0
59400000 64300000 1 1
836 806 1 1
2056 6502 0 0
11931 3773 1 0
3107 4387 1 1
3348 2369 1 0
22382 22382 1 1
6810000000000000000000000000000000000000000000000000000000000000000000000000000000000000000000000000000000000000000000000000000000000000000000000000000000000000000000000000000000000000000000000000000000000000000000000000000000000000000000000000000000000000000000 21540000000000000000000000000000000000000000000000000000000000000000000000000000000000000000000000000000000000000000000000000000000000000000000000000000000000000000000000000000000000000000000000000000000000000000000000000000000000000000000000000000000000000000000 0 0
34800000000000000000000000000000000000000000000 47500000000000000000000000000000000000000000000 1 1
597 14 0 0
2729 8627 1 0
10078 3185 0 0
3145 4443 1 0
1019 721 1 0
50435 50435 1 1
3883 12278 1 0
2660000000000 6670000000000 1 0
765 588 1 1
874 2765 0 0
9291 2937 0 0
2798 3953 1 0
3786 2682 1 1
746194 746194 1 1
1241000000000000 3923000000000000 1 0
96400000000000000000000000 12100000000000000000000000 0 0
791 633 1 1
3 7 1 0
9446 2987 0 0
1191 1682 1 1
3454 2446 1 1
166923 166923 1 1
381700000 1206900000 1 0
1220000000000 53000000000000 0 0
933 7 0 0
2318 7329 1 0
7455 2357 0 0
3717 5250 1 1
3383 2393 1 0
644176 644176 1 1
761000000 2407000000 0 0
205000000000000000000000 14700000000000000000000000 0 0
477 239 1 0
3358 10616 1 0
10763 3402 0 0
2566 3622 1 1
3030 2144 1 0
397612 397612 1 1
19520000000000000000000000000000000000000000000000000000000000000000000000000000000000000000000000000000000000000000000000000000000000000000000000000000000000000000000000000000000000000000000000000000000000000000000000000000 61730000000000000000000000000000000000000000000000000000000000000000000000000000000000000000000000000000000000000000000000000000000000000000000000000000000000000000000000000000000000000000000000000000000000000000000000000000 0 0
71000000000000000000000000000000000 964000000000000000000000000000000000 0 0
55 244 0 0
3707 11724 0 0
826 262 1 0
1241 1751 1 1
2147 1521 1 1
743096 743096 1 1
1926000000000000000000000000000 6091000000000000000000000000000 0 0
9990000000000000000000000000000 384000000000000000000000000000000 0 0
541 828 1 0
2367 7485 1 0
8012 2531 0 0
3727 5263 1 1
2121 1503 1 1
492335 492335 1 1
6030000000000000000 19050000000000000000 1 0
6150000000000 93800000000000 0 0
158 745 0 0
318 1007 0 0
11489 3633 0 0
2276 3213 1 1
698 495 1 1
992306 992306 1 1
3096000000000000000000000 9789000000000000000000000 1 0
69700000000000000000000000000000 743000000000000000000000000000000 0 0
341 935 1 0
289 912 1 0
10306 3261 1 0
3712 5244 1 0
2660 1883 1 0
945042 945042 1 1
24600000000000000000000000000 77780000000000000000000000000 1 0
27700 76900 1 0
303 182 1 0
3032 9589 0 0
422 131 0 0
3684 5202 1 1
1959 1385 1 0
90577 90577 1 1
12870000000000000000000000000000000000000000000000000000000000000000000000000000000000000 40690000000000000000000000000000000000000000000000000000000000000000000000000000000000000 1 0
851000000000000000000000000000000000000000000000000000000000000000000000000000000000000000000000000000000000000000000000000000000000000000000000000000000000000000 9600000000000000000000000000000000000000000000000000000000000000000000000000000000000000000000000000000000000000000000000000000000000000000000000000000000000000000 0 0
491 841 1 0
1474 4663 0 0
9702 3070 1 0
910 1284 1 1
2173 1540 1 1
664433 664433 1 1
32870000000 103960000000 0 0
276 8600 0 0
298 588 1 0
2940 9298 0 0
5164 1631 0 0
1598 2255 1 1
2334 1654 1 1
412812 412812 1 1
2588000 8182000 1 0
51800000000000000000000000000 416000000000000000000000000000 0 0
242 401 1 0
192 607 1 0
8045 2546 1 0
803 1134 1 1
555 390 1 0
249094 249094 1 1
1156000000 3655000000 1 0
662000000000000000000000000000 40000000000000000000000000000 0 0
55 736 0 0
3456 10927 1 0
5498 1738 0 0
3235 4567 1 1
2334 1654 1 1
654739 654739 1 1
77000000000000000000000000000 243200000000000000000000000000 1 0
60200000000000000000000000000 350000000000000000000000000000 0 0
492 715 1 0
2989 9453 0 0
1239 391 0 0
425 600 1 1
1010 717 1 1
277662 277662 1 1
3362000000000000000000000000000000000000000000000000000000000000000000000000000000000000000000000000000000000000000000000000000000000000000000000000000000000000000000000000000000000000000000000000000000 10630000000000000000000000000000000000000000000000000000000000000000000000000000000000000000000000000000000000000000000000000000000000000000000000000000000000000000000000000000000000000000000000000000000 1 0
39000000000000000000000000000000000000000000000000000000000000000000000000000000000000000000000000000000000000000000000000000000000000000000000000000000000000000000000 76200000000000000000000000000000000000000000000000000000000000000000000000000000000000000000000000000000000000000000000000000000000000000000000000000000000000000000000000 0 0
981 819 1 1
1344 4250 1 0
2022 640 1 0
3924 5540 1 1
620 437 1 0
819093 819093 1 1
33900000000000000000000000000000000000 107220000000000000000000000000000000000 0 0
304000000000000 7610000000000000 0 0
242 999 0 0
2139 6766 0 0
11476 3627 0 0
2098 2965 1 0
2211 1566 1 1
471012 471012 1 1
368000000 1165000000 0 0
49000000 379000000 0 0
752 125 0 0
1437 4544 1 0
9234 2921 1 0
113 159 1 1
1785 1261 1 0
383324 383324 1 1
710000000000000000000000000000000000 2260000000000000000000000000000000000 0 0
552000000000000000 7160000000000000000 0 0
77 158 1 0
3696 11686 1 0
1240 392 0 0
867 1222 1 1
3058 2163 1 0
713049 713049 1 1
3448000000000000000000 10905000000000000000000 0 0
729 87000 0 0
115 677 0 0
1060 3354 0 0
2175 685 0 0
712 1004 1 1
2366 1675 1 1
600283 600283 1 1
2057000000000000000000000000000000000000000000000000000000000000000000000000000000000000000000000000000000000000000000000000000000000000000000000000000000000000000000000000000000000 6502000000000000000000000000000000000000000000000000000000000000000000000000000000000000000000000000000000000000000000000000000000000000000000000000000000000000000000000000000000000 1 0
60000000000000000000000000000000000000000000000000000000000000000000000000000000000000000000000000000000000000000000000000000000000000000000000000000000000000000000000000000000000000000000000000000000000000000000000000000000000000000000000000000000000000000 429000000000000000000000000000000000000000000000000000000000000000000000000000000000000000000000000000000000000000000000000000000000000000000000000000000000000000000000000000000000000000000000000000000000000000000000000000000000000000000000000000000000000000000 0 0
429 337 1 1
3200 10119 1 0
8011 2532 0 0
2926 4134 1 0
1465 1037 1 0
966892 966892 1 1
2675000000000000000000000 8460000000000000000000000 0 0
162000000000000 1430000000000000 0 0
427 495 1 1
2392 7562 1 0
3598 1136 0 0
3053 4313 1 0
500 352 1 0
666063 666063 1 1
31990000000000000000000000000000000 101160000000000000000000000000000000 1 0
389000 20400000 0 0
457 278 1 0
3012 9523 1 0
6950 2195 0 0
704 994 1 1
698 492 1 0
44982 44982 1 1
1209000 3822000 1 0
431000000000000000 5030000000000000000 0 0
807 991 1 1
3103 9811 1 0
4863 1535 0 0
3563 5031 1 1
2548 1805 1 1
396760 396760 1 1
1671000000000 5285000000000 0 0
4280000000000000 33000000000000000 0 0
530 651 1 1
2397 7580 0 0
10630 3363 1 0
3712 5244 1 0
2953 2089 1 0
843930 843930 1 1
25080000000000000000000000000000000000000000000000000000000000000000000000000000000000000000000000000000000000000000000 79320000000000000000000000000000000000000000000000000000000000000000000000000000000000000000000000000000000000000000000 0 0
166000000000000000000000000000000 565000000000000000000000000000000 0 0
384 763 1 0
2930 9265 1 0
1691 535 1 0
2086 2945 1 1
1589 1126 1 1
370467 370467 1 1
29070000000000 91910000000000 1 0
22600 49000 1 0
741 849 1 1
696 2202 0 0
4115 1299 0 0
1580 2229 1 1
3894 2756 1 0
516876 516876 1 1
38290000000000000000000000000000000000 121060000000000000000000000000000000000 1 0
58800000000000000000000000000000 540000000000000000000000000000000 0 0
203 62 0 0
2967 9382 1 0
8917 2818 0 0
1147 1618 1 1
1143 808 1 0
445767 445767 1 1
20970000000000000000000000000000000 66320000000000000000000000000000000 0 0
37100000000000000 37600000000000000 1 1
399 674 1 0
1238 3915 0 0
9790 3094 0 0
2457 3472 1 0
3231 2289 1 1
411959 411959 1 1
126600000000000000000000000000000000000 400200000000000000000000000000000000000 1 0
73600000000000000000000000000 68800000000000000000000000000 1 1
356 648 1 0
1911 6043 1 0
2179 690 1 0
929 1312 1 1
1670 1180 1 0
590077 590077 1 1
252700000000000000000000000000000000000000000000000000000000000000000000000000000000000000000000000000000000000000000000000000000000000000000000000000000000000000 799300000000000000000000000000000000000000000000000000000000000000000000000000000000000000000000000000000000000000000000000000000000000000000000000000000000000000 0 0
631000000000000000000000000000000000000000000000000000000000000000000000000000000000000000000000000000000000000000000000000000000000000 800000000000000000000000000000000000000000000000000000000000000000000000000000000000000000000000000000000000000000000000000000000000000 1 1
814 762 1 1
1619 5118 1 0
5231 1653 0 0
3102 4379 1 1
130 92 1 0
915468 915468 1 1
1055000000000000000 3334000000000000000 1 0
527000000000000000000000000 823000000000000000000000000 1 0
550 428 1 1
2109 6669 1 0
1443 454 0 0
2034 2871 1 1
51 37 1 1
844926 844926 1 1
390100 1233700 0 0
54100000 692000000 0 0
751 627 1 1
3548 11218 1 0
2152 680 0 0
1786 2521 1 1
1205 852 1 0
382130 382130 1 1
615000000000000000000000000000000000000000 1945000000000000000000000000000000000000000 0 0
1290000000000000000 6490000000000000000 0 0
225 159 1 0
1687 5333 1 0
828 259 0 0
1657 2342 1 0
3577 2531 1 0
394566 394566 1 1
293100 926800 1 0
8340000000000 38900000000000 0 0
656 650 1 1
703 2224 0 0
1147 364 1 0
3108 4392 1 0
1763 1250 1 1
965530 965530 1 1
1655000000000000000000 5233000000000000000000 1 0
398000000000000000000000000000000000000000000000000000000000000000000000000000000000000000000000000000000000 586000000000000000000000000000000000000000000000000000000000000000000000000000000000000000000000000000000000 1 0
38 709 0 0
924 2919 1 0
2925 924 0 0
1538 2172 1 1
3292 2332 1 1
221949 221949 1 1
8070000000000 25530000000000 0 0
7410000000000000000000000 822000000000000000000000000 0 0
490 982 1 0
35 112 0 0
6330 2002 1 0
829 1168 1 1
2414 1709 1 1
807671 807671 1 1
31010 98080 0 0
2160 1030 1 0
16 970 0 0
2616 8272 1 0
7381 2336 1 0
1773 2506 1 0
2430 1718 1 0
362686 362686 1 1
375900000000000000000000000000000000000 1188500000000000000000000000000000000000 1 0
2090000 7030000 0 0
561 926 1 0
3269 10337 1 0
2482 786 1 0
901 1272 1 1
3692 2612 1 0
706845 706845 1 1
386700000000000000000000000000000000000 1222900000000000000000000000000000000000 0 0
1360 735000 0 0
873 730 1 1
1588 5022 0 0
3945 1245 0 0
3429 4841 1 1
2978 2109 1 1
299978 299978 1 1
2854000000000000000000000000000000000000000000000000000000000000000000000000000000000000000000000000000000000000000000000000000000000000000000000000000000000000000000000000000000000000000000 9025000000000000000000000000000000000000000000000000000000000000000000000000000000000000000000000000000000000000000000000000000000000000000000000000000000000000000000000000000000000000000000 1 0
5770000000000000000000000000000000000000000000000000000000000000000000000000000000000000000000000000000000000000000000000000000 62000000000000000000000000000000000000000000000000000000000000000000000000000000000000000000000000000000000000000000000000000000 0 0
569 354 1 0
2424 7665 1 0
2688 849 0 0
1111 1569 1 1
3575 2529 1 0
601793 601793 1 1
1487000000000000000000000000000000 4704000000000000000000000000000000 0 0
8150000000000000000000000 6550000000000000000000000 1 1
370 758 1 0
2927 9256 0 0
9764 3086 0 0
2143 3026 1 1
2409 1706 1 1
236182 236182 1 1
15140000000000 47890000000000 0 0
108000000000 4850000000000 0 0
236 914 0 0
68 214 1 0
7803 2469 1 0
2086 2948 1 0
1459 1033 1 1
781275 781275 1 1
946000000000000000000000000 2993000000000000000000000000 0 0
593000 2450000 0 0
937 971 1 1
2190 6925 1 0
11305 3575 1 0
2586 3651 1 1
3866 2736 1 0
625286 625286 1 1
1500000000000000000000 4730000000000000000000 1 0
9070000000000000000000000000 20300000000000000000000000000 1 0
856 658 1 1
1174 3714 0 0
6537 2069 1 0
3968 5605 1 0
1732 1224 1 0
784820 784820 1 1
157300000000000000000000000000000000000000000000000000000000000000000000000000000 497200000000000000000000000000000000000000000000000000000000000000000000000000000 1 0
17200000000000000000000000000000000000000000000000000000000000000000000000000000000000000000000000000000000000000000000000 947000000000000000000000000000000000000000000000000000000000000000000000000000000000000000000000000000000000000000000000000 0 0
203 479 1 0
2487 7862 1 0
1812 572 0 0
2817 3979 1 1
1707 1207 1 0
259267 259267 1 1
22490000000000 71130000000000 0 0
26700000000000 660000000000000 0 0
762 406 1 0
1187 3754 0 0
693 219 0 0
2739 3869 1 0
2072 1465 1 0
969164 969164 1 1
2554000000000000000000000000000 8076000000000000000000000000000 1 0
1860000000000000000000000 8110000000000000000000000 0 0
376 274 1 1
368 1164 0 0
9579 3029 0 0
2003 2829 1 1
3570 2526 1 0
506624 506624 1 1
256700000000000000000000000000000 811700000000000000000000000000000 1 0
550000000000000000000 20100000000000000000000 0 0
982 414 1 0
1086 3435 0 0
1104 347 0 0
953 1345 1 1
1549 1098 1 1
37937 37937 1 1
34640000000000000 109540000000000000 1 0
532000000000 4130000000000 0 0
269 459 1 0
258 816 0 0
6291 1990 1 0
2898 4093 1 1
2417 1711 1 0
93013 93013 1 1
554000000000000000000000000000000000000000000000000000000000000000000000000000000000000000000000000000000000000000000000000000000000000000000000000000000000000000000000000000000000000000000000000000000000000000 1753000000000000000000000000000000000000000000000000000000000000000000000000000000000000000000000000000000000000000000000000000000000000000000000000000000000000000000000000000000000000000000000000000000000000000 0 0
55000000000000000000000000000000000000000000000000000000000000000000000000000000000000000000000000000000000000000000000000000000000000000000000000000000000000000000000000000000000000000000000000000000000000000000000 211000000000000000000000000000000000000000000000000000000000000000000000000000000000000000000000000000000000000000000000000000000000000000000000000000000000000000000000000000000000000000000000000000000000000000000000 0 0
970 255 0 0
1288 4072 1 0
5000 1582 1 0
771 1091 1 0
509 360 1 0
800112 800112 1 1
2874000000000000000 9090000000000000000 0 0
75900000000000000000000000000000 73000000000000000000000000000000 1 1
929 403 1 0
3961 12525 1 0
3208 1013 0 0
1875 2650 1 0
181 128 1 0
283726 283726 1 1
2345000000000000000000000000000000000 7417000000000000000000000000000000000 0 0
86000000000000000000000000000000 9150000000000000000000000000000000 0 0
429 245 1 0
810 2559 1 0
6258 1977 0 0
1393 1967 1 1
3150 2230 1 0
440687 440687 1 1
6550000000000000000000000000000000000000 20710000000000000000000000000000000000000 1 0
8170000000000000000000000000 600000000000000000000000000000 0 0
805 955 1 1
3349 10591 0 0
6304 1994 1 0
1358 1918 1 1
1701 1206 1 1
790605 790605 1 1
376500 1190600 0 0
1010000000000000000000 798000000000000000000000 0 0
558 655 1 1
1007 3182 1 0
6892 2179 0 0
768 1083 1 1
807 570 1 0
863591 863591 1 1
620000000000000000000000000000000000000000000000000000000000000000000000000000000000000000000000000000000000000000000000000000000000000000000000000000000000000000000 1958000000000000000000000000000000000000000000000000000000000000000000000000000000000000000000000000000000000000000000000000000000000000000000000000000000000000000000 1 0
811000000000000000000000000000000000000000000000000000000000000000000000000000000000000000000000000000000000000000000000 466000000000000000000000000000000000000000000000000000000000000000000000000000000000000000000000000000000000000000000000 1 0
983 841 1 1
2962 9364 1 0
8802 2784 1 0
603 852 1 0
2377 1684 1 1
788834 788834 1 1
1632000000 5158000000 1 0
69200000000000 563000000000000 0 0
573 209 1 0
3718 11758 0 0
10802 3414 0 0
588 832 1 0
1668 1179 1 0
261002 261002 1 1
2218000000000000000000000000 7012000000000000000000000000 1 0
40000000000000000000000000000 93600000000000000000000000000000 0 0
922 296 1 0
2043 6458 1 0
9817 3103 0 0
269 380 1 0
2181 1543 1 0
823092 823092 1 1
648 2048 1 0
2930 55400 0 0
774 387 1 0
3842 12151 0 0
9440 2984 0 0
617 873 1 0
3098 2192 1 0
436611 436611 1 1
37250000000000000000000 117770000000000000000000 1 0
51800 33100 1 0
98 438 0 0
3747 11849 1 0
4560 1441 0 0
2126 3004 1 0
3368 2384 1 0
93408 93408 1 1
84100000000000000000000000000000000000000000000000000000000000000000000000 266000000000000000000000000000000000000000000000000000000000000000000000000 0 0
8900000000000000000000000000000000000000000000000000000000000000000000000000000000000000000000000000000000000000000000000000000000000000000000000000000000000000000000000000000000000000000000000000000000000000000000000000000000000000000000000000000000000000000000000 7600000000000000000000000000000000000000000000000000000000000000000000000000000000000000000000000000000000000000000000000000000000000000000000000000000000000000000000000000000000000000000000000000000000000000000000000000000000000000000000000000000000000000000000000 1 1
627 47 0 0
3173 10034 0 0
8914 2816 0 0
2216 3130 1 1
1387 982 1 1
668513 668513 1 1
23570000000000000000000000000 74550000000000000000000000000 0 0
67900000000000 690000000000000 0 0
476 65 0 0
218 691 0 0
3530 1114 0 0
42 57 1 1
2506 1775 1 1
588718 588718 1 1
397600000000000 1257100000000000 1 0
19900000000000000000000000000000 6510000000000000000000000000000000 0 0
295 447 1 0
3562 11265 0 0
4177 1321 1 0
1949 2755 1 0
2936 2079 1 1
608675 608675 1 1
2056000000000000000000000000000000000000000 6501000000000000000000000000000000000000000 1 0
992000000000000000000000 74700000000000000000000000 0 0
489 579 1 1
846 2675 1 0
3436 1085 0 0
2610 3684 1 1
1573 1114 1 1
29172 29172 1 1
3569000000000000000000000000000 11285000000000000000000000000000 1 0
84800000000000000000000000000 3180000000000000000000000000000 0 0
829 422 1 0
2934 9278 1 0
3097 980 1 0
2182 3083 1 0
3067 2169 1 0
772199 772199 1 1
37470 118500 0 0
676000000000000000000000000000000000000000000000000000000000000000000000000000000000000000000000000000000000000000000000000000000000000000000000000000000000000000000000000000000000000000000000000 1460000000000000000000000000000000000000000000000000000000000000000000000000000000000000000000000000000000000000000000000000000000000000000000000000000000000000000000000000000000000000000000000000 1 0
914 516 1 0
2155 6814 1 0
2136 675 0 0
908 1283 1 0
3615 2559 1 0
600788 600788 1 1
7780000000000000000000000000 24610000000000000000000000000 0 0
54400000000000000 52600000000000000 1 1
993 662 1 0
2313 7314 1 0
9900 3128 0 0
30 43 1 0
319 226 1 1
535428 535428 1 1
2474000000000 7823000000000 1 0
10000 55100000 0 0
482 692 1 0
1569 4961 1 0
2403 759 0 0
2718 3838 1 1
2373 1678 1 0
295592 295592 1 1
29390 92920 1 0
5800000000000000000000000000 7050000000000000000000000000000 0 0
257 697 1 0
3451 10915 0 0
6915 2186 0 0
3115 4398 1 1
2055 1453 1 0
246076 246076 1 1
25060000000000000000000000000000000000 79240000000000000000000000000000000000 1 0
427000000 529000000 1 1
132 178 1 1
719 2273 1 0
11508 3640 1 0
2409 3402 1 1
1729 1222 1 0
727368 727368 1 1
387700000000000000000000000000000000000000000000000 1226000000000000000000000000000000000000000000000000 1 0
4600 701000 0 0
204 908 0 0
2704 8551 0 0
8489 2685 1 0
1143 1612 1 1
3144 2224 1 0
222044 222044 1 1
1322000000 4179000000 1 0
577000000000000000000000000000 1370000000000000000000000000000 1 0
323 785 1 0
2894 9150 1 0
9827 3109 1 0
1212 1711 1 1
926 656 1 1
490235 490235 1 1
17160000000000 54240000000000 1 0
5310000000 910000000 0 0
270 748 1 0
2590 8192 0 0
10865 3436 1 0
2409 3402 1 1
3516 2488 1 0
221567 221567 1 1
8210000000000000 25940000000000000 1 0
6760000000000000 9340000000000000 1 1
653 49 0 0
326 1031 0 0
3875 1226 1 0
3087 4359 1 1
160 112 1 0
432137 432137 1 1
3776000000000000000000000000000000 11939000000000000000000000000000000 1 0
55300000000000000 2280000000000000000 0 0
615 700 1 1
3920 12397 0 0
11995 3794 1 0
228 322 1 1
2851 2016 1 0
437293 437293 1 1
37050000000000000000000000000000000000000000000000000000000000000000000000000000000000000000000000000000000000000000000000000000 117170000000000000000000000000000000000000000000000000000000000000000000000000000000000000000000000000000000000000000000000000000 0 0
713000000000000000000000000000000000000000000000000000000000000000000000000000000000000000000000000000000000000000000000000000000000000000000000000000000000000000000 241000000000000000000000000000000000000000000000000000000000000000000000000000000000000000000000000000000000000000000000000000000000000000000000000000000000000000000 1 0
937 217 0 0
1280 4048 0 0
7015 2219 1 0
523 736 1 1
118 82 1 0
816051 816051 1 1
2144000000000000000000000000 6781000000000000000000000000 0 0
267000000000000000000 958000000000000000000 0 0
97 16 0 0
3659 11572 0 0
8116 2565 0 0
3463 4891 1 1
1598 1131 1 0
671144 671144 1 1
18730000000000000 59220000000000000 1 0
140000000000 87800000000000 0 0
705 387 1 0
2211 6989 1 0
82 25 0 0
1734 2450 1 0
3512 2484 1 0
304140 304140 1 1
220000000000000000000000 693000000000000000000000 1 0
492000000000000000000000 53100000000000000000000000 0 0
239 194 1 1
89 283 0 0
7264 2295 0 0
1109 1567 1 0
3223 2279 1 0
111578 111578 1 1
97700000000000000000000000000 308900000000000000000000000000 1 0
841000 52800000 0 0
613 102 0 0
2768 8752 1 0
8294 2620 0 0
559 787 1 1
2943 2082 1 0
656249 656249 1 1
29800000 94230000 1 0
28600000000000000000000000000000000000000000000000000000000000000000000000000000000000000000000000000000000000000000000000000000000000000000000000000000 89200000000000000000000000000000000000000000000000000000000000000000000000000000000000000000000000000000000000000000000000000000000000000000000000000000 1 0
286 255 1 1
2045 6464 1 0
4319 1367 1 0
544 769 1 0
260 186 1 1
213662 213662 1 1
335300000000000000000000000000000000 1060100000000000000000000000000000000 1 0
697000000000000000 910000000000000000 1 1
225 927 0 0
2596 8210 0 0
8639 2730 0 0
2713 3831 1 1
3729 2638 1 0
671315 671315 1 1
352700000000000000000000000000 1115400000000000000000000000000 0 0
983000000000000000 94800000000000000000 0 0
756 700 1 1
262 828 1 0
4200 1329 1 0
3478 4913 1 0
284 200 1 0
815231 815231 1 1
27240 86150 0 0
755000000000000000000000000 9980000000000000000000000000 0 0
801 284 1 0
254 803 1 0
3971 1256 1 0
2925 4133 1 0
1242 878 1 0
130988 130988 1 1
281000000000000000000000000000000 888000000000000000000000000000000 1 0
410000000000000 66900000000000000 0 0
96 416 0 0
3488 11029 1 0
7505 2374 1 0
1619 2284 1 1
1339 946 1 0
75913 75913 1 1
21820000000000000000000000000000000000000000000000000000000000000000000000000000000000000000000000000000000000000000000000000000000000000000000000000000000000000000000000000000000000000000000000000000000000000000000000000000 69020000000000000000000000000000000000000000000000000000000000000000000000000000000000000000000000000000000000000000000000000000000000000000000000000000000000000000000000000000000000000000000000000000000000000000000000000000 0 0
176000000000000000000000000000000000000000000000000000000000000000000000000000000000000000000000000000000000000000000000000000000000000000000000000000 2990000000000000000000000000000000000000000000000000000000000000000000000000000000000000000000000000000000000000000000000000000000000000000000000000000 0 0
30 502 0 0
2664 8423 1 0
169 52 0 0
1819 2568 1 1
2017 1429 1 1
983614 983614 1 1
29700000 93800000 1 0
287000000 3440000000 0 0
155 259 1 0
698 2205 1 0
8941 2828 1 0
2134 3014 1 1
1887 1333 1 0
185481 185481 1 1
28530000000000000000000000000000000000000 90210000000000000000000000000000000000000 1 0
7710000000000000 99200000000000000 0 0
897 782 1 1
1573 4975 0 0
2837 895 0 0
790 1115 1 1
1166 824 1 0
739253 739253 1 1
367000000000000000000000000000000 1160500000000000000000000000000000 1 0
256 8570 0 0
362 188 1 0
2717 8593 0 0
36 9 0 0
192 270 1 1
3613 2557 1 0
236012 236012 1 1
700000000000000000000000000000000 2213000000000000000000000000000000 1 0
95900000000000000000000000000000 5340000000000000000000000000000000 0 0
446 826 1 0
2947 9319 1 0
8609 2720 0 0
2413 3409 1 0
1795 1271 1 1
991717 991717 1 1
2050000000000000000000000000000000000000000000000000000000000000000000000000000000000000000000000000000000000000000 6500000000000000000000000000000000000000000000000000000000000000000000000000000000000000000000000000000000000000000 0 0
77500000000000000000000000000000000000000000000000000000000000000000000000000000000000000000000000000 3420000000000000000000000000000000000000000000000000000000000000000000000000000000000000000000000000000 0 0
609 774 1 1
372 1176 1 0
11735 3711 1 0
171 240 1 1
605 429 1 1
527045 527045 1 1
22360000000000000000000000000000 70700000000000000000000000000000 1 0
84100000000000000000000000000 98200000000000000000000000000 1 1
653 167 0 0
2096 6627 1 0
894 283 1 0
3181 4494 1 0
1611 1141 1 1
665376 665376 1 1
1282000000000000000000000000000000 4053000000000000000000000000000000 1 0
91000000 57000000000 0 0
122 888 0 0
20 61 1 0
2812 891 1 0
3954 5583 1 1
1623 1146 1 0
691832 691832 1 1
3769000 11919000 0 0
1690000000 588000000000 0 0
19 53 1 0
3126 9884 1 0
1136 359 0 0
677 957 1 0
826 586 1 1
975663 975663 1 1
216700000000000000000000000000000000000 685100000000000000000000000000000000000 1 0
47500000000000000000000000 6870000000000000000000000000 0 0
133 33 0 0
2692 8513 0 0
4048 1281 1 0
3319 4689 1 0
2527 1789 1 1
747904 747904 1 1
1873000000000000000000000000000000000000000000000000000000000000000000000000000000000000000000000000000000000000000 5923000000000000000000000000000000000000000000000000000000000000000000000000000000000000000000000000000000000000000 0 0
5650000000000000000000000000000000000000000000000000000000000000000000000000000000000000000000000000000000000000000000000000000000000000000000000000000000000000000000000000000000000000000000000000000000000000000000000000000000000000000000000000000000000000000 7600000000000000000000000000000000000000000000000000000000000000000000000000000000000000000000000000000000000000000000000000000000000000000000000000000000000000000000000000000000000000000000000000000000000000000000000000000000000000000000000000000000000000000 1 1
998 624 1 0
1203 3802 1 0
5169 1634 0 0
1548 2185 1 1
134 93 1 0
922866 922866 1 1
1886000000000000000000000000000000000 5963000000000000000000000000000000000 1 0
351000000000000000000 85500000000000000000000 0 0
524 267 1 0
114 361 0 0
4022 1270 0 0
775 1096 1 0
2625 1857 1 0
720549 720549 1 1
2273000000000000000000000000000000000000 7189000000000000000000000000000000000000 0 0
87000 95100000 0 0
561 511 1 1
1251 3958 0 0
1039 330 1 0
2162 3054 1 0
877 622 1 1
273571 273571 1 1
24100000000000000000000000000000000000000 76230000000000000000000000000000000000000 0 0
16300000000000000000 275000000000000000000 0 0
417 655 1 0
3970 12553 1 0
5586 1767 1 0
2577 3641 1 0
219 154 1 0
556178 556178 1 1
239200000000000 756400000000000 1 0
37000000000000000000000000000000 176000000000000000000000000000000 0 0
250 226 1 1
2718 8594 1 0
6626 2094 0 0
3274 4624 1 1
2903 2053 1 0
700348 700348 1 1
22610000000000000000000000000000000000000000000000000000 71500000000000000000000000000000000000000000000000000000 0 0
866000000000000000000000000000000000000000000000000000000000000000000000000000000000000000000000000000000000000000000000000000000000000000000000000000000000000000000000000000000000000000000000000000000000000000000000000000000000000000 745000000000000000000000000000000000000000000000000000000000000000000000000000000000000000000000000000000000000000000000000000000000000000000000000000000000000000000000000000000000000000000000000000000000000000000000000000000000000000 1 1
194 781 0 0
3081 9744 0 0
7571 2392 0 0
1874 2647 1 1
2846 2015 1 1
451655 451655 1 1
30230000000000000000000000000000 95570000000000000000000000000000 1 0
2450000000000000000 80000000000000000000 0 0
659 254 1 0
3143 9939 1 0
3342 1055 0 0
1091 1542 1 0
1445 1022 1 0
926403 926403 1 1
79600000000000000000000000 251500000000000000000000000 1 0
90500000000000000000000000000000 12400000000000000000000000000000 0 0
951 298 0 0
741 2344 0 0
2963 936 0 0
427 605 1 0
753 533 1 0
711804 711804 1 1
260000000000000000000000000 824000000000000000000000000 0 0
42700000000 9390000000000 0 0
129 336 1 0
245 772 1 0
2938 930 1 0
1056 1490 1 1
633 448 1 0
125813 125813 1 1
33080000000000000000000000000000000000 104580000000000000000000000000000000000 1 0
147000000000000000000000000 39900000000000000000000000000 0 0
846 187 0 0
1376 4351 1 0
2504 789 0 0
1441 2033 1 1
3290 2330 1 1
256801 256801 1 1
37440000000000000000000000000000000000000000000000000000000000000000000000000000000000000000000000000000000000000000000000000000000000000000000000000000000000000000000000000000000000000000000000000000000000000000000000000000000000000000000000000000000000000000000000000 118400000000000000000000000000000000000000000000000000000000000000000000000000000000000000000000000000000000000000000000000000000000000000000000000000000000000000000000000000000000000000000000000000000000000000000000000000000000000000000000000000000000000000000000000000 0 0
33400000000000000000000000000000000000000000000000000000000000000000000000000000000000000000000000000000000000000000000000000000000000000000000000000000000000000000000000000000000000000000 65800000000000000000000000000000000000000000000000000000000000000000000000000000000000000000000000000000000000000000000000000000000000000000000000000000000000000000000000000000000000000000 1 0
701 167 0 0
106 334 1 0
3619 1142 0 0
2159 3051 1 0
2509 1776 1 0
443295 443295 1 1
381100000000000000000000000000000 1204900000000000000000000000000000 1 0
4980000000000 1660000000000 1 0
191 131 1 0
2389 7553 1 0
7985 2526 1 0
213 301 1 0
3016 2136 1 1
130366 130366 1 1
26100000000000000000 82510000000000000000 1 0
89300000000000000000000000 3700000000000000000000000 0 0
874 681 1 1
1477 4670 1 0
7386 2335 0 0
2481 3503 1 1
676 478 1 0
919437 919437 1 1
3402000000000000000000000000000000000000 10760000000000000000000000000000000000000 0 0
802000 106000 0 0
169 994 0 0
2384 7538 1 0
5356 1695 1 0
72 102 1 0
1096 775 1 0
239744 239744 1 1
39070000000000000000000000000000000000000 123540000000000000000000000000000000000000 1 0
357 58500 0 0
245 859 0 0
3547 11217 0 0
4411 1396 1 0
2584 3649 1 1
2956 2094 1 1
188908 188908 1 1
2527000000000000000000000000000000000000000000000000000000000000000000000000000000000000000000000000000000000000000000000000000000000000000000000000000000000000000000000000000000 7991000000000000000000000000000000000000000000000000000000000000000000000000000000000000000000000000000000000000000000000000000000000000000000000000000000000000000000000000000000 1 0
291000000000000000000000000000000000000000000000000000000000000000000000000000000000000000000000000000000000000000000000000000000000000000000000000000000000000000000000000000000000000000000000000000000000000000000000000000000000000000000000000000000000000000000000000000000000 256000000000000000000000000000000000000000000000000000000000000000000000000000000000000000000000000000000000000000000000000000000000000000000000000000000000000000000000000000000000000000000000000000000000000000000000000000000000000000000000000000000000000000000000000000000000 1 1
795 873 1 1
1061 3354 1 0
4359 1376 0 0
3588 5070 1 0
2511 1777 1 0
271782 271782 1 1
822000000 2599000000 1 0
587000 2510000 0 0
870 313 1 0
3033 9592 0 0
6772 2141 0 0
1041 1470 1 1
1457 1031 1 0
449412 449412 1 1
3086 9759 0 0
3200000000000000000 8470000000000000000 1 0
533 380 1 1
790 2497 1 0
453 145 1 0
2561 3615 1 1
1535 1085 1 0
516110 516110 1 1
39100000000000000 123660000000000000 0 0
713000 313000 1 0
970 869 1 1
3361 10626 1 0
261 83 1 0
2225 3142 1 1
2185 1547 1 1
275612 275612 1 1
10680000000000 33790000000000 0 0
1250000000000000000000000000000 6910000000000000000000000000000 0 0
325 401 1 1
42 132 1 0
307 95 0 0
3450 4873 1 1
2071 1466 1 0
83310 83310 1 1
22830000000000000000000000000000000000000000000000000000000000000000000000000000000000000000000000000000000000000000000000000000000000000000000000000000000000000000000000000 72180000000000000000000000000000000000000000000000000000000000000000000000000000000000000000000000000000000000000000000000000000000000000000000000000000000000000000000000000 1 0
2710000000000000000000000000000000000000000000000000000000000000000000000000000000000000000000000000000000 34100000000000000000000000000000000000000000000000000000000000000000000000000000000000000000000000000000000 0 0
94 771 0 0
1012 3201 0 0
8881 2809 1 0
2341 3307 1 0
1617 1146 1 1
446400 446400 1 1
3574 11301 1 0
425000000000000000000000000 592000000000000000000000000 1 1
392 631 1 0
3687 11658 1 0
10134 3204 0 0
3638 5136 1 1
412 289 1 0
337832 337832 1 1
36840000000000000000000000000000000 116500000000000000000000000000000000 0 0
73500000000000000000 6330000000000000000000 0 0
446 35 0 0
3254 10288 1 0
3585 1134 1 0
326 458 1 1
3745 2652 1 1
794607 794607 1 1
19040000000000000 60200000000000000 1 0
900 362000 0 0
653 674 1 1
2219 7017 1 0
5448 1723 1 0
3241 4578 1 1
628 443 1 0
150348 150348 1 1
300900000000000000000000 951700000000000000000000 0 0
376000 133000 1 0
468 841 1 0
642 2028 1 0
10499 3321 1 0
1937 2738 1 0
3184 2252 1 0
771044 771044 1 1
24810000000000 78430000000000 1 0
2810000000000000000000000000000000000000000000000000000000000000000000000000000000000000000000000000000000000000000000000000000000000000000000000000000000000000000000000000000000000000000000000000000000000000000000000000000000000000000 7780000000000000000000000000000000000000000000000000000000000000000000000000000000000000000000000000000000000000000000000000000000000000000000000000000000000000000000000000000000000000000000000000000000000000000000000000000000000000000 1 0
464 533 1 1
3309 10463 1 0
10543 3334 1 0
102 146 1 0
2649 1875 1 0
258484 258484 1 1
13000000000000000000000 41110000000000000000000 0 0
71900000000000000000000000000 56200000000000000000000000000 1 1
39 942 0 0
663 2096 1 0
6608 2090 1 0
1187 1677 1 0
1966 1391 1 0
252110 252110 1 1
282200000 892400000 0 0
330000 65700000 0 0
703 478 1 0
1694 5356 1 0
479 150 0 0
1278 1806 1 0
985 699 1 1
65099 65099 1 1
5530000 17470000 1 0
2000 451000 0 0
72 53 1 1
1969 6226 1 0
7379 2333 0 0
3353 4738 1 0
3154 2230 1 0
824547 824547 1 1
1450 4587 0 0
21800 3090000 0 0
679 601 1 1
117 369 1 0
4601 1452 0 0
2184 3082 1 1
2418 1710 1 0
257144 257144 1 1
32870000000000000000000000000000000000000000000000000000000000000000000000000000000000000000000000000000000000000000000000000000000000000000000000000000000000000000000000000000000000000000000000000000000000000000000000000000000000000000000000000000000000000000000000000000000000 103950000000000000000000000000000000000000000000000000000000000000000000000000000000000000000000000000000000000000000000000000000000000000000000000000000000000000000000000000000000000000000000000000000000000000000000000000000000000000000000000000000000000000000000000000000000000 0 0
11800000000000000000000000000000000000000000000000000000000000000000000000000000000000000000000000000000000000000000000000000000000000000000 5130000000000000000000000000000000000000000000000000000000000000000000000000000000000000000000000000000000000000000000000000000000000000000000 0 0
318 491 1 0
2303 7280 1 0
2781 879 0 0
3542 5004 1 0
925 653 1 0
76126 76126 1 1
356700000000000000000000000000000000000000 1127700000000000000000000000000000000000000 1 0
44700000000000000000000000000000 8040000000000000000000000000000000 0 0
142 336 1 0
2169 6858 1 0
8604 2719 0 0
160 225 1 1
1817 1285 1 0
847780 847780 1 1
3142000000000000000000000000000000000000000 9937000000000000000000000000000000000000000 0 0
83000000000000000000000000 10600000000000000000000000 0 0
265 799 1 0
3974 12567 0 0
11757 3719 1 0
1639 2313 1 1
2959 2092 1 0
66074 66074 1 1
185100000000000000000000000000000000 585400000000000000000000000000000000 0 0
829000000000000000 300000000000000000 1 0
238 868 0 0
2317 7327 0 0
5 3 1 0
3095 4372 1 0
3358 2375 1 0
465008 465008 1 1
253200000000 800500000000 1 0
5700000000000000000000 60500000000000000000000 0 0
500 751 1 0
3997 12641 0 0
3504 1108 0 0
2582 3648 1 0
2865 2028 1 0
755800 755800 1 1
303800000000000000000000000000000000000000000000000000000000000000000000000000000000000000000000000000000000000000000000000000000000000000000000000000000000000000000000000000000000000000000000000000000000000000000000000000000000000000000000000000000000 960500000000000000000000000000000000000000000000000000000000000000000000000000000000000000000000000000000000000000000000000000000000000000000000000000000000000000000000000000000000000000000000000000000000000000000000000000000000000000000000000000000000 1 0
6010000000000000000000000000000000000000000000000000000000000000000000000000000000000000000000000000000000000000000000000000000000000000000000000000000000000000000000000000000000000000000000000000000000000000000000000000000000000000000000 62000000000000000000000000000000000000000000000000000000000000000000000000000000000000000000000000000000000000000000000000000000000000000000000000000000000000000000000000000000000000000000000000000000000000000000000000000000000000000000000 0 0
858 621 1 1
617 1950 1 0
8679 2742 0 0
3484 4920 1 1
512 362 1 0
131403 131403 1 1
3063000000000000 9686000000000000 1 0
690000000000000000000 2050000000000000000000 1 0
946 706 1 1
1525 4821 1 0
2127 671 0 0
3923 5540 1 1
2324 1644 1 0
208548 208548 1 1
255000000 806100000 1 0
8360000000 29900000000 0 0
441 44 0 0
1905 6023 1 0
3640 1153 1 0
851 1200 1 1
2993 2118 1 0
955044 955044 1 1
2775000000000000000000000000000000000 8776000000000000000000000000000000000 0 0
486000000000000000 860000000000000000 1 0
750 999 1 1
3012 9525 0 0
5817 1837 0 0
2093 2956 1 1
1280 908 1 1
517214 517214 1 1
151200000000000000000000000000000 478000000000000000000000000000000 1 0
737000000000 3950000000000 0 0
910 295 1 0
3820 12077 1 0
1008 320 1 0
2407 3400 1 0
1334 946 1 1
721614 721614 1 1
2889000000000000000000000000000000000000000000000000000000000000000000000000000000000000000000000000000000000000000000000000000000000000000000000000000000000000000000000000000000000000000000000000000000000000 9136000000000000000000000000000000000000000000000000000000000000000000000000000000000000000000000000000000000000000000000000000000000000000000000000000000000000000000000000000000000000000000000000000000000000 0 0
6950000000000000000000000000000000000000000000000000000000000000000000000000000000000000000000000000000000000000000000000000000000000000000000000000000000000000000000000000000000000000000000000000000000000000000000000000 768000000000000000000000000000000000000000000000000000000000000000000000000000000000000000000000000000000000000000000000000000000000000000000000000000000000000000000000000000000000000000000000000000000000000000000000000000 0 0
837 231 0 0
3346 10579 1 0
11000 3477 0 0
3273 4623 1 1
1181 836 1 0
371181 371181 1 1
19720000000000 62340000000000 1 0
78600000000000000000000000000000 37000000000000000000000000000000 1 0
879 250 0 0
2953 9338 1 0
8988 2841 0 0
2280 3220 1 1
597 423 1 1
810812 810812 1 1
24020000000000000000 75960000000000000000 0 0
95900000000000000000000000000 686000000000000000000000000000 0 0
374 728 1 0
3273 10349 1 0
5697 1801 0 0
1307 1844 1 1
1006 712 1 0
557647 557647 1 1
318400000000000000000000 1006800000000000000000000 1 0
24600000000000000000000000 9600000000000000000000000000 0 0
522 444 1 1
320 1012 0 0
11622 3675 0 0
551 779 1 0
1978 1400 1 0
231015 231015 1 1
1892000000000000000000000 5981000000000000000000000 1 0
125000000000000000000 88800000000000000000000 0 0
776 367 1 0
2701 8540 1 0
6357 2008 0 0
779 1100 1 1
3225 2282 1 0
931215 931215 1 1
128500000000000000000000000000000000000000000000000000000000000000000000000000000000000000000000000000000000000000000000000000 406300000000000000000000000000000000000000000000000000000000000000000000000000000000000000000000000000000000000000000000000000 1 0
7290000000000000000000000000000000000000000000000000000000000000000000000000000000000000000000000000000000000000000000000000000000000000000000000000000000000000000000000000 5740000000000000000000000000000000000000000000000000000000000000000000000000000000000000000000000000000000000000000000000000000000000000000000000000000000000000000000000000 1 1
692 638 1 1
1371 4334 1 0
6669 2106 0 0
3766 5321 1 0
622 441 1 1
601304 601304 1 1
2100000000000 6642000000000 0 0
4430000000000 95000000000000 0 0
403 526 1 1
916 2895 1 0
2549 806 0 0
3577 5051 1 1
3952 2795 1 0
656610 656610 1 1
662000000000000000000000000000000 2091000000000000000000000000000000 1 0
63800000000000000000000000 9030000000000000000000000000 0 0
598 879 1 0
1600 5061 0 0
4860 1537 1 0
2614 3691 1 1
259 183 1 0
646034 646034 1 1
18470000000 58420000000 0 0
368000000000000 961000000000000 1 0
521 690 1 1
3812 12054 1 0
4462 1412 1 0
3743 5288 1 0
1698 1204 1 1
749539 749539 1 1
19490000000000000000000000000000 61620000000000000000000000000000 1 0
3360000000000000000000000 8860000000000000000000000 1 0
123 73 1 0
1601 5060 1 0
11302 3575 1 0
1462 2066 1 0
2355 1667 1 0
547302 547302 1 1
340700000000000000000000000000000000000000000000000000000000000000000000000000000000000000000000000000000000000000000000000000000000000000000000000000000000000000000000000000000000000 1077200000000000000000000000000000000000000000000000000000000000000000000000000000000000000000000000000000000000000000000000000000000000000000000000000000000000000000000000000000000000 1 0
5760000000000000000000000000000000000 98300000000000000000000000000000000000 0 0
460 88 0 0
3030 9581 1 0
9492 3003 1 0
229 322 1 1
3207 2272 1 1
390967 390967 1 1
39400000 124600000 0 0
13000 410000 0 0
45 59 1 1
3635 11494 1 0
7808 2470 1 0
2763 3900 1 1
1752 1241 1 1
880868 880868 1 1
304700000000000000 963400000000000000 1 0
87100 5190000 0 0
786 30 0 0
251 794 0 0
3029 955 0 0
1516 2142 1 0
1085 769 1 1
101781 101781 1 1
374600000000 1184700000000 0 0
10200 54400 0 0
277 97 1 0
993 3140 1 0
270 85 0 0
1597 2257 1 0
1711 1209 1 0
460087 460087 1 1
139300000000000000000000000000000000 440500000000000000000000000000000000 1 0
9220000000000000 55700000000000000 0 0
772 162 0 0
804 2543 0 0
5310 1681 1 0
549 773 1 1
2717 1923 1 0
679983 679983 1 1
1150000000000000000000000000000000000000000000000000000000000000000000000000000000000000000000000000000000000000000000000000000000000000000000000000000 3637000000000000000000000000000000000000000000000000000000000000000000000000000000000000000000000000000000000000000000000000000000000000000000000000000 0 0
44900000000000000000000000000000000000000000000000000 2310000000000000000000000000000000000000000000000000000 0 0
988 61 0 0
1450 4585 1 0
10656 3371 1 0
3007 4248 1 0
2454 1737 1 0
364640 364640 1 1
2622000 8292000 0 0
463 5960 0 0
645 147 0 0
2033 6426 1 0
1654 523 0 0
166 233 1 1
3227 2282 1 0
294721 294721 1 1
216000000000000000 683000000000000000 1 0
35900000000000000000000000000 43300000000000000000000000000 1 1
947 106 0 0
3777 11943 1 0
6121 1936 1 0
968 1367 1 1
3549 2512 1 0
950166 950166 1 1
1124000 3555000 0 0
21500000000000000000000000000 79300000000000000000000000000 0 0
985 337 1 0
2500 7906 0 0
4326 1369 1 0
235 332 1 0
1606 1137 1 1
674691 674691 1 1
3983000000000000000000000000 12596000000000000000000000000 0 0
5050000000000 72000000000000 0 0
428 651 1 0
3375 10672 1 0
2306 729 0 0
3186 4500 1 1
1288 911 1 0
573901 573901 1 1
1466000000000000000000000000000000000000000000000000000000000000000000000000000000000000000000000000000000000000000000000000000000000000000000000000000000000000000000000000000000000 4635000000000000000000000000000000000000000000000000000000000000000000000000000000000000000000000000000000000000000000000000000000000000000000000000000000000000000000000000000000000 1 0
269000000000 48600000000000 0 0
554 12 0 0
1269 4011 1 0
9729 3074 0 0
2930 4139 1 0
402 285 1 1
849091 849091 1 1
627000000000000000000 1984000000000000000000 0 0
643000000000000000 51600000000000000000 0 0
919 562 1 0
3645 11527 0 0
8134 2571 0 0
2043 2883 1 1
2728 1929 1 0
288605 288605 1 1
17000000 53900000 0 0
20300000000 5550000000000 0 0
610 381 1 0
172 541 1 0
7670 2423 0 0
2560 3618 1 0
2972 2105 1 1
533722 533722 1 1
28690000000000000000000 90720000000000000000000 1 0
37400000000 2880000000000 0 0
762 159 0 0
2911 9205 1 0
11431 3614 0 0
1936 2732 1 1
3719 2630 1 0
522703 522703 1 1
21300000000000000 67400000000000000 0 0
8090000000000 375000000000000 0 0
316 836 1 0
2496 7892 1 0
59 18 0 0
395 555 1 1
2526 1786 1 0
213647 213647 1 1
297800000000000000000000000000000000000000000000000000000000000000000000000000000000000000000000000000000000000000000000000000000000000000000000000000000000000000000000000000000000000 941700000000000000000000000000000000000000000000000000000000000000000000000000000000000000000000000000000000000000000000000000000000000000000000000000000000000000000000000000000000000 1 0
359000000000000000000000000000000000000000000000000000000000000000000000000000000000000000000000000000000000000000000000000000000000000000000000000000000000000000000000000000000000000000000000000000000000000000000000000000000000 82800000000000000000000000000000000000000000000000000000000000000000000000000000000000000000000000000000000000000000000000000000000000000000000000000000000000000000000000000000000000000000000000000000000000000000000000000000000000 0 0
125 172 1 1
3872 12246 0 0
7849 2484 1 0
591 836 1 0
1767 1249 1 0
394957 394957 1 1
13890000000000 43900000000000 1 0
595000000000000000000 874000000000000000000 1 0
281 451 1 0
1908 6032 1 0
5544 1755 1 0
1541 2177 1 0
1724 1219 1 0
76378 76378 1 1
19400000000000000000000 61350000000000000000000 0 0
11000000000000000000000000000 46500000000000000000000000000000 0 0
55 722 0 0
701 2216 1 0
2274 721 1 0
3548 5013 1 0
791 559 1 0
757944 757944 1 1
3800000 12010000 1 0
3760 1300 1 0
749 403 1 0
517 1636 0 0
10764 3403 0 0
1003 1414 1 1
1312 926 1 0
284488 284488 1 1
36770000000000000000000000000000000000000 116280000000000000000000000000000000000000 0 0
17400 1600 0 0
947 39 0 0
470 1487 0 0
6302 1994 1 0
208 292 1 1
2076 1471 1 1
432992 432992 1 1
106800000000000000000000000000000000000000000000000000 337700000000000000000000000000000000000000000000000000 1 0
290 15200 0 0
131 479 0 0
43 133 1 0
6606 2088 0 0
2876 4062 1 1
3785 2680 1 1
220487 220487 1 1
18530000000 58600000000 0 0
316000000000000000 87900000000000000000 0 0
972 827 1 1
3180 10057 0 0
10851 3433 1 0
1424 2013 1 0
169 120 1 1
321953 321953 1 1
3926000000000000000000000000000000000 12413000000000000000000000000000000000 1 0
800000000000 3130000000000 0 0
262 887 0 0
941 2977 0 0
170 52 0 0
2894 4088 1 0
2936 2077 1 0
607188 607188 1 1
3637000 11499000 1 0
704000000000000 620000000000000 1 1
237 823 0 0
1092 3455 0 0
6626 2095 0 0
3080 4348 1 1
148 102 1 0
223651 223651 1 1
266800000000000 843800000000000 0 0
37500000000000 33700000000000 1 1
35 774 0 0
943 2984 0 0
62 17 0 0
1518 2146 1 0
612 435 1 1
492304 492304 1 1
179500000000000000000000000000000000000000000000000000000000000000000000000000000000000000000000000000000000000000000000000000000000000000000000000000000000000000000000000000000000000000000000000000000000000000000000000000000000000000000000000000000000000000000000 567600000000000000000000000000000000000000000000000000000000000000000000000000000000000000000000000000000000000000000000000000000000000000000000000000000000000000000000000000000000000000000000000000000000000000000000000000000000000000000000000000000000000000000000 1 0
614000000000000000000000000000000000000000000000000000000000000000000000000000000000000000000000000 859000000000000000000000000000000000000000000000000000000000000000000000000000000000000000000000000 1 1
936 152 0 0
3651 11547 0 0
3041 961 0 0
2663 3763 1 0
3732 2643 1 1
414656 414656 1 1
31560000000000000000000000000000000000000 99810000000000000000000000000000000000000 0 0
49900000000000 14800000000000 0 0
650 999 1 0
3114 9845 1 0
1675 529 0 0
2074 2927 1 1
936 664 1 1
804723 804723 1 1
22720000000000000000000000000000000000000 71860000000000000000000000000000000000000 0 0
5280000000000000 14600000000000000 1 0
392 363 1 1
541 1710 1 0
405 126 0 0
3363 4749 1 1
255 182 1 1
655691 655691 1 1
222000000000000000000000000000000000000 702000000000000000000000000000000000000 1 0
5730000000000000000000 5320000000000000000000 1 1
204 822 0 0
866 2738 1 0
5767 1824 1 0
2189 3093 1 0
11 8 1 1
757483 757483 1 1
202000000000000000000000000000000 638700000000000000000000000000000 1 0
53800000000 785000000000 0 0
957 132 0 0
2975 9408 0 0
3824 1208 0 0
3296 4656 1 0
3571 2530 1 1
365757 365757 1 1
115300000000000000000000000000000000000000000000000000000000000000000000000000000000000000000000000000000000000000000000000000000000000000 364400000000000000000000000000000000000000000000000000000000000000000000000000000000000000000000000000000000000000000000000000000000000000 1 0
16600000000000000000000000000000000000000000000000000000000000000000000000000000000000000000000000000000000000000000000000000000000000000000000000000000000 5160000000000000000000000000000000000000000000000000000000000000000000000000000000000000000000000000000000000000000000000000000000000000000000000000000000000 0 0
222 311 1 1
3690 11666 1 0
3727 1179 1 0
2882 4068 1 1
2573 1821 1 0
406998 406998 1 1
1257000000 3975000000 0 0
970000000000000000000000 895000000000000000000000 1 1
163 766 0 0
1019 3224 0 0
8871 2804 0 0
24 33 1 1
2966 2099 1 0
784137 784137 1 1
21500000000000000 68100000000000000 0 0
92100000000000000000000000 210000000000000000000000000 1 0
509 621 1 1
3872 12245 0 0
6746 2131 0 0
1314 1854 1 1
1819 1287 1 0
77033 77033 1 1
26180000000000000 82790000000000000 0 0
51000000000000000000000000 2600000000000000000000000000 0 0
22 661 0 0
321 1013 1 0
11176 3534 0 0
1801 2543 1 1
3881 2747 1 0
462218 462218 1 1
391600000000 1238500000000 0 0
970000000000000000000000 681000000000000000000000000 0 0
410 269 1 0
1749 5531 0 0
10451 3304 0 0
913 1289 1 1
2562 1812 1 0
606516 606516 1 1
1628000000000000000000000000000000 5147000000000000000000000000000000 1 0
433000000000000000000000000000000000000000000000000000000000000000000000000000000000000000000000000000000000000000000000000000000000000000 9350000000000000000000000000000000000000000000000000000000000000000000000000000000000000000000000000000000000000000000000000000000000000000 0 0
714 95 0 0
1906 6028 0 0
3461 1094 0 0
2441 3447 1 1
2066 1462 1 0
176162 176162 1 1
319200000000000000 1009200000000000000 1 0
5870000000000 5080000000000 1 1
64 584 0 0
2134 6748 1 0
4344 1371 0 0
3081 4352 1 1
3147 2228 1 1
366156 366156 1 1
839000000000000000 2655000000000000000 0 0
14700000000000000000 74500000000000000000 0 0
835 268 1 0
990 3128 1 0
565 179 1 0
3613 5102 1 1
1112 787 1 0
448437 448437 1 1
153100000000000000000000000 484000000000000000000000000 1 0
740000000 2110000000 1 0
170 372 1 0
59 187 0 0
3193 1007 0 0
2539 3588 1 0
153 110 1 1
472734 472734 1 1
142800000000000000000000000000000 451700000000000000000000000000000 0 0
510 8440 0 0
976 991 1 1
3205 10134 1 0
9127 2887 1 0
2479 3501 1 1
3311 2342 1 0
28039 28039 1 1
8610000000000000000000000000000000000000000000000000000000000000000000000000000000000000000000000000000000000000000000000000000000000000 27200000000000000000000000000000000000000000000000000000000000000000000000000000000000000000000000000000000000000000000000000000000000000 1 0
98700000000000000000000000000000000000000000000000000000000000000000000000000000000000000000000000000000000000 350000000000000000000000000000000000000000000000000000000000000000000000000000000000000000000000000000000000000 0 0
103 656 0 0
2295 7257 1 0
9473 2995 0 0
1472 2078 1 1
3753 2657 1 1
121820 121820 1 1
317100000000000000000000000 1002500000000000000000000000 1 0
6530000000 36200000000 0 0
714 390 1 0
919 2906 1 0
808 254 0 0
2994 4229 1 1
3426 2423 1 0
17731 17731 1 1
28670 90650 1 0
1620000000000000000000 201000000000000000000000 0 0
372 225 1 0
2607 8242 1 0
2939 929 0 0
118 166 1 1
1181 836 1 0
941913 941913 1 1
142000000000000000 449200000000000000 0 0
85700000000000000000000000000 7440000000000000000000000000000 0 0
707 929 1 1
3551 11227 1 0
928 293 0 0
2750 3884 1 1
231 165 1 1
344741 344741 1 1
90600000 286600000 0 0
81100000000000000000000000000 7410000000000000000000000000000 0 0
173 856 0 0
3346 10579 1 0
2500 791 1 0
3303 4665 1 1
540 384 1 1
138432 138432 1 1
5250000000000000000000000000000000000000000000000000000000000000000000000000000000 16590000000000000000000000000000000000000000000000000000000000000000000000000000000 1 0
74400000000000000000000000000000000000000000000000000 17000000000000000000000000000000000000000000000000000 0 0
647 144 0 0
717 2269 0 0
10529 3328 0 0
379 533 1 1
1322 936 1 1
947778 947778 1 1
378900000000 1198300000000 0 0
1260000000000000000000000000000 63500000000000000000000000000000 0 0
412 500 1 1
3481 11009 0 0
7286 2306 1 0
1184 1672 1 1
3661 2593 1 1
988082 988082 1 1
13850000000000 43770000000000 1 0
8030000000 9850000000 1 1
218 935 0 0
2152 6807 0 0
7113 2251 1 0
2793 3943 1 1
273 194 1 1
153855 153855 1 1
445000000 1409000000 0 0
911000000000000000000 514000000000000000000 1 0
683 309 1 0
296 937 0 0
4553 1438 0 0
1066 1507 1 0
509 359 1 0
799759 799759 1 1
50200000000000000000000000000000000 158600000000000000000000000000000000 1 0
7610000 8440000 1 1
248 837 0 0
925 2927 0 0
11646 3680 0 0
2127 3006 1 0
1707 1209 1 1
343649 343649 1 1
1951000000000000000000000000000000000000000000000000000000000000000000000000000000000000000000000000000000000000000000000000000000000000000000000000000000000000000000000000000000000000000000000000000000000000000000000000000000000000000000000000000000000000000000000000000000000 6167000000000000000000000000000000000000000000000000000000000000000000000000000000000000000000000000000000000000000000000000000000000000000000000000000000000000000000000000000000000000000000000000000000000000000000000000000000000000000000000000000000000000000000000000000000000 1 0
73600 1410000 0 0
733 500 1 0
1841 5820 1 0
9243 2924 1 0
3425 4839 1 0
2334 1653 1 1
502420 502420 1 1
35620000000000000 112630000000000000 1 0
666000000000000000000000 8330000000000000000000000 0 0
956 780 1 1
379 1198 1 0
8274 2618 1 0
1227 1733 1 1
1342 951 1 1
588038 588038 1 1
632000000000000000000000000000000000000 1997000000000000000000000000000000000000 1 0
83400000000000 791000000000000 0 0
22 100 0 0
3171 10026 1 0
4258 1345 0 0
1091 1543 1 0
1881 1331 1 0
787819 787819 1 1
369500000000000 1168300000000000 1 0
67600000000000 485000000000000 0 0
234 887 0 0
973 3077 0 0
11594 3664 0 0
620 876 1 0
253 177 1 0
548677 548677 1 1
141700000000000000000000000000000000000000 448100000000000000000000000000000000000000 0 0
1430000000000000000000000000000 2020000000000000000000000000000 1 0
481 435 1 1
49 153 1 0
10009 3163 0 0
2153 3042 1 0
1140 809 1 1
643419 643419 1 1
331800000000000000000000000000000000000000000000000000000000000000000000000000000000000000000000000000000000000000000000000000000000000000000000000000000 1049100000000000000000000000000000000000000000000000000000000000000000000000000000000000000000000000000000000000000000000000000000000000000000000000000000 1 0
812000000000000000000000000000000000000000000000000000000000000000000000000000000000000000000000000000000000000000000000000000000000000000000000 7010000000000000000000000000000000000000000000000000000000000000000000000000000000000000000000000000000000000000000000000000000000000000000000000 0 0
400 254 1 0
123 390 0 0
686 215 0 0
3722 5255 1 1
3546 2510 1 0
444971 444971 1 1
2224000000000000000 7030000000000000000 1 0
6170000000 79400000000 0 0
844 166 0 0
1291 4080 1 0
9080 2872 1 0
675 953 1 1
1229 868 1 0
158806 158806 1 1
303200 958600 1 0
18000000000000000000 67600000000000000000 0 0
116 317 1 0
2315 7319 1 0
9293 2940 1 0
3491 4929 1 1
2509 1778 1 1
11681 11681 1 1
3273000000000000000000000000000000 10348000000000000000000000000000000 1 0
8190000 340000 0 0
548 727 1 1
3180 10057 0 0
686 216 0 0
1980 2795 1 1
1540 1089 1 0
748467 748467 1 1
3787000000000000000000000 11976000000000000000000000 0 0
1680000 759000000 0 0
389 46 0 0
1770 5595 1 0
10944 3459 0 0
4000 5649 1 1
2600 1839 1 0
791029 791029 1 1
22000000000000000000000000000000000000000000000000000000000000000000000000000000000000000000000000000000000000000000000000000000000000000000000000000000000000000000000000000000000 69300000000000000000000000000000000000000000000000000000000000000000000000000000000000000000000000000000000000000000000000000000000000000000000000000000000000000000000000000000000 1 0
4550000000000000000000000000000000000000000000000000000000000000000000000000000000000000000000000000000000000000000000000000000000000000000000000000000000000000000000000000 43100000000000000000000000000000000000000000000000000000000000000000000000000000000000000000000000000000000000000000000000000000000000000000000000000000000000000000000000000 0 0
505 295 1 0
1852 5854 1 0
2522 795 0 0
153 215 1 1
195 136 1 0
116037 116037 1 1
239000000 753000000 1 0
3620 27800 0 0
762 363 1 0
3419 10812 0 0
11188 3538 1 0
2841 4015 1 0
3362 2380 1 0
277128 277128 1 1
1507000000000000 4766000000000000 0 0
78800000000000000000000000000 31000000000000000000000000000 1 0
954 468 1 0
3301 10438 1 0
2035 645 1 0
1570 2216 1 1
2703 1911 1 0
998242 998242 1 1
37530000000000000000000000000000000 118670000000000000000000000000000000 1 0
35200000000000000000000000 1800000000000000000000000000 0 0
990 109 0 0
3967 12543 1 0
11118 3516 1 0
2816 3977 1 1
3900 2761 1 1
829147 829147 1 1
23050000000000 72890000000000 1 0
75700000000000000000000000000 1290000000000000000000000000000 0 0
510 202 1 0
1468 4640 1 0
1896 598 0 0
2866 4049 1 0
404 284 1 0
125881 125881 1 1
25100000000000000000000000000000000000000000000000000000000000000000000000000000000000000000000000000000000000000000000000000000000000000000000000000000000000000000000000000000000000000000000000000000000000000000000000000000000 79100000000000000000000000000000000000000000000000000000000000000000000000000000000000000000000000000000000000000000000000000000000000000000000000000000000000000000000000000000000000000000000000000000000000000000000000000000000 1 0
89100000000000000000000000000000000000000000000000000000000000000000000000000000000000000000000000000000000000000000000000000000000000000000000000000000000000000000000000000000000000000000000000000000000000000000000000000000000000000000000000000 21700000000000000000000000000000000000000000000000000000000000000000000000000000000000000000000000000000000000000000000000000000000000000000000000000000000000000000000000000000000000000000000000000000000000000000000000000000000000000000000000000 0 0
448 655 1 0
2131 6738 1 0
6789 2147 1 0
816 1150 1 1
3858 2733 1 1
839944 839944 1 1
689000000000000 2176000000000000 1 0
2260000000000000000000000000 96800000000000000000000000000 0 0
125 90 1 1
2116 6691 1 0
2669 845 1 0
2052 2899 1 0
1091 770 1 0
284775 284775 1 1
317200000000000000000000000000000000 1003100000000000000000000000000000000 0 0
1740000000000000000000000 4840000000000000000000000 1 0
796 104 0 0
3260 10309 1 0
1065 338 1 0
2971 4198 1 0
1762 1245 1 0
172439 172439 1 1
31070000000000000000000000000000 98230000000000000000000000000000 1 0
994000000000000000000 89700000000000000000000 0 0
461 899 1 0
531 1677 1 0
7300 2307 0 0
3943 5569 1 1
866 615 1 1
189012 189012 1 1
3326000000000000000000000 10516000000000000000000000 1 0
4330000 588000000 0 0
735 697 1 1
3150 9961 1 0
9768 3090 1 0
2984 4213 1 1
3209 2271 1 0
467453 467453 1 1
130000000000000000000000000000000000 411000000000000000000000000000000000 1 0
79600000000000000000000000000000000000000000000000000000000000000000000000000000000000000000000000000000000000000000000000000000000000000000000000000000000000000000000000000000000000000000000000000000000000000000000000000000000 88900000000000000000000000000000000000000000000000000000000000000000000000000000000000000000000000000000000000000000000000000000000000000000000000000000000000000000000000000000000000000000000000000000000000000000000000000000000 1 1
640 999 1 0
2731 8634 1 0
2071 653 0 0
2200 3107 1 1
918 648 1 0
550797 550797 1 1
11330000000000 35810000000000 1 0
93900000000000 596000000000000 0 0
588 337 1 0
1923 6081 1 0
5342 1689 0 0
2918 4123 1 0
3284 2322 1 0
825403 825403 1 1
219300000000000000000000000000000000000 693600000000000000000000000000000000000 0 0
3850000000000000 423000000000000000 0 0
643 335 1 0
1470 4648 1 0
1953 619 1 0
1246 1759 1 1
3416 2416 1 0
190575 190575 1 1
19100000000 60500000000 0 0
62000000000000000000000000000 4200000000000000000000000000000 0 0
578 924 1 0
1923 6081 1 0
6203 1960 0 0
526 742 1 1
706 501 1 1
111013 111013 1 1
19160000000000000 60580000000000000 1 0
6850000000 82400000000 0 0
878 521 1 0
79 247 1 0
10772 3407 1 0
1062 1500 1 1
1511 1067 1 0
418305 418305 1 1
2149000000000000000000000000000000000000000000000000000000000000000000000000000000000000000000000000000000000000000000000000000000000000000000000000000000000000000000000000000000000000000000000000000000000000000000 6796000000000000000000000000000000000000000000000000000000000000000000000000000000000000000000000000000000000000000000000000000000000000000000000000000000000000000000000000000000000000000000000000000000000000000000 0 0
481000000000000000000000000000000000000000000000000000000000000000000000000000000000000000000000000000000000000000000000000000000000000000000000000000000000000000000000000 51600000000000000000000000000000000000000000000000000000000000000000000000000000000000000000000000000000000000000000000000000000000000000000000000000000000000000000000000000 0 0
608 820 1 1
940 2971 1 0
2724 862 1 0
386 545 1 1
3708 2626 1 1
531146 531146 1 1
12350000000000000000000000 39030000000000000000000000 1 0
2290 216000 0 0
621 184 0 0
3365 10641 1 0
11756 3719 1 0
3472 4906 1 0
3238 2293 1 1
467374 467374 1 1
162700000000000000 514500000000000000 1 0
252000000000000000000000 7400000000000000000000000 0 0
262 767 1 0
3292 10410 1 0
11835 3741 0 0
3032 4284 1 0
1028 725 1 0
204861 204861 1 1
66800000000000000000000000000000000000000 211200000000000000000000000000000000000000 1 0
3570000000000000000000 5770000000000000000000 1 0
644 381 1 0
3372 10662 1 0
9818 3106 1 0
3116 4399 1 1
1144 807 1 0
639526 639526 1 1
1384000000000000000000000000 4375000000000000000000000000 1 0
898000000000000000000 770000000000000000000 1 1
75 388 0 0
1631 5155 1 0
4905 1549 0 0
3871 5469 1 0
369 260 1 0
234443 234443 1 1
2616000000000000000000000000000000000000000000000000000000000000000000000000000000000000000000000000000000000000000000000000000000000000000000000000000000000000000000000000000000000000000000000000000000000000000000000000000000000000000000000000000000000000000000000000000000000 8271000000000000000000000000000000000000000000000000000000000000000000000000000000000000000000000000000000000000000000000000000000000000000000000000000000000000000000000000000000000000000000000000000000000000000000000000000000000000000000000000000000000000000000000000000000000 1 0
68000000000000000000000000000000000000000000000000000000000000000000000000000000000000000000000000000000000000000000000000000000000000000000 69300000000000000000000000000000000000000000000000000000000000000000000000000000000000000000000000000000000000000000000000000000000000000000000 0 0
686 762 1 1
3668 11598 1 0
2015 637 0 0
2929 4136 1 1
1699 1202 1 0
819100 819100 1 1
2801000000000 8858000000000 0 0
640000000000000000000000000000 358000000000000000000000000000 1 0
700 894 1 1
2088 6603 0 0
6866 2172 1 0
1298 1834 1 0
1957 1384 1 0
848654 848654 1 1
31880000000000000000000000000000000 100830000000000000000000000000000000 0 0
466000000000000000000000 800000000000000000000000 1 0
527 585 1 1
1978 6253 1 0
993 315 1 0
1317 1859 1 1
1522 1075 1 0
646513 646513 1 1
541000000000000000000000000000000 1709000000000000000000000000000000 1 0
6200000000 812000000000 0 0
219 474 1 0
355 1121 1 0
3361 1060 0 0
3045 4302 1 0
52 38 1 1
44132 44132 1 1
330100000000 1043800000000 1 0
5290000000 564000000000 0 0
23 756 0 0
687 2174 0 0
11180 3536 1 0
86 121 1 1
2279 1613 1 0
270842 270842 1 1
593000000000000000000000000000000000000000000000000000000000000000000000000000000000000000000000000000000000000000000000000000000000 1874000000000000000000000000000000000000000000000000000000000000000000000000000000000000000000000000000000000000000000000000000000000 1 0
627000000000000000000000000000000000000000000000000000000000000000000000000000000000000000000000000000000000000000000000000000000000000000000000000000000000000 742000000000000000000000000000000000000000000000000000000000000000000000000000000000000000000000000000000000000000000000000000000000000000000000000000000000000 1 1
558 999 1 0
246 779 0 0
8169 2581 0 0
1601 2260 1 1
610 430 1 0
761227 761227 1 1
150400000000 475700000000 0 0
587000000000000 7520000000000000 0 0
628 567 1 1
1926 6091 0 0
6705 2120 0 0
47 64 1 1
2973 2104 1 0
906870 906870 1 1
115200000000000000000 364000000000000000000 1 0
77800000000 60100000000 1 1
396 320 1 1
987 3120 1 0
5909 1868 0 0
3608 5098 1 0
175 124 1 1
801448 801448 1 1
140900000000000000000000000000000000000000 445400000000000000000000000000000000000000 1 0
192000000000 8270000000000 0 0
650 774 1 1
488 1543 1 0
3054 964 0 0
3320 4689 1 1
3145 2227 1 1
208538 208538 1 1
263400000000000000000000000000000000000 833100000000000000000000000000000000000 0 0
6560000000000 3220000000000 1 0
118 927 0 0
584 1847 0 0
7890 2497 1 0
2729 3853 1 1
3201 2264 1 0
111842 111842 1 1
10320000000000000000000000000000000000000000000000000000000000000000000000000000000000000000000000000000000000000000000000000000000000000000000000000000000000000000000000000000000000000000000000000000000000000000000000000000000000000000000000000000000000 32610000000000000000000000000000000000000000000000000000000000000000000000000000000000000000000000000000000000000000000000000000000000000000000000000000000000000000000000000000000000000000000000000000000000000000000000000000000000000000000000000000000000 1 0
20600000000000000000000000000000000000000000000000000000000000000000000000000000000000000000000000000000000000 299000000000000000000000000000000000000000000000000000000000000000000000000000000000000000000000000000000000000 0 0
558 612 1 1
326 1032 0 0
594 186 0 0
2482 3504 1 1
3937 2786 1 0
598152 598152 1 1
34780000000000000000000000000 109970000000000000000000000000 1 0
7280000000000000000000 5000000000000000000000 1 0
339 462 1 1
3990 12615 1 0
7500 2372 1 0
415 587 1 0
3189 2259 1 1
304372 304372 1 1
74200000000 234600000000 1 0
359000000 97500000000 0 0
45 827 0 0
2742 8668 1 0
7282 2302 0 0
1759 2483 1 1
1345 952 1 0
468784 468784 1 1
23930000000000000000000000 75680000000000000000000000 0 0
59600000000000000000000000000 76600000000000000000000000000 1 1
121 591 0 0
394 1247 0 0
7769 2455 0 0
1527 2157 1 0
3856 2731 1 1
755475 755475 1 1
298600000000 944100000000 1 0
152000000000000000000 1800000000000000000000 0 0
836 585 1 0
878 2774 1 0
948 298 0 0
2725 3848 1 1
3042 2153 1 0
639367 639367 1 1
2198000000000000 6950000000000000 1 0
53500000000000000000000000000000000000000000000000000000000000000000000000000000000000000000000000000000000000000000000000000000000000000000000000000000000000000000000000000000000000000000000000000000000000000000000000000000000000000000000000000000000000000000000000000000000 1050000000000000000000000000000000000000000000000000000000000000000000000000000000000000000000000000000000000000000000000000000000000000000000000000000000000000000000000000000000000000000000000000000000000000000000000000000000000000000000000000000000000000000000000000000000000 0 0
835 861 1 1
1641 5188 1 0
10624 3360 1 0
1962 2770 1 1
3964 2805 1 0
808002 808002 1 1
27010000 85400000 1 0
457000000000000000000000 6200000000000000000000000 0 0
186 206 1 1
264 833 1 0
9515 3006 0 0
3874 5472 1 1
1187 842 1 1
621294 621294 1 1
203500000000000000000 643600000000000000000 0 0
320000000000000000000000000 6830000000000000000000000000 0 0
554 819 1 0
2087 6598 1 0
11183 3537 1 0
2942 4157 1 0
3998 2829 1 0
221575 221575 1 1
27960000000000 88420000000000 0 0
471000000000000000000 81600000000000000000000 0 0
21 938 0 0
679 2148 0 0
1894 598 0 0
1396 1973 1 0
963 682 1 1
854200 854200 1 1
1786000 5648000 0 0
1390000000 264000000000 0 0
832 185 0 0
3555 11242 0 0
7111 2249 1 0
854 1207 1 0
765 541 1 0
132032 132032 1 1
172400000000000000000000000000000000000000000000000000000000000000000000000000000000000000000000000000000000000000000000000000000000000000000000000000000000000000000000000000000000000000000000000000000000000000000000000000000000000000000000000000000000000000000000000000000000000 545100000000000000000000000000000000000000000000000000000000000000000000000000000000000000000000000000000000000000000000000000000000000000000000000000000000000000000000000000000000000000000000000000000000000000000000000000000000000000000000000000000000000000000000000000000000000 1 0
5570000000000000000000000000000000000000000000000000000000000000000000000000000000000000000000000000000000000000000000000000000000000000 9820000000000000000000000000000000000000000000000000000000000000000000000000000000000000000000000000000000000000000000000000000000000000 1 0
601 628 1 1
1664 5263 0 0
4507 1425 0 0
1939 2738 1 1
827 584 1 0
259990 259990 1 1
18800000000000000 59450000000000000 1 0
59200000000000000 70300000000000000 1 1
936 916 1 1
3777 11941 1 0
4730 1494 0 0
1895 2675 1 1
3869 2739 1 0
988518 988518 1 1
2640000000000000000000000000000000 8320000000000000000000000000000000 1 0
30200 8550000 0 0
863 504 1 0
2888 9130 1 0
7035 2226 1 0
262 369 1 1
1917 1355 1 0
67424 67424 1 1
8100000000000000000000000000 25610000000000000000000000000 1 0
8440000000000000000000000000000 513000000000000000000000000000000 0 0
992 34 0 0
1607 5080 1 0
5762 1821 0 0
2742 3871 1 1
1362 963 1 0
567270 567270 1 1
21950000000000000000000000000000000000 69400000000000000000000000000000000000 1 0
901000000000000 93000000000000000 0 0
590 615 1 1
3749 11853 1 0
4612 1459 1 0
1952 2758 1 0
2385 1690 1 1
589712 589712 1 1
9500000000000000000000000000000000000000000000000000000000000000000000000000000000000000000000000000000000000000000000000000000000000000000000000000000000000000000000000000000000000000000000000000000000000000000000000000000000000000000000000000000000000000 29800000000000000000000000000000000000000000000000000000000000000000000000000000000000000000000000000000000000000000000000000000000000000000000000000000000000000000000000000000000000000000000000000000000000000000000000000000000000000000000000000000000000000 1 0
330000000000000000000000000000000000000000000000000000000000000000000000000000000000000000000000000000000000000 199000000000000000000000000000000000000000000000000000000000000000000000000000000000000000000000000000000000000 1 0
844 752 1 1
2597 8211 1 0
10180 3217 0 0
1586 2238 1 1
128 91 1 1
316204 316204 1 1
30020000000000000000000000 94950000000000000000000000 0 0
55300 120000 1 0
523 837 1 0
646 2041 1 0
3487 1104 1 0
1314 1857 1 0
1603 1132 1 0
360467 360467 1 1
398200 1259300 0 0
5700000000 630000000000 0 0
950 730 1 1
2266 7164 1 0
5454 1725 1 0
376 529 1 1
3574 2530 1 0
331017 331017 1 1
377400000000000000000000000000000000000 1193300000000000000000000000000000000000 1 0
641000 613000 1 1
916 48 0 0
507 1603 1 0
6710 2121 0 0
572 808 1 0
2530 1792 1 1
286788 286788 1 1
1300000000000000000000000000000000 4110000000000000000000000000000000 1 0
863000000 637000000 1 1
452 629 1 1
2689 8504 0 0
3334 1056 1 0
3067 4332 1 1
2679 1897 1 1
350207 350207 1 1
15510000000000000000000000000000000000000 49030000000000000000000000000000000000000 1 0
625000000000000000000000000000000000000000000000000000000000000000000000000000000000000000000000000000000000000000000000000000000000000000000000000000000000000000000000000000000000000000000 340000000000000000000000000000000000000000000000000000000000000000000000000000000000000000000000000000000000000000000000000000000000000000000000000000000000000000000000000000000000000000000 1 0
316 216 1 0
3312 10471 1 0
4512 1424 0 0
1689 2383 1 1
731 517 1 0
912909 912909 1 1
4080000000000000000000000000000 12880000000000000000000000000000 1 0
2280000000000000000000000 69000000000000000000000000 0 0
602 115 0 0
673 2127 1 0
1389 440 1 0
1226 1731 1 1
1213 860 1 1
655286 655286 1 1
2911000000000000000 9204000000000000000 1 0
73800000000000000000 2010000000000000000000 0 0
950 651 1 0
1878 5940 0 0
475 150 0 0
1637 2311 1 1
1758 1245 1 1
583593 583593 1 1
38880000000000000000000 122930000000000000000000 1 0
87500 1410000 0 0
940 18 0 0
1981 6262 1 0
1880 592 0 0
195 276 1 0
3789 2680 1 0
517448 517448 1 1
184100000000000000000 582200000000000000000 0 0
6910000000000000000000000000000 33200000000000000000000000000000 0 0
514 756 1 0
2945 9313 0 0
1087 341 0 0
3526 4978 1 1
1408 998 1 1
539338 539338 1 1
597000000000000000000000000000000000000000000000000000000000000000000000000000000000000000000000000000000000000000000000000000000000000000000000 1888000000000000000000000000000000000000000000000000000000000000000000000000000000000000000000000000000000000000000000000000000000000000000000000 0 0
7900000000000000000000000000000000000000000000000000000000000000000000000000000000000000000000000000000000000000000000000000000000000000000000000000000000000000000000000000000000000000000000000000000000000000000000000 447000000000000000000000000000000000000000000000000000000000000000000000000000000000000000000000000000000000000000000000000000000000000000000000000000000000000000000000000000000000000000000000000000000000000000000000000 0 0
181 410 1 0
946 2990 1 0
9080 2872 1 0
3904 5516 1 0
59 41 1 0
734916 734916 1 1
342000000 1081600000 0 0
410000000000000000000000000 92600000000000000000000000000 0 0
646 878 1 1
3829 12108 1 0
2149 677 0 0
1640 2315 1 1
3401 2406 1 0
430178 430178 1 1
2648000000000000000000000000000000000 8371000000000000000000000000000000000 1 0
98600000 11500000 0 0
265 772 1 0
1421 4494 0 0
6015 1904 1 0
1683 2379 1 0
2537 1797 1 1
329987 329987 1 1
1850000000000000000000000 5840000000000000000000000 1 0
9780000000000000 2890000000000000 0 0
247 418 1 0
3670 11605 1 0
2269 715 0 0
3257 4599 1 1
958 677 1 0
64791 64791 1 1
474 1497 1 0
159000000000000 481000000000000 1 0
21 360 0 0
334 1054 1 0
8876 2804 0 0
924 1307 1 0
2072 1468 1 1
747437 747437 1 1
16480000000000000000000000000000000000000000000000000000000000000000000000000000000000000000000000000000000000000000000 52120000000000000000000000000000000000000000000000000000000000000000000000000000000000000000000000000000000000000000000 0 0
322000000000000000000000000000000000000000000000000000000000000000000000000000000000000000000000000000000000000000000000000000000000000000000 766000000000000000000000000000000000000000000000000000000000000000000000000000000000000000000000000000000000000000000000000000000000000000000 1 0
319 748 1 0
3317 10487 1 0
6207 1962 0 0
2343 3308 1 1
152 107 1 0
45008 45008 1 1
101400 320700 0 0
566000000000000000000 976000000000000000000 1 0
66 190 1 0
233 734 1 0
10585 3346 0 0
3527 4982 1 1
2984 2114 1 1
390236 390236 1 1
31000000000000000 98200000000000000 0 0
879000000000 44400000000000 0 0
562 835 1 0
328 1037 1 0
4585 1451 1 0
284 401 1 1
2033 1437 1 0
655598 655598 1 1
350500 1108400 0 0
233000000 352000000 1 0
994 682 1 0
2674 8454 1 0
6549 2068 0 0
3665 5177 1 0
3254 2304 1 1
576674 576674 1 1
66400000000000000000000000000000000 209700000000000000000000000000000000 1 0
52300000000000000000000000000000 905000000000000000000000000000000 0 0
438 61 0 0
293 928 0 0
4760 1506 1 0
1283 1811 1 1
1868 1324 1 1
309096 309096 1 1
15420000000000000000000000000000000000000000000000000000000000000000000 48760000000000000000000000000000000000000000000000000000000000000000000 1 0
6660000000000000000000000000000000000000000000000000000000000000000000000000000000000000000000000000000000000000000000000000000000000000000000000000000000000000000000000000000000000000000000000000000000000000000000000000000000000000000000000000000000000000000000000000 44900000000000000000000000000000000000000000000000000000000000000000000000000000000000000000000000000000000000000000000000000000000000000000000000000000000000000000000000000000000000000000000000000000000000000000000000000000000000000000000000000000000000000000000000000 0 0
308 764 1 0
2628 8311 0 0
9487 3002 1 0
301 426 1 0
1535 1084 1 0
764541 764541 1 1
5800000000000000000000000000000000000000 18320000000000000000000000000000000000000 1 0
4330000000000000 58100000000000000 0 0
646 541 1 1
3805 12031 1 0
3726 1176 0 0
3669 5182 1 1
1155 819 1 1
4936 4936 1 1
3783000000 11960000000 1 0
8370000000000000000 7090000000000000000 1 1
816 842 1 1
2002 6331 0 0
5153 1629 0 0
333 471 1 0
2730 1934 1 1
965345 965345 1 1
1343000000000000000000000000 4244000000000000000000000000 1 0
44000000000000 5540000000000000 0 0
643 617 1 1
640 2025 0 0
5555 1754 0 0
254 358 1 1
2133 1512 1 1
670605 670605 1 1
45 141 1 0
1800000000000000000000 88900000000000000000000 0 0
795 360 1 0
829 2620 1 0
7423 2345 0 0
2193 3099 1 0
2101 1487 1 0
135150 135150 1 1
2770000000000000000000000000000000000000000000000000000000000000000000000000000000000000000000000000000000000000000000000000000000000000000000000000000000000000000000000000000000000000000000000000000000000 8761000000000000000000000000000000000000000000000000000000000000000000000000000000000000000000000000000000000000000000000000000000000000000000000000000000000000000000000000000000000000000000000000000000000 0 0
29300000000000000000000000000000000000000000000000000000000000000000000 720000000000000000000000000000000000000000000000000000000000000000000000 0 0
116 480 0 0
2593 8199 1 0
9794 3096 0 0
658 927 1 1
1222 863 1 0
242547 242547 1 1
153400 485200 0 0
6490000000000000000000000000 71600000000000000000000000000 0 0
989 902 1 1
1931 6108 0 0
6315 1998 1 0
698 987 1 0
1567 1107 1 0
565643 565643 1 1
31480000000000000 99520000000000000 1 0
87300000000 434000000000 0 0
728 433 1 0
2466 7800 0 0
3155 997 0 0
3104 4384 1 1
1325 938 1 0
183327 183327 1 1
186500000000000000000000 589600000000000000000000 1 0
160000000000000000 2150000000000000000 0 0
710 411 1 0
1022 3232 0 0
2252 712 0 0
2176 3071 1 1
3781 2675 1 0
758561 758561 1 1
5970000000000 18890000000000 0 0
30400000000000000000 3660000000000000000000 0 0
5 422 0 0
3004 9500 0 0
3665 1156 0 0
1739 2456 1 1
1083 766 1 0
726570 726570 1 1
1748000000000000000000000000000000000000000000000000000000000000000000000000000000000000000000000000000000 5526000000000000000000000000000000000000000000000000000000000000000000000000000000000000000000000000000000 1 0
4800000000000000000000000000000000000000000000000000000000000000000000000000000000000000000 65000000000000000000000000000000000000000000000000000000000000000000000000000000000000000000 0 0
696 869 1 1
3164 10004 1 0
10505 3319 0 0
1865 2634 1 1
2286 1619 1 1
628988 628988 1 1
501000000000 1584000000000 1 0
20000000000 65000000000 0 0
538 119 0 0
2363 7471 1 0
7050 2228 0 0
2851 4025 1 1
2293 1622 1 0
689176 689176 1 1
2302000000 7279000000 1 0
836000000000 760000000000 1 1
938 2 0 0
3690 11666 1 0
9452 2986 0 0
3373 4764 1 1
3095 2191 1 0
236239 236239 1 1
318700000000000000000000000000000000000 1007900000000000000000000000000000000000 0 0
219000000000 9830000000000 0 0
845 577 1 0
2215 7002 1 0
6735 2128 0 0
2281 3222 1 0
3397 2403 1 0
379179 379179 1 1
130300000000000000000000000000000 412100000000000000000000000000000 0 0
863 3500 0 0
738 296 1 0
2746 8684 0 0
1692 533 0 0
819 1157 1 0
1728 1225 1 1
255390 255390 1 1
3206000000000000000000000000000000000000 10137000000000000000000000000000000000000 1 0
9940000000000000000000000000000000000000000000000000000000000000000000000000000000000000000000000000000000000000000000000000000000000000000000000000000000000000000000000000000000000000000000000000000000000000000000000000000000000000000000000000000000000000000000000000000000000000000000000 75200000000000000000000000000000000000000000000000000000000000000000000000000000000000000000000000000000000000000000000000000000000000000000000000000000000000000000000000000000000000000000000000000000000000000000000000000000000000000000000000000000000000000000000000000000000000000000000000 0 0
841 573 1 0
73 229 1 0
7721 2442 1 0
2129 3007 1 1
1238 878 1 1
668703 668703 1 1
397500000000 1257100000000 0 0
380000000000000 47300000000000000 0 0
729 446 1 0
1525 4823 0 0
10580 3344 0 0
2331 3294 1 0
1091 771 1 0
909386 909386 1 1
136400 431200 1 0
12000000000000000000000000000000 41800000000000000000000000000000 0 0
388 40 0 0
1537 4859 1 0
4452 1405 0 0
1325 1870 1 1
2928 2070 1 0
251145 251145 1 1
20900000000000000000000000000000000 66200000000000000000000000000000000 0 0
29300000000000000000 29800000000000000000 1 1
63 81 1 1
552 1747 0 0
4220 1336 1 0
3780 5339 1 1
1067 755 1 0
162690 162690 1 1
435000000000000000000000000000000000000 1377000000000000000000000000000000000000 0 0
78700000000000000000000 761000000000000000000000 0 0
622 355 1 0
491 1553 0 0
1770 560 1 0
435 614 1 1
3709 2623 1 0
432923 432923 1 1
2944000000000000000000000000000000000000000000000000000000000000000000 9311000000000000000000000000000000000000000000000000000000000000000000 0 0
88500000000000000000000000000 935000000000000000000000000000 0 0
231 174 1 1
2301 7275 1 0
2761 872 0 0
2304 3256 1 0
3470 2454 1 0
963351 963351 1 1
2446000000 7732000000 1 0
4110000000000000 460000000000000 0 0
433 713 1 0
3271 10342 1 0
6233 1973 1 0
3060 4322 1 1
2378 1683 1 0
879368 879368 1 1
290000000 917200000 0 0
79000000000 514000000000 0 0
267 428 1 0
1547 4892 1 0
5509 1743 1 0
3614 5104 1 1
3152 2233 1 1
209844 209844 1 1
26960000000 85230000000 1 0
47300000000000000000 67000000000000000000 1 0
39 758 0 0
3067 9699 0 0
2434 770 1 0
3085 4355 1 1
3096 2192 1 1
382352 382352 1 1
3415000000000000 10799000000000000 1 0
70100000000000000000 20000000000000000000 0 0
542 957 1 0
1723 5447 1 0
11437 3617 1 0
1066 1504 1 1
3396 2403 1 0
633918 633918 1 1
2065000000000000000000000000000000000000000000000000000000000000000000000000000000000000000000000000000000000000000000000000000000000000000000 6530000000000000000000000000000000000000000000000000000000000000000000000000000000000000000000000000000000000000000000000000000000000000000000 1 0
44900000000000000000000000000000000000000000000000000000000000000000000000000000000000000000000000000000000000000000000000000000000000000000000 77800000000000000000000000000000000000000000000000000000000000000000000000000000000000000000000000000000000000000000000000000000000000000000000 1 0
463 770 1 0
2442 7720 1 0
9863 3116 0 0
2623 3707 1 0
3011 2130 1 0
721967 721967 1 1
909000000000000000000000000000000 2873000000000000000000000000000000 1 0
66900000000000000 2670000000000000000 0 0
98 26 0 0
2944 9309 1 0
2632 833 1 0
2048 2892 1 1
1209 854 1 0
435345 435345 1 1
34720000000000000000000000000000000000000 109770000000000000000000000000000000000000 1 0
678000 98700000 0 0
941 494 1 0
3550 11227 0 0
4905 1552 1 0
364 513 1 1
88 63 1 1
8687 8687 1 1
2808000000000000000000000 8879000000000000000000000 1 0
606000000000000000000000000000 25800000000000000000000000000000 0 0
345 41 0 0
1246 3939 1 0
4107 1299 1 0
970 1369 1 1
956 674 1 0
393254 393254 1 1
379000 1199000 0 0
3150000000000000000000000000000 5830000000000000000000000000000 1 0
740 337 1 0
2339 7398 0 0
8903 2816 1 0
760 1073 1 1
1162 820 1 0
373150 373150 1 1
172000000000000000000000000000000000000000000000000000000000000000000000000000000000000000000000000000000000000000000000000 545000000000000000000000000000000000000000000000000000000000000000000000000000000000000000000000000000000000000000000000000 0 0
87900000000000000 6210000000000000000 0 0
278 401 1 0
1203 3804 1 0
855 271 1 0
3209 4533 1 0
886 629 1 1
969373 969373 1 1
173900000000000000000000000000000 550100000000000000000000000000000 0 0
1630000000 3220000000 1 0
542 651 1 1
255 805 1 0
4850 1532 0 0
2794 3945 1 1
587 417 1 1
966253 966253 1 1
146700000000 463800000000 1 0
420000000000 975000000000000 0 0
763 213 0 0
1567 4955 1 0
11112 3513 0 0
2676 3778 1 1
593 420 1 1
408424 408424 1 1
137600000 435300000 0 0
26000000000000000000 8330000000000000000000 0 0
612 963 1 0
908 2869 1 0
4315 1365 1 0
3351 4733 1 1
2347 1661 1 0
780967 780967 1 1
34450000000000000000000000 108960000000000000000000000 0 0
7700 23200 1 0
823 706 1 1
1814 5738 0 0
918 288 0 0
453 637 1 1
3517 2487 1 0
505500 505500 1 1
392700000000000000000000000000000000000000000000 1241700000000000000000000000000000000000000000000 1 0
972000000000000000000000000000000000000000000000000000000000000000000000000000000000000000000000000000000000000000000000000000000000000000000000000000000000000000000000000000000000000000000000000000000000000000000000000000000000000000000000000000000 688000000000000000000000000000000000000000000000000000000000000000000000000000000000000000000000000000000000000000000000000000000000000000000000000000000000000000000000000000000000000000000000000000000000000000000000000000000000000000000000000000000 1 0
332 755 1 0
1538 4865 0 0
9518 3008 0 0
1488 2100 1 1
316 224 1 1
439900 439900 1 1
37400000000000000000000 118400000000000000000000 0 0
6250000000000000000000000000000 26000000000000000000000000000000 0 0
939 659 1 0
1813 5731 1 0
5359 1692 0 0
1607 2270 1 0
3106 2196 1 0
603430 603430 1 1
15400000000 48800000000 0 0
900 49 0 0
794 220 0 0
3571 11293 0 0
3875 1225 0 0
1708 2410 1 1
2736 1938 1 1
413345 413345 1 1
12310000000000000000000000000000000 38910000000000000000000000000000000 1 0
6360000000000000000 26600000000000000000 0 0
920 482 1 0
2453 7757 1 0
3170 1003 1 0
202 286 1 0
999 706 1 0
494819 494819 1 1
377400000000 1193600000000 0 0
6950000000000000000000 77600000000000000000000 0 0
333 20 0 0
605 1915 0 0
2434 767 0 0
1090 1541 1 0
719 509 1 0
534526 534526 1 1
18600000000000000000000000000000000000000000000000000000000000000000000000000000000000000000000000000000000000000000000000000000000000000000000000000000 58820000000000000000000000000000000000000000000000000000000000000000000000000000000000000000000000000000000000000000000000000000000000000000000000000000 0 0
380000000000000000000000000000000000000000000000000000000000 8180000000000000000000000000000000000000000000000000000000000 0 0
169 128 1 1
3310 10466 1 0
6751 2135 1 0
2839 4011 1 0
1137 805 1 1
464926 464926 1 1
344800000000 1090400000000 0 0
5760 132000 0 0
553 783 1 0
689 2176 1 0
11619 3675 1 0
1279 1805 1 1
441 310 1 0
83069 83069 1 1
3986000000000000000000000000 12606000000000000000000000000 0 0
49400000000 557000000000 0 0
35 352 0 0
2381 7527 1 0
1896 601 1 0
3784 5344 1 1
3758 2659 1 0
189425 189425 1 1
275900000000000000000000 872200000000000000000000 1 0
1910000000000000000000000000000 5230000000000000000000000000000 1 0
469 40 0 0
3019 9546 1 0
8594 2715 0 0
1185 1672 1 1
2307 1631 1 0
372956 372956 1 1
24900000000000000000000000000000000000000 78600000000000000000000000000000000000000 1 0
643 292 1 0
313 982 1 0
3042 9620 0 0
6938 2195 1 0
2763 3901 1 1
1887 1336 1 1
317254 317254 1 1
38210000000000000000000000000000000000000000000000000000000000000000000000000000000000000000000000000000000000000000000000000000000000000000000000000000000000000000000000000000000 120810000000000000000000000000000000000000000000000000000000000000000000000000000000000000000000000000000000000000000000000000000000000000000000000000000000000000000000000000000000 1 0
15200000000000000000000000000000000000000000 7860000000000000000000000000000000000000000000 0 0
848 105 0 0
3745 11840 1 0
6327 2001 1 0
2650 3743 1 1
1184 838 1 0
711522 711522 1 1
120000000000000000000000000000000000 379600000000000000000000000000000000 0 0
3810000000000000000000000000 2650000000000000000000000000 1 0
179 936 0 0
2625 8299 1 0
8363 2645 1 0
1284 1811 1 1
1194 847 1 1
986053 986053 1 1
30750000000000000000000000000000000 97230000000000000000000000000000000 1 0
6100000000000000000 891000000000000000000 0 0
668 336 1 0
1636 5174 0 0
10636 3361 0 0
2866 4048 1 1
362 256 1 0
639901 639901 1 1
388500000000000000000000 1228700000000000000000000 0 0
3990000000000000 237000000000000000 0 0
358 742 1 0
270 855 0 0
5620 1778 1 0
2893 4088 1 0
3403 2410 1 1
584349 584349 1 1
2010000000000000000000000000000000 6354000000000000000000000000000000 1 0
4890000000000000000000000000000 687000000000000000000000000000000 0 0
687 819 1 1
3638 11504 1 0
7777 2457 0 0
2224 3143 1 0
307 218 1 1
432508 432508 1 1
617000000000000000000000000000000000000000000000000000000000000000000000000000000000000000000 1950000000000000000000000000000000000000000000000000000000000000000000000000000000000000000000 1 0
291000 32700000 0 0
128 292 1 0
977 3088 1 0
153 49 1 0
2183 3081 1 1
880 623 1 1
285045 285045 1 1
267900000000000000000000000 847100000000000000000000000 1 0
2060000 306000000 0 0
897 585 1 0
1777 5621 0 0
7997 2528 0 0
2021 2853 1 1
3727 2638 1 0
169689 169689 1 1
132500000000000000000000000000000000000000 419000000000000000000000000000000000000000 1 0
9150000000000000000000000000 76100000000000000000000000000 0 0
122 576 0 0
388 1228 0 0
2078 655 0 0
1414 1998 1 0
2705 1913 1 0
170818 170818 1 1
294300000000 930600000000 1 0
1160000000 408000000000 0 0
702 651 1 1
1453 4596 0 0
625 197 0 0
3838 5421 1 1
3924 2775 1 0
283735 283735 1 1
12730000000000000000000000000000000000000 40230000000000000000000000000000000000000 1 0
96400000000000000 20500000000000000 0 0
103 836 0 0
881 2785 1 0
7059 2230 0 0
417 588 1 1
2514 1777 1 0
498367 498367 1 1
1780000000000000000000000000000000000000000000000000000000000000000000000000000000000000000000000000000000000000000000000000000000000000000000000000000000000 5630000000000000000000000000000000000000000000000000000000000000000000000000000000000000000000000000000000000000000000000000000000000000000000000000000000000 0 0
484000000000 49500000000000 0 0
359 246 1 0
3461 10946 0 0
5722 1811 1 0
1881 2657 1 0
3659 2588 1 0
484659 484659 1 1
253100000000000000000000000 800200000000000000000000000 1 0
9440000000000000 18000000000000000 1 0
350 221 1 0
1093 3458 0 0
2516 797 1 0
3211 4536 1 0
1254 888 1 1
158410 158410 1 1
2696000000000000000 8526000000000000000 0 0
8380000000000000000000000000000 7840000000000000000000000000000 1 1
641 767 1 1
1802 5700 0 0
2523 796 0 0
3192 4510 1 0
2134 1512 1 1
486769 486769 1 1
2208000000000000000000000 6982000000000000000000000 1 0
1800000000000000000000000000 17000000000000000000000000000 0 0
289 206 1 1
379 1197 1 0
1758 553 0 0
172 243 1 0
3960 2802 1 0
745957 745957 1 1
1140000 3580000 1 0
178000000000000 8330000000000000 0 0
994 594 1 0
113 357 1 0
3277 1036 0 0
2563 3618 1 1
138 99 1 1
799789 799789 1 1
2027000000000000000000000000000000000000000000000000000000000 6407000000000000000000000000000000000000000000000000000000000 1 0
235000000000000000000000000000000000000000000000000000000000000000000000000000000000000000000000000000000000000000000000000000000000000000000000000000000000000000000000000000000000000000000000000000000000000000000000000000000000000000000000000000000000000000000000000000000000000 8420000000000000000000000000000000000000000000000000000000000000000000000000000000000000000000000000000000000000000000000000000000000000000000000000000000000000000000000000000000000000000000000000000000000000000000000000000000000000000000000000000000000000000000000000000000000000 0 0
812 980 1 1
3126 9883 1 0
4049 1280 0 0
1216 1719 1 0
3351 2370 1 0
36697 36697 1 1
294000000000000000000000000 929900000000000000000000000 0 0
825000000000000 607000000000000 1 1
785 163 0 0
1833 5795 1 0
10974 3469 0 0
518 733 1 0
2205 1562 1 1
733907 733907 1 1
26780000000000000000000000000000 84690000000000000000000000000000 0 0
42400000000000000000 764000000000000000000 0 0
216 839 0 0
1900 6010 0 0
3090 975 0 0
760 1071 1 1
100 72 1 1
507968 507968 1 1
217000000000000000000000000000 687000000000000000000000000000 0 0
9280000000000000000000 56600000000000000000000 0 0
812 618 1 1
1688 5337 1 0
11335 3586 1 0
2710 3827 1 1
1414 1002 1 1
693500 693500 1 1
38000000000000000000000000000000 120100000000000000000000000000000 1 0
615000000000000000 4490000000000000000 0 0
977 83 0 0
2740 8662 1 0
4373 1384 1 0
3935 5559 1 0
2279 1611 1 0
303219 303219 1 1
15470000000000000000000000000000000000000000000000000000000000000000000000000000000000000000000000000000000000000000000000000000000000000000000000000000000000000000000000000000000000 48910000000000000000000000000000000000000000000000000000000000000000000000000000000000000000000000000000000000000000000000000000000000000000000000000000000000000000000000000000000000 1 0
560000000000000000000000000000000000000000000000000000000000000000000000000000000000000000000000000000000000000000000000000000000000000000000000000000000000000000000000000000000000000000000000000000000000000000000000000 999000000000000000000000000000000000000000000000000000000000000000000000000000000000000000000000000000000000000000000000000000000000000000000000000000000000000000000000000000000000000000000000000000000000000000000000000000 0 0
149 841 0 0
3189 10083 1 0
10807 3416 0 0
1493 2107 1 1
2232 1582 1 1
94247 94247 1 1
1559000 4927000 1 0
390000000000000000 733000000000000000 1 0
100 301 1 0
690 2182 0 0
7588 2401 1 0
1418 2001 1 1
3690 2614 1 1
925847 925847 1 1
22320000 70580000 1 0
3480000000000000000000000000000 9910000000000000000000000000000 1 0
471 363 1 1
1675 5295 1 0
1356 429 1 0
1573 2222 1 0
2470 1750 1 1
427170 427170 1 1
2425000000000000000000000000000 7667000000000000000000000000000 1 0
8940000000000000000000000000000 690000000000000000000000000000000 0 0
323 262 1 1
1709 5403 1 0
5399 1708 1 0
1566 2214 1 0
2765 1955 1 0
549142 549142 1 1
729000000000000000 2303000000000000000 1 0
79500000000000000000000000 410000000000000000000000000 0 0
642 479 1 1
2174 6875 0 0
107 33 0 0
3539 4996 1 1
324 231 1 1
625739 625739 1 1
27030000000000000000000000000000000000000000000000000000000000000000000000000000000000000000000000000000000000000000000000000000000000000000000000000 85470000000000000000000000000000000000000000000000000000000000000000000000000000000000000000000000000000000000000000000000000000000000000000000000000 1 0
633000000000000000000000000000000000000000000000000000000000000000000000000000000000000000000000000000000000000000000000000000000000000000000000000000000000 6650000000000000000000000000000000000000000000000000000000000000000000000000000000000000000000000000000000000000000000000000000000000000000000000000000000000 0 0
158 719 0 0
3943 12467 1 0
10554 3335 0 0
1256 1773 1 1
1586 1124 1 1
660596 660596 1 1
3227 10206 0 0
396000000000000 28000000000000 0 0
869 620 1 1
3031 9584 1 0
321 100 0 0
3821 5398 1 0
1721 1220 1 1
282433 282433 1 1
3901000000000000000000000000 12335000000000000000000000000 1 0
53000 6410000 0 0
711 203 0 0
3541 11199 0 0
7059 2233 1 0
722 1019 1 1
979 692 1 0
759438 759438 1 1
3665000000000000000000 11591000000000000000000 0 0
4650000000000000000000000000000 49400000000000000000000000000000 0 0
816 202 0 0
336 1064 0 0
11195 3541 1 0
2234 3153 1 1
1797 1274 1 1
760363 760363 1 1
3756000 11879000 0 0
730000000000000 98600000000000000 0 0
148 344 1 0
294 931 0 0
9075 2869 0 0
2589 3655 1 1
215 150 1 0
801978 801978 1 1
1789000000000000000000000000000000000000000000000000000000000000000000000000000000000000000000000000000000000000000000000000000000000000000000000000000000000000000000000000000000000000000000000000000000000000000000000000000000000000000 5659000000000000000000000000000000000000000000000000000000000000000000000000000000000000000000000000000000000000000000000000000000000000000000000000000000000000000000000000000000000000000000000000000000000000000000000000000000000000000 0 0
852000000000000000000000000000000000000000000000000000000000000000000000000000000000000000000000000000000000000000000000000000000000000000000000000000000000000000000000000000000000000000000 370000000000000000000000000000000000000000000000000000000000000000000000000000000000000000000000000000000000000000000000000000000000000000000000000000000000000000000000000000000000000000000 1 0
838 598 1 1
1956 6184 1 0
6105 1931 1 0
3319 4688 1 1
3065 2171 1 1
129906 129906 1 1
30830000000000000 97510000000000000 0 0
49100000000000000 360000000000000000 0 0
562 263 1 0
1885 5958 1 0
4730 1496 1 0
2748 3883 1 0
2994 2121 1 1
684235 684235 1 1
315000000000000000000000000000 995900000000000000000000000000 1 0
1070000 640000 1 0
929 885 1 1
3367 10646 1 0
3242 1025 0 0
1046 1478 1 0
2024 1431 1 0
393043 393043 1 1
35920000 113570000 1 0
710000000000000000000000000 8420000000000000000000000000 0 0
582 255 1 0
737 2328 1 0
3896 1232 0 0
1756 2479 1 1
3071 2172 1 0
436284 436284 1 1
13280000000000000000000000 42010000000000000000000000 0 0
5900000 49100000 0 0
326 336 1 1
2881 9109 1 0
6246 1976 1 0
867 1224 1 1
1798 1271 1 0
134236 134236 1 1
306500000000000000000000000000000000000000000000000000000000000000000000000000000000000000000000000000000000000000000000000000000000000000000000000000000000000000000000000000000000000000000000000000000000000000000000000000000000000000000000000000000000000000000000000000000000000000 969000000000000000000000000000000000000000000000000000000000000000000000000000000000000000000000000000000000000000000000000000000000000000000000000000000000000000000000000000000000000000000000000000000000000000000000000000000000000000000000000000000000000000000000000000000000000000 1 0
19000000000000000000000000000000000 6180000000000000000000000000000000000 0 0
722 376 1 0
1380 4364 0 0
9561 3023 0 0
2631 3715 1 1
2671 1890 1 0
453177 453177 1 1
5580000000000000000000 17640000000000000000000 1 0
91200000000000 3780000000000000 0 0
338 959 1 0
168 531 1 0
6609 2088 0 0
1226 1731 1 1
1792 1270 1 1
988105 988105 1 1
506000000000000000000000000000000000 1598000000000000000000000000000000000 1 0
480000000000000000 271000000000000000 1 0
721 87 0 0
886 2800 1 0
1706 540 1 0
3757 5306 1 1
130 91 1 0
945234 945234 1 1
327700000000000000 1036200000000000000 1 0
292000000000000 61800000000000000 0 0
478 440 1 1
3332 10537 0 0
450 143 1 0
2984 4216 1 0
3300 2338 1 1
585 585 1 1
35860000000000 113390000000000 1 0
332000000 115000000 1 0
187 445 1 0
2996 9475 0 0
8079 2554 0 0
2644 3732 1 1
575 409 1 1
794194 794194 1 1
39620000000000000000000000000000000000000000000000000000000000000000000000000000000000000000000000000000000000000000000000000000000000 125290000000000000000000000000000000000000000000000000000000000000000000000000000000000000000000000000000000000000000000000000000000000 0 0
643000000000000000000000000000000000000000000000000000000000000000000000000000000000000000000000000000 181000000000000000000000000000000000000000000000000000000000000000000000000000000000000000000000000000 0 0
99 757 0 0
3669 11604 0 0
1931 610 0 0
2677 3779 1 1
2274 1610 1 1
568928 568928 1 1
25320000000000000000000000000000 80080000000000000000000000000000 0 0
4660000000000000000000000 111000000000000000000000000 0 0
353 282 1 1
646 2040 1 0
3216 1015 0 0
1290 1824 1 0
1277 905 1 1
859250 859250 1 1
3941000000000000000 12463000000000000000 0 0
711000000000000000000 7100000000000000000000 0 0
866 424 1 0
2169 6860 0 0
6948 2199 1 0
1055 1491 1 0
2905 2054 1 0
490681 490681 1 1
49500000000000000000000000000000000 156300000000000000000000000000000000 1 0
41200000000000000000000000000 293000000000000000000000000000 0 0
294 845 1 0
2804 8866 1 0
8278 2616 0 0
2555 3611 1 0
3070 2173 1 0
805305 805305 1 1
156200000000 493900000000 1 0
790000000000000000000000000000 171000000000000000000000000000000 0 0
783 625 1 1
417 1319 0 0
8003 2532 1 0
3835 5419 1 0
2052 1450 1 0
144335 144335 1 1
121200000000000000000000000000000000000000000000000000000000000000000000000000000000000000000000000000000000000000000000000000000000000000000 383000000000000000000000000000000000000000000000000000000000000000000000000000000000000000000000000000000000000000000000000000000000000000000 1 0
15700000000000000000000000000000 68800000000000000000000000000000 0 0
580 276 1 0
2252 7119 1 0
1923 607 0 0
812 1148 1 0
2076 1470 1 1
203903 203903 1 1
26960000000000000 85240000000000000 1 0
519000000000000000 670000000000000000 1 1
539 900 1 0
3835 12127 1 0
11656 3686 1 0
3783 5343 1 1
1773 1256 1 1
106304 106304 1 1
359500000000000 1136900000000000 0 0
4120000000000000 95300000000000000 0 0
440 453 1 1
447 1412 1 0
7348 2322 0 0
1591 2247 1 1
3345 2368 1 0
465741 465741 1 1
37110000000000000000000 117330000000000000000000 1 0
32700000000000000000 869000000000000000000 0 0
244 122 1 0
1771 5602 0 0
6113 1932 0 0
1896 2676 1 1
894 633 1 1
510151 510151 1 1
73700000000000000000000000 233000000000000000000000000 1 0
521000000000000000000000000000 8810000000000000000000000000000 0 0
86 844 0 0
239 754 1 0
7072 2236 0 0
3023 4271 1 0
1101 780 1 1
156393 156393 1 1
326000000000000000000 1030700000000000000000 1 0
71500000000000000000000000000000000000000000000000000000000000000000000000000000000000000000000000000000000000000000000000000000000000000000000000000000000000000000000000000000000000000000 926000000000000000000000000000000000000000000000000000000000000000000000000000000000000000000000000000000000000000000000000000000000000000000000000000000000000000000000000000000000000000000 0 0
657 431 1 0
1511 4776 1 0
7390 2334 0 0
1451 2050 1 0
485 344 1 1
222995 222995 1 1
353200000000000000000000000000000000000000 1116800000000000000000000000000000000000000 1 0
41500000000000000000000000000000 887000000000000000000000000000000 0 0
475 51 0 0
56 175 1 0
518 164 1 0
2757 3896 1 0
1570 1113 1 1
604863 604863 1 1
389100000000000000000000000 1230300000000000000000000000 1 0
255000000000000000000000 45000000000000000000000000 0 0
979 331 1 0
2256 7134 1 0
11611 3673 1 0
2838 4009 1 0
3332 2359 1 1
441225 441225 1 1
3013000000000000000000000000000000000000000 9527000000000000000000000000000000000000000 1 0
582000 7000 0 0
271 230 1 1
3967 12542 1 0
10961 3465 0 0
3414 4824 1 0
517 366 1 0
940984 940984 1 1
1795000000000000000000000000000 5674000000000000000000000000000 1 0
4980000000000000000000 48800000000000000000000 0 0
608 127 0 0
3608 11411 0 0
7644 2416 0 0
681 963 1 0
386 272 1 0
809892 809892 1 1
262600000000000000000000000000000000000000000000000000000000000000000000 830600000000000000000000000000000000000000000000000000000000000000000000 0 0
68200000000000000000000000000000000000000000000000000000000000000000000000000000000000000000000000000000000000000000000000000000000000000000000000000000000000000000000000000000000000000000000000000000000000000000000000000000000000000000000000000000000000000000000 995000000000000000000000000000000000000000000000000000000000000000000000000000000000000000000000000000000000000000000000000000000000000000000000000000000000000000000000000000000000000000000000000000000000000000000000000000000000000000000000000000000000000000000000 0 0
928 166 0 0
2820 8915 1 0
9104 2879 1 0
2962 4185 1 0
769 542 1 0
477800 477800 1 1
3590000000000000 11353000000000000 0 0
13100000000000 23200000000000 1 0
350 934 1 0
1763 5573 1 0
3903 1234 0 0
1270 1792 1 1
1412 1001 1 1
30397 30397 1 1
2748000000000000000000000000000000 8688000000000000000000000000000000 1 0
490000000000000 23900000000000000 0 0
115 65 1 0
3105 9817 1 0
1151 365 1 0
2516 3553 1 1
829 588 1 1
682667 682667 1 1
7800 24600 1 0
9170000000000000000000 465000000000000000000000 0 0
320 60 0 0
3478 10998 1 0
5189 1640 0 0
3828 5409 1 0
2626 1860 1 1
481974 481974 1 1
1289000000000000000000000000000000000000000 4078000000000000000000000000000000000000000 0 0
2280000000000000000000 3910000000000000000000 1 0
251 47 0 0
29 91 1 0
299 93 0 0
1048 1478 1 1
125 90 1 1
494624 494624 1 1
1980000000000000000000000000000000000000000000000000000000000000000000000000000000000000000000000000000000000000000000000000000000000000000000000000000000000000000000000000000000000000000000000000000000 6262000000000000000000000000000000000000000000000000000000000000000000000000000000000000000000000000000000000000000000000000000000000000000000000000000000000000000000000000000000000000000000000000000000 0 0
455000000000000000000000000000000000000000000000000000000000000000000000000000000000000000000000000000000000000000000000000000000000000000000000000000000000000000000000000000000000000000000000000000000000000 91200000000000000000000000000000000000000000000000000000000000000000000000000000000000000000000000000000000000000000000000000000000000000000000000000000000000000000000000000000000000000000000000000000000000000 0 0
112 109 1 1
769 2430 1 0
3878 1227 1 0
3412 4820 1 0
168 116 1 0
840774 840774 1 1
26660000000000000 84320000000000000 0 0
430000 981000000 0 0
616 428 1 0
2641 8353 0 0
5535 1751 1 0
593 839 1 0
2638 1866 1 0
654474 654474 1 1
2088000000 6604000000 0 0
547000000000000000 4730000000000000000 0 0
195 107 1 0
3762 11896 1 0
9184 2905 1 0
1217 1717 1 1
1592 1128 1 1
120880 120880 1 1
27040000000000000000000000000000000000 85480000000000000000000000000000000000 1 0
603 508 1 1
101 745 0 0
3529 11157 1 0
10674 3374 0 0
3852 5440 1 1
1769 1252 1 0
156117 156117 1 1
380400000000000000000000000000000000000 1202900000000000000000000000000000000000 1 0
5060000000000000 45200000000000000 0 0
529 233 1 0
2377 7516 1 0
6395 2020 0 0
1884 2663 1 0
3248 2299 1 0
798680 798680 1 1
3408000000000000000000000000000000000000000000000000000 10777000000000000000000000000000000000000000000000000000 1 0
71700000000000000000000000000000000000000000000000000000000000000000000000000000000000000000000000000000000000000000000000000000000000000000000000000000000000000000000000000000000000000000000000000000000000000000000000000000000000000000 332000000000000000000000000000000000000000000000000000000000000000000000000000000000000000000000000000000000000000000000000000000000000000000000000000000000000000000000000000000000000000000000000000000000000000000000000000000000000000000 0 0
720 616 1 1
3021 9554 0 0
6047 1910 0 0
2094 2958 1 0
239 169 1 0
435069 435069 1 1
391000000000000000000000000000000000000000 1235000000000000000000000000000000000000000 1 0
356000000000000000000000000 1100000000000000000000000000 1 0
384 644 1 0
630 1993 0 0
1053 331 0 0
3782 5344 1 0
2513 1779 1 0
757755 757755 1 1
2380 7520 1 0
625000000000000000000000000 65400000000000000000000000000 0 0
241 943 0 0
3181 10058 1 0
2675 846 1 0
3103 4384 1 0
1617 1146 1 1
695197 695197 1 1
1982000000000 6267000000000 1 0
22600000000000000 98800000000000000 0 0
823 108 0 0
690 2180 1 0
5745 1818 1 0
2723 3847 1 0
1330 941 1 0
249746 249746 1 1
10520 33240 1 0
946000000000000000 8540000000000000000 0 0
52 928 0 0
2706 8556 1 0
179 55 0 0
2798 3950 1 1
3765 2667 1 1
892766 892766 1 1
12390000000000000000000000000000000000000000000000000000000000000000000000000000000000000000000000000000000000000000000000000000000000000000000000000000000000000000000000000000000000000000000000000000 39180000000000000000000000000000000000000000000000000000000000000000000000000000000000000000000000000000000000000000000000000000000000000000000000000000000000000000000000000000000000000000000000000000 1 0
6930000000000000000000000000000000000000000000000 48200000000000000000000000000000000000000000000000 0 0
444 84 0 0
34 105 1 0
1736 549 1 0
2951 4170 1 0
1772 1256 1 1
552016 552016 1 1
199500000000000000000000000000000 631000000000000000000000000000000 0 0
186000000000000000000000 2150000000000000000000000 0 0
802 978 1 1
3467 10964 0 0
9174 2902 1 0
2822 3987 1 0
1250 883 1 0
570511 570511 1 1
2133000000000000000000000000000000 6746000000000000000000000000000000 0 0
97200000000000000 4320000000000000000 0 0
930 223 0 0
3711 11737 0 0
1258 395 0 0
2729 3854 1 1
3926 2779 1 0
465678 465678 1 1
29000000000000000000000000000000000000000 91700000000000000000000000000000000000000 1 0
64400000000000000000000 9870000000000000000000000 0 0
28 696 0 0
1071 3386 1 0
10312 3259 0 0
3130 4422 1 0
752 530 1 0
186072 186072 1 1
257000000000000000000000000000000000000 812800000000000000000000000000000000000 0 0
31600000000 3780000000000 0 0
504 517 1 1
284 899 0 0
1144 360 0 0
2804 3960 1 1
410 290 1 0
878353 878353 1 1
94400000000000000000000000000000000000000000000000000000000000000000000000000000000000000000000000000000000000000000000000000000000000000000000000000000000000000000000000000000000000000000000000000000000000000000000000000000000000 298400000000000000000000000000000000000000000000000000000000000000000000000000000000000000000000000000000000000000000000000000000000000000000000000000000000000000000000000000000000000000000000000000000000000000000000000000000000000 1 0
654000000000000000000000000000000000000000 950000000000000000000000000000000000000000 1 0
135 812 0 0
111 350 1 0
10899 3448 1 0
2400 3391 1 0
1630 1152 1 0
760987 760987 1 1
170100000000000 537800000000000 1 0
660000000000000000000 1960000000000000000000 1 0
77 88 1 1
1719 5435 1 0
10795 3412 0 0
2913 4115 1 0
2488 1762 1 1
133115 133115 1 1
3559000 11256000 0 0
893000000000000000000000000 8180000000000000000000000000 0 0
461 284 1 0
2428 7679 0 0
1068 337 0 0
968 1367 1 1
2728 1933 1 1
712819 712819 1 1
24050000000000 76060000000000 0 0
7080000000000 6000000000000 1 1
611 380 1 0
3752 11863 1 0
7386 2333 0 0
3093 4369 1 0
3744 2650 1 0
568095 568095 1 1
366900 1160200 1 0
28900000000000000000 182000000000000000000 0 0
761 205 0 0
425 1343 1 0
765 243 1 0
156 220 1 1
2788 1974 1 1
832731 832731 1 1
17050000000000000000000000000000000000000000000000000000000000000000000000000000000000000000000000000000000000000000000000000000000000000000000000000000000000000000000000000000000000000000000000000000000000000000000000000000000000000000 53920000000000000000000000000000000000000000000000000000000000000000000000000000000000000000000000000000000000000000000000000000000000000000000000000000000000000000000000000000000000000000000000000000000000000000000000000000000000000000 0 0
470000000000000000000000000000000000000000000000000000000000000000000000000000000000000000000000000000000000000000000000000000000000000000000000000000000000000000000000000000000 8600000000000000000000000000000000000000000000000000000000000000000000000000000000000000000000000000000000000000000000000000000000000000000000000000000000000000000000000000000000 0 0
729 678 1 1
2618 8278 1 0
2468 781 1 0
2427 3427 1 1
2338 1654 1 0
890548 890548 1 1
17870000000000000 56490000000000000 1 0
223 3530 0 0
93 206 1 0
2257 7139 0 0
5727 1811 0 0
1536 2167 1 1
1630 1152 1 0
41905 41905 1 1
20600000000000000000000000 65300000000000000000000000 0 0
47500000000 9060000000000 0 0
867 681 1 1
1888 5968 1 0
991 315 1 0
3726 5263 1 1
1934 1369 1 0
264370 264370 1 1
20950000000000 66260000000000 0 0
904000000 440000000 1 0
70 396 0 0
2948 9320 1 0
7948 2515 1 0
2268 3201 1 1
3876 2743 1 0
856683 856683 1 1
2694000000000 8518000000000 1 0
71800000 5880000000 0 0
122 638 0 0
3095 9786 1 0
5028 1591 1 0
3905 5513 1 1
747 528 1 0
560529 560529 1 1
325600000000000000000000000000000000000000000000000000000000000000000000000000000000000000000000000000000000000000000000000000000000000000000000000000000000000000000000000000000000000000000000000000000000000 1029800000000000000000000000000000000000000000000000000000000000000000000000000000000000000000000000000000000000000000000000000000000000000000000000000000000000000000000000000000000000000000000000000000000000 0 0
31200000000000000000000000000000000000000000000000000000000000000000000000000000000000000000000000000000000000000000000000000000000 2130000000000000000000000000000000000000000000000000000000000000000000000000000000000000000000000000000000000000000000000000000000000 0 0
331 945 1 0
3832 12118 0 0
5153 1628 0 0
3779 5338 1 0
3653 2585 1 0
520929 520929 1 1
37390000000000000000000000000000000000 118230000000000000000000000000000000000 1 0
37200000000000000000 4050000000000000000000 0 0
504 404 1 1
614 1943 0 0
2700 852 0 0
2054 2903 1 0
353 251 1 1
226794 226794 1 1
19000000000000000000000 59800000000000000000000 1 0
5230000000000000000 63200000000000000000 0 0
953 34 0 0
1851 5855 0 0
9555 3020 0 0
2658 3752 1 1
3526 2496 1 0
391555 391555 1 1
22000000000 67000000000 1 0
6870000000000000000000000 393000000000000000000000000 0 0
50 623 0 0
2563 8106 0 0
7553 2390 1 0
2245 3169 1 1
2934 2078 1 1
143617 143617 1 1
127200000000000000000000000000000000000 402400000000000000000000000000000000000 0 0
2760000000000000000000000000000 11000000000000000000000000000000 0 0
162 418 1 0
137 433 1 0
11583 3664 1 0
2130 3009 1 0
1446 1025 1 1
776628 776628 1 1
2880000000000000000000000000000000000000000000000000000000000000000000000000000000000000000000000000000000000000000000000000000000000000000000000000000000000000000000000000000000000000000000000000000000000000000 9107000000000000000000000000000000000000000000000000000000000000000000000000000000000000000000000000000000000000000000000000000000000000000000000000000000000000000000000000000000000000000000000000000000000000000 1 0
229000000000000000000000000000000000000000000000000000000000000000000000000000000000000000000000000000000000000000000000000000000000000000 148000000000000000000000000000000000000000000000000000000000000000000000000000000000000000000000000000000000000000000000000000000000000000 1 0
570 606 1 1
1374 4346 0 0
6343 2007 1 0
3819 5393 1 1
3073 2176 1 1
433771 433771 1 1
475000000000000000000000000000000000000 1501000000000000000000000000000000000000 1 0
7920000000000000 5440000000000000 1 0
694 728 1 1
1772 5601 1 0
8198 2592 0 0
1198 1694 1 0
1985 1406 1 1
321798 321798 1 1
101600000000000000000000 321200000000000000000000 1 0
66600 90100 1 1
597 196 1 0
2446 7732 1 0
11341 3585 0 0
2468 3484 1 1
1871 1323 1 0
362912 362912 1 1
30900000000000000000000000000000000 97900000000000000000000000000000000 0 0
12100000000000 9870000000000000 0 0
619 317 1 0
122 384 1 0
2434 771 1 0
591 835 1 0
505 356 1 0
648791 648791 1 1
3450000 10911000 0 0
20000000000000000000000 8730000000000000000000000 0 0
399 367 1 1
1794 5675 0 0
10085 3187 0 0
377 534 1 0
3999 2833 1 1
876269 876269 1 1
310900000000000000000000000000000000000000000000000000000000000000000000000000000000000000000000000000000000000000000000000000000000000000000000000000000000000000000000000000000000000000000000000000000000000000000000000000000000000000000000000000000000000000000000000000000000000000000000000000 983200000000000000000000000000000000000000000000000000000000000000000000000000000000000000000000000000000000000000000000000000000000000000000000000000000000000000000000000000000000000000000000000000000000000000000000000000000000000000000000000000000000000000000000000000000000000000000000000000 0 0
2100000000000000000000000000000000000000000000000000000000000000000000000000000000000 186000000000000000000000000000000000000000000000000000000000000000000000000000000000000 0 0
373 809 1 0
3925 12412 0 0
4269 1348 0 0
2185 3084 1 1
3230 2284 1 0
786268 786268 1 1
5730000000000000 18110000000000000 1 0
32100000000000000000000000000 2970000000000000000000000000000 0 0
375 347 1 1
2681 8480 0 0
9052 2861 0 0
3052 4311 1 1
2572 1821 1 1
487051 487051 1 1
30640000000000000 96870000000000000 1 0
81300000000000000000000000 5800000000000000000000000 0 0
94 283 1 0
345 1088 1 0
4573 1444 0 0
1771 2499 1 1
1413 1001 1 1
296452 296452 1 1
17620000000000000 55710000000000000 1 0
858 4220 0 0
390 345 1 1
2712 8576 1 0
11768 3719 0 0
3905 5516 1 0
2962 2094 1 0
413144 413144 1 1
2737000000000000000000000000000000000000 8653000000000000000000000000000000000000 1 0
831000 59100000 0 0
349 32 0 0
2146 6786 1 0
1298 411 1 0
3338 4715 1 1
1811 1283 1 1
528265 528265 1 1
30000000000000000000000000000000000000000000000000000000000000000000000000000000000000000000000000000000000000000000000000000000 94850000000000000000000000000000000000000000000000000000000000000000000000000000000000000000000000000000000000000000000000000000 1 0
545000 832000 1 0
4 935 0 0
1516 4795 0 0
10873 3439 1 0
3618 5112 1 0
2692 1905 1 0
504952 504952 1 1
211700000000000000000000000 669400000000000000000000000 1 0
767 3710 0 0
548 751 1 1
4000 12651 0 0
5723 1808 0 0
3366 4754 1 1
3967 2808 1 0
151838 151838 1 1
3990000000000000000000000000000000000000000 12619000000000000000000000000000000000000000 0 0
17 4070 0 0
801 694 1 1
1288 4074 0 0
10014 3168 1 0
1454 2051 1 1
533 378 1 1
221782 221782 1 1
261200000000000000000000 825900000000000000000000 1 0
55600000 9000000000 0 0
432 603 1 1
3977 12578 0 0
8523 2694 0 0
2651 3744 1 1
323 228 1 0
355778 355778 1 1
1831000000000000000000000000 5791000000000000000000000000 0 0
68000000000 1370000000000 0 0
208 296 1 0
3437 10870 0 0
9584 3032 1 0
711 1003 1 1
501 353 1 0
342858 342858 1 1
810000000000000000000000000000000 2559000000000000000000000000000000 1 0
320000000000000000000000000000000000000000000000000000000000000000000000000000000000000000000000000000000000000000000000000000000000000000000000000000000000000000000000000000000000000000000000000000000000000000000000000000000000000000000000000000000000 502000000000000000000000000000000000000000000000000000000000000000000000000000000000000000000000000000000000000000000000000000000000000000000000000000000000000000000000000000000000000000000000000000000000000000000000000000000000000000000000000000000000 1 0
346 145 1 0
1294 4092 0 0
2826 894 1 0
84 119 1 0
3270 2315 1 1
167039 167039 1 1
378700000000000000000000000000 1197400000000000000000000000000 1 0
8600 34000 0 0
88 410 0 0
3891 12306 0 0
9677 3059 0 0
1770 2500 1 1
1574 1116 1 1
448680 448680 1 1
3417000000000000000000000000000000 10806000000000000000000000000000000 0 0
17400 476000 0 0
20 97 0 0
3004 9500 0 0
11212 3543 0 0
3168 4473 1 1
1913 1355 1 1
20672 20672 1 1
116100000000000000000000000000000000 367100000000000000000000000000000000 1 0
281000000000000000000 4130000000000000000000 0 0
469 299 1 0
3573 11300 0 0
9309 2941 0 0
1026 1450 1 0
2014 1425 1 0
259368 259368 1 1
3115000000000000000000000000000000 9851000000000000000000000000000000 0 0
63100000000000000000 7530000000000000000000 0 0
485 233 1 0
3256 10297 0 0
1070 338 0 0
1066 1504 1 1
1187 838 1 0
848597 848597 1 1
5050000000000000000000000000000000000000000000000000000000000000000000000000000000000000000000000000000000000000000000000000000000000000000000000000000000000000000000000000000000000000000000000000000000000000000000000000000000000000000000000000000000000000000000 15960000000000000000000000000000000000000000000000000000000000000000000000000000000000000000000000000000000000000000000000000000000000000000000000000000000000000000000000000000000000000000000000000000000000000000000000000000000000000000000000000000000000000000000 1 0
24000000000000000000000000000000000000000000000000000000000000000000000000000000000000000000000000000000000000000000000000000000000000000000000000000000000000000000000000000000 742000000000000000000000000000000000000000000000000000000000000000000000000000000000000000000000000000000000000000000000000000000000000000000000000000000000000000000000000000000 0 0
626 960 1 0
711 2250 0 0
4898 1547 0 0
3911 5522 1 1
2499 1768 1 0
815424 815424 1 1
932000000000 2945000000000 1 0
557000000000000000 6020000000000000000 0 0
243 205 1 1
132 418 0 0
5588 1769 1 0
2236 3158 1 1
3593 2542 1 0
665754 665754 1 1
98000000000000000000000000000000 307000000000000000000000000000000 1 0
63900000000000000000000000000 398000000000000000000000000000 0 0
703 207 0 0
1543 4880 0 0
8313 2630 1 0
3775 5334 1 0
1307 927 1 1
476116 476116 1 1
853000000000 2696000000000 1 0
3660000 843000000 0 0
362 127 1 0
2788 8818 0 0
5036 1594 1 0
765 1082 1 0
3525 2494 1 0
205367 205367 1 1
2376000000000000000000000000000000000000 7515000000000000000000000000000000000000 0 0
3970000000000000000000 670000000000000000000 0 0
577 176 0 0
2104 6652 1 0
303 94 0 0
3682 5202 1 0
2505 1774 1 1
666389 666389 1 1
23400000000000000000000000000000000000000000000000000000000000000000000000000000000000000000000000000000000000000000000000000000000000000000000000000000000 73900000000000000000000000000000000000000000000000000000000000000000000000000000000000000000000000000000000000000000000000000000000000000000000000000000000 1 0
56200000000000000000000000000000000000000000000000000000000000000000000000000000000000000000000000000000000000000000000 947000000000000000000000000000000000000000000000000000000000000000000000000000000000000000000000000000000000000000000000 0 0
300 125 1 0
111 352 0 0
4409 1394 0 0
2201 3108 1 1
814 578 1 1
427737 427737 1 1
37300000000000 117970000000000 0 0
142000000000000 619000000000000 0 0
106 833 0 0
2979 9422 0 0
1867 589 0 0
3198 4519 1 0
456 324 1 1
837759 837759 1 1
3462000000000 10946000000000 1 0
60700000000000000000000000 98500000000000000000000000 1 0
935 575 1 0
3642 11519 0 0
4536 1432 0 0
651 919 1 1
2911 2059 1 0
258487 258487 1 1
802000 2537000 0 0
724000000000000000000000000000 33600000000000000000000000000000 0 0
155 239 1 0
3123 9874 1 0
1579 500 1 0
2474 3492 1 1
2609 1849 1 1
699449 699449 1 1
47300 149500 1 0
2390000000000000 77900000000000000 0 0
774 929 1 1
2575 8141 1 0
10169 3215 0 0
2379 3362 1 0
165 116 1 0
915215 915215 1 1
2079000000000000000000000000000000000000000000000000000000000000000000000000000000000000000000000000000000000000000000 6575000000000000000000000000000000000000000000000000000000000000000000000000000000000000000000000000000000000000000000 0 0
6520000000000000000000000000000000000000000000000000000 966000000000000000000000000000000000000000000000000000000 0 0
537 614 1 1
3168 10017 1 0
9428 2980 0 0
880 1242 1 1
1307 927 1 1
821024 821024 1 1
371200000000000000000000 1173800000000000000000000 1 0
7620000000 525000000000 0 0
856 851 1 1
1185 3748 0 0
11013 3480 0 0
2145 3029 1 1
682 484 1 1
356347 356347 1 1
1230000000 3860000000 1 0
73000000000 6260000000000 0 0
289 724 1 0
1717 5431 0 0
3036 962 1 0
2854 4033 1 0
270 193 1 1
689263 689263 1 1
33360000000000000000000 105510000000000000000000 0 0
1460000000000000000000000000 6500000000000000000000000000 0 0
625 793 1 1
3306 10452 1 0
4005 1264 0 0
185 263 1 0
815 575 1 0
206958 206958 1 1
13460000000000000000000000000000 42560000000000000000000000000000 1 0
5310000 969000000 0 0
803 287 1 0
2176 6880 1 0
5884 1861 1 0
1795 2536 1 0
2246 1590 1 0
155148 155148 1 1
213200000000000000000000000000000000000000000000000000000000000000000000000000000000000000000000 674300000000000000000000000000000000000000000000000000000000000000000000000000000000000000000000 0 0
393000000000000000000000000000000000000000000000000000000000000000000000000000000000000000000000000000000000000000000000000000000000000000000000000000000000000000000000000000000000000000000000000000000000000000000000000000000000000000 406000000000000000000000000000000000000000000000000000000000000000000000000000000000000000000000000000000000000000000000000000000000000000000000000000000000000000000000000000000000000000000000000000000000000000000000000000000000000000 1 1
707 737 1 1
1996 6312 0 0
8720 2758 1 0
3808 5376 1 1
2109 1494 1 1
71252 71252 1 1
3237000000000000000000 10237000000000000000000 0 0
2880000 789000000 0 0
315 467 1 0
259 819 1 0
8551 2702 0 0
1564 2207 1 1
1389 983 1 0
969855 969855 1 1
307700000000000000000000000000000000 973000000000000000000000000000000000 1 0
9010000000000000000000000000000 360000000000000000000000000000000 0 0
125 641 0 0
1905 6024 1 0
10771 3406 0 0
3297 4655 1 1
1930 1366 1 0
124569 124569 1 1
9510000000000000000000000000000000000 30090000000000000000000000000000000000 0 0
695000 37500000 0 0
350 467 1 1
455 1437 1 0
6754 2137 1 0
902 1275 1 0
3886 2751 1 0
988359 988359 1 1
40000000 126600000 0 0
898000000000000000000000 1280000000000000000000000 1 0
620 21 0 0
3159 9988 1 0
7760 2455 1 0
581 820 1 1
1840 1304 1 1
979663 979663 1 1
3962000000000000000000000000000000000000000000000000000000000000000000000000000000000000000000000000000000000 12528000000000000000000000000000000000000000000000000000000000000000000000000000000000000000000000000000000000 1 0
908000000000000000000000000000000000000000000000000000000000000000000000000000000000000000000000000000000000000000000 9410000000000000000000000000000000000000000000000000000000000000000000000000000000000000000000000000000000000000000000 0 0
516 891 1 0
540 1705 1 0
11007 3478 0 0
3030 4279 1 1
369 261 1 0
573458 573458 1 1
18920000000000000000000000000 59820000000000000000000000000 1 0
55500000 5400000000 0 0
393 847 1 0
921 2914 0 0
9352 2958 1 0
478 677 1 0
1814 1282 1 0
475199 475199 1 1
257000000000000 812600000000000 1 0
750000000000000000 775000000000000000 1 1
272 38 0 0
2608 8245 1 0
5383 1704 1 0
2671 3770 1 1
434 305 1 0
324511 324511 1 1
3503000 11079000 0 0
2650000000000000000000000000000 501000000000000000000000000000000 0 0
2 360 0 0
2909 9200 0 0
10692 3382 1 0
2125 3002 1 0
86 60 1 0
602324 602324 1 1
388500 1228700 0 0
72600000 656000000 0 0
851 292 1 0
3571 11294 0 0
5811 1837 0 0
3880 5482 1 0
2448 1734 1 1
670592 670592 1 1
3786000000000000000000000000000000000000000000000000000000000000000000000000000000000000000000000000000000000000000000000000000000000000000000000000000 11974000000000000000000000000000000000000000000000000000000000000000000000000000000000000000000000000000000000000000000000000000000000000000000000000000 0 0
2230000000000000000000000000000000000000000000000000000000000000000000000000000000000000000000000000000000000000000000000000000000000000000000 3250000000000000000000000000000000000000000000000000000000000000000000000000000000000000000000000000000000000000000000000000000000000000000000 1 0
542 830 1 0
268 848 0 0
9448 2988 1 0
2000 2827 1 0
108 78 1 1
817458 817458 1 1
134000000000000000000000 425000000000000000000000 0 0
46900 9210000 0 0
387 23 0 0
3553 11236 0 0
9505 3005 0 0
194 274 1 1
226 161 1 1
136639 136639 1 1
50000000000000000000000 170000000000000000000000 0 0
63000000000 4430000000000 0 0
599 463 1 1
1287 4069 1 0
3041 963 1 0
1978 2791 1 1
1631 1154 1 0
166385 166385 1 1
18110000000000000000000000000000000 57280000000000000000000000000000000 0 0
84300 86800 1 1
486 584 1 1
643 2035 0 0
4024 1272 0 0
374 527 1 1
627 445 1 1
162412 162412 1 1
798000000000000000000000000000000000000000 2523000000000000000000000000000000000000000 1 0
675000 50100000 0 0
80 934 0 0
644 2034 1 0
9027 2854 0 0
608 858 1 1
415 295 1 1
830519 830519 1 1
377700000000000000000000000000000000000000000000000000000000000000000000000000000000000000000000000000000000000000000000000000000000000 1194400000000000000000000000000000000000000000000000000000000000000000000000000000000000000000000000000000000000000000000000000000000000 0 0
2140000000000000000000000000000000000000000000000000000000000000000000000000000000000000000000000000000000000000000000000000000000000000000000000000000000000000000000000000000000000000000000000 58100000000000000000000000000000000000000000000000000000000000000000000000000000000000000000000000000000000000000000000000000000000000000000000000000000000000000000000000000000000000000000000000 0 0
572 143 0 0
2310 7305 0 0
7300 2309 1 0
1812 2560 1 0
1504 1066 1 1
715015 715015 1 1
391900000000000000000000000000000000000000 1239400000000000000000000000000000000000000 0 0
274000000000000000000000000000 66600000000000000000000000000000 0 0
530 44 0 0
3915 12379 1 0
11741 3713 1 0
3037 4290 1 0
3858 2730 1 0
939642 939642 1 1
191100000000000000000 604100000000000000000 1 0
717000000000000000 496000000000000000 1 0
617 391 1 0
3333 10538 1 0
734 230 0 0
3002 4242 1 0
981 694 1 0
843544 843544 1 1
338000000000 1068800000000 1 0
50900000000000000000000 4890000000000000000000000 0 0
535 880 1 0
93 294 1 0
8227 2601 0 0
1607 2271 1 0
347 247 1 1
56930 56930 1 1
196600000 621500000 1 0
515000000000000000000 900000000000000000000 1 0
681 61 0 0
99 314 0 0
11443 3620 1 0
3158 4459 1 1
348 244 1 0
154401 154401 1 1
115000000000000000000000000000000000000000000000000000000000000000000000000000000000000000000000000000000000000000000000000000000 363500000000000000000000000000000000000000000000000000000000000000000000000000000000000000000000000000000000000000000000000000000 1 0
743000000000000000000000000000000000000000000000000000000000000000000000000000000000000000000000000000000000000000000000000000000000000000000000000000000000000000000000000000000000000000000000000000000000000000000000000000000000000000000000000000000000000000000000000000000000000000000000 71400000000000000000000000000000000000000000000000000000000000000000000000000000000000000000000000000000000000000000000000000000000000000000000000000000000000000000000000000000000000000000000000000000000000000000000000000000000000000000000000000000000000000000000000000000000000000000000000 0 0
452 691 1 0
2651 8383 1 0
11396 3604 1 0
2264 3198 1 0
2351 1664 1 0
236630 236630 1 1
58200000000 184100000000 0 0
9480000000000000 17300000000000000 1 0
58 608 0 0
2437 7707 0 0
10839 3428 1 0
2442 3449 1 1
1725 1219 1 0
260604 260604 1 1
3743000000000000000000000000000000 11836000000000000000000000000000000 1 0
35600000 35500000 1 1
906 931 1 1
3599 11379 1 0
1213 384 1 0
3346 4724 1 1
3906 2765 1 0
32487 32487 1 1
147800000000000 467300000000000 1 0
5600000 6270000000 0 0
419 770 1 0
1676 5300 0 0
7501 2374 1 0
53 76 1 0
3862 2736 1 1
686614 686614 1 1
212100000000000000000 670900000000000000000 0 0
79100000000000 3870000000000000 0 0
474 334 1 0
1184 3745 0 0
5117 1617 0 0
3944 5570 1 1
2217 1569 1 0
850655 850655 1 1
280900000000000000000000000000000000000000000000000000000000000000000000000000000000000000000000000000000000000000000000000000000000000000000000000000000000000000000000000000000000000000000000000000000000000000000000000000000000000000000000000000000000000000000000 888400000000000000000000000000000000000000000000000000000000000000000000000000000000000000000000000000000000000000000000000000000000000000000000000000000000000000000000000000000000000000000000000000000000000000000000000000000000000000000000000000000000000000000000 0 0
8010000000000000 96200000000000000 0 0
801 892 1 1
923 2916 1 0
1897 600 1 0
2398 3385 1 1
706 499 1 0
759128 759128 1 1
2717000000000000000000000000 8590000000000000000000000000 1 0
9930000000000000000000000 69000000000000000000000000 0 0
988 27 0 0
3456 10926 1 0
699 220 0 0
2604 3677 1 1
3721 2636 1 1
653301 653301 1 1
3704000000000000000000000000000 11715000000000000000000000000000 0 0
20500000 362000000 0 0
68 29 1 0
2042 6455 1 0
4123 1304 1 0
2374 3352 1 1
3992 2825 1 0
534630 534630 1 1
8230 26040 0 0
42000000000000000000000 39700000000000000000000 1 1
621 902 1 0
3500 11067 1 0
5024 1590 1 0
2373 3353 1 0
3911 2768 1 0
129005 129005 1 1
244200000000000000000000000000000000 772400000000000000000000000000000000 0 0
904000000000000000000000000000 440000000000000000000000000000 1 0
522 897 1 0
2496 7892 1 0
2299 727 0 0
2232 3152 1 1
3969 2808 1 0
620815 620815 1 1
30430000000000000000000000000000000000000000000000000000000000000000000000000000000000000000000000000000000000000000000000000000000000000000000000000000000000000000000000000000000000000000000000000000000000000000000000000000000000000000000000000000 96230000000000000000000000000000000000000000000000000000000000000000000000000000000000000000000000000000000000000000000000000000000000000000000000000000000000000000000000000000000000000000000000000000000000000000000000000000000000000000000000000000 0 0
2750000000000000000000000000000000000000000000000000000000000000000000000000000000000000000000000000000000000000000000000000000000000000000000000000000000000000000000000000000000 411000000000000000000000000000000000000000000000000000000000000000000000000000000000000000000000000000000000000000000000000000000000000000000000000000000000000000000000000000000000 0 0
103 197 1 0
1757 5558 0 0
1994 630 0 0
2048 2894 1 0
3897 2758 1 0
668297 668297 1 1
11450000000000000000000000000000 36190000000000000000000000000000 1 0
15400000000000000000000000 7470000000000000000000000000 0 0
217 479 1 0
353 1115 1 0
1662 523 0 0
231 326 1 1
2838 2010 1 1
972443 972443 1 1
2287000000000000 7231000000000000 1 0
94600000000000000000000 845000000000000000000000 0 0
937 707 1 1
3185 10070 1 0
4190 1323 0 0
1998 2824 1 0
1504 1064 1 0
82741 82741 1 1
26830000000 84850000000 0 0
63700000 878000000 0 0
730 202 0 0
1952 6170 1 0
8325 2634 1 0
358 507 1 0
3075 2177 1 1
28732 28732 1 1
23170000000000000000000000000000000000000 73250000000000000000000000000000000000000 1 0
8300000000000 39500000000000 0 0
458 610 1 1
3404 10765 0 0
9678 3060 0 0
769 1085 1 1
2344 1661 1 1
397315 397315 1 1
783000000000000000000000000000000000000000000000000000000000000000000000000000000000000000000000 2477000000000000000000000000000000000000000000000000000000000000000000000000000000000000000000000 0 0
59000000000000000000000000000000000000000000000000000000 49500000000000000000000000000000000000000000000000000000000 0 0
723 781 1 1
3846 12160 1 0
317 101 1 0
3657 5164 1 1
1068 758 1 1
157285 157285 1 1
32700000000000000000000 103500000000000000000000 0 0
9370000000000000000000 29900000000000000000000 0 0
389 264 1 0
1692 5352 0 0
10836 3427 1 0
1294 1829 1 0
2237 1582 1 0
3546 3546 1 1
28910000000000000000 91440000000000000000 0 0
5660 91700 0 0
248 534 1 0
3351 10595 1 0
8377 2649 0 0
1738 2453 1 1
21 16 1 1
55429 55429 1 1
199700000000000000000000000000000000000000 631400000000000000000000000000000000000000 1 0
653000000000 10200000000000 0 0
587 340 1 0
2857 9032 1 0
6055 1913 0 0
3665 5176 1 1
3355 2376 1 1
548031 548031 1 1
4180000000 13210000000 1 0
36 2210 0 0
687 46 0 0
1686 5330 1 0
5396 1704 0 0
1298 1834 1 0
2872 2033 1 0
226087 226087 1 1
120100000000000000000000000000000000000000000000000000000000000000 379700000000000000000000000000000000000000000000000000000000000000 1 0
716000000000000000000000000000000000000000000000 2840000000000000000000000000000000000000000000000 0 0
211 330 1 0
1122 3547 1 0
9013 2848 0 0
1341 1892 1 1
1871 1325 1 1
838342 838342 1 1
27810000000000000 87940000000000000 1 0
68100000000000000000000000 7320000000000000000000000000 0 0
580 580 1 1
3713 11742 0 0
3893 1232 1 0
1698 2398 1 1
1515 1070 1 0
715060 715060 1 1
258400000000000000000000 817100000000000000000000 1 0
12000000000000000000000 548000000000000000000000 0 0
628 195 0 0
1811 5726 1 0
8837 2794 0 0
3204 4523 1 1
3782 2677 1 0
946664 946664 1 1
550000000000000000000 1737000000000000000000 1 0
75000000000000000000000 1770000000000000000000000 0 0
282 714 1 0
2426 7670 1 0
11998 3796 1 0
2439 3444 1 1
1888 1335 1 0
844631 844631 1 1
128600000000000000000000000000 406400000000000000000000000000 1 0
1380000000000 7270000000000 0 0
996 988 1 1
3197 10107 1 0
6458 2044 1 0
2444 3452 1 1
3415 2418 1 1
892796 892796 1 1
2443000000000000000000 7723000000000000000000 1 0
7840000000000000000000000000000000000000000000000000000000000000000000000000000000000000000000000000000000000000000000000000000000000000000000000000000000000000000000000000000000 138000000000000000000000000000000000000000000000000000000000000000000000000000000000000000000000000000000000000000000000000000000000000000000000000000000000000000000000000000000000 0 0
158 556 0 0
594 1877 1 0
8018 2534 0 0
1708 2413 1 0
1209 853 1 0
214668 214668 1 1
1619000000000000000000000000000 5121000000000000000000000000000 0 0
841000000000 8000000000000 0 0
635 499 1 1
3436 10864 1 0
2743 869 1 0
487 689 1 0
1217 860 1 0
720530 720530 1 1
398000000000000000000000 1257000000000000000000000 1 0
595000000000000000 958000000000000000 1 0
364 666 1 0
2417 7642 1 0
4459 1409 0 0
2800 3953 1 1
3274 2315 1 0
71819 71819 1 1
1819000000000000000000000000000000000000000 5752000000000000000000000000000000000000000 1 0
30300000000000000000 1680000000000000000000 0 0
5 589 0 0
3007 9510 0 0
720 227 0 0
2793 3944 1 1
3131 2216 1 0
32244 32244 1 1
177700000000000000000 561800000000000000000 1 0
4000000000000 73100000000000 0 0
387 258 1 0
2350 7431 1 0
1037 327 0 0
2921 4124 1 1
629 443 1 0
657951 657951 1 1
137700000000000000000000000000000000000000000000000000000000000000000000000000000000000000000000000000000000000000000000000000000000000000000000000000000000000000000000 435400000000000000000000000000000000000000000000000000000000000000000000000000000000000000000000000000000000000000000000000000000000000000000000000000000000000000000000 1 0
80200000000000000000000000000000000000000000000000000000000000000000000000000000000000000000000000000000 188000000000000000000000000000000000000000000000000000000000000000000000000000000000000000000000000000000 1 0
255 303 1 1
1286 4068 0 0
11731 3711 1 0
265 376 1 0
1394 987 1 1
768524 768524 1 1
232400000000 735100000000 0 0
67800000000000000000000000000000 7470000000000000000000000000000000 0 0
624 610 1 1
2976 9412 0 0
5765 1822 0 0
1661 2344 1 1
2362 1674 1 1
538646 538646 1 1
17030000000000000000000 53870000000000000000000 0 0
5400 6550 1 1
336 740 1 0
3626 11466 1 0
5092 1611 1 0
1090 1537 1 1
1065 753 1 0
533419 533419 1 1
29120000000000000000000000 92100000000000000000000000 0 0
42100000000000000000000000 3000000000000000000000000000 0 0
997 947 1 1
1467 4637 1 0
4252 1343 0 0
1098 1551 1 0
915 646 1 0
433507 433507 1 1
22920000000000000000 72450000000000000000 1 0
2400000000000000 2980000000000000 1 1
109 574 0 0
1309 4139 1 0
11657 3687 1 0
2844 4017 1 1
1345 950 1 0
481527 481527 1 1
321400000000000000000000000000000000000000000000000000000000000000000000000000000000000000000000000 1016100000000000000000000000000000000000000000000000000000000000000000000000000000000000000000000000 1 0
372000000000000000000000000000000000000000000000000 5420000000000000000000000000000000000000000000000000 0 0
931 787 1 1
1325 4189 1 0
10820 3419 0 0
909 1282 1 1
3090 2186 1 0
429593 429593 1 1
2776000000 8776000000 1 0
861000000000000 214000000000000 0 0
584 466 1 1
68 217 0 0
4692 1483 0 0
242 343 1 0
2967 2102 1 1
7292 7292 1 1
2210000000000000000000000000000000 6988000000000000000000000000000000 1 0
59100 35200 1 0
649 246 1 0
3965 12540 0 0
3156 996 0 0
752 1061 1 1
2659 1881 1 0
942412 942412 1 1
32880000 103960000 1 0
3300000 4930000 1 0
57 485 0 0
2094 6619 1 0
2641 833 0 0
2369 3348 1 0
123 85 1 0
791965 791965 1 1
950 3004 1 0
410000000000000 607000000000000 1 0
88 115 1 1
2099 6636 1 0
10585 3349 1 0
2807 3962 1 1
3985 2819 1 0
560795 560795 1 1
17860000000000000000000000000000000000000000000000000000000000000000000000000000000000000 56450000000000000000000000000000000000000000000000000000000000000000000000000000000000000 1 0
864000000000000000000000000000000000000000000000000000000 7500000000000000000000000000000000000000000000000000000000 0 0
963 623 1 0
3085 9753 1 0
7036 2226 1 0
3006 4248 1 0
1529 1081 1 0
336884 336884 1 1
1845000000000000000000000000000000000 5835000000000000000000000000000000000 0 0
7550 6010 1 1
942 418 1 0
452 1429 1 0
413 131 1 0
2101 2966 1 1
3344 2369 1 1
66266 66266 1 1
5750000000000000000000000000 18190000000000000000000000000 0 0
10200000000000000000000000000 707000000000000000000000000000 0 0
98 534 0 0
3948 12486 0 0
5302 1674 0 0
680 961 1 0
2192 1549 1 0
735304 735304 1 1
82600000 261100000 1 0
85100000000000000000 100000000000000000 0 0
905 611 1 0
633 1999 1 0
7454 2358 1 0
3497 4940 1 0
493 348 1 0
642209 642209 1 1
7800000000000000000000000000000000 24800000000000000000000000000000000 0 0
525000 83700000 0 0
955 357 1 0
3543 11203 1 0
1730 547 0 0
3715 5245 1 1
2888 2046 1 1
963118 963118 1 1
15180000000000000000000000000000000000000000000000000000000000000000000000000000000000000000000000000000000000000000000000000000000000 48010000000000000000000000000000000000000000000000000000000000000000000000000000000000000000000000000000000000000000000000000000000000 0 0
5170000000000000000000000000000000000 930000000000000000000000000000000000000 0 0
317 526 1 0
8 23 1 0
2206 699 1 0
497 704 1 0
1246 884 1 1
883066 883066 1 1
309500000 978900000 0 0
86100000000000000000000000000000 92000000000000000000000000000000 1 1
947 273 0 0
437 1381 1 0
6469 2044 0 0
984 1388 1 1
2319 1640 1 0
179795 179795 1 1
684000000000000000000000000000000 2162000000000000000000000000000000 1 0
23400000000000 9750000000000000 0 0
237 752 0 0
3365 10641 1 0
5762 1823 1 0
724 1023 1 0
3574 2529 1 0
633023 633023 1 1
7500000000000000000000000000000 23730000000000000000000000000000 0 0
2680000000000000000000000000 5680000000000000000000000000 1 0
57 352 0 0
1338 4229 1 0
9799 3100 1 0
2198 3102 1 1
697 494 1 1
148000 148000 1 1
3053000000000000000000000000000 9654000000000000000000000000000 1 0
640000000000000000000 3830000000000000000000 0 0
928 948 1 1
222 704 0 0
5803 1837 1 0
1280 1809 1 0
2950 2086 1 0
226961 226961 1 1
751000000000000000000000000000000000000000000000000000000000000000000000000000000000000000000000000000000000000000000000000000000000000000000000000000000000000000000000000000 2374000000000000000000000000000000000000000000000000000000000000000000000000000000000000000000000000000000000000000000000000000000000000000000000000000000000000000000000000000 1 0
5440000000000000000000000000000000000000000000000000000000000000000000000000000000 65300000000000000000000000000000000000000000000000000000000000000000000000000000000 0 0
717 531 1 1
3593 11361 1 0
3070 969 0 0
1113 1571 1 1
2949 2086 1 0
55751 55751 1 1
3182000000000 10060000000000 1 0
754000000000000000000000000000 1790000000000000000000000000000 1 0
347 406 1 1
3159 9989 1 0
9499 3003 0 0
1234 1742 1 1
1553 1100 1 1
477684 477684 1 1
29000000000000000000000000000 91900000000000000000000000000 0 0
32000000000000000000000 6860000000000000000000000 0 0
345 896 1 0
3467 10962 1 0
4467 1414 1 0
1456 2055 1 1
3808 2693 1 0
617591 617591 1 1
2536000000000000000000000000000000000000 8019000000000000000000000000000000000000 1 0
83200000000000000000000000 16900000000000000000000000 0 0
734 519 1 0
2989 9451 1 0
6900 2182 1 0
3431 4847 1 0
1622 1148 1 0
164313 164313 1 1
1162000000000000000000000000 3676000000000000000000000000 0 0
31300000000000000 23800000000000000 1 1
915 713 1 1
1727 5461 1 0
10556 3338 0 0
1490 2103 1 1
2746 1945 1 1
324652 324652 1 1
374300000000000000000000000000000000000000000000000000000000000000000000000000000000000000000000000000000000000000000000000000000000000000000000000000000000000000000000 1183600000000000000000000000000000000000000000000000000000000000000000000000000000000000000000000000000000000000000000000000000000000000000000000000000000000000000000000 1 0
781000000000000000000000000000000000000000000000000000000000000000000000000000000000000000000000000000000000000000000000000000000000000000000000000000000000000000000000000000000000000000000000000000000000000000000000000000000000000000000 55800000000000000000000000000000000000000000000000000000000000000000000000000000000000000000000000000000000000000000000000000000000000000000000000000000000000000000000000000000000000000000000000000000000000000000000000000000000000000000000 0 0
162 89 1 0
315 997 0 0
5804 1835 0 0
3304 4667 1 1
1651 1170 1 1
800124 800124 1 1
770000000000000 2450000000000000 0 0
549000000000000000000000000000 4340000000000000000000000000000 0 0
129 72 1 0
1298 4102 1 0
9091 2876 1 0
13 18 1 1
3307 2341 1 0
691308 691308 1 1
1597 5049 1 0
57000000000000000 7640000000000000000 0 0
574 416 1 1
1508 4766 1 0
5136 1625 1 0
2590 3657 1 1
1552 1097 1 0
347510 347510 1 1
300 947 1 0
720000000000000000000000000 918000000000000000000000000000 0 0
496 301 1 0
541 1710 1 0
1194 377 0 0
633 895 1 0
306 218 1 1
324449 324449 1 1
28270000000000000000000000000000 89390000000000000000000000000000 1 0
530000000000000 59000000000000000 0 0
279 158 1 0
1536 4856 1 0
10174 3219 1 0
973 1374 1 1
2824 1999 1 0
873255 873255 1 1
395900000000000000000000000000000000000000000000000000000000000000000000000 1251700000000000000000000000000000000000000000000000000000000000000000000000 1 0
858000000000000000000000000000000000000000000000000000000000000000000000000000000000000000000000000000000000000000000000000000000000000000000000000000000000000000000000000000000000000000000000000000000000000000 4190000000000000000000000000000000000000000000000000000000000000000000000000000000000000000000000000000000000000000000000000000000000000000000000000000000000000000000000000000000000000000000000000000000000000000 0 0
436 431 1 1
3648 11533 1 0
10874 3440 1 0
632 891 1 1
226 158 1 0
381338 381338 1 1
38980000000000000000000000000000000000000 123280000000000000000000000000000000000000 0 0
3510000000000000000000000000000 910000000000000000000000000000 0 0
682 348 1 0
3759 11887 1 0
8688 2747 0 0
848 1198 1 0
3172 2246 1 1
26762 26762 1 1
1832000000000000000000000000000000000000000 5793000000000000000000000000000000000000000 1 0
69700000000 58300000000 1 1
785 692 1 1
172 541 1 0
12 5 1 0
1936 2734 1 1
1960 1386 1 0
602800 602800 1 1
30340000000000000000 95960000000000000000 0 0
34600000000000000000 840000000000000000000 0 0
828 419 1 0
526 1661 1 0
98 30 0 0
1621 2291 1 0
1223 864 1 0
644909 644909 1 1
230400000 728700000 0 0
30500000000000000000000000 98800000000000000000000000 0 0
230 474 1 0
2596 8209 1 0
7880 2493 1 0
1806 2549 1 1
3714 2630 1 1
379921 379921 1 1
11200000000000000000000000000000000000000000000000000000000000000000000000000000000000000000000000000000000000000000000000000000000000000000000 35500000000000000000000000000000000000000000000000000000000000000000000000000000000000000000000000000000000000000000000000000000000000000000000 0 0
894000000000000000000000000000000000000000000000000000000000000000000000000000000000000000000000000000000000000000000000000000000000000000000000000000000000000000000000000000000000000000000000000000000000000000000000000000000000 9920000000000000000000000000000000000000000000000000000000000000000000000000000000000000000000000000000000000000000000000000000000000000000000000000000000000000000000000000000000000000000000000000000000000000000000000000000000000 0 0
30 990 0 0
1393 4406 0 0
7014 2216 0 0
1638 2312 1 1
2833 2004 1 0
675019 675019 1 1
3820000 12078000 1 0
6180000000000000000000000 486000000000000000000000000 0 0
456 392 1 1
142 447 1 0
4175 1320 0 0
590 832 1 1
1869 1322 1 0
513640 513640 1 1
3769000000 11917000000 1 0
5980000000000000000000000 66800000000000000000000000 0 0
859 400 1 0
1374 4346 0 0
7690 2433 1 0
2959 4179 1 1
3222 2282 1 1
24201 24201 1 1
7400000000 23500000000 0 0
955000000000000 7130000000000000 0 0
733 153 0 0
2433 7694 0 0
6337 2002 0 0
2692 3801 1 1
1791 1265 1 0
114098 114098 1 1
368000000000000000000000000000000000000000 1163700000000000000000000000000000000000000 1 0
67100000000000000000000000000 3750000000000000000000000000000 0 0
241 325 1 1
2708 8562 1 0
1275 402 0 0
1387 1960 1 0
3077 2176 1 0
263131 263131 1 1
9480000000000000000000000000000000000000000000000000000000000000000000000000000000000000000000000000000000000000000000000000000000000000000000000000000000000000000000000000000000000000000000000000000000000 29990000000000000000000000000000000000000000000000000000000000000000000000000000000000000000000000000000000000000000000000000000000000000000000000000000000000000000000000000000000000000000000000000000000000 0 0
83500000000000000000000000000000000000000000000000000000000000000000000000000000000000000000000000000000 26800000000000000000000000000000000000000000000000000000000000000000000000000000000000000000000000000000 1 0
249 546 1 0
3352 10597 1 0
6166 1949 0 0
1705 2409 1 0
3557 2516 1 0
964655 964655 1 1
26060 82390 1 0
1620000000000000 68900000000000000 0 0
633 156 0 0
3532 11167 1 0
9776 3092 1 0
1650 2329 1 1
2247 1588 1 0
765899 765899 1 1
4600000000000000000000000000000000 14520000000000000000000000000000000 1 0
87700 5280000 0 0
988 982 1 1
1064 3364 1 0
2181 689 0 0
207 290 1 1
2367 1673 1 0
262911 262911 1 1
298400000000000000000000000000000 943500000000000000000000000000000 1 0
9700000000000000 29500000000000000 1 0
514 517 1 1
2053 6494 0 0
8022 2535 0 0
1073 1517 1 0
3188 2258 1 1
309535 309535 1 1
398600 1260300 1 0
510000000 63500000000 0 0
641 563 1 1
2784 8801 1 0
8361 2641 0 0
246 349 1 0
2919 2066 1 0
531354 531354 1 1
451000000000000000000000000000000000000000000000000000000000000000000000000000000000 1426000000000000000000000000000000000000000000000000000000000000000000000000000000000 1 0
746000000000000000000000000000000000000000000000000000000000000000000000000000000000000000000000000000000000000000000000000000000000000000000000 337000000000000000000000000000000000000000000000000000000000000000000000000000000000000000000000000000000000000000000000000000000000000000000000 1 0
395 571 1 0
241 761 1 0
9670 3057 0 0
223 314 1 1
1749 1239 1 1
775150 775150 1 1
127300 402400 1 0
45400000000000000000000000 845000000000000000000000000 0 0
888 334 1 0
3686 11655 1 0
10959 3467 1 0
1319 1861 1 1
57 42 1 1
979124 979124 1 1
25120000000000000000000000 79420000000000000000000000 1 0
3610000000000000 52100000000000000 0 0
9 750 0 0
2119 6702 0 0
785 248 0 0
1498 2113 1 1
1887 1335 1 0
19215 19215 1 1
21450000000000000000000000000000000000000 67820000000000000000000000000000000000000 1 0
386000000000000000000000000 8330000000000000000000000000 0 0
45 264 0 0
3580 11318 1 0
8611 2723 0 0
2035 2876 1 0
3162 2237 1 0
953985 953985 1 1
6280000000000000000000000000000000000000 19830000000000000000000000000000000000000 1 0
35600000000000000000000 320000000000000000000000 0 0
945 915 1 1
1367 4321 1 0
11876 3755 0 0
3945 5570 1 1
803 569 1 1
341040 341040 1 1
3860000000000000000000000000000000000000000000000000000000000000000000000000000000000000000000000000000 12207000000000000000000000000000000000000000000000000000000000000000000000000000000000000000000000000000 0 0
101000000000000000000000 30300000000000000000000000 0 0
977 593 1 0
1220 3859 0 0
9829 3107 0 0
1489 2104 1 0
2994 2118 1 0
942429 942429 1 1
15400000000000000000000000000 48800000000000000000000000000 0 0
3810000000000000000 8140000000000000000 1 0
617 303 1 0
3975 12569 1 0
11326 3580 0 0
1403 1983 1 0
3403 2411 1 1
929299 929299 1 1
139000000000000000000000 439300000000000000000000 1 0
67600000000000000 860000000000000000 0 0
355 0 0 0
2545 8047 1 0
7294 2306 0 0
3946 5575 1 0
3283 2325 1 1
362585 362585 1 1
2107000000000000000000000000 6663000000000000000000000000 0 0
5150000 447000000 0 0
479 840 1 0
14 43 1 0
11895 3763 1 0
3063 4326 1 1
1111 788 1 1
139048 139048 1 1
4760 15030 1 0
800000000000000000000000000 53000000000000000000000000000 0 0
85 122 1 0
660 2089 0 0
162 51 0 0
2624 3707 1 0
3934 2783 1 0
803372 803372 1 1
4900000000000000000000000000000000000000000000000000000000000000000000000000000000000000000000000000000000000000000000000000000000000000000000000000000000000000000000000000000000000000000000000000000000000000000000000000000 15500000000000000000000000000000000000000000000000000000000000000000000000000000000000000000000000000000000000000000000000000000000000000000000000000000000000000000000000000000000000000000000000000000000000000000000000000000 0 0
36800000000000000000000000000000000000000000000000000000000000000000000000000000000000000000000000000000000000 8200000000000000000000000000000000000000000000000000000000000000000000000000000000000000000000000000000000000 0 0
570 227 1 0
2071 6548 1 0
1919 606 0 0
3203 4526 1 0
2754 1947 1 0
319701 319701 1 1
2252000000000000000000000 7122000000000000000000000 0 0
122000000000000 53100000000000000 0 0
283 226 1 1
3790 11984 1 0
3781 1194 0 0
1787 2522 1 1
466 327 1 0
947398 947398 1 1
3717000000000000000000000000000000 11754000000000000000000000000000000 1 0
5460000000000000 984000000000000000 0 0
236 248 1 1
1253 3964 0 0
11854 3749 1 0
2035 2872 1 1
734 518 1 0
544025 544025 1 1
274500000000 867800000000 1 0
537000000000000000000000000000 44400000000000000000000000000000 0 0
908 474 1 0
3595 11369 0 0
8873 2803 0 0
1854 2616 1 1
634 447 1 0
687628 687628 1 1
1555000000000000000000 4916000000000000000000 1 0
460000000000000000000000 226000000000000000000000 1 0
64 960 0 0
2655 8394 1 0
971 307 0 0
3713 5243 1 1
271 191 1 0
302360 302360 1 1
5100000000000000000000000000000000000000000000000000000000000000000000000000000000000000000000000000000000000000000000000000000000000000000000000000000000000000000000000000000000000000000000000000000000000000000000000000000000000000000000000000000000000000000000 16130000000000000000000000000000000000000000000000000000000000000000000000000000000000000000000000000000000000000000000000000000000000000000000000000000000000000000000000000000000000000000000000000000000000000000000000000000000000000000000000000000000000000000000 0 0
801000000000000000000000000000000000000000000000000000000000000000000000000000000000000000000000000 18600000000000000000000000000000000000000000000000000000000000000000000000000000000000000000000000000 0 0
441 520 1 1
2909 9199 1 0
5373 1698 0 0
2429 3429 1 1
515 364 1 0
921267 921267 1 1
2160000000000000000000000000000000000 6810000000000000000000000000000000000 1 0
708000000 9260000000 0 0
405 78 0 0
1820 5753 1 0
1414 446 0 0
1828 2581 1 1
2373 1681 1 1
169995 169995 1 1
1579000000 4993000000 1 0
19000 77400000 0 0
123 886 0 0
313 991 0 0
9712 3070 0 0
148 208 1 1
1742 1234 1 1
728254 728254 1 1
19860000000000000000000000 62820000000000000000000000 0 0
272000000 78600000000 0 0
467 164 1 0
1079 3412 1 0
11011 3479 0 0
3466 4895 1 1
2911 2058 1 0
634575 634575 1 1
20830000000000000000000000000000000000 65870000000000000000000000000000000000 1 0
62400000000000 743000000000000 0 0
430 529 1 1
1246 3939 1 0
3256 1027 0 0
2057 2905 1 1
3894 2758 1 1
49447 49447 1 1
485000000000000000000000000000000000000000000000000000000000000000000000000000000000000000000000000000000000000000000000000000000000000000000000000000000000000000000000000000000000000000000000000000000000000000000000000000000000000000 1534000000000000000000000000000000000000000000000000000000000000000000000000000000000000000000000000000000000000000000000000000000000000000000000000000000000000000000000000000000000000000000000000000000000000000000000000000000000000000 0 0
4680000000000000000000000000000000000000000000000000000000000000000000000000000000000000000 17600000000000000000000000000000000000000000000000000000000000000000000000000000000000000000 0 0
70 566 0 0
1888 5969 1 0
8509 2689 0 0
669 942 1 1
1015 718 1 0
414687 414687 1 1
25190000000000000000000000000000000000 79650000000000000000000000000000000000 1 0
37600000000000000 4950000000000000000 0 0
844 728 1 1
2075 6563 0 0
1870 593 1 0
1804 2547 1 1
903 639 1 0
714277 714277 1 1
20900000000000000000000000 66000000000000000000000000 1 0
891000000000 376000000000 1 0
491 268 1 0
1818 5748 1 0
1916 606 1 0
2 3 1 0
3679 2603 1 0
430320 430320 1 1
17100000000000000000000000000000000000 54100000000000000000000000000000000000 0 0
454000000000000 3020000000000000 0 0
933 667 1 1
1339 4233 1 0
4639 1465 0 0
1437 2028 1 1
3334 2359 1 0
414875 414875 1 1
290100000000000000000000000000000000 917200000000000000000000000000000000 1 0
93300000000000000 7230000000000000000 0 0
130 133 1 1
2937 9288 0 0
8732 2762 1 0
3554 5022 1 0
2590 1833 1 0
517673 517673 1 1
7930000000000000000000000000000000000000000000000000000000000000000000000000000000000000000000000000000000000000000000000000000000000000000000000000000000000000000000000000000000000000000000000000000000000000000000000000000000000000000000000000000000000000000000000000000000000 25080000000000000000000000000000000000000000000000000000000000000000000000000000000000000000000000000000000000000000000000000000000000000000000000000000000000000000000000000000000000000000000000000000000000000000000000000000000000000000000000000000000000000000000000000000000000 0 0
9770000000000000000000000000000000000000000000000000000000000000000000000000000000000000000000000000000000000000000000000000000000000000000 7690000000000000000000000000000000000000000000000000000000000000000000000000000000000000000000000000000000000000000000000000000000000000000 1 1
134 14 0 0
2004 6338 0 0
10795 3411 0 0
216 306 1 0
2200 1556 1 0
42342 42342 1 1
363700000000000000000000000 1149900000000000000000000000 1 0
7590000000000000000000000000 1700000000000000000000000000 0 0
787 8 0 0
1887 5966 1 0
621 197 1 0
1114 1573 1 1
597 423 1 1
281997 281997 1 1
348700000000000000000000000000 1102500000000000000000000000000 1 0
41200000000000000000 630000000000000000000 0 0
217 579 1 0
284 898 1 0
10337 3267 0 0
1761 2489 1 0
1966 1393 1 1
329939 329939 1 1
34800000000000000000000000 110060000000000000000000000 0 0
69100000 7740000000 0 0
611 190 0 0
871 2752 1 0
11396 3605 1 0
296 416 1 1
608 432 1 1
401023 401023 1 1
34340000000000000000000 108600000000000000000000 0 0
13400000000000000000 437000000000000000000 0 0
214 35 0 0
3103 9814 0 0
10954 3463 0 0
3385 4780 1 1
3574 2531 1 1
850232 850232 1 1
844000000000000000000000000000000000000000000000000000000000000000000000000000000000000000000000000000000000000000000000000000000000000000000000000000000000000000 2667000000000000000000000000000000000000000000000000000000000000000000000000000000000000000000000000000000000000000000000000000000000000000000000000000000000000000 1 0
1850000000000000000000000000000000000000000000000000000000000000000000000000000000000000000000000000000000000000000000000000000 57800000000000000000000000000000000000000000000000000000000000000000000000000000000000000000000000000000000000000000000000000000 0 0
117 602 0 0
3179 10053 0 0
3136 991 0 0
1856 2621 1 1
964 683 1 1
37546 37546 1 1
385500000000000 1219200000000000 0 0
630000000000000000000000000000 5470000000000000000000000000000 0 0
588 364 1 0
831 2627 1 0
8036 2541 0 0
2225 3142 1 1
974 690 1 1
741424 741424 1 1
24300000000000000 77000000000000000 0 0
9770000000000000000000 84500000000000000000000 0 0
723 411 1 0
2164 6843 1 0
8162 2580 0 0
2595 3663 1 1
3514 2489 1 1
288918 288918 1 1
24230000000000000000000000000000 76610000000000000000000000000000 1 0
3000000000000000 6180000000000000000 0 0
19 874 0 0
1932 6108 1 0
4924 1558 1 0
614 869 1 0
1785 1262 1 0
170107 170107 1 1
24190000000000000000000000000000000 76500000000000000000000000000000000 0 0
2250000000000000000 6520000000000000000 1 0
523 736 1 1
2795 8836 1 0
9501 3005 1 0
93 133 1 0
3846 2721 1 0
336210 336210 1 1
109300000000000000000000000000000000000000000000000000000000000000000000000000000000000000000000000000000000000000000000000000000000000000000000000000 345500000000000000000000000000000000000000000000000000000000000000000000000000000000000000000000000000000000000000000000000000000000000000000000000000 1 0
3950000000000000000000000000000000000000000000000000000000000000000000000000000000000000000000000000000000000000000000000000000000000000000000000000000000000000000000000000000000000000000000000000000000000000000000000000000000000000000000000000000000000000000000000 70700000000000000000000000000000000000000000000000000000000000000000000000000000000000000000000000000000000000000000000000000000000000000000000000000000000000000000000000000000000000000000000000000000000000000000000000000000000000000000000000000000000000000000000000 0 0
438 82 0 0
719 2271 1 0
5999 1898 1 0
447 632 1 0
3970 2809 1 0
387846 387846 1 1
234800000000000000000000 742700000000000000000000 0 0
96200000000000000000000000000000 269000000000000000000000000000000 1 0
376 318 1 1
3180 10057 0 0
11797 3732 1 0
517 728 1 1
3716 2631 1 1
592531 592531 1 1
1706000000000000000000000000000000000 5394000000000000000000000000000000000 1 0
6200000 5260000 1 1
652 278 1 0
1134 3584 1 0
2859 904 0 0
2127 3005 1 0
1589 1125 1 1
646863 646863 1 1
2318000000000000000 7329000000000000000 1 0
8990000000000000000000000000 9310000000000000000000000000 1 1
996 298 0 0
39 121 1 0
1241 390 0 0
3264 4610 1 1
2220 1569 1 0
193130 193130 1 1
3118000000000 9858000000000 1 0
90800000000000000000000000000 28300000000000000000000000000 0 0
550 229 1 0
1336 4226 0 0
9273 2934 1 0
2779 3926 1 0
2312 1637 1 1
138933 138933 1 1
376900000000000000000000000000000000000000000000000000000000000000000000000000000000000000000000000000000000000000000000000000000000000000000000000000000000000000000000000000000000000000000000000000000000000000000000000000000 1191700000000000000000000000000000000000000000000000000000000000000000000000000000000000000000000000000000000000000000000000000000000000000000000000000000000000000000000000000000000000000000000000000000000000000000000000000000 1 0
6420000000000000000000000000000000000000000000000000000000000000000000000000000000000000000000000000 87200000000000000000000000000000000000000000000000000000000000000000000000000000000000000000000000000 0 0
919 448 1 0
3475 10987 1 0
4836 1531 1 0
3722 5257 1 1
1736 1230 1 1
504549 504549 1 1
149000000000000 470000000000000 1 0
9700 50800 0 0
418 103 0 0
1143 3615 0 0
935 293 0 0
2309 3261 1 1
1278 904 1 0
355241 355241 1 1
92100000000000000000000000000 291200000000000000000000000000 1 0
4010000000 66200000000 0 0
287 684 1 0
1850 5849 1 0
5636 1782 0 0
2625 3709 1 0
2364 1672 1 0
221902 221902 1 1
34030000000000000000000000000000000000 107590000000000000000000000000000000000 1 0
2090000000000000000000000000000 735000000000000000000000000000000 0 0
188 21 0 0
3903 12344 0 0
7225 2284 0 0
1914 2704 1 0
1048 739 1 0
66110 66110 1 1
3120000 9867000 0 0
51900000000000000000000000000 461000000000000000000000000000 0 0
862 840 1 1
600 1897 1 0
613 195 1 0
3896 5504 1 0
965 683 1 0
771223 771223 1 1
420000000000000000000000000000000000000000000000000000000000000000000000000000000000000000000000000000000000000000000000000000000000000000000000000000000000000000000000000000000000000000000000000000000000000000000000000000000000000000000000000000000 1310000000000000000000000000000000000000000000000000000000000000000000000000000000000000000000000000000000000000000000000000000000000000000000000000000000000000000000000000000000000000000000000000000000000000000000000000000000000000000000000000000000 1 0
228000000000000000000000000000000000000000000000000000000000000000000000000000000000000000000000000000000000000000000000000000000000000000000000000000000000000000000000000000000000000000000000000000000000000000000000000000000000000000000000000000000 9860000000000000000000000000000000000000000000000000000000000000000000000000000000000000000000000000000000000000000000000000000000000000000000000000000000000000000000000000000000000000000000000000000000000000000000000000000000000000000000000000000000 0 0
758 883 1 1
138 438 0 0
6584 2080 0 0
1185 1672 1 1
2560 1812 1 0
621354 621354 1 1
11430000000000000000000000000 36120000000000000000000000000 1 0
203000 718000 0 0
363 963 1 0
968 3060 1 0
7929 2507 0 0
2312 3263 1 1
205 143 1 0
706593 706593 1 1
24590000000000000000 77740000000000000000 1 0
54100000000000000 45400000000000000 1 1
445 552 1 1
2708 8565 0 0
977 309 1 0
2808 3968 1 0
132 92 1 0
698329 698329 1 1
20660000000000000000 65330000000000000000 1 0
50800000000000000000000000000000 5640000000000000000000000000000000 0 0
35 343 0 0
367 1160 1 0
4016 1268 0 0
554 783 1 0
3596 2546 1 1
358762 358762 1 1
34860000000000000000 110250000000000000000 0 0
420000000000000000000000000000 847000000000000000000000000000 1 0
473 650 1 1
1590 5029 0 0
10792 3411 0 0
2247 3173 1 1
1155 819 1 1
430901 430901 1 1
5390000000000000000000000000000000000000000000000000000000000000000000000000000000000000000000000000000000000000000000000000000000000000000000000000000000000000000000000000000000000000000000000000000000000000000000000000000000000000000000000000000000000000000000 17050000000000000000000000000000000000000000000000000000000000000000000000000000000000000000000000000000000000000000000000000000000000000000000000000000000000000000000000000000000000000000000000000000000000000000000000000000000000000000000000000000000000000000000 0 0
142000000000000000000000000000000000000000000000000000000000000000000000000000000000000000000000000000000000000000000000000000000000000000000000000000000000000000000000000000000000000000000000000000000000000000000000000000 81900000000000000000000000000000000000000000000000000000000000000000000000000000000000000000000000000000000000000000000000000000000000000000000000000000000000000000000000000000000000000000000000000000000000000000000000000000 0 0
322 78 0 0
2866 9063 1 0
8327 2631 0 0
2004 2828 1 1
1512 1068 1 0
278053 278053 1 1
276800 875400 0 0
87000000000000 14100000000000000 0 0
812 415 1 0
333 1051 1 0
11775 3723 0 0
1347 1900 1 1
3190 2257 1 0
196743 196743 1 1
31950000000000000000000 101030000000000000000000 1 0
3180 768000 0 0
720 979 1 1
2245 7101 0 0
2409 761 0 0
1910 2696 1 1
1278 906 1 1
998760 998760 1 1
19000000000000 60000000000000 1 0
89300000000000 3700000000000 0 0
903 72 0 0
612 1934 1 0
3219 1019 1 0
558 789 1 0
2596 1837 1 0
683075 683075 1 1
19810000000000000000 62640000000000000000 1 0
2690000000000 82700000000000 0 0
61 754 0 0
3213 10161 0 0
1668 527 0 0
1921 2711 1 1
2660 1881 1 0
156945 156945 1 1
162100000000 512700000000 0 0
41000000000000000000000000000000000000000000000000000000 840000000000000000000000000000000000000000000000000000000 0 0
271 671 1 0
1082 3423 0 0
554 177 1 0
1918 2709 1 1
3471 2459 1 1
32176 32176 1 1
32160000000000000000000000000000000 101710000000000000000000000000000000 0 0
5960000000 12200000000 1 0
321 0 0 0
3766 11907 1 0
11699 3701 1 0
3693 5216 1 1
486 343 1 0
347195 347195 1 1
1531000000000000 4841000000000000 1 0
35600000 69400000 1 0
466 892 1 0
2230 7050 1 0
2773 877 1 0
2758 3894 1 1
2517 1780 1 0
26109 26109 1 1
2305000000000000000000000000000000000000 7289000000000000000000000000000000000000 1 0
3670000000000000000000 92600000000000000000000 0 0
461 805 1 0
1818 5748 1 0
7577 2396 0 0
3786 5347 1 1
1829 1292 1 0
54439 54439 1 1
275500000000000000000000000 871100000000000000000000000 1 0
7450000 5590000 1 1
301 314 1 1
2521 7973 0 0
2156 680 0 0
967 1363 1 1
1890 1337 1 0
814962 814962 1 1
553000000000000000000000000000000000000000000000000000000000000000000000000000000000000000000000000000000000000000000000000000000000000000000000000000000000000000000000000000000000000000000000 1748000000000000000000000000000000000000000000000000000000000000000000000000000000000000000000000000000000000000000000000000000000000000000000000000000000000000000000000000000000000000000000000 1 0
2460000000000000000000000000000000000000000000000000000000000000000000000000000000000000000000000000000000000000000000000000000000000000 5050000000000000000000000000000000000000000000000000000000000000000000000000000000000000000000000000000000000000000000000000000000000000 1 0
189 463 1 0
2659 8408 1 0
1176 369 0 0
1224 1727 1 1
477 338 1 1
134594 134594 1 1
2262000000000000000000000000000000000 7153000000000000000000000000000000000 1 0
455000000 445000000 1 1
421 401 1 1
3927 12416 1 0
11191 3537 0 0
3582 5058 1 1
3611 2556 1 0
749069 749069 1 1
177100000000000000000000000000000000 560200000000000000000000000000000000 0 0
162000000000000000000 42000000000000000000000 0 0
288 462 1 0
2681 8479 0 0
11759 3719 1 0
1301 1837 1 1
695 492 1 0
960268 960268 1 1
3722000000000000000000 11770000000000000000000 0 0
21600000 9330000000 0 0
985 898 1 1
848 2680 1 0
2281 719 0 0
3550 5012 1 1
22 16 1 1
866810 866810 1 1
3047000000000000000000000000000000000000 9636000000000000000000000000000000000000 0 0
66200000000000000000000000 8760000000000000000000000000 0 0
488 773 1 0
3338 10556 0 0
6748 2135 1 0
1739 2458 1 0
1159 818 1 0
692970 692970 1 1
530000000000000000000000000000000000000000000000000000000000000000000000000000000000000000000000000000000000000000000000000000000000000000000000000000000000000000000000000000000000000000000000000000000000000000000000000000000000000000000000000000000000000000000000000 1677000000000000000000000000000000000000000000000000000000000000000000000000000000000000000000000000000000000000000000000000000000000000000000000000000000000000000000000000000000000000000000000000000000000000000000000000000000000000000000000000000000000000000000000000 0 0
813000000000000000000000000000000000000000000000000000000000000000000000000000000000000 26700000000000000000000000000000000000000000000000000000000000000000000000000000000000000 0 0
7 618 0 0
3794 11999 0 0
8445 2669 0 0
3464 4894 1 0
1453 1026 1 0
659127 659127 1 1
39440000000000000000000000000000 124730000000000000000000000000000 0 0
1820000000000000 594000000000000000 0 0
381 264 1 0
1248 3948 0 0
8416 2660 0 0
981 1384 1 1
3217 2277 1 0
976664 976664 1 1
1089000000000000000000000000000000000000 3441000000000000000000000000000000000000 1 0
5910000000000000000 282000000000000000000 0 0
279 478 1 0
2750 8695 1 0
4595 1454 1 0
3594 5078 1 0
929 658 1 1
303513 303513 1 1
30980 97940 1 0
335000000000000000000000000 42000000000000000000000000000 0 0
733 249 1 0
246 778 0 0
10441 3302 1 0
682 961 1 1
3373 2387 1 0
192897 192897 1 1
31020000000000000000000 98080000000000000000000 1 0
43000000000000000 36900000000000000000 0 0
100 632 0 0
2731 8637 0 0
6102 1929 0 0
3362 4747 1 1
1040 734 1 0
249008 249008 1 1
54400000000000000 171900000000000000 1 0
28600000000000000000000000000000000000000000000000000000000000000000000000000000000000000000000000000000000000000000000000000000000000000000000000000000000000000000000000000000000000000000000000000000000000000000000000000000000000000000000000000000000000000000000000000 440000000000000000000000000000000000000000000000000000000000000000000000000000000000000000000000000000000000000000000000000000000000000000000000000000000000000000000000000000000000000000000000000000000000000000000000000000000000000000000000000000000000000000000000000000 0 0
458 879 1 0
498 1573 1 0
2113 668 0 0
2866 4046 1 1
3408 2413 1 1
702068 702068 1 1
34750000000000000000000000000000000000 109880000000000000000000000000000000000 1 0
5860000000000000000000000000 40100000000000000000000000000 0 0
600 121 0 0
2838 8976 0 0
9984 3157 0 0
1282 1808 1 1
3749 2656 1 1
432027 432027 1 1
341200000000000000 1078900000000000000 1 0
503000000 9830000000 0 0
811 811 1 1
2559 8091 1 0
11996 3794 1 0
2640 3730 1 0
3901 2761 1 0
587788 587788 1 1
871000000000000 2756000000000000 0 0
8110000000000000000000000000 990000000000000000000000000000 0 0
795 348 1 0
464 1469 0 0
9639 3050 1 0
2331 3294 1 0
1558 1102 1 0
877746 877746 1 1
2580 8130 1 0
47200000000000000000000000 677000000000000000000000000 0 0
104 890 0 0
2164 6843 1 0
9843 3110 0 0
1997 2822 1 0
2580 1824 1 0
528427 528427 1 1
17450000000000000000000000000000000000000000000000000000000000000000000000000000000000000000000000000000000000000000000000000000000000000000000000000000000000000000000000000000000000000000000000000000000000000000000000000000000000000000000000000000000000000000000000000000000000 55180000000000000000000000000000000000000000000000000000000000000000000000000000000000000000000000000000000000000000000000000000000000000000000000000000000000000000000000000000000000000000000000000000000000000000000000000000000000000000000000000000000000000000000000000000000000 1 0
1900000000000000000000000000000000000000000000000000000000000000000000000000000000000000000000000000000000000000000000000000000000000000000000000000000000000000000000000000000000000 642000000000000000000000000000000000000000000000000000000000000000000000000000000000000000000000000000000000000000000000000000000000000000000000000000000000000000000000000000000000000 0 0
900 165 0 0
2545 8047 1 0
5585 1767 1 0
78 108 1 1
1141 808 1 1
553117 553117 1 1
3730000000000000000 11770000000000000000 1 0
9400000000000000000000 8400000000000000000000000 0 0
640 430 1 0
1303 4121 0 0
11222 3549 1 0
1063 1499 1 1
3339 2361 1 0
514913 514913 1 1
48100000000000000000000 152300000000000000000000 0 0
243 286 1 1
397 96 0 0
3475 10986 1 0
11965 3784 1 0
152 213 1 1
1212 858 1 0
368080 368080 1 1
2675000000 8458000000 1 0
5850000000000000000 71300000000000000000 0 0
63 962 0 0
1092 3455 0 0
5104 1616 1 0
1223 1728 1 0
1314 930 1 0
969150 969150 1 1
728000000000000000 2302000000000000000 1 0
6210000000000000000000000 102000000000000000000000000 0 0
4 855 0 0
137 431 1 0
11879 3758 1 0
656 928 1 0
1544 1091 1 0
801443 801443 1 1
13040000000000000000000000000000000000000000000000000000000000000000000000000000000000000000000000000000000000000000000000 41210000000000000000000000000000000000000000000000000000000000000000000000000000000000000000000000000000000000000000000000 1 0
3030000000000000000000000000000000000000000000000000000000000000000000000000000000000000000000000000000000000000000000000000000000000000000000000000000000000000000000000000000000000000000000000000000000000000000000000000000000000000000000000000000000000000000000000000000000000000000 36500000000000000000000000000000000000000000000000000000000000000000000000000000000000000000000000000000000000000000000000000000000000000000000000000000000000000000000000000000000000000000000000000000000000000000000000000000000000000000000000000000000000000000000000000000000000000000 0 0
713 712 1 1
2242 7091 0 0
10085 3190 1 0
3162 4464 1 1
42 29 1 0
455352 455352 1 1
5060000000000000000000000000000000 16010000000000000000000000000000000 0 0
71800000000000000000000000000 54400000000000000000000000000 1 1
506 880 1 0
3873 12246 1 0
5462 1729 1 0
2011 2838 1 1
2696 1908 1 0
250131 250131 1 1
328900000000000000000000000000000000 1040200000000000000000000000000000000 0 0
58000000000 506000000000 0 0
182 13 0 0
1229 3887 0 0
8474 2681 1 0
2953 4173 1 0
573 406 1 1
462977 462977 1 1
276100000000000000000000 873200000000000000000000 0 0
2820000000000000000000 54000000000000000000000 0 0
348 838 1 0
2088 6600 1 0
235 75 1 0
587 828 1 1
2946 2084 1 0
789482 789482 1 1
38430000000000000000000000000000 121510000000000000000000000000000 1 0
330000000000000000 4070000000000000000 0 0
718 16 0 0
208 658 0 0
2297 728 1 0
2142 3026 1 0
1006 713 1 1
919233 919233 1 1
30130000000000000000000000000000000000000000000000000000000000000000000000000000000000000000000000000000000000000000000000000000000000000000000000000000000000000000000000000000000000000000000000000000000000000000000000000000 95290000000000000000000000000000000000000000000000000000000000000000000000000000000000000000000000000000000000000000000000000000000000000000000000000000000000000000000000000000000000000000000000000000000000000000000000000000 0 0
4030000000000000000000000000000000000000000000000000000000000000000000000000000000 1510000000000000000000000000000000000000000000000000000000000000000000000000000000 1 0
242 641 1 0
2161 6831 1 0
1940 614 1 0
679 958 1 1
1064 752 1 0
819335 819335 1 1
45000000000000000000000000000000000 143000000000000000000000000000000000 0 0
92000000 281000000 1 0
698 414 1 0
2142 6774 0 0
3110 985 1 0
3590 5072 1 0
648 459 1 1
587116 587116 1 1
1902 6013 1 0
31400000000000000000 76000000000000000000 1 0
192 65 1 0
3011 9519 1 0
768 242 0 0
1704 2406 1 1
2153 1523 1 0
802951 802951 1 1
389500000000000000000000000000 1231800000000000000000000000000 0 0
655000000000000000000000000 58800000000000000000000000000 0 0
8 355 0 0
3568 11284 0 0
11146 3525 1 0
345 486 1 1
72 48 1 0
8896 8896 1 1
9050 28600 1 0
4080000000000 7360000000000 1 0
289 375 1 1
3716 11751 1 0
5925 1873 0 0
3306 4668 1 1
2637 1868 1 1
849817 849817 1 1
170400000000000000000000000000000000000000000000000000000000000000000000000000000000000000000000000000000000000000000000000000000000000000000000000000000000000000000000000000000000000000000000000000000000000000000000000000000000000 538600000000000000000000000000000000000000000000000000000000000000000000000000000000000000000000000000000000000000000000000000000000000000000000000000000000000000000000000000000000000000000000000000000000000000000000000000000000000 1 0
1380000000000000000000000000000000000000000000000000000000000000000000000000000000000000000000000000000000000000000000000000000000000000000000000000000000000000000000000 300000000000000000000000000000000000000000000000000000000000000000000000000000000000000000000000000000000000000000000000000000000000000000000000000000000000000000000000000 0 0
247 559 1 0
195 614 1 0
11982 3790 1 0
1349 1906 1 0
1186 839 1 0
578031 578031 1 1
305400000000 965700000000 1 0
56000000000000 63000000000000000 0 0
473 133 0 0
1936 6122 1 0
3600 1140 1 0
2296 3245 1 0
2954 2093 1 1
701875 701875 1 1
3063000000000 9688000000000 0 0
20000 4790000 0 0
342 368 1 1
3140 9927 1 0
3822 1209 1 0
34 47 1 1
516 365 1 0
421085 421085 1 1
39840000000000 125980000000000 1 0
345000000000 136000000000 1 0
957 412 1 0
2290 7241 1 0
10648 3366 0 0
1887 2667 1 0
2316 1637 1 0
346792 346792 1 1
55800000000000000000000000000000000 176500000000000000000000000000000000 0 0
810000000000000000 5440000000000000000 0 0
822 252 0 0
3509 11097 0 0
4189 1325 1 0
1763 2492 1 0
3012 2133 1 1
308944 308944 1 1
3639000000000000000000000000000000000000000000000000000000000000000000000000000000000000000000000000000000000000000000000000000000000000000000000000000000000000000000000000000000000000000000000000000000000 11507000000000000000000000000000000000000000000000000000000000000000000000000000000000000000000000000000000000000000000000000000000000000000000000000000000000000000000000000000000000000000000000000000000000 1 0
4140000000000000000000000000000000000000000000000000000000000000000000000000000000000000000000000000000000000000000000000000000000000000000000000000000000000000000000000000000000000000000000000000000000000000000000000000000000000000000000000000000 735000000000000000000000000000000000000000000000000000000000000000000000000000000000000000000000000000000000000000000000000000000000000000000000000000000000000000000000000000000000000000000000000000000000000000000000000000000000000000000000000000000 0 0
340 512 1 0
3514 11112 1 0
8088 2557 0 0
1602 2261 1 1
914 647 1 0
939816 939816 1 1
829000000000000000000000000000000000 2620000000000000000000000000000000000 1 0
5900000000000000 82100000000000000 0 0
117 171 1 0
1691 5348 0 0
5727 1813 1 0
687 971 1 0
2664 1887 1 1
22716 22716 1 1
33440000000000000 105740000000000000 1 0
44100000000000000000 19600000000000000000 1 0
681 569 1 1
2244 7095 1 0
7398 2339 0 0
3639 5140 1 1
2236 1581 1 0
914588 914588 1 1
2562 8100 1 0
26400000000000000000000000 67000000000000000000000000 1 0
273 491 1 0
244 773 0 0
3866 1223 1 0
3518 4967 1 1
1632 1155 1 0
493752 493752 1 1
39190000000000000000000000 123940000000000000000000000 0 0
76000000000000000000000000 74400000000000000000000000000 0 0
628 892 1 0
2807 8877 0 0
8761 2768 0 0
2371 3350 1 0
2415 1707 1 0
432498 432498 1 1
3109000000000000000000000000000000000000000000000000000000000000 9830000000000000000000000000000000000000000000000000000000000000 1 0
1500000000000000000000000000000000000000000000000000000000000000000000000000000000000000000000000000000000000000000000000000000000000000000000000000000000000000000 7290000000000000000000000000000000000000000000000000000000000000000000000000000000000000000000000000000000000000000000000000000000000000000000000000000000000000000000 0 0
903 946 1 1
806 2548 1 0
82 27 1 0
1782 2515 1 1
146 101 1 0
722772 722772 1 1
2626000000000000000000 8302000000000000000000 1 0
44800000000000000 570000000000000000 0 0
581 849 1 0
461 1459 0 0
6915 2184 0 0
1212 1712 1 0
368 262 1 1
84798 84798 1 1
1720000 5410000 1 0
8300000000000000000000 83000000000000000000000 0 0
609 762 1 1
3327 10518 1 0
1151 364 1 0
3220 4549 1 0
1694 1200 1 1
951952 951952 1 1
1345000000000000000 4253000000000000000 1 0
7850000000000000 228000000000000000 0 0
101 981 0 0
1856 5869 1 0
547 171 0 0
596 842 1 0
1036 733 1 0
556299 556299 1 1
955000000000000000000000000000 3017000000000000000000000000000 1 0
3370000000000000 44600000000000000 0 0
930 205 0 0
3884 12284 0 0
1722 543 0 0
2163 3056 1 0
1939 1371 1 0
876865 876865 1 1
2120000000000000000000000000000000000000000000000000000000000000000000000000000000000000000000000000000000000000000000000000000000000000000000000000000000000000000 6704000000000000000000000000000000000000000000000000000000000000000000000000000000000000000000000000000000000000000000000000000000000000000000000000000000000000000 1 0
960000000000000000000000000000000000000000000000000000000000000000000000000000000000000000000000 555000000000000000000000000000000000000000000000000000000000000000000000000000000000000000000000000 0 0
3 528 0 0
889 2810 1 0
1768 558 0 0
1819 2567 1 1
1723 1218 1 0
21579 21579 1 1
13910000000000000000000000000 43970000000000000000000000000 1 0
2890000 1570000 1 0
434 217 1 0
3363 10635 0 0
6586 2084 1 0
3922 5541 1 0
347 243 1 0
400144 400144 1 1
1067000000 3376000000 0 0
64600000000000000000000000000 4900000000000000000000000000 0 0
928 40 0 0
3908 12360 0 0
11878 3755 0 0
3316 4685 1 0
3505 2483 1 1
22059 22059 1 1
15450000000000000000000 48840000000000000000000 1 0
88300000000000000000000000000 71200000000000000000000000000 1 1
705 191 0 0
2401 7593 0 0
10018 3166 0 0
2607 3684 1 0
1043 738 1 0
568865 568865 1 1
15330000000000000000000000000 48450000000000000000000000000 1 0
275000000000000 74400000000000000 0 0
644 916 1 0
3113 9844 1 0
1350 428 1 0
1668 2358 1 0
3274 2315 1 0
281228 281228 1 1
318500000000000000000000000000000000000000000000000000000000000000000000000000000000 1007300000000000000000000000000000000000000000000000000000000000000000000000000000000 0 0
2440000000000000000000000 2020000000000000000000000 1 1
94 928 0 0
1913 6048 1 0
6025 1904 0 0
210 295 1 1
1029 730 1 1
544926 544926 1 1
15460000000000000000000 48870000000000000000000 1 0
15500000000000000000000000000000 407000000000000000000000000000000 0 0
251 901 0 0
515 1630 0 0
11263 3562 1 0
2059 2907 1 1
3648 2584 1 1
139297 139297 1 1
35260000 111510000 0 0
1060000000000000000 87000000000000000000 0 0
140 722 0 0
3645 11527 0 0
6802 2152 1 0
457 647 1 0
2153 1523 1 0
213156 213156 1 1
14130000000000000 44680000000000000 1 0
31800000000 6300000000000 0 0
20 325 0 0
1669 5278 0 0
7792 2464 0 0
1624 2292 1 1
2434 1721 1 0
759596 759596 1 1
170800000000000000000000000000000000 540000000000000000000000000000000000 1 0
9420000 2020000 0 0
570 337 1 0
1494 4726 0 0
4283 1352 0 0
132 187 1 0
2814 1991 1 0
206555 206555 1 1
25080000000000000000000000000000000000000000000000000000000000000000000000000000000000000000000000000000000000000000000000000000000000000000000000000000000000000000000000000000000000000000000000000000000000000000 79310000000000000000000000000000000000000000000000000000000000000000000000000000000000000000000000000000000000000000000000000000000000000000000000000000000000000000000000000000000000000000000000000000000000000000 0 0
1150000000000000000000000000000000000000000000000000000000000000000000000000000000000000000000000000000000000000000000000000000000000000000000000000000000000000000000000000000000000000000000000000000000000000000000000000000000000 2410000000000000000000000000000000000000000000000000000000000000000000000000000000000000000000000000000000000000000000000000000000000000000000000000000000000000000000000000000000000000000000000000000000000000000000000000000000000 1 0
149 568 0 0
1436 4540 1 0
2212 699 0 0
1327 1876 1 0
242 173 1 1
616040 616040 1 1
33310 105340 0 0
9230000000000000000000000000 97100000000000000000000000000 0 0
920 553 1 0
145 457 1 0
3487 1101 0 0
3318 4686 1 1
2300 1630 1 1
502245 502245 1 1
1019000000000000000000000000000000 3224000000000000000000000000000000 0 0
17000000000 302000000000 0 0
937 256 0 0
1334 4218 1 0
3596 1136 0 0
1255 1774 1 0
3264 2310 1 0
7502 7502 1 1
57100000000000000000000000000000 180400000000000000000000000000000 1 0
91000000000000000000000 9140000000000000000000000 0 0
792 38 0 0
3683 11646 1 0
9737 3078 0 0
2167 3059 1 1
3442 2434 1 0
391551 391551 1 1
1786 5648 0 0
657000000000000000000000 89400000000000000000000000 0 0
26 687 0 0
749 2366 1 0
7188 2273 0 0
527 744 1 1
2549 1805 1 1
506240 506240 1 1
3897000000000000000000000000000000000000000000000000000000000000000000000000000000000000000000000000000000000000 12325000000000000000000000000000000000000000000000000000000000000000000000000000000000000000000000000000000000000 0 0
78200000000000000000000000000000000000000000000000000000000000000000000000000000000000000000000000000000000000000000000000000000000000000000000000000000000000000000000000000000000000000000000000 269000000000000000000000000000000000000000000000000000000000000000000000000000000000000000000000000000000000000000000000000000000000000000000000000000000000000000000000000000000000000000000000000 0 0
408 112 0 0
3230 10214 1 0
7966 2521 1 0
1068 1506 1 1
2752 1949 1 1
964797 964797 1 1
18190000000000000000000000000 57530000000000000000000000000 0 0
71100000000 75400000000 1 1
183 236 1 1
3800 12018 0 0
10303 3259 1 0
2972 4196 1 1
949 670 1 0
528416 528416 1 1
874000000000 2764000000000 0 0
4980000000 8770000000 1 0
837 287 1 0
3766 11909 1 0
7995 2527 0 0
2360 3334 1 0
189 133 1 0
248940 248940 1 1
26340000000000000000000000000 83280000000000000000000000000 1 0
12300000000000000 4110000000000000000 0 0
577 858 1 0
3392 10728 0 0
8773 2772 0 0
2451 3460 1 1
3214 2274 1 0
445311 445311 1 1
17200000000000000 54410000000000000 0 0
9430000000000000000000000 73700000000000000000000000 0 0
418 209 1 0
3817 12069 1 0
8905 2814 0 0
3045 4300 1 1
3383 2394 1 0
107676 107676 1 1
18140000000000000000000000000000000000000000000000000000000000000000000000000000000000000000000000000000000000000000000000000000000000000000000000000000000000000000000000000000000000000000000000000000000000000000000000000000000000000 57370000000000000000000000000000000000000000000000000000000000000000000000000000000000000000000000000000000000000000000000000000000000000000000000000000000000000000000000000000000000000000000000000000000000000000000000000000000000000 0 0
9120000000000000000000000000000000000000000000000000000000000000000000000000000000000000000000000000 735000000000000000000000000000000000000000000000000000000000000000000000000000000000000000000000000000 0 0
572 231 1 0
3859 12205 0 0
8283 2619 0 0
1663 2349 1 1
518 365 1 0
519607 519607 1 1
41700000000000000000000000 131600000000000000000000000 1 0
358000000000000000 86400000000000000000 0 0
259 857 0 0
419 1323 1 0
11390 3599 0 0
2879 4067 1 0
2627 1860 1 1
670407 670407 1 1
202500000000000000000 640300000000000000000 1 0
800000000000000000000000000 1310000000000000000000000000 1 0
71 436 0 0
3621 11452 0 0
6962 2199 0 0
3972 5609 1 1
2835 2008 1 1
221674 221674 1 1
788000 2489000 1 0
29400000 398000000 0 0
192 448 1 0
2483 7852 0 0
631 201 1 0
680 962 1 0
520 367 1 0
469472 469472 1 1
26820000000000000000000000 84810000000000000000000000 1 0
8900000000000000000000000 497000000000000000000000000 0 0
714 594 1 1
2286 7226 1 0
2222 704 1 0
2685 3791 1 1
3497 2476 1 1
471839 471839 1 1
376200000000000000000000000000000000000000000000000000000000000000000000000000000000000000000000000000000000000000000000000000000000000000000000000000000000000000000000000000000000000000000000000 1189400000000000000000000000000000000000000000000000000000000000000000000000000000000000000000000000000000000000000000000000000000000000000000000000000000000000000000000000000000000000000000000000 1 0
96000000000000000000000000000000000000000000000000000000000000000000000000000000000000000000000000000000000000000000000000000000000000000000000000000000000000000000000000000000000000000000000000000000000000000000000000000000000000000000000000000000000000000000 35700000000000000000000000000000000000000000000000000000000000000000000000000000000000000000000000000000000000000000000000000000000000000000000000000000000000000000000000000000000000000000000000000000000000000000000000000000000000000000000000000000000000000000000 0 0
782 817 1 1
981 3101 1 0
3754 1189 1 0
3859 5452 1 0
2706 1913 1 0
288841 288841 1 1
39160000000000000000000000 123830000000000000000000000 1 0
945000000000000000000000000 30900000000000000000000000000 0 0
193 628 0 0
811 2563 1 0
5224 1651 0 0
2518 3557 1 0
583 413 1 1
794378 794378 1 1
11070000000000000000000000000000000 35010000000000000000000000000000000 0 0
6900 88600 0 0
875 816 1 1
1069 3380 1 0
8483 2682 0 0
2857 4035 1 1
3461 2448 1 0
220518 220518 1 1
2694000000000000000000000000000000000 8520000000000000000000000000000000000 0 0
949000000000000000000 7400000000000000000000 0 0
359 447 1 1
2793 8830 1 0
10959 3464 0 0
1231 1739 1 0
2979 2109 1 1
147828 147828 1 1
202800000000000000000000000000 641100000000000000000000000000 1 0
75100000000000000000000 7900000000000000000000 0 0
343 335 1 1
1985 6278 0 0
6104 1931 1 0
3404 4810 1 0
798 563 1 0
222938 222938 1 1
31960000000000000000000000000000000000000000000000000000000000000000000000000000000000000000000000000000000000000000000000000000000000000000000000000000000000000000000000000000000000000000000000000000000000000000000000000000000000 101040000000000000000000000000000000000000000000000000000000000000000000000000000000000000000000000000000000000000000000000000000000000000000000000000000000000000000000000000000000000000000000000000000000000000000000000000000000000 1 0
875000000000000000000000000000000000000000000000000000000000000000000000000000000000000000000000000000000000000000000000000000000000000000000000000000000000000000000000000000000000000000000000000000000000000000000000000000000000000000000000000000000000000000000000000000000000000000000000 970000000000000000000000000000000000000000000000000000000000000000000000000000000000000000000000000000000000000000000000000000000000000000000000000000000000000000000000000000000000000000000000000000000000000000000000000000000000000000000000000000000000000000000000000000000000000000000000 1 1
89 305 0 0
3727 11785 1 0
52 18 1 0
3334 4708 1 1
2718 1924 1 0
509125 509125 1 1
3388000 10715000 0 0
8120000000 21200000000 1 0
458 357 1 1
883 2793 0 0
11930 3774 1 0
3161 4465 1 1
2469 1745 1 0
327589 327589 1 1
240000 757000 1 0
446000000000000000 80100000000000000000 0 0
655 890 1 1
335 1059 1 0
11853 3749 1 0
1278 1805 1 1
3715 2628 1 0
410104 410104 1 1
3360000000 10626000000 0 0
340000000000000000 901000000000000000 1 0
657 595 1 1
1283 4055 1 0
489 152 0 0
2717 3836 1 1
1022 722 1 0
756582 756582 1 1
676000000000000000000000000 2138000000000000000000000000 0 0
2850000000000000000000 20900000000000000000000 0 0
347 951 1 0
2712 8578 0 0
818 259 1 0
714 1008 1 1
1432 1013 1 0
800495 800495 1 1
14760000000000000000000000000000000000000000000000000000000000000000000000000000000000000000000000000000000000000000000000000000000000000000000000000000000000000000000000000000000000000000000000000000000000000000000000000000000000000000000000000000000000000000 46650000000000000000000000000000000000000000000000000000000000000000000000000000000000000000000000000000000000000000000000000000000000000000000000000000000000000000000000000000000000000000000000000000000000000000000000000000000000000000000000000000000000000000 1 0
5720000000000000000000000000000000 615000000000000000000000000000000000 0 0
653 40 0 0
3321 10501 1 0
10830 3422 0 0
3009 4249 1 1
3233 2287 1 0
245761 245761 1 1
2878000000000000000000000000000 9100000000000000000000000000000 1 0
49600000000000000000000000000000 470000000000000000000000000000000 0 0
888 863 1 1
334 1058 0 0
7519 2375 0 0
2024 2860 1 0
1992 1410 1 0
255465 255465 1 1
538000000000000000000000000000000000000 1702000000000000000000000000000000000000 0 0
63200000 134000000 1 0
69 699 0 0
1931 6104 1 0
9817 3103 0 0
3932 5556 1 0
2511 1776 1 0
469807 469807 1 1
25900000000000000000000 81800000000000000000000 1 0
8280000000000000000000000000 7480000000000000000000000000 1 1
833 140 0 0
3017 9542 0 0
6619 2095 1 0
2317 3272 1 1
3966 2809 1 1
680547 680547 1 1
265200000000000000000000000000000000000 838500000000000000000000000000000000000 1 0
2800 3850 1 1
67 142 1 0
3307 10455 1 0
6528 2062 0 0
1488 2100 1 1
2197 1553 1 0
970211 970211 1 1
125600000000000000000000000000000000000000000000000000000000000000000000000000000000000000000 397000000000000000000000000000000000000000000000000000000000000000000000000000000000000000000 1 0
32000000000000000000000000000000000000000000000000000000000000000000000000000000000000000000000000000000000000000000000000000000000000000000000000000000000000000000000000000000000000000 1500000000000000000000000000000000000000000000000000000000000000000000000000000000000000000000000000000000000000000000000000000000000000000000000000000000000000000000000000000000000000000 0 0
84 338 0 0
143 454 0 0
202 62 0 0
2857 4033 1 1
213 148 1 0
673429 673429 1 1
742000000000000000000000000000000000000 2345000000000000000000000000000000000000 1 0
4100000000000000000000 46600000000000000000000 0 0
78 425 0 0
1081 3420 0 0
7402 2341 1 0
1954 2758 1 1
938 664 1 0
881448 881448 1 1
243000000000000000000000000000 770000000000000000000000000000 0 0
745000000000000 160000000000000 0 0
341 554 1 0
635 2006 1 0
51 16 0 0
3805 5373 1 1
2208 1561 1 0
9497 9497 1 1
150400000000000000000000000000000000000000 475800000000000000000000000000000000000000 0 0
5770000000000000 59300000000000000 0 0
910 241 0 0
3482 11010 1 0
2672 845 1 0
125 178 1 0
59 41 1 0
712141 712141 1 1
1807000 5712000 1 0
14100000000000000000000 485000000000000000000000 0 0
372 472 1 1
3846 12164 0 0
1339 424 1 0
2977 4205 1 1
185 129 1 0
366259 366259 1 1
3874000000000000000000000000000000000000000000000000000000000000000000000000000000000000000000000000000000000000000000000000000000000000000000000000000000000000000000000000000000000000000000000000000000000000000000000000000000000000000000000000000000000000000000000000 12248000000000000000000000000000000000000000000000000000000000000000000000000000000000000000000000000000000000000000000000000000000000000000000000000000000000000000000000000000000000000000000000000000000000000000000000000000000000000000000000000000000000000000000000000 1 0
8130000000000000000000000000000000000000000000000000000000000000000000000000000000000000000000000000000000000000000000000000000000000000000000000000000000000000000000000000000000000000000000000000000000000000000000000000000000000000000000000000000000000 960000000000000000000000000000000000000000000000000000000000000000000000000000000000000000000000000000000000000000000000000000000000000000000000000000000000000000000000000000000000000000000000000000000000000000000000000000000000000000000000000000000000000 0 0
694 199 0 0
2321 7339 1 0
2611 827 1 0
1941 2740 1 1
3530 2501 1 1
885000 885000 1 1
5730000000000000000000 18120000000000000000000 0 0
996000000000000000000 38400000000000000000000 0 0
320 732 1 0
783 2475 1 0
7190 2273 0 0
778 1096 1 1
757 533 1 0
571964 571964 1 1
144300000000000 456300000000000 1 0
38000000000000000 78400000000000000 1 0
231 153 1 0
3579 11317 1 0
7528 2380 0 0
1359 1921 1 0
3595 2547 1 1
820401 820401 1 1
330500000000000000000000000000000000000000 1045300000000000000000000000000000000000000 0 0
94700000000000 617000000000000 0 0
286 309 1 1
2830 8949 1 0
6633 2099 1 0
2742 3871 1 1
2562 1812 1 0
578358 578358 1 1
3627000000000000000000000000 11471000000000000000000000000 0 0
413000000000 77400000000000 0 0
552 388 1 0
2386 7547 0 0
9168 2897 0 0
878 1238 1 1
1701 1206 1 1
785252 785252 1 1
2660 8411 1 0
6420000000000000000000000000000000000000000000000000000000000000000000000000000000000000000000000000000000000000000000000000000000000000000000000000000000000000000000000000000000000000000000000000000000000000000000000000000000 231000000000000000000000000000000000000000000000000000000000000000000000000000000000000000000000000000000000000000000000000000000000000000000000000000000000000000000000000000000000000000000000000000000000000000000000000000000000 0 0
21 403 0 0
3846 12164 0 0
3877 1226 0 0
852 1203 1 1
1721 1217 1 0
603902 603902 1 1
2433000000000000 7694000000000000 0 0
291000000000000000000000000000 9470000000000000000000000000000 0 0
522 19 0 0
3988 12612 0 0
7438 2353 1 0
354 501 1 0
761 540 1 1
180744 180744 1 1
1546000000000000000000000000000000000000000 4888000000000000000000000000000000000000000 1 0
76700000 1620000000 0 0
527 935 1 0
925 2927 0 0
3757 1190 1 0
2462 3475 1 1
167 116 1 0
811494 811494 1 1
311600000000000000000000000000 985300000000000000000000000000 1 0
85300000 491000000 0 0
291 3 0 0
2058 6505 1 0
1995 630 0 0
2653 3745 1 1
2892 2047 1 0
157437 157437 1 1
50200000000000000000000000000000000000 158900000000000000000000000000000000000 0 0
37500000000000000000000000000 671000000000000000000000000000 0 0
93 171 1 0
760 2402 1 0
6392 2019 0 0
1065 1503 1 1
937 663 1 0
556656 556656 1 1
1608000000000000000000000000000000000000000000000000000000000000000000000000000000000000000000000000000000000000000000000000000000000000000000000000000000000000000000000000000000000000000000000000000000000000000000000000000000000000000000000 5085000000000000000000000000000000000000000000000000000000000000000000000000000000000000000000000000000000000000000000000000000000000000000000000000000000000000000000000000000000000000000000000000000000000000000000000000000000000000000000000 0 0
109000000000000000000000000000000000000000000000000000000000000000000000000000000000000000000000000000000000000000000000000000000000000000000000000000000000000000000000000000000000000000000000000000000000000000000000000000000000000000000000000000000 190000000000000000000000000000000000000000000000000000000000000000000000000000000000000000000000000000000000000000000000000000000000000000000000000000000000000000000000000000000000000000000000000000000000000000000000000000000000000000000000000000000 1 0
128 932 0 0
888 2810 0 0
3439 1085 0 0
2667 3769 1 0
275 195 1 1
84839 84839 1 1
6000000000000000000000000000000000000000 18960000000000000000000000000000000000000 1 0
2100000 3910000 1 0
655 81 0 0
762 2411 0 0
5896 1863 0 0
900 1273 1 0
3196 2263 1 1
736115 736115 1 1
222000000000 701800000000 1 0
197000000000000000 7610000000000000000 0 0
342 272 1 1
526 1662 1 0
4719 1493 1 0
304 428 1 1
1544 1092 1 0
90848 90848 1 1
26120000000000000000000000000 82610000000000000000000000000 0 0
9400000000 863000000000 0 0
605 27 0 0
1544 4884 0 0
937 294 0 0
3025 4271 1 1
2273 1608 1 0
26010 26010 1 1
30480000000 96390000000 0 0
96500000000 4560000000000 0 0
113 416 0 0
1085 3432 0 0
2927 923 0 0
1252 1769 1 0
2972 2104 1 0
69971 69971 1 1
12400000000000000000000000000000000000000000000000000000000000000000000000000000000000000000000000000000000000000000000000000000000000000000000 39200000000000000000000000000000000000000000000000000000000000000000000000000000000000000000000000000000000000000000000000000000000000000000000 1 0
88600000000000000000000000000 12100000000000000000000000000 0 0
802 294 1 0
2481 7844 1 0
5175 1636 0 0
3308 4674 1 0
725 512 1 0
153103 153103 1 1
3440000000000000000000000000000000000000 10850000000000000000000000000000000000000 1 0
9560000000000000000000000000000 19400000000000000000000000000000 1 0
276 59 0 0
2096 6629 0 0
1269 402 1 0
2331 3294 1 0
567 403 1 1
51187 51187 1 1
1735000000000000000 5486000000000000000 1 0
3710000 4060000 1 1
170 170 1 1
3257 10298 1 0
4674 1476 0 0
3504 4947 1 1
445 314 1 0
467914 467914 1 1
3460000000000000000000000000000000 10943000000000000000000000000000000 0 0
9060000000 6640000000 1 1
433 828 1 0
3756 11878 0 0
7349 2322 0 0
843 1190 1 1
143 101 1 0
758171 758171 1 1
35450000000000000000000000000000 112100000000000000000000000000000 1 0
43000 80000 1 0
315 123 1 0
1420 4491 0 0
4797 1514 0 0
349 494 1 0
2819 1996 1 1
614527 614527 1 1
39930000000000000000000000000000000000000000000000000000000000000000000000000000000000000000000000000000000000 126270000000000000000000000000000000000000000000000000000000000000000000000000000000000000000000000000000000000 0 0
680000000000000000000000000000000000000000000000000000000000000000000000000000000000000000000000000000000000000000000000000000000000000000000000000000000000000000000000000000000000000000000000000000000000000000000000000000000000000000000000 81000000000000000000000000000000000000000000000000000000000000000000000000000000000000000000000000000000000000000000000000000000000000000000000000000000000000000000000000000000000000000000000000000000000000000000000000000000000000000000000000 0 0
44 260 0 0
1074 3395 1 0
6126 1939 1 0
1754 2479 1 0
2927 2073 1 1
638353 638353 1 1
938000000000000000000000000 2967000000000000000000000000 0 0
99600000000 113000000000 1 1
443 542 1 1
1258 3976 1 0
556 175 0 0
174 245 1 1
370 260 1 0
427890 427890 1 1
188200000000000000000 595300000000000000000 0 0
1380000000000000000000 56300000000000000000000 0 0
344 835 1 0
2048 6476 1 0
10907 3448 0 0
1868 2638 1 1
3641 2579 1 1
144556 144556 1 1
680000000000000000000000000000 2160000000000000000000000000000 0 0
80400000000000000000000000000 22600000000000000000000000000 0 0
262 341 1 1
2695 8521 1 0
10741 3396 0 0
228 321 1 1
1171 829 1 0
348212 348212 1 1
383400000000000 1212400000000000 1 0
62600 9810000 0 0
836 916 1 1
2048 6476 1 0
2360 745 0 0
3706 5233 1 1
693 491 1 1
970142 970142 1 1
31910000000000000000000000000000000000000000000000 100910000000000000000000000000000000000000000000000 0 0
85400000000000000000000000000000000000000000000000000000000000000000000000000000000000000000000000000000000000000000000000000000000000000000000000000000000000000000000000000000000000000000000000000000000000000000000000000000000 8580000000000000000000000000000000000000000000000000000000000000000000000000000000000000000000000000000000000000000000000000000000000000000000000000000000000000000000000000000000000000000000000000000000000000000000000000000000000 0 0
539 122 0 0
355 1124 0 0
7804 2467 0 0
2110 2982 1 0
530 376 1 1
897658 897658 1 1
20380000000000000000000000 64420000000000000000000000 1 0
161000000000000 3950000000000000 0 0
663 888 1 1
2611 8256 1 0
9723 3076 1 0
1478 2088 1 0
1465 1035 1 0
145510 145510 1 1
32740000000000000 103510000000000000 1 0
4900000000000000000000000000 8190000000000000000000000000000 0 0
45 506 0 0
2376 7515 0 0
1434 455 1 0
56 79 1 1
1961 1386 1 0
862818 862818 1 1
602000000000000000000000000000000000000000 1904000000000000000000000000000000000000000 0 0
790000000000000000 7940000000000000000 0 0
832 105 0 0
3204 10133 0 0
9284 2933 0 0
1694 2393 1 0
993 704 1 1
592094 592094 1 1
367400000000000 1161900000000000 0 0
959000000000 781000000000 1 1
423 965 1 0
1074 3395 1 0
5538 1751 0 0
1377 1946 1 0
2597 1836 1 0
808725 808725 1 1
3456000000000000000000000000000000000000000000000000000000000000000000000000000000000000000000000000000000000000000000000000000000000000000000000000000000000000000000000000000000000000000000000000000000000000000000000000000000000000000000000000000000000000000000000000 10930000000000000000000000000000000000000000000000000000000000000000000000000000000000000000000000000000000000000000000000000000000000000000000000000000000000000000000000000000000000000000000000000000000000000000000000000000000000000000000000000000000000000000000000000 0 0
1500000000000000000000000000000000000000000000000000000000000000000000000000000000000000000000000000000000000000000000000000000000000000000000000000000000000000000000000000000000000000000000000000000000000000000000000000000000000000000000000000000000000000000000000000000000000000000000000 2550000000000000000000000000000000000000000000000000000000000000000000000000000000000000000000000000000000000000000000000000000000000000000000000000000000000000000000000000000000000000000000000000000000000000000000000000000000000000000000000000000000000000000000000000000000000000000000000000 0 0
708 484 1 0
2812 8891 1 0
348 111 1 0
1171 1653 1 1
3805 2693 1 0
158196 158196 1 1
787000000000000000000 2486000000000000000000 1 0
120000000000000 42600000000000000 0 0
598 632 1 1
1203 3804 1 0
2524 796 0 0
2502 3534 1 1
3744 2649 1 0
493202 493202 1 1
1659000000000000000000000 5248000000000000000000000 0 0
77600000000000000000000000000 8400000000000000000000000000000 0 0
53 869 0 0
3805 12032 1 0
7116 2249 0 0
2790 3940 1 1
1751 1240 1 1
2439 2439 1 1
354600000000000000 1121300000000000000 1 0
5540000000000000000000000000 768000000000000000000000000000 0 0
684 187 0 0
3840 12145 0 0
854 270 0 0
975 1379 1 0
874 620 1 1
307994 307994 1 1
368400000000000000000000000 1165000000000000000000000000 0 0
198 47700 0 0
22 568 0 0
2495 7889 1 0
4259 1347 1 0
3114 4398 1 1
2690 1902 1 0
674848 674848 1 1
778000000000000000000000000000000000000000000000000000000000000000000000000000000000000000000000000000000000000000 2460000000000000000000000000000000000000000000000000000000000000000000000000000000000000000000000000000000000000000 1 0
3940000000000000000000000000000000000000000000000000000000000000000000000000000000000000000000000000000000000000000000000000000000000000000000000000000000000000000000000000000000000000000000000000000000000000000000000000000000000000000000000000000000 1300000000000000000000000000000000000000000000000000000000000000000000000000000000000000000000000000000000000000000000000000000000000000000000000000000000000000000000000000000000000000000000000000000000000000000000000000000000000000000000000000000000 1 0
556 998 1 0
1633 5165 0 0
2472 780 0 0
3474 4905 1 1
2859 2025 1 1
369918 369918 1 1
16440000000000000000000000000 51990000000000000000000000000 0 0
46000000000000 92800000000000 1 0
326 744 1 0
2835 8967 0 0
7641 2417 1 0
3187 4501 1 1
2442 1730 1 1
192028 192028 1 1
2472000000000000000000000000000 7815000000000000000000000000000 1 0
363000000 6380000000 0 0
232 490 1 0
2180 6892 1 0
4360 1377 0 0
3738 5282 1 0
2260 1600 1 1
166360 166360 1 1
32900000000000000000000000000000000000 104100000000000000000000000000000000000 0 0
82000000000000000000000000 274000000000000000000000000 0 0
115 595 0 0
3046 9630 1 0
9981 3157 1 0
3975 5612 1 1
3215 2276 1 0
717612 717612 1 1
388200000 1227600000 0 0
1180000000000000 3580000000000000 1 0
72 367 0 0
3541 11198 0 0
826 259 0 0
1503 2125 1 0
236 165 1 0
759904 759904 1 1
2234000000000000000000000000000000000000000000000000000000000000000000000000000000000000000000000000000000000000000000000000000000000000000000000000000000000000000000000000000000000000000000000000 7063000000000000000000000000000000000000000000000000000000000000000000000000000000000000000000000000000000000000000000000000000000000000000000000000000000000000000000000000000000000000000000000000 1 0
562000000000000000000000000000 60900000000000000000000000000000 0 0
125 25 0 0
2222 7028 0 0
2681 848 1 0
2959 4178 1 1
3926 2779 1 0
588162 588162 1 1
232000 733400 1 0
64600000000000000000 4500000000000000000000 0 0
916 240 0 0
2842 8988 0 0
2028 642 1 0
3703 5228 1 1
487 342 1 0
513196 513196 1 1
3760000000000000 11890000000000000 1 0
85000000 38200000 1 0
384 397 1 1
2006 6341 1 0
1552 488 0 0
1938 2738 1 0
2387 1687 1 0
592226 592226 1 1
32810000000000000000000 103760000000000000000000 0 0
85800000000000000000 3840000000000000000000 0 0
958 125 0 0
2964 9374 0 0
4042 1279 1 0
117 165 1 1
3865 2735 1 0
180045 180045 1 1
36150000 114290000 1 0
415000000000000000 3590000000000000000 0 0
952 893 1 1
2255 7128 1 0
11655 3684 0 0
3761 5310 1 1
2655 1877 1 0
595 595 1 1
33310000000000000000000000000000000000000000000000000000000000000000000000000000000000000000000000000000000000000000000000000000000000000000000000000000000 105330000000000000000000000000000000000000000000000000000000000000000000000000000000000000000000000000000000000000000000000000000000000000000000000000000000 1 0
286000000000000000000000000000000000000000000000000000000000000000000000000000000000000000000000000000000000000000000000 8100000000000000000000000000000000000000000000000000000000000000000000000000000000000000000000000000000000000000000000000 0 0
248 956 0 0
157 495 1 0
455 145 1 0
1890 2667 1 1
888 630 1 1
138008 138008 1 1
812000 2569000 0 0
513000000000000000000000000000 388000000000000000000000000000 1 1
297 986 0 0
2757 8717 1 0
10121 3201 1 0
933 1317 1 1
2216 1569 1 1
60723 60723 1 1
1449000000000000 4580000000000000 1 0
2320000000000000000000000000 23000000000000000000000000000 0 0
275 881 0 0
1080 3413 1 0
759 240 0 0
645 913 1 0
2709 1918 1 1
453195 453195 1 1
972000000000000000000000000 3075000000000000000000000000 0 0
26900000000000000000000000 5500000000000000000000000 0 0
956 865 1 1
3295 10418 1 0
4315 1363 0 0
3174 4482 1 1
945 668 1 0
905783 905783 1 1
15430000000000000 48790000000000000 1 0
5100 545000 0 0
638 278 1 0
2167 6853 0 0
6913 2186 0 0
3749 5297 1 0
297 209 1 0
616346 616346 1 1
220900000000000000000000000000000000000000000000000000000000000000000000000000000000000000000000000000000 698500000000000000000000000000000000000000000000000000000000000000000000000000000000000000000000000000000 1 0
8880000000000000000000000000000000000000000000000 27800000000000000000000000000000000000000000000000 1 0
985 881 1 1
3538 11189 0 0
2055 650 1 0
2800 3956 1 0
363 257 1 1
220228 220228 1 1
3129000000000000000000000000 9895000000000000000000000000 0 0
224000000000000000000000 9410000000000000000000000 0 0
693 180 0 0
3467 10963 1 0
7196 2274 0 0
1236 1745 1 1
1233 871 1 0
523618 523618 1 1
255500000 807700000 1 0
97000000000 7100000000000 0 0
892 72 0 0
3724 11775 1 0
7865 2486 0 0
3411 4817 1 1
3227 2284 1 0
840248 840248 1 1
23750000000000 75090000000000 1 0
63100000000000000000000000 8820000000000000000000000000 0 0
394 425 1 1
1434 4536 0 0
6062 1917 1 0
1470 2076 1 1
2152 1522 1 0
202237 202237 1 1
3649000000000000 11541000000000000 0 0
80000000000 1360000000000 0 0
910 541 1 0
1078 3408 1 0
7213 2282 1 0
255 359 1 1
637 448 1 0
482827 482827 1 1
30550000000000000 96580000000000000 1 0
6600000000000000000000000000000000000000000000000000000000000000000000000000000000000000000000000000000000000000000000000000000000000000000000000000000000000000000000000000000000000000000 462000000000000000000000000000000000000000000000000000000000000000000000000000000000000000000000000000000000000000000000000000000000000000000000000000000000000000000000000000000000000000000 0 0
858 856 1 1
502 1586 1 0
7925 2508 1 0
794 1120 1 1
873 616 1 0
449785 449785 1 1
386500000000000000000000000 1222000000000000000000000000 1 0
80500000000 2580000000000 0 0
47 711 0 0
2717 8591 1 0
3196 1009 0 0
3902 5511 1 1
3760 2662 1 1
473692 473692 1 1
358000000 1132200000 0 0
68500000000000000000000000000000 23200000000000000000000000000000 1 0
871 487 1 0
2135 6749 1 0
7330 2315 0 0
1571 2221 1 0
3438 2432 1 0
605302 605302 1 1
318800000000000000000000000000000000000000 1008000000000000000000000000000000000000000 1 0
4300000 3000000000 0 0
902 117 0 0
2912 9207 1 0
10798 3412 0 0
1700 2399 1 1
2785 1973 1 1
594655 594655 1 1
756000000000000000000000000000000000 2392000000000000000000000000000000000 0 0
54800000000000000 3930000000000000000 0 0
618 783 1 1
765 2417 1 0
3476 1100 1 0
14 17 1 1
2017 1425 1 0
996070 996070 1 1
260000000000000000000000000000000000000000000000000000000000000000000000000000000000000000000000000000000000000000000000000000000000000000000000000000000000000000000000000000000000000000000000000000000000 840000000000000000000000000000000000000000000000000000000000000000000000000000000000000000000000000000000000000000000000000000000000000000000000000000000000000000000000000000000000000000000000000000000000 0 0
227000000000000000000000000000000000000000000000000000000000000000000000000000000000000000000000000000000000000000000000000000000000000000000000000000000000000000000000000000000000000000000000 9830000000000000000000000000000000000000000000000000000000000000000000000000000000000000000000000000000000000000000000000000000000000000000000000000000000000000000000000000000000000000000000000 0 0
282 242 1 1
3525 11148 0 0
2762 871 0 0
2483 3508 1 0
929 659 1 1
658163 658163 1 1
326300000000000000000000000000000000000 1031700000000000000000000000000000000000 1 0
391 1250 0 0
808 484 1 0
2961 9363 1 0
1048 332 1 0
651 918 1 1
2619 1852 1 0
237300 237300 1 1
900000 3000000 0 0
81000000000000000000000000000 910000000000000000000000000000 0 0
811 294 1 0
2856 9029 1 0
11609 3670 0 0
3960 5592 1 1
1080 762 1 0
77652 77652 1 1
357400000000000000000000000000000 1129900000000000000000000000000000 1 0
46500000000000000 32200000000000000 1 0
242 458 1 0
3409 10780 1 0
2636 835 1 0
967 1364 1 1
3492 2471 1 0
758153 758153 1 1
278400000000 880400000000 0 0
121000000000000000000000000000 30000000000000000000000000000000 0 0
511 637 1 1
1596 5047 0 0
10682 3376 0 0
2444 3452 1 1
3008 2127 1 0
644024 644024 1 1
2518000000000000000000000000000000000000000000000000000000000000000000000000000000000000000000000000 7962000000000000000000000000000000000000000000000000000000000000000000000000000000000000000000000000 1 0
9780000000000000000000000000000000000000000000000000000000000000000000000000000000000000000000000000000000000000000000000000000000000000000000000000000000000000000000000000000000000000000 318000000000000000000000000000000000000000000000000000000000000000000000000000000000000000000000000000000000000000000000000000000000000000000000000000000000000000000000000000000000000000000 0 0
852 422 1 0
1431 4526 0 0
2310 729 0 0
3859 5451 1 0
214 151 1 0
750715 750715 1 1
6500000000000000 20550000000000000 1 0
38100000000000000 16600000000000000 1 0
473 38 0 0
772 2441 1 0
9195 2906 0 0
2179 3078 1 0
2050 1453 1 1
709005 709005 1 1
34200000000000000000000000000000 108000000000000000000000000000000 1 0
1250000000000000 5680000000000000 0 0
968 416 1 0
299 946 0 0
7520 2376 0 0
297 417 1 1
3076 2177 1 0
4893 4893 1 1
3279 10371 0 0
82700000000000000000000 24700000000000000000000 0 0
509 571 1 1
3830 12113 0 0
296 95 1 0
3827 5405 1 1
1883 1331 1 0
95132 95132 1 1
2305000000000000000000000000000000000000000 7290000000000000000000000000000000000000000 0 0
9320000000000000000 15200000000000000000 1 0
814 425 1 0
1623 5132 1 0
11112 3511 0 0
514 726 1 1
2312 1636 1 0
926197 926197 1 1
231000000000000000000000000000000000000000000000000000000000000000000000000000000000000000000000000000000000000000000000000000000000000000000000000000000000000000000000000000000000000000000000000000000000000000000000000000000000000000000000000000000000000000000000000000000000000000 730300000000000000000000000000000000000000000000000000000000000000000000000000000000000000000000000000000000000000000000000000000000000000000000000000000000000000000000000000000000000000000000000000000000000000000000000000000000000000000000000000000000000000000000000000000000000000 1 0
66900000000000000000000000000000000000000000000000000000000000000000000000000000000000000000000000 5000000000000000000000000000000000000000000000000000000000000000000000000000000000000000000000000 0 0
193 471 1 0
3265 10323 1 0
2523 797 0 0
517 732 1 0
794 564 1 1
305169 305169 1 1
20080000000000000000000000000000 63490000000000000000000000000000 1 0
910000000000000 3800000000000000 0 0
14 491 0 0
188 593 1 0
368 114 0 0
2019 2851 1 1
2771 1962 1 1
616018 616018 1 1
258100000000000000000 816100000000000000000 1 0
921000000000000000000000000000 808000000000000000000000000000 1 1
497 382 1 1
2901 9174 0 0
10913 3452 1 0
2250 3177 1 1
1688 1194 1 0
263139 263139 1 1
29550000000000000000000000000 93450000000000000000000000000 0 0
168000000000000000000000000000 31500000000000000000000000000000 0 0
542 613 1 1
3859 12205 0 0
10669 3372 0 0
2164 3057 1 0
3263 2311 1 1
17676 17676 1 1
35540000000000000000000000000000 112360000000000000000000000000000 1 0
3020000000000000000 8080000000000000000 1 0
984 158 0 0
885 2796 1 0
10535 3333 1 0
3348 4729 1 1
2101 1488 1 1
697957 697957 1 1
2862000000000000000000000000000000000000000000000 9051000000000000000000000000000000000000000000000 0 0
4780000000000000000000000000000000000000000000000000000000000000000000000000000000000000000000000000000000000000000000000000000000000000000000000000000000000000000000000000000000000000000000000000000000000000000000000000000000000000000000000000000000000000000000000000000000000000000000000000000000000 843000000000000000000000000000000000000000000000000000000000000000000000000000000000000000000000000000000000000000000000000000000000000000000000000000000000000000000000000000000000000000000000000000000000000000000000000000000000000000000000000000000000000000000000000000000000000000000000000000000000000 0 0
469 978 1 0
1734 5481 1 0
2056 650 0 0
3002 4242 1 0
3078 2177 1 0
524385 524385 1 1
159000000000000000000000 504000000000000000000000 0 0
276000000000 982000000000 0 0
119 838 0 0
1314 4155 1 0
5586 1767 1 0
818 1153 1 1
2457 1741 1 1
446073 446073 1 1
3604000000000 11397000000000 0 0
643000000000000000000000 688000000000000000000000 1 1
128 576 0 0
1690 5345 0 0
1193 379 1 0
951 1343 1 1
1476 1043 1 0
352574 352574 1 1
38760000000000000000000 122550000000000000000000 1 0
789000000000000000000 2870000000000000000000 0 0
676 539 1 1
1049 3315 1 0
7268 2298 0 0
13 17 1 1
1374 973 1 1
653666 653666 1 1
1000 3100 1 0
271000000000 58000000000 0 0
168 751 0 0
3955 12506 1 0
3662 1158 0 0
2508 3543 1 0
2224 1576 1 1
414371 414371 1 1
2465000000000000000000000000000000000 7796000000000000000000000000000000000 0 0
36100000000000 857000000000000 0 0
889 487 1 0
3683 11647 0 0
178 58 1 0
1936 2735 1 0
212 151 1 1
972804 972804 1 1
137600000000000000000000000000000000000 435300000000000000000000000000000000000 0 0
37000000000000000000000000000 52500000000000000000000000000000 0 0
67 611 0 0
286 903 1 0
1631 513 0 0
413 583 1 1
3076 2178 1 1
986548 986548 1 1
304200 961800 1 0
3680000000000000000000 528000000000000000000000 0 0
865 419 1 0
1116 3530 0 0
6123 1934 0 0
2768 3910 1 0
2838 2011 1 1
771268 771268 1 1
384800000000000000000 1216900000000000000000 0 0
35700000000000000000000000 3120000000000000000000000000 0 0
613 306 1 0
1704 5389 0 0
10190 3220 0 0
2075 2933 1 0
2370 1676 1 0
794790 794790 1 1
12870000000000000 40670000000000000 1 0
38000000 875000000 0 0
239 46 0 0
847 2679 0 0
8535 2701 1 0
2260 3193 1 0
660 469 1 1
880386 880386 1 1
1192000000000000000000000000000000000000000000000000000000000000000000000000000000000000000000000000000000000000000000000000000000000000000000000000000000000000000000000000000000000000000000000000000000000000000000000000000000000000000000000000000000000000000000000000000000 3769000000000000000000000000000000000000000000000000000000000000000000000000000000000000000000000000000000000000000000000000000000000000000000000000000000000000000000000000000000000000000000000000000000000000000000000000000000000000000000000000000000000000000000000000000000 1 0
6640000000000000000000000000000000000000000000000000000000000000000000000000000000000000000000000000000000000000000000000000000000000000000000000000000000000000000000000000000000000000000000000000000000000000000000000000000000000 192000000000000000000000000000000000000000000000000000000000000000000000000000000000000000000000000000000000000000000000000000000000000000000000000000000000000000000000000000000000000000000000000000000000000000000000000000000000000 0 0
243 628 1 0
1800 5690 1 0
11313 3579 1 0
630 888 1 1
3620 2563 1 1
121239 121239 1 1
292900 926200 1 0
12000000000000 208000000000000 0 0
9 831 0 0
3741 11831 0 0
583 183 0 0
2635 3722 1 1
3313 2346 1 1
274633 274633 1 1
1503000 4753000 0 0
81400000000000000000000000000000 401000000000000000000000000000000 0 0
836 960 1 1
1790 5659 1 0
8588 2717 1 0
1068 1509 1 0
2887 2041 1 0
413508 413508 1 1
339400000000000 1073000000000000 1 0
8560000000000000000000000000 522000000000000000000000000000 0 0
320 583 1 0
167 528 1 0
9277 2931 0 0
2620 3699 1 1
3255 2305 1 1
694996 694996 1 1
3780000000000000000000000000000000000 11955000000000000000000000000000000000 0 0
1200000000000000000 1290000000000000000000 0 0
894 440 1 0
2797 8845 0 0
6767 2138 0 0
1952 2755 1 1
3396 2402 1 0
585767 585767 1 1
203400000000000000000000000000000000000000000000000000000000000000000000000000000000000000000000000000000000000000000000000000000000000000000000000000000000000000000000000000000000000000000000000000000000000000000000000000000000000000000000000000000000000000000000000000000000 643000000000000000000000000000000000000000000000000000000000000000000000000000000000000000000000000000000000000000000000000000000000000000000000000000000000000000000000000000000000000000000000000000000000000000000000000000000000000000000000000000000000000000000000000000000000 1 0
53400000000000000000000000000000000000000000000000000000000000000000000000000000000000000000000000000000000000000000000000000000000000000000000000000000000000000000000000000000000000000000000000000000000000000000000000000000000000000000000000000000000000000000 2370000000000000000000000000000000000000000000000000000000000000000000000000000000000000000000000000000000000000000000000000000000000000000000000000000000000000000000000000000000000000000000000000000000000000000000000000000000000000000000000000000000000000000000 0 0
501 937 1 0
955 3017 1 0
10915 3450 0 0
2912 4114 1 0
824 583 1 0
712897 712897 1 1
1422000 4494000 1 0
409000000000000000000000 376000000000000000000000 1 1
359 435 1 1
2648 8371 1 0
1868 590 0 0
3508 4955 1 1
3395 2405 1 1
31095 31095 1 1
194300000000000000000 614600000000000000000 0 0
145000000000000 370000000000000 1 0
177 929 0 0
3175 10040 1 0
2105 666 1 0
2238 3161 1 1
3179 2251 1 1
172447 172447 1 1
32920000000000000000 104120000000000000000 0 0
505000000000 230000000000 1 0
549 998 1 0
2312 7313 0 0
7968 2518 0 0
455 641 1 1
732 519 1 1
307791 307791 1 1
35210000000000000000000000000000 111340000000000000000000000000000 1 0
410 8390 0 0
352 102 0 0
3087 9760 1 0
568 178 0 0
1547 2183 1 1
2366 1673 1 0
47272 47272 1 1
2920000000000000000000000000000000000000000000000000000000000000000000000000000000000000000000000000000000000000000000000000000000000000000000000000000000000000000000000000000000000000000000000000000000000000000000000000000000000000000000000000000000000000000000000000000000000000000000000000 9231000000000000000000000000000000000000000000000000000000000000000000000000000000000000000000000000000000000000000000000000000000000000000000000000000000000000000000000000000000000000000000000000000000000000000000000000000000000000000000000000000000000000000000000000000000000000000000000000 1 0
753000000000000000000000000000000000000000000000000000000000000000000000000000000000000000000000000000000000000000000000000000000000000000000000000000000000000000000000000000000000000000000000000000000000000000000000000000000000000000000000000000000 54900000000000000000000000000000000000000000000000000000000000000000000000000000000000000000000000000000000000000000000000000000000000000000000000000000000000000000000000000000000000000000000000000000000000000000000000000000000000000000000000000000000 0 0
558 324 1 0
3092 9776 1 0
10248 3242 1 0
1944 2744 1 1
3793 2685 1 0
219955 219955 1 1
11960000 37800000 1 0
3540000000000000000000000000000 489000000000000000000000000000000 0 0
456 695 1 0
2500 7903 1 0
9540 3016 0 0
2892 4086 1 0
558 395 1 0
94490 94490 1 1
19720000000000000000000000000000000000000 62380000000000000000000000000000000000000 0 0
300000000000000 930000000000000000 0 0
658 358 1 0
1485 4694 1 0
10967 3467 0 0
1003 1414 1 1
3962 2803 1 0
302591 302591 1 1
19400000 61100000 1 0
389000000000000000000000 274000000000000000000000 1 0
651 10 0 0
3011 9523 0 0
3962 1254 1 0
2660 3758 1 0
70 47 1 0
44216 44216 1 1
269400000000000000000 852100000000000000000 0 0
7360000 4960000 1 0
180 881 0 0
1321 4178 0 0
7190 2273 0 0
2230 3150 1 0
2850 2015 1 0
850488 850488 1 1
1941000000000000000000000000000000000000000000000000000000000000000000000000000000000000000000000000000000000000000000000000000000000000000000000000000000000000000000000000000000000000000000000000000000000000000000000000000000000000000000000000000000000 6136000000000000000000000000000000000000000000000000000000000000000000000000000000000000000000000000000000000000000000000000000000000000000000000000000000000000000000000000000000000000000000000000000000000000000000000000000000000000000000000000000000000 1 0
806000000000000000000000000000000000000000000000000000000000000000000000000000000000000000000000 5660000000000000000000000000000000000000000000000000000000000000000000000000000000000000000000000 0 0
73 793 0 0
697 2204 1 0
7690 2433 1 0
153 215 1 1
2567 1819 1 1
214889 214889 1 1
313300000000000000000000000000 990500000000000000000000000000 1 0
828000000000000000000 358000000000000000000 1 0
744 451 1 0
63 197 1 0
7132 2255 0 0
2059 2910 1 0
3679 2604 1 0
283710 283710 1 1
1646000000000000000000 5205000000000000000000 1 0
1950000000 6250000000 0 0
725 324 1 0
3877 12260 1 0
6698 2118 0 0
1642 2321 1 0
1184 836 1 0
369410 369410 1 1
331400000000000000000000000000000000000000 1047800000000000000000000000000000000000000 1 0
7540000000000000 84800000000000000 0 0
133 167 1 1
3766 11911 0 0
11291 3571 1 0
3532 4987 1 1
856 605 1 0
113641 113641 1 1
391000 1237000 0 0
746000000000000000 34000000000000000 0 0
350 408 1 1
3684 11648 1 0
10617 3358 1 0
1121 1581 1 1
2506 1773 1 0
522543 522543 1 1
230100000000000000000000000000000000000000000000000000000000000000000000000000000000000000000000000000000000000000000000000000000000 727400000000000000000000000000000000000000000000000000000000000000000000000000000000000000000000000000000000000000000000000000000000 1 0
551 9830 0 0
417 95 0 0
2952 9337 0 0
3965 1254 1 0
1508 2128 1 1
800 566 1 0
167681 167681 1 1
26920000000000000000000000000000000 85140000000000000000000000000000000 0 0
65000000000000 694000000000000 0 0
191 763 0 0
2782 8795 1 0
3198 1009 0 0
3785 5348 1 0
2180 1543 1 0
313282 313282 1 1
3894 12314 0 0
961000000000000000000000000000 976000000000000000000000000000 1 1
543 447 1 1
1181 3732 1 0
1208 384 1 0
2492 3522 1 0
3464 2454 1 1
542244 542244 1 1
990000000000000000000000 3132000000000000000000000 0 0
277000000000000000000 25500000000000000000000 0 0
644 221 1 0
2839 8978 0 0
4590 1451 0 0
1934 2729 1 1
2291 1620 1 0
441063 441063 1 1
1412000000000000000000000000 4466000000000000000000000000 0 0
78000000000000000000000 22800000000000000000000000 0 0
308 759 1 0
942 2978 1 0
2328 738 1 0
2078 2934 1 1
2304 1632 1 1
368580 368580 1 1
328600000000000000000000000000000000000000000000000000000000000000000000000000000000000000000000000000000000000000000000000000000000000000000000000000000000000000000000000000000000000000000000000000000000000000000000000000000000000000000000000000000 1038900000000000000000000000000000000000000000000000000000000000000000000000000000000000000000000000000000000000000000000000000000000000000000000000000000000000000000000000000000000000000000000000000000000000000000000000000000000000000000000000000000 1 0
311000000000000000000000000000000000000000000000000000000000000000000000000000000000000000000000000000000000000000000000000000000000000000000000000000000000000000000000000000000000000000000 8780000000000000000000000000000000000000000000000000000000000000000000000000000000000000000000000000000000000000000000000000000000000000000000000000000000000000000000000000000000000000000000 0 0
929 901 1 1
1768 5588 1 0
788 248 0 0
3611 5100 1 1
3216 2275 1 0
549880 549880 1 1
1193000000 3772000000 1 0
9330000000 225000000000 0 0
158 525 0 0
115 365 0 0
855 268 0 0
338 478 1 0
1364 967 1 1
906773 906773 1 1
490000000000 1530000000000 1 0
850000000000000000000 88100000000000000000000 0 0
454 747 1 0
307 969 1 0
8225 2601 1 0
3006 4247 1 0
2310 1636 1 1
242746 242746 1 1
853000000000000000000000000 2696000000000000000000000000 1 0
527 46800 0 0
39 125 0 0
3847 12165 1 0
9998 3160 0 0
2988 4221 1 0
2257 1595 1 0
957466 957466 1 1
2132000000000000000000000000000 6741000000000000000000000000000 1 0
6470000 993000000 0 0
327 976 1 0
1446 4570 1 0
10973 3471 1 0
2770 3913 1 0
3882 2748 1 0
321595 321595 1 1
8950000000000000000000000000000000000000000000000000000000000000000000000000000000000000000000000000000000000000000000000000000000000000000000000000000000000000000000000000000000000000000000000000000000000000000000000000000000000000 28320000000000000000000000000000000000000000000000000000000000000000000000000000000000000000000000000000000000000000000000000000000000000000000000000000000000000000000000000000000000000000000000000000000000000000000000000000000000000 0 0
791000 1200000 1 0
327 845 1 0
701 2217 0 0
9498 3004 1 0
684 965 1 1
1644 1162 1 0
634320 634320 1 1
25280 79950 0 0
848000000000 18300000000000 0 0
130 549 0 0
1945 6152 0 0
11609 3671 0 0
1706 2410 1 0
519 367 1 0
109203 109203 1 1
35440000000000000000000000000000000000 112090000000000000000000000000000000000 0 0
14500000000000000000 4300000000000000000 0 0
83 720 0 0
2546 8050 1 0
9262 2928 0 0
1430 2018 1 1
2320 1642 1 0
774025 774025 1 1
377400000 1193600000 0 0
59100000000000000000 3630000000000000000000 0 0
830 133 0 0
2294 7256 0 0
9644 3049 0 0
1055 1488 1 1
1466 1039 1 1
40655 40655 1 1
37200000000000 117600000000000 1 0
9000 70800000 0 0
244 739 1 0
611 1931 1 0
2823 893 1 0
1853 2616 1 1
235 165 1 0
136353 136353 1 1
159800000000000000000000000000000000000000000000000000000000000000000000000000000000000000000000000000000000000000000000000000000000000000000000000000000000000000000000000000000000000000000000000000000000000000000000000000000000000000000000000000 505200000000000000000000000000000000000000000000000000000000000000000000000000000000000000000000000000000000000000000000000000000000000000000000000000000000000000000000000000000000000000000000000000000000000000000000000000000000000000000000000000 1 0
21700000000000000000000000000000000000000000000000000000000000000000000000000000000000000000000000000000000000000000000000000000000000000000000000000 221000000000000000000000000000000000000000000000000000000000000000000000000000000000000000000000000000000000000000000000000000000000000000000000000000 0 0
22 156 0 0
291 920 1 0
690 216 0 0
3337 4712 1 1
3138 2221 1 0
187638 187638 1 1
1891000000000000000000000000000000000000000 5978000000000000000000000000000000000000000 1 0
7170000000000 747000000000000 0 0
556 59 0 0
748 2366 0 0
322 103 1 0
733 1035 1 1
2150 1521 1 0
197596 197596 1 1
1519000000000000000000000000000000 4801000000000000000000000000000000 1 0
721000000 5690000000 0 0
909 376 1 0
1516 4792 1 0
5958 1882 0 0
3667 5179 1 1
1481 1046 1 0
939645 939645 1 1
20790000000000 65730000000000 1 0
69100000000000000000000000000000 839000000000000000000000000000000 0 0
740 291 1 0
2436 7702 1 0
10745 3399 1 0
1013 1429 1 1
2038 1442 1 0
396776 396776 1 1
27230000000000000000000000000000000 86110000000000000000000000000000000 0 0
59400000000000000000000000000 893000000000000000000000000000 0 0
198 708 0 0
3194 10100 1 0
3634 1148 0 0
2042 2885 1 0
1279 904 1 0
58326 58326 1 1
9090000000000000000000000000000000000000000000000000000000000000 28730000000000000000000000000000000000000000000000000000000000000 1 0
932000000000000000000000000000000000000 664000000000000000000000000000000000000 1 1
100 396 0 0
1477 4668 1 0
7841 2478 0 0
2403 3396 1 0
1761 1245 1 0
209277 209277 1 1
49400000000000000000000000000000000000 156000000000000000000000000000000000000 1 0
9730000000000000 90000000000000000 0 0
369 735 1 0
2691 8508 1 0
11596 3665 0 0
427 601 1 1
3362 2378 1 0
442281 442281 1 1
570000000000000000 1820000000000000000 0 0
21400000000000000000000000 161000000000000000000000000 0 0
611 635 1 1
687 2173 0 0
3053 963 0 0
2632 3719 1 0
1750 1237 1 0
264876 264876 1 1
322300000000000000000000 1019200000000000000000000 1 0
57500000000000000000000000 230000000000000000000000000 0 0
319 977 1 0
1737 5494 0 0
9490 3002 1 0
3081 4351 1 1
3302 2336 1 0
745899 745899 1 1
441000000000000000000 1396000000000000000000 0 0
31100000000000000 4860000000000000000 0 0
36 847 0 0
2807 8877 0 0
7673 2427 1 0
3342 4722 1 0
87 59 1 0
58630 58630 1 1
1860000000000000000000000000000000000000000000000000000000000000000000000000000000000000000000000000000000000000000000000000000000000000000000000000000000000000000000000000000000000000000000000000000000000000000000000000000000000000000000000000000000000000000000000000000000000000000000000 5890000000000000000000000000000000000000000000000000000000000000000000000000000000000000000000000000000000000000000000000000000000000000000000000000000000000000000000000000000000000000000000000000000000000000000000000000000000000000000000000000000000000000000000000000000000000000000000000 0 0
7790000000000000000000000000000000000000000000 71900000000000000000000000000000000000000000000 0 0
629 722 1 1
661 2092 0 0
1964 620 0 0
306 432 1 1
2122 1503 1 1
806308 806308 1 1
3410000000000 10782000000000 1 0
400000000000000000000000000000 8050000000000000000000000000000 0 0
577 597 1 1
3446 10899 0 0
11920 3771 1 0
1490 2106 1 0
1020 723 1 1
958321 958321 1 1
2658000 8404000 1 0
40100000000 812000000000 0 0
214 50 0 0
3929 12425 0 0
9615 3042 1 0
689 971 1 1
701 497 1 1
110409 110409 1 1
3845000000000000000000000000 12158000000000000000000000000 1 0
8840000000000000000000000000 4700000000000000000000000000 1 0
233 938 0 0
1211 3827 1 0
3839 1212 0 0
2097 2961 1 1
3138 2222 1 1
162010 162010 1 1
3222000000000 10190000000000 0 0
787000000000000000000000000 7640000000000000000000000000 0 0
862 351 1 0
3188 10082 0 0
11405 3605 0 0
2696 3807 1 1
4 0 0 0
4552 4552 1 1
19140000000000000000000000000000000000000000000000000000000000000000000000000000000000000000000000000000000000000000000 60500000000000000000000000000000000000000000000000000000000000000000000000000000000000000000000000000000000000000000000 1 0
35800000000000000000000000000000000000000000000000000000000000000000000000000000000000000000000000000000000000000000000000000000000000000000000000000000000000000000 55900000000000000000000000000000000000000000000000000000000000000000000000000000000000000000000000000000000000000000000000000000000000000000000000000000000000000000 1 0
397 864 1 0
3111 9835 1 0
10153 3209 0 0
860 1216 1 0
1658 1172 1 0
665359 665359 1 1
50500000000000000000000000 159800000000000000000000000 0 0
583000000000000000000 3620000000000000000000 0 0
214 659 1 0
3647 11532 1 0
440 139 0 0
1000 1412 1 1
2211 1567 1 1
933747 933747 1 1
3831000000000000000000000000000000000 12114000000000000000000000000000000000 1 0
1200000000000000000000000000000 82400000000000000000000000000000 0 0
830 399 1 0
1731 5471 1 0
8925 2822 0 0
3534 4993 1 0
606 427 1 0
276284 276284 1 1
31640000000000000000000000000000 100030000000000000000000000000000 1 0
2900000000000000000000 9060000000000000000000000 0 0
630 250 1 0
3674 11619 0 0
2336 736 0 0
3016 4262 1 0
363 255 1 0
406795 406795 1 1
3380000000000000000000000000000000000 10700000000000000000000000000000000000 0 0
7350000000000 28700000000000 0 0
275 657 1 0
258 815 1 0
11663 3686 0 0
3302 4664 1 1
3940 2788 1 0
519496 519496 1 1
3564000000000000000000000000000000000000000000000000000000000000000000000000000000000000000000000000000000000 11272000000000000000000000000000000000000000000000000000000000000000000000000000000000000000000000000000000000 0 0
97600000000000000000000000000000000000000000000000000000000000000000000000000000000000000000000000000000000000000 870000000000000000000000000000000000000000000000000000000000000000000000000000000000000000000000000000000000000000 0 0
649 215 1 0
858 2713 1 0
7418 2347 1 0
833 1177 1 0
1103 781 1 1
343349 343349 1 1
3694000000000000000000000000 11681000000000000000000000000 1 0
6920000000000000 20300000000000000 1 0
763 507 1 0
136 428 1 0
8286 2619 0 0
803 1134 1 1
3044 2152 1 0
577185 577185 1 1
61600000000000000000000000 194500000000000000000000000 1 0
76300 5310000 0 0
464 596 1 1
1028 3251 0 0
7498 2372 1 0
3694 5218 1 0
851 600 1 0
595602 595602 1 1
1687 5335 0 0
33100000000000000000 557000000000000000000 0 0
980 349 1 0
1228 3882 1 0
1168 371 1 0
2602 3673 1 1
3661 2593 1 1
189149 189149 1 1
139800000000000000000 442100000000000000000 0 0
7730000000000000000000 8000000000000000000000 1 1
678 7 0 0
1859 5879 0 0
9551 3020 0 0
2867 4051 1 0
303 215 1 1
999415 999415 1 1
28590000000000000000000000000000000000000000000000000000000000000000000000000000000000000000000000000000000000000000000000000000000000000000000000000000000000000000000000000000000000000000000000000000000000000000000000000000000000000000000000000000000000000000000000 90420000000000000000000000000000000000000000000000000000000000000000000000000000000000000000000000000000000000000000000000000000000000000000000000000000000000000000000000000000000000000000000000000000000000000000000000000000000000000000000000000000000000000000000000 0 0
121000000000000000000000000000000000000000000000000000000000000000000000000000000000000000000 25500000000000000000000000000000000000000000000000000000000000000000000000000000000000000000000 0 0
473 185 1 0
1640 5187 0 0
9760 3087 1 0
904 1275 1 1
1040 735 1 0
409418 409418 1 1
333400000000000 1054100000000000 1 0
18700000000000000000000 6540000000000000000000000 0 0
79 151 1 0
7 20 1 0
4245 1344 1 0
831 1172 1 1
2147 1517 1 0
46221 46221 1 1
53300000000000000 168500000000000000 1 0
972 943 1 1
812 670 1 1
3943 12468 1 0
11075 3504 1 0
1185 1672 1 1
1763 1246 1 0
724323 724323 1 1
35280000000000000000000000000000000000 111580000000000000000000000000000000000 0 0
4230000 7060000 1 0
457 621 1 1
3558 11253 0 0
2573 812 0 0
1823 2575 1 1
2373 1681 1 1
89108 89108 1 1
93200000000000000000000 294500000000000000000000 1 0
5410000000 44600000000 0 0
869 425 1 0
952 3010 1 0
8254 2610 0 0
2906 4102 1 1
2229 1576 1 0
889050 889050 1 1
7020000000000000000000000 22180000000000000000000000 1 0
2360000000000000000000000000000000000000 37400000000000000000000000000000000000000 0 0
558 639 1 1
3203 10128 1 0
5567 1759 0 0
2090 2951 1 1
3961 2806 1 1
756297 756297 1 1
132600000000000000000 419100000000000000000 1 0
50600000000000000000000000 20500000000000000000000000 1 0
252 163 1 0
968 3059 1 0
2899 917 1 0
685 967 1 1
818 579 1 0
99548 99548 1 1
2584000000000000000000 8172000000000000000000 0 0
836000000000000 33300000000000000 0 0
892 647 1 1
3351 10595 1 0
2737 864 0 0
1303 1842 1 0
1927 1365 1 1
840112 840112 1 1
231800000000000 733100000000000 0 0
8590000000 111000000000 0 0
615 511 1 1
923 2916 1 0
9471 2993 0 0
1823 2573 1 1
3652 2586 1 1
346088 346088 1 1
164100000000000000000000000 519000000000000000000000000 0 0
6970000000000000 7270000000000000 1 1
504 882 1 0
2973 9399 1 0
11074 3499 0 0
1588 2242 1 1
2593 1837 1 1
599047 599047 1 1
1839000000000000000000000000000000000000000000000000000000000000000000 5815000000000000000000000000000000000000000000000000000000000000000000 1 0
796000000000000000000000000000000000000000000000000000000000000000000000000000000000000000000 79000000000000000000000000000000000000000000000000000000000000000000000000000000000000000000 0 0
598 709 1 1
2094 6621 1 0
431 135 0 0
1626 2296 1 1
1469 1038 1 0
895949 895949 1 1
21930000000000000000000000000 69350000000000000000000000000 0 0
19600000000000000000000 4080000000000000000000000 0 0
864 697 1 1
3688 11663 0 0
2002 633 0 0
3619 5113 1 0
3322 2352 1 1
234384 234384 1 1
273500000000000000000000000000000000 864700000000000000000000000000000000 1 0
25000000000000000 998000000000000000 0 0
120 425 0 0
2871 9076 1 0
4198 1325 0 0
301 424 1 1
867 614 1 1
252951 252951 1 1
395900000000000000000000000000000000 1252000000000000000000000000000000000 0 0
11700000000000000 1620000000000000000 0 0
566 958 1 0
1812 5728 1 0
9641 3048 0 0
2810 3971 1 0
88 63 1 1
460305 460305 1 1
890000000000000000000000000000000000000 2830000000000000000000000000000000000000 0 0
1250000000000000000000000 4840000000000000000000000 0 0
787 267 1 0
3891 12304 1 0
6937 2193 0 0
2251 3177 1 1
3967 2806 1 0
999312 999312 1 1
290800000000000000000000000000000000000000000000000000000000000000000000000000000000000000000000000000000000000000000000000000000000000000000000000000000000000000000000000000000000000000000000000000000000000000000000000000000000000000000000000000000000000000 919700000000000000000000000000000000000000000000000000000000000000000000000000000000000000000000000000000000000000000000000000000000000000000000000000000000000000000000000000000000000000000000000000000000000000000000000000000000000000000000000000000000000000 0 0
119000000000000000000000000000000000000000000000000000000000000000000000000000000000000000000000000000000000000000000000000000000000000000000000 6110000000000000000000000000000000000000000000000000000000000000000000000000000000000000000000000000000000000000000000000000000000000000000000000 0 0
837 931 1 1
833 2633 1 0
4649 1468 0 0
2118 2991 1 1
2258 1600 1 1
992938 992938 1 1
19290000000000000000000000 60980000000000000000000000 1 0
55700000000000000000000000 4770000000000000000000000000 0 0
358 245 1 0
1901 6010 1 0
7583 2396 0 0
3505 4952 1 0
2288 1618 1 0
17969 17969 1 1
14400000000000000000000000 45510000000000000000000000 1 0
49 86700 0 0
318 498 1 0
1907 6031 0 0
7067 2235 1 0
1623 2292 1 1
1192 843 1 0
427540 427540 1 1
190500000000000000000000 602200000000000000000000 1 0
7060000000000000 2920000000000000 1 0
249 172 1 0
1547 4894 0 0
4370 1380 0 0
3062 4323 1 1
934 660 1 0
237742 237742 1 1
21400000000000000000000000 67700000000000000000000000 0 0
9960000 7150000 1 1
584 960 1 0
114 358 1 0
6854 2165 0 0
1895 2674 1 1
654 461 1 0
161859 161859 1 1
743000000000000000000000000000000000000000000000000000000000000000000000000000000000000000000000000000000000000000000000000000000000000000000000000000000000000000000000000000000000000000000000000000000000000000000000000000000000000000000000000000000000000000 2347000000000000000000000000000000000000000000000000000000000000000000000000000000000000000000000000000000000000000000000000000000000000000000000000000000000000000000000000000000000000000000000000000000000000000000000000000000000000000000000000000000000000000 1 0
82700000000000000000000000000000000000000000000000000000000000000000000000000000000000000000000000000000000000000000000000000000000000000000000000000000000000000000000000000000000000000000000000000000000000000000000000000000000000000000000000000000000000000000000000000000000000 257000000000000000000000000000000000000000000000000000000000000000000000000000000000000000000000000000000000000000000000000000000000000000000000000000000000000000000000000000000000000000000000000000000000000000000000000000000000000000000000000000000000000000000000000000000000000 1 0
667 996 1 0
2347 7419 1 0
7146 2260 1 0
754 1064 1 1
539 381 1 0
219507 219507 1 1
2964000000000000000000000000000000 9370000000000000000000000000000000 1 0
1930000000 46400000000 0 0
931 839 1 1
910 2879 0 0
1031 326 0 0
77 107 1 1
1352 957 1 0
941999 941999 1 1
28300 89480 1 0
1600000000000000000000000 981000000000000000000000000 0 0
80 228 1 0
49 152 1 0
11110 3512 0 0
116 162 1 1
1494 1058 1 1
476531 476531 1 1
3957000000000000000000000000 12514000000000000000000000000 0 0
57000000000000 46300000000000 1 1
872 876 1 1
2541 8034 1 0
3541 1121 1 0
371 522 1 1
1179 834 1 0
455230 455230 1 1
3152000000000000000000000 9965000000000000000000000 1 0
8390000000000000000000000000000 73400000000000000000000000000000 0 0
414 797 1 0
3593 11362 1 0
11022 3483 0 0
1944 2746 1 0
2760 1953 1 0
128492 128492 1 1
2120000000000000000000000000000000000000000000000000000000000000000000000000000000000000000000000000000000000000000000000000000000000000000000000000000 6706000000000000000000000000000000000000000000000000000000000000000000000000000000000000000000000000000000000000000000000000000000000000000000000000000 0 0
713000000000000000000000000000000000000000000000000000000000000000000000000000000000000000000000000000000000000000000000000000000000000000000000000000000000000000000000000000000000000000000000000000 889000000000000000000000000000000000000000000000000000000000000000000000000000000000000000000000000000000000000000000000000000000000000000000000000000000000000000000000000000000000000000000000000000 1 1
558 738 1 1
2322 7341 1 0
8151 2578 1 0
1289 1820 1 1
1206 854 1 1
669649 669649 1 1
23770 75160 1 0
18400000 131000000 0 0
974 951 1 1
2850 9014 0 0
9249 2924 0 0
1793 2531 1 1
1312 928 1 0
731139 731139 1 1
41300000000000000000000000000000000000 130500000000000000000000000000000000000 1 0
9570000000000000000000000000 31100000000000000000000000000 0 0
632 514 1 1
760 2402 1 0
7606 2404 0 0
1350 1904 1 1
266 188 1 0
458424 458424 1 1
16470000000000000000000000000000000 52100000000000000000000000000000000 0 0
4620 9070 1 0
272 480 1 0
1751 5539 0 0
7748 2450 0 0
2581 3643 1 1
522 369 1 0
868238 868238 1 1
640000000000000000 2010000000000000000 1 0
9600000000000000000 6090000000000000000000 0 0
880 519 1 0
2366 7482 0 0
6042 1908 0 0
967 1363 1 1
3257 2307 1 1
630792 630792 1 1
38440000000000000000000000000000000000000000000000000000000000000000000000000000000000000000000000000000000000000000000000000000000000000000000000000000000 121540000000000000000000000000000000000000000000000000000000000000000000000000000000000000000000000000000000000000000000000000000000000000000000000000000000 1 0
3910000000000000000000000000000000000000000000000000 759000000000000000000000000000000000000000000000000000 0 0
483 942 1 0
3377 10681 0 0
5782 1829 1 0
2852 4027 1 1
2761 1953 1 0
744117 744117 1 1
225000000000000000000000000000000000000000 711500000000000000000000000000000000000000 1 0
92800000000 479000000000 0 0
218 760 0 0
1640 5184 1 0
10371 3279 0 0
1970 2781 1 1
3286 2326 1 0
187032 187032 1 1
1765000000000 5583000000000 0 0
85000000000 961000000000 0 0
530 387 1 1
2969 9387 1 0
2693 849 0 0
2823 3986 1 1
1890 1340 1 1
763783 763783 1 1
676000000000000000000000000000000000000 2138000000000000000000000000000000000000 0 0
382000000000000000000000000000 25200000000000000000000000000000 0 0
283 674 1 0
2680 8472 1 0
5745 1817 1 0
3326 4697 1 1
1437 1017 1 0
576859 576859 1 1
195400000000000000000000000000000 617800000000000000000000000000000 1 0
14000000000000000000000 686000000000000000000000 0 0
672 303 1 0
928 2936 0 0
7375 2331 0 0
2547 3596 1 1
2398 1698 1 1
609699 609699 1 1
5130000000000000000000000000000000000000000000000000000000000000000000000000000000000000000000000000000000000000000000000000000000000000000000000000000000000000000000000000000000000000000000000000000000000000000000000000000000000 16230000000000000000000000000000000000000000000000000000000000000000000000000000000000000000000000000000000000000000000000000000000000000000000000000000000000000000000000000000000000000000000000000000000000000000000000000000000000 0 0
9450000000000000000000000000000000000000000000000000000000000000000000000000000000000000000000000000000000000000000000000000000000000000000000000000000000000000000000000000000000000000000000000000000000000000000000000000000000 200000000000000000000000000000000000000000000000000000000000000000000000000000000000000000000000000000000000000000000000000000000000000000000000000000000000000000000000000000000000000000000000000000000000000000000000000000000 0 0
395 675 1 0
83 262 1 0
9218 2915 1 0
320 454 1 0
637 450 1 0
81257 81257 1 1
34150000000000000000000000000000000000000 108010000000000000000000000000000000000000 0 0
6720000000000000000 708000000000000000000 0 0
542 18 0 0
2970 9392 0 0
1401 445 1 0
3168 4476 1 0
1852 1311 1 0
669011 669011 1 1
25040000000000000000000000000000000000 79160000000000000000000000000000000000 1 0
2400 26000 0 0
124 91 1 1
1604 5072 1 0
4802 1520 1 0
2877 4063 1 1
1491 1057 1 1
710688 710688 1 1
196500000000000000000000000000000 621100000000000000000000000000000 1 0
770000000000000000000 742000000000000000000 1 1
671 453 1 0
3696 11686 1 0
1116 352 0 0
1149 1623 1 1
26 18 1 0
925122 925122 1 1
1818000000000000000000000000000 5748000000000000000000000000000 1 0
499000000000000000000000000 4010000000000000000000000000 0 0
569 988 1 0
711 2250 0 0
11666 3691 1 0
699 989 1 0
3007 2130 1 1
805873 805873 1 1
2264000000000000000000000000000000000000000000000000000000000000000000000000000000000000000000000000000000000000000000000000000000000000000000000000000000000000000000000000000000000000000000000000000000000000000000000000000000000000000000000000000000000000000000000000000000000000000000000000 7158000000000000000000000000000000000000000000000000000000000000000000000000000000000000000000000000000000000000000000000000000000000000000000000000000000000000000000000000000000000000000000000000000000000000000000000000000000000000000000000000000000000000000000000000000000000000000000000000 1 0
488000000000000000000000000000000000000000000000000000000000000000000000000000000000000000000000000000000000000000000000000000000000000000000000000000000000000000000000000000000000000000000000000000000000000000000000 751000000000000000000000000000000000000000000000000000000000000000000000000000000000000000000000000000000000000000000000000000000000000000000000000000000000000000000000000000000000000000000000000000000000000000000000 1 0
317 516 1 0
290 918 0 0
4164 1317 1 0
3691 5211 1 1
3376 2390 1 0
502424 502424 1 1
1086000000000 3436000000000 0 0
334000 12600000 0 0
762 35 0 0
3832 12119 0 0
4641 1466 0 0
2107 2976 1 1
2314 1636 1 0
847695 847695 1 1
275800000000000000000000000000000000000 872000000000000000000000000000000000000 1 0
748 8750 0 0
913 476 1 0
2335 7383 1 0
7523 2380 1 0
2254 3185 1 0
3008 2129 1 0
428091 428091 1 1
490000 1520000 1 0
1250000000 816000000000 0 0
819 928 1 1
2529 7995 1 0
697 218 0 0
148 210 1 0
2621 1857 1 1
918850 918850 1 1
39980000000000000 126430000000000000 0 0
797000000000000000000000000 59700000000000000000000000000 0 0
457 370 1 1
3055 9661 0 0
2743 868 1 0
3507 4953 1 1
1659 1174 1 0
539318 539318 1 1
64000000000000000000000000000000000000000000000000000000000000000000000000000000000000000000 202000000000000000000000000000000000000000000000000000000000000000000000000000000000000000000 1 0
33800000000000000000000000000000000000000000000000000000000000000000000000000000000000000000000000000000000000000000000000000000000000000000000000000000000000000000000000000000000000000000000000000000000000000000000000000000000000000000000000000000000000000000000000 63700000000000000000000000000000000000000000000000000000000000000000000000000000000000000000000000000000000000000000000000000000000000000000000000000000000000000000000000000000000000000000000000000000000000000000000000000000000000000000000000000000000000000000000000 1 0
945 156 0 0
1364 4313 1 0
5569 1759 0 0
2453 3464 1 1
3667 2598 1 1
187036 187036 1 1
19110000000000 60420000000000 1 0
7360000000000 81500000000000 0 0
909 306 1 0
3222 10189 0 0
10824 3421 0 0
3185 4496 1 1
2650 1874 1 0
331389 331389 1 1
950000000000 3002000000000 1 0
895000000000 7010000000000 0 0
423 883 1 0
3873 12249 0 0
10450 3303 0 0
2632 3715 1 1
471 332 1 0
529685 529685 1 1
67900000000000000 214900000000000000 0 0
722000000000000000000000000000 37200000000000000000000000000000 0 0
175 679 0 0
390 1234 0 0
311 98 0 0
3370 4760 1 1
484 340 1 0
690015 690015 1 1
377800000000000000000000000 1194600000000000000000000000 1 0
270 429000 0 0
459 944 1 0
2711 8571 1 0
9602 3035 0 0
1210 1709 1 1
2173 1540 1 1
251913 251913 1 1
187000000000000000000000000000000000000000000000000000000000000000000000000000000000000000000000000000000000000000000000000000000000000000000000000000000000000000000000000000000000000000000000000000000000000000 590000000000000000000000000000000000000000000000000000000000000000000000000000000000000000000000000000000000000000000000000000000000000000000000000000000000000000000000000000000000000000000000000000000000000000 1 0
50800000000000000000000000000000000000000000000000000000 2200000000000000000000000000000000000000000000000000000 0 0
259 811 1 0
742 2346 1 0
7553 2390 1 0
2333 3294 1 1
951 672 1 0
154515 154515 1 1
347600000000000000000000000000000000000000 1099200000000000000000000000000000000000000 1 0
768000000000000000000000000000 4790000000000000000000000000000 0 0
111 626 0 0
163 515 1 0
1661 525 0 0
3174 4485 1 0
3945 2792 1 0
823389 823389 1 1
1100000000 3480000000 0 0
789000000000000000 109000000000000000 0 0
919 304 1 0
1485 4694 1 0
11284 3569 1 0
3436 4851 1 1
787 556 1 0
143727 143727 1 1
166300000000000000000000000000 525700000000000000000000000000 1 0
14100000000000000000 150000000000000000000 0 0
485 423 1 1
54 168 1 0
10364 3277 0 0
2890 4084 1 0
2992 2119 1 1
724545 724545 1 1
238300000000000000000000000000000 753500000000000000000000000000000 1 0
586000000000 4500000000000 0 0
201 816 0 0
1656 5235 1 0
6240 1972 0 0
2518 3557 1 0
1161 820 1 0
380863 380863 1 1
10200000000000000000000000000000000000000000000000000000000000000000000000000 32000000000000000000000000000000000000000000000000000000000000000000000000000 1 0
213000000000000000000000000000000000000000000000000000000000000000000000000000000000000 82200000000000000000000000000000000000000000000000000000000000000000000000000000000000000 0 0
187 745 0 0
2705 8555 0 0
8775 2776 1 0
1781 2515 1 1
1641 1161 1 0
1951 1951 1 1
30330000000000000000000000000000000 95910000000000000000000000000000000 1 0
58600000000000000000000 6810000000000000000000000 0 0
681 593 1 1
482 1526 0 0
10704 3386 1 0
2728 3854 1 0
3826 2708 1 0
468737 468737 1 1
2725000000000000000000000000000000000000 8616000000000000000000000000000000000000 1 0
4740000000000000000000 6760000000000000000000 1 0
594 698 1 1
1265 4000 1 0
2512 796 1 0
388 546 1 1
3600 2548 1 0
778472 778472 1 1
2691000000 8508000000 1 0
907000000000000000000 4340000000000000000000 0 0
337 676 1 0
1160 3669 0 0
8260 2613 1 0
2615 3691 1 1
3906 2764 1 0
279497 279497 1 1
290 916 1 0
2830000000000000000000000000 186000000000000000000000000000 0 0
192 373 1 0
2463 7789 0 0
6720 2123 0 0
3514 4962 1 1
2917 2063 1 0
142790 142790 1 1
14740000000000000000000000000000000000000000000000000000000000000000000000000000000000000000000000000000000000 46620000000000000000000000000000000000000000000000000000000000000000000000000000000000000000000000000000000000 0 0
992000000000000000000000000000000000000000000000000000000 7160000000000000000000000000000000000000000000000000000000 0 0
496 213 1 0
2442 7723 0 0
6546 2069 0 0
3330 4705 1 0
2604 1842 1 0
256387 256387 1 1
2212000000000000 6993000000000000 1 0
361000000000000000 6980000000000000000 0 0
624 994 1 0
1384 4378 0 0
11703 3700 0 0
1958 2765 1 1
1431 1015 1 1
870005 870005 1 1
227200000000000000000000000 718200000000000000000000000 1 0
65 196 1 0
532 74 0 0
2326 7353 1 0
1541 488 1 0
3602 5086 1 1
2870 2032 1 1
638812 638812 1 1
32390000 102410000 1 0
8870000000000000000000 15200000000000000000000 1 0
129 444 0 0
1592 5033 1 0
10019 3166 0 0
2879 4066 1 1
3428 2427 1 1
276923 276923 1 1
2408 7613 1 0
549 33000 0 0
833 154 0 0
432 1364 1 0
8173 2583 0 0
2559 3616 1 0
3401 2408 1 1
613455 613455 1 1
446000000000000000000000000000000000000000000000000000000000000000000000000000000000000000000000000000000000000000000000000000000000000000000000000000000000000000000000000000000000000000000000000000000000000000000000000000000000000000 1411000000000000000000000000000000000000000000000000000000000000000000000000000000000000000000000000000000000000000000000000000000000000000000000000000000000000000000000000000000000000000000000000000000000000000000000000000000000000000 0 0
2080000000000000000000000000000000000000000000000000000000000000000000000000000000000000000000000000000000000000000000000000000000000000000000 53300000000000000000000000000000000000000000000000000000000000000000000000000000000000000000000000000000000000000000000000000000000000000000000 0 0
487 199 1 0
3284 10386 0 0
10762 3404 1 0
2646 3736 1 1
20 15 1 1
824328 824328 1 1
16630000000000000000000000 52580000000000000000000000 1 0
36600000000000000000000000000 8760000000000000000000000000000 0 0
572 180 0 0
67 211 1 0
418 133 1 0
572 805 1 1
1169 825 1 0
937493 937493 1 1
337200000000000000000000000000000 1066100000000000000000000000000000 1 0
4930000000000000000 774000000000000000000 0 0
616 463 1 1
478 1513 0 0
9350 2957 1 0
2808 3968 1 0
1278 905 1 1
31929 31929 1 1
1469000000000000000000000000000000000000 4645000000000000000000000000000000000000 1 0
66300000000000000000000 932000000000000000000000 0 0
346 441 1 1
1749 5532 0 0
3929 1240 0 0
3942 5568 1 1
2127 1507 1 1
781949 781949 1 1
267400000000000000000000000000000000000 845600000000000000000000000000000000000 0 0
1930000000000 21200000000000 0 0
239 101 1 0
1211 3827 1 0
2872 907 0 0
967 1363 1 1
747 529 1 1
963390 963390 1 1
36960000000000000000000000000000000000000000000000000000000000000000000 116890000000000000000000000000000000000000000000000000000000000000000000 0 0
4230000000000000000000000000000000000000000000000000000000000000000000000000000000000000000000000000000000000000000000000000000000000000000000000000000000000000000000000000000000000000000000000000000000000000000000000000000 1720000000000000000000000000000000000000000000000000000000000000000000000000000000000000000000000000000000000000000000000000000000000000000000000000000000000000000000000000000000000000000000000000000000000000000000000000000 1 0
642 318 1 0
1023 3236 0 0
6929 2190 0 0
817 1155 1 0
671 474 1 0
555935 555935 1 1
228500 722300 1 0
19200000000000 6270000000000000 0 0
60 175 1 0
3578 11312 1 0
2154 680 0 0
2280 3218 1 1
577 406 1 0
638629 638629 1 1
194200000000000000 613900000000000000 1 0
17500000000000000000 731000000000000000000 0 0
892 694 1 1
71 225 0 0
11348 3586 0 0
1191 1683 1 0
251 177 1 0
215487 215487 1 1
1963000000000000000000000000000000000000 6206000000000000000000000000000000000000 1 0
98800000000 26200000000 0 0
438 449 1 1
1509 4773 0 0
3406 1075 0 0
63 88 1 1
592 421 1 1
860296 860296 1 1
8130000000000000000000000 25710000000000000000000000 0 0
62200000000 485000000000 0 0
239 40 0 0
2659 8406 1 0
3081 975 1 0
1336 1888 1 0
3042 2155 1 1
270086 270086 1 1
1047000000000000000000000000000000000000000000000000000000000000000000000000000000000000000000000000000000000000000000000000000000000000000000000000000000000000000000000000 3311000000000000000000000000000000000000000000000000000000000000000000000000000000000000000000000000000000000000000000000000000000000000000000000000000000000000000000000000 0 0
3490000000000000000000000000000000000000000000000000000000000000000000000000000000000000000000000000000000000000000000000000000000000000000000000000000000000000000000000000000000000000000 957000000000000000000000000000000000000000000000000000000000000000000000000000000000000000000000000000000000000000000000000000000000000000000000000000000000000000000000000000000000000000000 0 0
816 978 1 1
3953 12502 0 0
2661 840 0 0
170 239 1 1
520 367 1 0
400930 400930 1 1
30800000 97100000 1 0
706000 9380000 0 0
78 174 1 0
2938 9291 0 0
4476 1416 1 0
994 1404 1 1
3268 2315 1 1
575920 575920 1 1
129600000000000000000000000000000000000000 409700000000000000000000000000000000000000 1 0
374000000000000000000000000 6600000000000000000000000000 0 0
24 613 0 0
3572 11293 1 0
4935 1562 1 0
446 630 1 0
424 298 1 0
63362 63362 1 1
7720000000000 24400000000000 1 0
84500000000000000000000 46000000000000000000000 1 0
399 653 1 0
3018 9545 0 0
4567 1446 1 0
172 241 1 1
3476 2462 1 1
872269 872269 1 1
2493000000000000000000000000000 7885000000000000000000000000000 0 0
401000000 211000000 1 0
131 347 1 0
1310 4141 1 0
9683 3061 0 0
402 565 1 1
3327 2356 1 1
720809 720809 1 1
3319000000000000000000000000000000000000000000000000000000000000000000000000000000000000000000000000000000000000000000000000000000000000000000000000000000000000000000000000000000000000000000000000000000000 10497000000000000000000000000000000000000000000000000000000000000000000000000000000000000000000000000000000000000000000000000000000000000000000000000000000000000000000000000000000000000000000000000000000000 0 0
801000000000000000000000000000000000000000000000000000000000000000000000000000000000000000000000000000000000000000000000000000000000000000000000000000000000000000000000000000000000000000000000000000000000000000000000000000000000000000000000000000000000000000000000000000000000000000 379000000000000000000000000000000000000000000000000000000000000000000000000000000000000000000000000000000000000000000000000000000000000000000000000000000000000000000000000000000000000000000000000000000000000000000000000000000000000000000000000000000000000000000000000000000000000000 1 0
116 119 1 1
3161 9993 1 0
9620 3043 1 0
2831 3999 1 0
3575 2531 1 1
847345 847345 1 1
1199000000000000000000000000000000 3793000000000000000000000000000000 0 0
833000000000000000000000000000 2960000000000000000000000000000 0 0
776 503 1 0
2841 8983 1 0
11868 3750 0 0
1186 1674 1 1
3011 2132 1 1
214918 214918 1 1
10960000000000000000000000000000000000000 34640000000000000000000000000000000000000 1 0
4560000000000000000 477000000000000000000 0 0
511 229 1 0
512 1620 0 0
2850 899 0 0
1567 2214 1 0
1443 1020 1 0
478148 478148 1 1
2210000000000000000000000000000 6990000000000000000000000000000 0 0
27100 7600 0 0
657 67 0 0
264 834 1 0
1411 446 0 0
2074 2927 1 1
3325 2355 1 1
983197 983197 1 1
27590000000000000000000000000000000000 87240000000000000000000000000000000000 1 0
900000000000000000000000 733000000000000000000000 1 1
379 144 1 0
226 712 1 0
7703 2435 0 0
925 1304 1 1
2707 1917 1 1
568632 568632 1 1
238100000000000000000000000000000000000000000000000000000000000000000000000000000000000000000000000000000000000000 752900000000000000000000000000000000000000000000000000000000000000000000000000000000000000000000000000000000000000 1 0
3200000000 2910000000000 0 0
809 165 0 0
3884 12283 0 0
9261 2930 1 0
749 1057 1 1
2368 1678 1 1
85831 85831 1 1
143700000000000000000 454400000000000000000 1 0
4300000000000 79000000000000 0 0
618 26 0 0
1567 4954 1 0
8419 2660 0 0
3748 5293 1 1
3184 2256 1 1
364896 364896 1 1
206900000000000000000000000000000 654400000000000000000000000000000 0 0
292000000000000 9000000000000000 0 0
102 265 1 0
1811 5728 0 0
9189 2903 0 0
386 543 1 1
3236 2289 1 0
85155 85155 1 1
3240000000000000000000000000000000000000000 10244000000000000000000000000000000000000000 1 0
93500000000000000000000000000000 65200000000000000000000000000000 1 0
736 428 1 0
469 1483 1 0
10246 3238 0 0
354 498 1 1
3371 2388 1 1
798636 798636 1 1
9460000000000000000000000 29910000000000000000000000 1 0
889000000000000000000000000 709000000000000000000000000 1 1
74 423 0 0
2430 7686 0 0
10965 3466 0 0
2480 3503 1 1
2533 1792 1 0
536481 536481 1 1
31440000000000000000000000000000000000000000000000000000000000000000000000000000000000000000000000000000000000000000000000000000000000000000000000000000000000000000000000000000000000000000000000000000000000000000000000000000000000000000000000000000000000000000000 99410000000000000000000000000000000000000000000000000000000000000000000000000000000000000000000000000000000000000000000000000000000000000000000000000000000000000000000000000000000000000000000000000000000000000000000000000000000000000000000000000000000000000000000 1 0
5690000000000000 50000000000000000 0 0
910 493 1 0
382 1206 1 0
332 102 0 0
785 1110 1 0
271 190 1 0
915662 915662 1 1
161300 509800 1 0
256000000000000000000000000000 53700000000000000000000000000000 0 0
540 291 1 0
2427 7672 1 0
695 217 0 0
3640 5139 1 1
3519 2492 1 1
79798 79798 1 1
4830000000000000000000000 15290000000000000000000000 0 0
99400000000000000000000000000000 8550000000000000000000000000000000 0 0
93 519 0 0
1201 3795 1 0
2897 914 0 0
2711 3828 1 1
1634 1155 1 0
261497 261497 1 1
188200000000000000000000000000 595300000000000000000000000000 0 0
298000000000000000000000000000 397000000000000000000000000000 1 1
681 662 1 1
3602 11392 0 0
9235 2919 0 0
3113 4397 1 1
2207 1563 1 1
259571 259571 1 1
28430000000000000000000000 89900000000000000000000000 1 0
201000000000000000000000000000 3230000000000000000000000000000 0 0
563 494 1 1
942 2980 0 0
3898 1234 1 0
711 1004 1 1
2529 1790 1 0
966860 966860 1 1
160700000000000000000000000000000000000000000000000000000000000000000000000000000000000000000000000000000000000000000000000000000000000000000000000000000000000000000000000000000000000000000000000 508000000000000000000000000000000000000000000000000000000000000000000000000000000000000000000000000000000000000000000000000000000000000000000000000000000000000000000000000000000000000000000000000 1 0
8040000000000000000000000000000000000000000000000000000000000000000000000000000000000000000000000000000000000000000000000000000000000000000000000000000000000000000000000000000000000000000000000000000 630000000000000000000000000000000000000000000000000000000000000000000000000000000000000000000000000000000000000000000000000000000000000000000000000000000000000000000000000000000000000000000000000000000 0 0
207 60 0 0
808 2555 1 0
9750 3085 1 0
3167 4474 1 0
575 406 1 0
404863 404863 1 1
886000 2803000 0 0
7610000000000000000000000 7720000000000000000000000 1 1
588 684 1 1
2246 7100 1 0
8267 2612 0 0
1285 1813 1 1
2119 1501 1 1
238434 238434 1 1
26250000000000000000000 82990000000000000000000 1 0
851000000000000000000000 8090000000000000000000000 0 0
332 253 1 1
1363 4308 1 0
5308 1678 0 0
1871 2641 1 1
321 225 1 0
777270 777270 1 1
13150000000000000000000 41560000000000000000000 1 0
460000000000000000 498000000000000000000 0 0
694 557 1 1
2156 6817 1 0
9570 3024 0 0
2647 3740 1 0
3603 2552 1 1
319741 319741 1 1
241200000000000000000000000000000000000000 762700000000000000000000000000000000000000 1 0
74400000000000000000 368000000000000000000 0 0
842 178 0 0
517 1635 0 0
5674 1793 0 0
3603 5088 1 1
88 61 1 0
502506 502506 1 1
7070000000000000000000000000000000000000000000000000000000000000000000000000000000000000000000000000000000000000000000000000000000000000000000000000000000000000000000000000000000000000000000000000000000000000 22330000000000000000000000000000000000000000000000000000000000000000000000000000000000000000000000000000000000000000000000000000000000000000000000000000000000000000000000000000000000000000000000000000000000000 1 0
510000000000000000000000000000000000000000000000000000000000000000000000000000000000000000000000000000000000000000000000000000000000000000000000000000000000000000000000000000000000000000000000000000000000000000000000000000000000000000000000000000000000000000000000000000000000000000000 9430000000000000000000000000000000000000000000000000000000000000000000000000000000000000000000000000000000000000000000000000000000000000000000000000000000000000000000000000000000000000000000000000000000000000000000000000000000000000000000000000000000000000000000000000000000000000000000 0 0
319 475 1 0
1482 4686 1 0
3958 1253 1 0
2217 3131 1 1
2807 1986 1 0
139359 139359 1 1
168100000000000000000000000000000000000000 531500000000000000000000000000000000000000 1 0
97000000000 284000000000 1 0
872 58 0 0
553 1747 1 0
9701 3066 0 0
792 1118 1 1
164 115 1 0
842830 842830 1 1
2136000000 6754000000 1 0
225000000000000000 4790000000000000000 0 0
47 628 0 0
182 576 0 0
2429 769 1 0
1578 2226 1 1
3777 2671 1 0
91903 91903 1 1
14990000000000000000000 47400000000000000000000 1 0
977000000000000000000000 541000000000000000000000 1 0
966 701 1 1
2803 8862 1 0
6674 2108 0 0
3666 5180 1 0
3652 2583 1 0
632892 632892 1 1
17550000000 55500000000 0 0
94000000000000000000000000 7080000000000000000000000000 0 0
252 818 0 0
1874 5926 1 0
8399 2656 1 0
2936 4146 1 1
3895 2756 1 0
606891 606891 1 1
3791000000000000000000000000000000000000000000000000000000000000000000000000000000000000000000000000000000000000000000000000000000000000000000 11987000000000000000000000000000000000000000000000000000000000000000000000000000000000000000000000000000000000000000000000000000000000000000000 1 0
57100000000000000000000000000000000000000000000000000000000000000000000000000000000 8880000000000000000000000000000000000000000000000000000000000000000000000000000000000 0 0
99 32 1 0
1933 6112 1 0
9716 3072 0 0
3353 4734 1 1
766 543 1 1
384101 384101 1 1
35950000000000000000000000 113660000000000000000000000 1 0
8700000000000 6490000000000 1 1
850 810 1 1
1286 4065 1 0
2456 776 0 0
1764 2489 1 1
2827 2001 1 0
307522 307522 1 1
468000000000000000000000000000000000 1477000000000000000000000000000000000 1 0
47600000000000000 932000000000000000 0 0
466 618 1 1
3621 11448 1 0
4311 1364 1 0
1311 1850 1 1
1337 945 1 0
886567 886567 1 1
17430000000000000000000000 55090000000000000000000000 1 0
660000000000 7900000000000 0 0
132 903 0 0
3304 10446 1 0
4703 1488 1 0
1032 1456 1 1
2038 1441 1 0
420447 420447 1 1
25730000000000000 81360000000000000 1 0
2180000 460000 0 0
796 588 1 1
2181 6897 0 0
2511 795 1 0
3476 4909 1 1
1544 1093 1 0
328830 328830 1 1
18400000000000000000000000000000000000000000000000000000000000000000000000000000000000000000000000000000000000000000000000000000000000000000000000000000000000000000000000000000000000000000000000000 58160000000000000000000000000000000000000000000000000000000000000000000000000000000000000000000000000000000000000000000000000000000000000000000000000000000000000000000000000000000000000000000000000 1 0
696000000000000000000000000000000000000000000000000000000000000000000000000000000000000000000000000000000000000000000000000000000000000000000000000000000000000000000 3770000000000000000000000000000000000000000000000000000000000000000000000000000000000000000000000000000000000000000000000000000000000000000000000000000000000000000000 0 0
339 29 0 0
2434 7696 1 0
10018 3165 0 0
590 832 1 1
571 403 1 0
559069 559069 1 1
2060 6513 1 0
4090000000 1000000000 0 0
917 566 1 0
2478 7834 1 0
9235 2922 1 0
3112 4394 1 1
1199 850 1 1
243429 243429 1 1
172500000 545300000 1 0
838000000000000000000000000000 23400000000000000000000000000000 0 0
995 191 0 0
1342 4244 0 0
5798 1831 0 0
372 526 1 0
808 572 1 0
738566 738566 1 1
133200000000000000000000000000000 421300000000000000000000000000000 0 0
3210000000000000000000000000000 2620000000000000000000000000000 1 1
710 914 1 1
243 767 1 0
7652 2419 0 0
855 1205 1 1
3543 2508 1 0
924749 924749 1 1
11200000000000000 35400000000000000 1 0
831000 742000 1 1
90 114 1 1
2966 9379 1 0
730 229 0 0
2904 4100 1 1
2880 2038 1 0
456485 456485 1 1
11080000000000000000000000000000000000000000000000000000000000000000000000000000000000000000000000000000000000000000000000000000000000000000000000000000000000000000000000000000000000000000000000000000000000000000000000000000000000000000000000000000000000000 35040000000000000000000000000000000000000000000000000000000000000000000000000000000000000000000000000000000000000000000000000000000000000000000000000000000000000000000000000000000000000000000000000000000000000000000000000000000000000000000000000000000000000 0 0
523000000000000000000000000000000000000000000000000000000000000000000000000000000000000000000000000000000000000000000000000000000000000000 979000000000000000000000000000000000000000000000000000000000000000000000000000000000000000000000000000000000000000000000000000000000000000 1 0
857 996 1 1
3070 9710 0 0
11528 3646 1 0
1391 1966 1 0
2169 1533 1 0
757769 757769 1 1
253000000000000000000000000000000 799000000000000000000000000000000 1 0
715000000000000000000000000000 6800000000000000000000000000000 0 0
773 719 1 1
1991 6298 0 0
11117 3517 1 0
1987 2805 1 1
2501 1770 1 0
582709 582709 1 1
2514000000000 7947000000000 1 0
286 475 1 0
898 456 1 0
3474 10986 0 0
10270 3245 0 0
2567 3627 1 0
2523 1785 1 0
665867 665867 1 1
1176000000000000000000000000 3716000000000000000000000000 1 0
2540000000000000000000000 642000000000000000000000000 0 0
788 138 0 0
3080 9738 1 0
6939 2194 0 0
1375 1941 1 1
2250 1591 1 0
879490 879490 1 1
20600 65130 1 0
700000 80800000 0 0
630 146 0 0
2550 8063 1 0
10021 3166 0 0
910 1283 1 1
1092 771 1 0
919064 919064 1 1
40000000000000000000000000000000000000000000000000000000000000000000000000000000000000000000000000000000000000000000000000000000000000000000000000000000000 126300000000000000000000000000000000000000000000000000000000000000000000000000000000000000000000000000000000000000000000000000000000000000000000000000000000 1 0
609000000000000000000000000000000000000000000000000000000000000000000000000000000000000000000000000000000000000000000000000000000000000000000000000000000000000000000000000000000000000000000000000000000000000000000000000000000000000000000000000000000000000000000000000000000000 2030000000000000000000000000000000000000000000000000000000000000000000000000000000000000000000000000000000000000000000000000000000000000000000000000000000000000000000000000000000000000000000000000000000000000000000000000000000000000000000000000000000000000000000000000000000000 0 0
277 872 1 0
874 2762 1 0
5070 1604 1 0
3181 4495 1 0
2535 1793 1 0
373086 373086 1 1
247600000000000000000000000000000000 783100000000000000000000000000000000 0 0
2660000000000000000000000000000 9220000000000000000000000000000 0 0
517 576 1 1
2980 9423 1 0
8624 2727 0 0
421 593 1 1
3487 2469 1 1
677710 677710 1 1
188900000000000000000000000000000000 597200000000000000000000000000000000 1 0
451 682 1 0
618 896 1 0
944 2985 1 0
2990 946 1 0
281 394 1 1
2284 1618 1 1
582534 582534 1 1
267200000000000000000000000000000 845100000000000000000000000000000 0 0
23300000 28000000 1 1
356 500 1 1
2266 7166 0 0
6266 1979 0 0
2364 3341 1 0
3255 2305 1 1
728030 728030 1 1
78300000000000000000000000000 247500000000000000000000000000 1 0
53400 4530000 0 0
396 731 1 0
1755 5548 1 0
3114 986 1 0
3810 5381 1 1
1799 1273 1 0
879847 879847 1 1
8400000000000000000000000000000000000000000000000000000000000000000000000000000000000000000000000000000000000000000000000000000000000000000000000000000000000000000000000000000000000000000000000000000000000000000000000000000000000000000000 26560000000000000000000000000000000000000000000000000000000000000000000000000000000000000000000000000000000000000000000000000000000000000000000000000000000000000000000000000000000000000000000000000000000000000000000000000000000000000000000 1 0
218000000000000000000000000000000000000000000000000000000000000000000000000000000000000000000000000000000000000 490000000000000000000000000000000000000000000000000000000000000000000000000000000000000000000000000000000000000 1 0
309 469 1 0
3247 10265 1 0
10498 3317 0 0
2320 3277 1 1
1989 1408 1 0
432477 432477 1 1
1860000000000000000000 5883000000000000000000 0 0
8010000000000000000 786000000000000000000 0 0
522 433 1 1
11 36 0 0
6931 2190 0 0
2387 3373 1 0
2423 1717 1 1
554115 554115 1 1
86800000000 274300000000 1 0
74600000000000000000000000000 2010000000000000000000000000000 0 0
314 151 1 0
2637 8339 0 0
5892 1862 0 0
3284 4636 1 1
2990 2114 1 0
517443 517443 1 1
598000000000000000000000000000000000000000 1892000000000000000000000000000000000000000 0 0
383000000000000000 1640000000000000000 0 0
125 330 1 0
3984 12596 1 0
8814 2788 1 0
1072 1512 1 1
285 200 1 0
614082 614082 1 1
1435000000000 4537000000000 1 0
46900000000000000000000000000 89800000000000000000000000000 1 0
844 340 1 0
687 2170 1 0
11553 3655 1 0
1938 2737 1 1
642 452 1 0
702343 702343 1 1
115800000000000000000000000000000000000000000000000000000000000000000000000000000000000000000000000000000000000000000000000000000000000000 366300000000000000000000000000000000000000000000000000000000000000000000000000000000000000000000000000000000000000000000000000000000000000 0 0
975000000000000000000000000000000000000000000000000000000000000000000000000000000000000000000000000000000000000000000000000000000000000000000000000000000000000000000000000000000000000000000 400000000000000000000000000000000000000000000000000000000000000000000000000000000000000000000000000000000000000000000000000000000000000000000000000000000000000000000000000000000000000000000 1 0
673 85 0 0
3413 10794 0 0
5428 1716 0 0
2747 3878 1 1
3705 2624 1 1
146848 146848 1 1
5790000000000 18280000000000 1 0
531000000000000000000000 18300000000000000000000000 0 0
615 446 1 1
1859 5880 0 0
3132 992 1 0
3389 4789 1 0
1563 1104 1 0
131747 131747 1 1
38600 122060 1 0
22700000 9210000000 0 0
780 127 0 0
2071 6547 1 0
5962 1885 0 0
3112 4396 1 0
1470 1042 1 1
461313 461313 1 1
1755000000000000000000000000000000000 5550000000000000000000000000000000000 0 0
582000000000 63900000000000 0 0
893 91 0 0
1134 3587 0 0
4331 1368 0 0
1951 2755 1 1
1570 1111 1 0
846202 846202 1 1
214900000000000000 679400000000000000 1 0
392000000000000000000000000000 63900000000000000000000000000000 0 0
284 871 1 0
3867 12230 0 0
7470 2364 1 0
3304 4666 1 1
2426 1718 1 1
478638 478638 1 1
94200000000000000000000000000000000000000000000000000000000000 297600000000000000000000000000000000000000000000000000000000000 1 0
85100000000000000000000 9780000000000000000000000 0 0
207 739 0 0
1881 5948 1 0
8385 2649 0 0
1901 2685 1 1
3487 2466 1 0
369763 369763 1 1
3676000000000000000000000 11622000000000000000000000 1 0
649000000000000000000 9710000000000000000000 0 0
184 415 1 0
2282 7215 1 0
5270 1667 1 0
38 52 1 1
726 515 1 1
325997 325997 1 1
1991000000000000000000000 6297000000000000000000000 0 0
61500000000000000000000000000000 8760000000000000000000000000000000 0 0
4 869 0 0
3290 10402 1 0
3839 1212 0 0
480 680 1 0
736 520 1 0
236952 236952 1 1
3976000000000000000000000000000 12571000000000000000000000000000 1 0
23700000000000000000 971000000000000000000 0 0
102 272 1 0
147 466 0 0
8771 2774 1 0
2555 3610 1 0
3934 2785 1 0
824067 824067 1 1
18820000000000000000000000000000000000 59510000000000000000000000000000000000 1 0
28400000000000000 6300000000000000000 0 0
438 560 1 1
1482 4688 0 0
2155 681 0 0
624 879 1 1
1584 1122 1 1
516743 516743 1 1
1195000000000000000000000000 3776000000000000000000000000 1 0
627000000000 8060000000000 0 0
721 989 1 1
3753 11867 1 0
7081 2238 0 0
2867 4047 1 1
2892 2047 1 0
480026 480026 1 1
3997 12638 1 0
31500000000000000000000000000000 3000000000000000000000000000000000 0 0
585 869 1 0
2776 8778 1 0
10570 3342 0 0
2261 3193 1 1
2056 1456 1 1
95499 95499 1 1
74600000000000000 235700000000000000 1 0
482 544 1 1
602 989 1 0
1522 4811 1 0
4328 1366 0 0
1481 2092 1 0
2780 1967 1 0
933961 933961 1 1
9880000000000 31230000000000 1 0
347000000000000000000000 1160000000000000000000000 0 0
295 34 0 0
2469 7808 0 0
2137 673 0 0
1933 2728 1 1
1936 1372 1 1
934215 934215 1 1
163000000000 515200000000 1 0
78700000000 72400000000 1 1
826 899 1 1
3628 11472 1 0
8863 2804 1 0
273 385 1 1
827 583 1 0
153600 153600 1 1
958000000000000000000000000000000000000000000000000000000000000000000000000000000000000000000000000000000000000000000000000000000000000000000000000000000000000000000000000000000000000000000000000000000000000000000000000000000000000000000000000000000000000000000000000000000000000000000000000 3031000000000000000000000000000000000000000000000000000000000000000000000000000000000000000000000000000000000000000000000000000000000000000000000000000000000000000000000000000000000000000000000000000000000000000000000000000000000000000000000000000000000000000000000000000000000000000000000000 0 0
13600000000000000000000000000000000000000000000000000000000000000000000000000000000000000000000000000000000000000000000000000000000000000000000000000000000000000000000000000 56200000000000000000000000000000000000000000000000000000000000000000000000000000000000000000000000000000000000000000000000000000000000000000000000000000000000000000000000000 0 0
413 417 1 1
1663 5259 0 0
1845 584 1 0
1377 1943 1 1
1971 1394 1 0
850657 850657 1 1
652 2059 1 0
56500000000000000000000000000000 8520000000000000000000000000000000 0 0
460 829 1 0
2626 8304 1 0
7214 2279 0 0
3039 4290 1 1
2531 1789 1 0
908122 908122 1 1
378000000000000000000 1196000000000000000000 0 0
39600000000000000 9090000000000000000 0 0
377 259 1 0
2436 7705 0 0
4314 1363 0 0
913 1289 1 1
845 599 1 1
327847 327847 1 1
25200000000000000000000000000 79500000000000000000000000000 1 0
36000000000000 230000000000000 0 0
406 447 1 1
3836 12130 1 0
3213 1016 0 0
1082 1530 1 0
1939 1370 1 0
285711 285711 1 1
1894000000000000000000000000000000000000 5990000000000000000000000000000000000000 0 0
390 71700 0 0
708 392 1 0
2920 9233 1 0
6706 2122 1 0
3495 4935 1 1
3365 2381 1 0
931801 931801 1 1
18870000000000000000000000000000000000000000000000000000000000000000000000000000000000000000000000000000000000000000000000000000000000000000000000000000000000000000000000000000000000000000000000000000000000000000000000000000000000000000000000000000000 59650000000000000000000000000000000000000000000000000000000000000000000000000000000000000000000000000000000000000000000000000000000000000000000000000000000000000000000000000000000000000000000000000000000000000000000000000000000000000000000000000000000 1 0
31100000000000000000000000000000000000000000000000000 990000000000000000000000000000000000000000000000000000 0 0
750 270 1 0
3544 11206 1 0
7319 2314 0 0
1130 1595 1 1
3443 2435 1 0
709393 709393 1 1
1270000000000000000 4016000000000000000 1 0
9250000000000000000000000 880000000000000000000000 0 0
264 829 1 0
3999 12647 0 0
4127 1306 1 0
2988 4222 1 0
2369 1676 1 0
405773 405773 1 1
3334 10545 0 0
93600000000000000000000000000000 450000000000000000000000000000000 0 0
533 647 1 1
103 325 1 0
8492 2686 1 0
782 1104 1 1
949 670 1 0
244997 244997 1 1
398600 1260400 1 0
392000 45000000 0 0
61 962 0 0
3883 12280 0 0
301 97 1 0
1179 1663 1 1
3788 2681 1 0
516738 516738 1 1
1480000000 4660000000 1 0
1630000000 95000000000 0 0
924 78 0 0
2505 7923 0 0
2528 799 0 0
3737 5279 1 0
1439 1020 1 1
614053 614053 1 1
12500000000000000000000000000000000000000000000000000000000000000000000000000000000000000000000000000000000000000000000000000000000000000000000 39400000000000000000000000000000000000000000000000000000000000000000000000000000000000000000000000000000000000000000000000000000000000000000000 1 0
749000000000000000000000000000000000000000000000 18900000000000000000000000000000000000000000000000 0 0
376 862 1 0
3241 10249 0 0
1160 364 0 0
3424 4835 1 1
3182 2253 1 1
974931 974931 1 1
336100 1062600 1 0
59000000000000000000000 3200000000000000000000000 0 0
752 277 1 0
279 881 1 0
2246 711 1 0
3440 4860 1 0
1075 761 1 0
473158 473158 1 1
339000000 1074000000 0 0
4510000000000000000000000000000 945000000000000000000000000000000 0 0
330 203 1 0
1582 5004 0 0
6103 1929 0 0
2140 3022 1 1
380 271 1 1
377932 377932 1 1
1643000000000000 5194000000000000 1 0
5000000000000000 370000000000000000 0 0
689 558 1 1
3810 12046 1 0
7693 2434 1 0
3305 4670 1 0
1670 1181 1 0
876540 876540 1 1
1207000000 3816000000 1 0
3430 1990 1 0
466 923 1 0
3227 10204 1 0
11828 3738 0 0
2594 3665 1 0
3547 2512 1 1
919907 919907 1 1
20890000000000000000000000000000000000000000000000000000000000000000000000000000 66070000000000000000000000000000000000000000000000000000000000000000000000000000 0 0
57000000 48900000000 0 0
528 573 1 1
1863 5892 0 0
521 165 1 0
1748 2470 1 0
652 461 1 0
468014 468014 1 1
28740000000000000000000000000000 90870000000000000000000000000000 1 0
495000000000000000000 9440000000000000000000 0 0
983 243 0 0
224 706 1 0
4693 1482 0 0
2373 3353 1 0
1841 1301 1 0
484253 484253 1 1
9280000000 29350000000 0 0
33200000000000000000 28900000000000000000 1 1
518 552 1 1
2618 8277 1 0
9116 2883 1 0
740 1047 1 0
1719 1217 1 1
893633 893633 1 1
3378000000000000000000000000000000 10684000000000000000000000000000000 0 0
876000000000000000000 616000000000000000000 1 0
841 934 1 1
1270 4016 1 0
3786 1198 1 0
2081 2939 1 1
981 692 1 0
943561 943561 1 1
3965000000000000000000000000000000000 12540000000000000000000000000000000000 0 0
40500000000000 7710000000000000 0 0
569 592 1 1
3228 10207 1 0
2477 783 0 0
1952 2756 1 1
780 554 1 1
399661 399661 1 1
3142000000000000000000000000000000000000000000000000000000000000000000000000000000000000000000000000000000000000000000000000000000000000000 9935000000000000000000000000000000000000000000000000000000000000000000000000000000000000000000000000000000000000000000000000000000000000000 1 0
4020000000000000000000000000000000000000000000000000000000000000000000000000000000000000 1270000000000000000000000000000000000000000000000000000000000000000000000000000000000000 0 0
16 2 0 0
301 952 0 0
10958 3466 1 0
812 1144 1 1
3144 2223 1 0
482988 482988 1 1
82200000000000 259800000000000 1 0
313000000000000000000000000 196000000000000000000000000 1 0
602 372 1 0
687 2170 1 0
9488 3000 0 0
1807 2554 1 0
3915 2772 1 1
917689 917689 1 1
1200000000 3794000000 1 0
9700000000000000000000000000 81800000000000000000000000000 0 0
822 266 1 0
3600 11385 0 0
3308 1047 1 0
3468 4899 1 0
2091 1482 1 1
566089 566089 1 1
19630000000000000 62080000000000000 0 0
921000000 26400000000 0 0
378 912 1 0
54 168 1 0
1226 385 0 0
1908 2694 1 1
2888 2045 1 1
520854 520854 1 1
3154000000000 9975000000000 0 0
2060000000000000000000000000 33200000000000000000000000000 0 0
382 888 1 0
949 3001 1 0
5305 1678 1 0
1931 2727 1 1
1921 1360 1 1
468434 468434 1 1
4400000000000000000000000000000000000000000000000000000000000000000000000000000000000000000000000000 13700000000000000000000000000000000000000000000000000000000000000000000000000000000000000000000000000 1 0
680000000000000000000000000000000000000000000000000000000 756000000000000000000000000000000000000000000000000000000000 0 0
328 701 1 0
596 1884 1 0
9568 3027 1 0
1159 1636 1 1
2562 1811 1 0
175966 175966 1 1
10830000000000 34250000000000 0 0
25000000000000000000000000000 12400000000000000000000000000 1 0
578 758 1 1
2862 9051 0 0
4931 1558 0 0
856 1208 1 1
3309 2343 1 1
754552 754552 1 1
32200000000000000000000000000000 101600000000000000000000000000000 1 0
5900000000000000000000000 48000000000000000000000000 0 0
326 866 1 0
1995 6307 1 0
2626 828 0 0
464 657 1 0
2718 1923 1 0
359162 359162 1 1
709000000000000000 2243000000000000000 0 0
878000000000000000000000 27000000000000000000000000 0 0
707 496 1 0
3359 10620 1 0
3053 963 0 0
1219 1720 1 1
3004 2125 1 0
169187 169187 1 1
3619000000000000000000000 11446000000000000000000000 0 0
500000000000000000000000 1690000000000000000000000 0 0
901 656 1 1
3660 11575 0 0
3716 1177 1 0
270 383 1 0
1637 1160 1 1
177582 177582 1 1
16410000000000000000000000000000000000000000000000000000000000000000000000000000000000000000000 51870000000000000000000000000000000000000000000000000000000000000000000000000000000000000000000 1 0
66600000000000000000000000000000000000000000000000000000000000000000000000000000000000000000000000000000000 3510000000000000000000000000000000000000000000000000000000000000000000000000000000000000000000000000000000000 0 0
587 728 1 1
1497 4735 0 0
6412 2025 0 0
2822 3986 1 1
2985 2114 1 1
37965 37965 1 1
24290000 76800000 1 0
781000000000000000000000 32400000000000000000000000 0 0
499 791 1 0
2586 8179 0 0
2831 893 0 0
2906 4104 1 1
2735 1936 1 0
79742 79742 1 1
63700000000000 201500000000000 0 0
715000000000000000000 65700000000000000000000 0 0
89 850 0 0
2932 9271 1 0
10186 3220 0 0
935 1322 1 0
692 490 1 1
880066 880066 1 1
24500000000000000000000000 77480000000000000000000000 0 0
7000000000000000000000000 79800000000000000000000000000 0 0
439 223 1 0
3648 11535 1 0
3299 1045 1 0
1840 2599 1 1
3426 2426 1 1
971015 971015 1 1
1586000000000000000000000000 5017000000000000000000000000 0 0
31100000000 51400000000 1 0
801 749 1 1
1109 3504 1 0
6216 1964 0 0
1770 2502 1 0
2985 2112 1 0
143167 143167 1 1
356900000000000000000000000000000000000000000000000000000000000000000000000000000000000000000000000000000000000000000000000000000000000000000000000000000000000000000000000000000000000000000000000000000000000000000000000000000000000000000000000000000000000 1128500000000000000000000000000000000000000000000000000000000000000000000000000000000000000000000000000000000000000000000000000000000000000000000000000000000000000000000000000000000000000000000000000000000000000000000000000000000000000000000000000000000000 1 0
5720000000000000000000000000000000000000000000000 807000000000000000000000000000000000000000000000000 0 0
547 223 1 0
832 2633 0 0
7889 2496 1 0
2818 3979 1 1
1989 1407 1 0
674542 674542 1 1
2494000 7887000 0 0
299000 490000 1 0
987 672 1 0
560 1769 1 0
3788 1196 0 0
3806 5376 1 1
3393 2400 1 0
303930 303930 1 1
180000000000000000000000000000000000 570000000000000000000000000000000000 0 0
241000000000000000000000000000 8270000000000000000000000000000 0 0
963 17 0 0
3601 11389 0 0
7140 2259 1 0
3685 5207 1 0
3562 2521 1 0
891450 891450 1 1
3644000 11521000 1 0
428000000000000000000000 7790000000000000000000000 0 0
580 620 1 1
2389 7556 0 0
7977 2522 0 0
80 113 1 1
850 600 1 0
783248 783248 1 1
386800000000000000000000000000000 1223100000000000000000000000000000 1 0
6560000000000000000000000000 23000000000000000000000000000 0 0
860 736 1 1
1396 4412 1 0
3967 1253 0 0
971 1371 1 1
2408 1706 1 1
933523 933523 1 1
99300000000000000000000000000000000000000000000000000000000000000000000000000000000000000000000000000000000000000000000000000000000000000000000000000000000000000000000000 313800000000000000000000000000000000000000000000000000000000000000000000000000000000000000000000000000000000000000000000000000000000000000000000000000000000000000000000000 1 0
2740000000000000000000000000000000000000000000 279000000000000000000000000000000000000000000000 0 0
537 431 1 1
1788 5655 0 0
4503 1424 1 0
3497 4939 1 1
1397 990 1 1
999887 999887 1 1
11950000000000000000000000000000000000 37780000000000000000000000000000000000 1 0
6880000000000000000 5680000000000000000 1 1
734 332 1 0
85 270 0 0
7253 2291 0 0
763 1077 1 1
1165 822 1 0
623328 623328 1 1
37820000000000000000000000000000 119590000000000000000000000000000 1 0
44700000000000000000000000000000 49000000000000000000000000000000 1 1
471 910 1 0
3605 11401 0 0
11713 3704 1 0
130 182 1 1
833 588 1 0
322733 322733 1 1
1429000000000000 4518000000000000 1 0
687000 20100000 0 0
561 661 1 1
1939 6133 0 0
5903 1866 0 0
1551 2192 1 0
1473 1040 1 0
215693 215693 1 1
288200000000000000000000 911300000000000000000000 1 0
2790000000000000000000 9040000000000000000000 0 0
231 738 0 0
1025 3243 0 0
5861 1855 1 0
1644 2323 1 0
88 62 1 0
872154 872154 1 1
1826000000000000000000000000000000000000000000 5776000000000000000000000000000000000000000000 0 0
1430000000000000000000000000000000000000000000000000000000000000000000000000000000000000000000000000000000000000000000000000000000000000000000000000000 66200000000000000000000000000000000000000000000000000000000000000000000000000000000000000000000000000000000000000000000000000000000000000000000000000000 0 0
454 740 1 0
3172 10029 1 0
3267 1034 1 0
2042 2885 1 0
1916 1356 1 0
307252 307252 1 1
36110000000000000000000000000000000000 114160000000000000000000000000000000000 1 0
438000000000000 56400000000000000 0 0
902 486 1 0
1706 5393 1 0
7852 2484 1 0
270 382 1 0
42 27 1 0
29247 29247 1 1
10760 34040 0 0
368000000000000000000 388000000000000000000 1 1
490 384 1 1
2401 7590 1 0
3562 1125 0 0
871 1228 1 1
2038 1441 1 0
764263 764263 1 1
204000000000000000000000000000000000000 647000000000000000000000000000000000000 0 0
6930000000000000000000 8020000000000000000000 1 1
914 165 0 0
1856 5870 0 0
9682 3061 0 0
3377 4769 1 1
1930 1364 1 0
138331 138331 1 1
32730000000000000000 103500000000000000000 1 0
4290000000000000000000 561000000000000000000000 0 0
3 9 1 0
1111 3511 1 0
4767 1505 0 0
2411 3404 1 1
997 706 1 1
277796 277796 1 1
1787000000000000000000000000000000000000000000000000000000000000000000000000000000000000000000000000000000000000000000000000000000000000000000000000000000000000000000000000000000000000000000000000000000000000000000000000000000000000000000000000000000000000000 5648000000000000000000000000000000000000000000000000000000000000000000000000000000000000000000000000000000000000000000000000000000000000000000000000000000000000000000000000000000000000000000000000000000000000000000000000000000000000000000000000000000000000000 1 0
59500000000000000000000000000000000000000000000000000000000000000000000000000000000000000000000000000000000000000000000000000000000000000000000000000000000000000000000000000000000000000000000000000000 55300000000000000000000000000000000000000000000000000000000000000000000000000000000000000000000000000000000000000000000000000000000000000000000000000000000000000000000000000000000000000000000000000000 1 1
681 600 1 1
1724 5453 0 0
6500 2055 0 0
107 150 1 1
2870 2031 1 0
317891 317891 1 1
55200000000000000000000000000000 174300000000000000000000000000000 1 0
9890000000000000 64700000000000000 0 0
902 992 1 1
696 2202 0 0
9560 3024 1 0
1454 2052 1 1
1197 848 1 1
611753 611753 1 1
39440000000000000000 124700000000000000000 1 0
943000000000000000000000000000 48000000000000000000000000000000 0 0
806 494 1 0
3879 12268 0 0
1168 370 1 0
1008 1422 1 1
1242 878 1 0
585358 585358 1 1
334000000000000000000000000000000 1056000000000000000000000000000000 1 0
2880000000000000000000000000 670000000000000000000000000 0 0
911 541 1 0
950 3006 0 0
6513 2058 0 0
3039 4293 1 0
1295 918 1 1
900267 900267 1 1
908000000000000000000000000 2870000000000000000000000000 1 0
941000000000000 9770000000000000 0 0
664 894 1 1
478 1513 0 0
9452 2987 0 0
579 815 1 1
3230 2287 1 1
63452 63452 1 1
63700000000000000000000000000000000000000000000000000000000000000000000000000000000000000000000000000000000000000000000000000000000000000000000000000000000000000000000000000000000000000000000000 201600000000000000000000000000000000000000000000000000000000000000000000000000000000000000000000000000000000000000000000000000000000000000000000000000000000000000000000000000000000000000000000000 0 0
20000000000000000000000000000000000000000000000000000000000000000000000000000000000000000000000000000000000000000000000000000000000000000000 32800000000000000000000000000000000000000000000000000000000000000000000000000000000000000000000000000000000000000000000000000000000000000000 1 0
254 537 1 0
2046 6472 0 0
1804 568 0 0
137 193 1 1
1952 1380 1 0
269109 269109 1 1
388500000000000000000000 1228500000000000000000000 1 0
471000000000000000 350000000000000000 1 1
149 909 0 0
3687 11659 1 0
2158 682 0 0
2642 3729 1 1
941 668 1 1
301126 301126 1 1
1590000 5010000 1 0
7180000000000000000 12000000000000000000 1 0
946 531 1 0
917 2900 0 0
516 163 0 0
1904 2689 1 1
2459 1739 1 0
959206 959206 1 1
1609000000000000000000 5086000000000000000000 1 0
440000000000 1460000000000 0 0
710 791 1 1
3101 9808 0 0
3260 1029 0 0
2994 4228 1 1
2895 2049 1 0
10224 10224 1 1
1554 4916 0 0
406000000000 841000000000 1 0
39 232 0 0
2238 7075 1 0
4692 1484 1 0
2765 3906 1 0
613 435 1 1
265752 265752 1 1
31480000000000000000000000000000000000000000000000000000000000000000000000000000000000000000000000000000000000000000000000000000 99530000000000000000000000000000000000000000000000000000000000000000000000000000000000000000000000000000000000000000000000000000 1 0
82100000000000000000000000000000000000000000000000000000000000000000000000000000000000000000000000000000000000000000000000000000000000000000000000000 8910000000000000000000000000000000000000000000000000000000000000000000000000000000000000000000000000000000000000000000000000000000000000000000000000000 0 0
414 91 0 0
587 1858 0 0
8554 2704 0 0
733 1036 1 0
118 83 1 0
599231 599231 1 1
3275000000000000000000000 10354000000000000000000000 1 0
193000000000000000 5690000000000000000 0 0
7 153 0 0
1892 5985 0 0
9108 2879 0 0
3887 5489 1 1
1219 864 1 1
994855 994855 1 1
491000000 1553000000 0 0
5700000000000 360000000000000 0 0
418 753 1 0
3806 12036 0 0
50 13 0 0
2901 4098 1 0
3201 2266 1 0
399799 399799 1 1
118200000000000000000000000000000000 373600000000000000000000000000000000 1 0
10400000000000000000000000000 1620000000000000000000000000000 0 0
152 996 0 0
1535 4855 0 0
3367 1064 0 0
1669 2359 1 0
3432 2427 1 0
373665 373665 1 1
1278000000000 4039000000000 1 0
46100000000000000 5370000000000000000 0 0
205 263 1 1
2668 8437 0 0
10174 3219 1 0
658 927 1 1
2836 2006 1 0
982836 982836 1 1
143600000000000000000000000000000000000000 454000000000000000000000000000000000000000 1 0
4690000000000000000000000000000000000000000000000000000000000000000000000000000000000000 819000000000000000000000000000000000000000000000000000000000000000000000000000000000000000 0 0
201 134 1 0
1642 5191 1 0
126 37 0 0
3683 5202 1 1
2867 2031 1 1
670801 670801 1 1
7660000 24210000 1 0
482000000 685000000 1 0
666 246 1 0
3951 12495 0 0
1474 467 1 0
1096 1548 1 1
251 175 1 0
234324 234324 1 1
34940000000000000 110500000000000000 0 0
82900000 935000000 0 0
314 205 1 0
2836 8970 0 0
1522 479 0 0
86 121 1 1
3782 2677 1 0
675897 675897 1 1
299200000 946000000 1 0
15200000000000000000000000000 69700000000000000000000000000 0 0
116 369 0 0
811 2566 0 0
239 75 0 0
1786 2523 1 0
2066 1464 1 1
454264 454264 1 1
7220000000 22810000000 1 0
981000000000000000000000 67500000000000000000000000 0 0
511 962 1 0
3607 11405 1 0
2445 773 0 0
434 611 1 1
3755 2657 1 0
125480 125480 1 1
96800000000000000000000000000000000000000000000000000000000000000000000000000000000000000000000000000000000000000000000000000000000000000000000000000000 306300000000000000000000000000000000000000000000000000000000000000000000000000000000000000000000000000000000000000000000000000000000000000000000000000000 0 0
2730000000000000000000000000000000000000000000000000000000000000000000000000000000000000000000000000000000000000000000000000000000000000000000000000000000000000000000000000000000000000000000000000000000000000000000 7840000000000000000000000000000000000000000000000000000000000000000000000000000000000000000000000000000000000000000000000000000000000000000000000000000000000000000000000000000000000000000000000000000000000000000000 1 0
623 400 1 0
2716 8588 1 0
7899 2498 1 0
3023 4268 1 1
2254 1593 1 0
151535 151535 1 1
1928000000000000 6098000000000000 0 0
749 43200 0 0
47 102 1 0
3031 9583 1 0
2760 874 1 0
969 1369 1 0
3377 2388 1 0
944695 944695 1 1
1912000000000000000000000000000000000000 6047000000000000000000000000000000000000 0 0
56300000000000000 9630000000000000000 0 0
504 302 1 0
2785 8806 1 0
9785 3093 0 0
1159 1635 1 1
3846 2720 1 0
59783 59783 1 1
266800000000000 843800000000000 0 0
263000000000000000000 73800000000000000000000 0 0
148 173 1 1
3390 10718 1 0
708 222 0 0
3367 4758 1 0
2588 1831 1 0
308586 308586 1 1
1565000000000000000 4946000000000000000 1 0
80200000000000000000000000000 89800000000000000000000000000 1 1
835 152 0 0
3243 10257 0 0
2690 851 1 0
2909 4109 1 1
3441 2434 1 0
854465 854465 1 1
9670000000000000000000000000000000000000000000000000000000000000000000000000000000000000000000000000000000000000000000000000000000000000000000000000000000000000000000000000000000000000000000000000000000000000000000000000000000000000000000000000000000000000000000 30580000000000000000000000000000000000000000000000000000000000000000000000000000000000000000000000000000000000000000000000000000000000000000000000000000000000000000000000000000000000000000000000000000000000000000000000000000000000000000000000000000000000000000000 0 0
4790000000000000000000000000000000000000000000000000000000000000000000000000000000000000000000000000000000000000000000000000000000000000000000000000000000000000000000000000000000000000000000000000000000000000000000000000000000000000000000000000000000000000000000000000000000000000 5900000000000000000000000000000000000000000000000000000000000000000000000000000000000000000000000000000000000000000000000000000000000000000000000000000000000000000000000000000000000000000000000000000000000000000000000000000000000000000000000000000000000000000000000000000000000000 1 1
173 539 1 0
3456 10926 1 0
9933 3143 1 0
1966 2775 1 1
3273 2319 1 1
524598 524598 1 1
6350000000000 20060000000000 1 0
30800000 68200000 1 0
671 836 1 1
1849 5849 0 0
9949 3147 1 0
2079 2935 1 1
141 97 1 0
852771 852771 1 1
30300000000000000000000000000000000 95800000000000000000000000000000000 1 0
7700 3250 1 0
846 266 0 0
3430 10847 0 0
5012 1584 0 0
2104 2971 1 1
2502 1773 1 1
477606 477606 1 1
3210000000000 10150000000000 1 0
90700000000000000000 27400000000000000000 0 0
108 384 0 0
2860 9042 1 0
1715 542 0 0
346 486 1 1
3909 2769 1 1
397941 397941 1 1
600000000000000000000000000000000000 1870000000000000000000000000000000000 1 0
646000000000000 6890000000000000 0 0
687 266 1 0
3479 11003 0 0
197 61 0 0
1984 2803 1 0
2909 2060 1 1
236076 236076 1 1
1246000000000000000000000000000000000000000000000000000000000000000000000000000000000000000000000000000000000000000000000000000000000000000000000000000000000000000000000000000000000 3939000000000000000000000000000000000000000000000000000000000000000000000000000000000000000000000000000000000000000000000000000000000000000000000000000000000000000000000000000000000 1 0
20900000000000000000000000000000000000000000000000000000000000000000000000000000000000000000000000000000000000000000000000000000 434000000000000000000000000000000000000000000000000000000000000000000000000000000000000000000000000000000000000000000000000000000 0 0
498 570 1 1
2311 7306 1 0
5140 1623 0 0
2173 3070 1 0
3975 2816 1 1
822690 822690 1 1
3705000000000000000000000000000 11714000000000000000000000000000 1 0
3670000000000000 68000000000000000 0 0
342 298 1 1
2438 7708 1 0
3267 1035 1 0
3786 5348 1 0
3222 2279 1 0
139982 139982 1 1
182500000000000000000000000000 576900000000000000000000000000 1 0
5700000000000000000000000000 627000000000000000000000000000 0 0
28 853 0 0
3282 10376 1 0
5113 1615 0 0
2887 4075 1 1
78 53 1 0
970614 970614 1 1
35540000000000000000000000000 112400000000000000000000000000 0 0
834000000000000 70200000000000000 0 0
59 512 0 0
1194 3777 0 0
133 40 0 0
1649 2331 1 0
1928 1362 1 0
359550 359550 1 1
354400000000000000000000000000000000000 1120800000000000000000000000000000000000 0 0
3190000000000000000 333000000000000000000 0 0
928 889 1 1
1884 5956 1 0
5012 1584 0 0
2872 4055 1 1
1051 743 1 0
889226 889226 1 1
2758000000000000000000000000000000000000000000000 8723000000000000000000000000000000000000000000000 0 0
29700000000000000000000000000000000000000000000000000000000000000000000000000000000000000000000000000000 383000000000000000000000000000000000000000000000000000000000000000000000000000000000000000000000000000000 0 0
818 448 1 0
787 2489 0 0
5918 1869 0 0
1370 1934 1 1
2148 1520 1 0
27985 27985 1 1
2350000000000000000 7430000000000000000 1 0
591000000000000000000 77700000000000000000000 0 0
329 731 1 0
1191 3764 1 0
278 89 1 0
1029 1451 1 1
529 374 1 0
185930 185930 1 1
12550000000000000000000000000 39690000000000000000000000000 0 0
3980000000000000 8620000000000000 1 0
318 687 1 0
2664 8422 1 0
10589 3348 0 0
3211 4536 1 0
2126 1505 1 0
959450 959450 1 1
33510000000000000 105940000000000000 1 0
67000000000000 1880000000000000 0 0
888 291 1 0
57 179 1 0
8519 2692 0 0
3214 4538 1 1
2159 1527 1 0
702247 702247 1 1
1833000000000000000000 5797000000000000000000 0 0
6570000000000000000000 6790000000000000000000 1 1
519 718 1 1
3105 9820 0 0
10051 3178 0 0
1698 2396 1 1
336 239 1 1
290735 290735 1 1
2549000000000000000000000000000000000000000000000000000000000000000000000000000000000000000000000000000000000000000000000 8061000000000000000000000000000000000000000000000000000000000000000000000000000000000000000000000000000000000000000000000 0 0
832000000000000000000000000000 7460000000000000000000000000000 0 0
70 196 1 0
2086 6597 0 0
10485 3315 0 0
1084 1533 1 0
2581 1828 1 1
504101 504101 1 1
1429 4518 1 0
600 744000 0 0
214 905 0 0
3441 10882 0 0
200 65 1 0
2904 4103 1 0
3676 2603 1 1
975178 975178 1 1
184800000000000000000000000000000000 584100000000000000000000000000000000 1 0
37300000000000000 13000000000000000 1 0
47 329 0 0
236 745 1 0
2003 634 1 0
3362 4746 1 1
650 458 1 0
41050 41050 1 1
52800000000000000 167000000000000000 0 0
9730000000000000 141000000000000000 0 0
777 647 1 1
1613 5101 0 0
11317 3577 0 0
734 1034 1 1
3108 2200 1 0
993489 993489 1 1
2908000000000000000000000000000000 9193000000000000000000000000000000 1 0
565000000000000000 33900000000000000000 0 0
807 834 1 1
2219 7017 1 0
11860 3752 1 0
2303 3253 1 1
1633 1157 1 1
189632 189632 1 1
1477000000000000000000000000000000000000000000000000000000 4672000000000000000000000000000000000000000000000000000000 0 0
5110000000000000000000000000000000000000000000000000000000000000000000000000000000000000000000000000000000000000000000000000000000000000000000000000000000000000000000000000000000000000000000000000000000000000000000000000000000000000000000000000000000000000000000000000000000000 354000000000000000000000000000000000000000000000000000000000000000000000000000000000000000000000000000000000000000000000000000000000000000000000000000000000000000000000000000000000000000000000000000000000000000000000000000000000000000000000000000000000000000000000000000000000000 0 0
67 891 0 0
3218 10176 1 0
760 242 1 0
1608 2269 1 1
965 683 1 0
860680 860680 1 1
1454000000000000000000000000000000000000 4597000000000000000000000000000000000000 1 0
34000000000000000000000000 3890000000000000000000000000 0 0
54 41 1 1
2114 6686 0 0
9740 3079 0 0
104 147 1 0
2606 1842 1 0
178873 178873 1 1
35200000000000000000000000000 111100000000000000000000000000 1 0
7450000000000000000000000 489000000000000000000000000 0 0
137 123 1 1
1148 3628 1 0
4036 1278 1 0
1683 2376 1 1
3562 2522 1 1
145308 145308 1 1
2846000000000000000000000000000000000000000 9000000000000000000000000000000000000000000 0 0
35700000 30000000 1 1
669 642 1 1
1295 4095 1 0
789 251 1 0
1172 1654 1 1
308 217 1 0
926127 926127 1 1
132000000000000000000000000 417200000000000000000000000 1 0
44000000000000 4080000000000000 0 0
378 437 1 1
1012 3201 0 0
2089 660 0 0
1430 2017 1 1
2270 1605 1 0
573466 573466 1 1
25780000000000000000000000000000000000000 81530000000000000000000000000000000000000 0 0
352000000000000000000000000000000000000000000000000000000000000000000000000000000000000000000000000000000000000000000000000000000 538000000000000000000000000000000000000000000000000000000000000000000000000000000000000000000000000000000000000000000000000000000 1 0
406 858 1 0
3162 9997 1 0
2237 706 0 0
2347 3315 1 1
892 631 1 0
71965 71965 1 1
2079000000000000000000000 6573000000000000000000000 1 0
875000000000000000000000 7760000000000000000000000 0 0
783 325 1 0
2061 6516 1 0
9920 3136 0 0
3412 4819 1 1
3827 2708 1 0
939464 939464 1 1
250000000000000 790400000000000 1 0
95800000000 8640000000000 0 0
495 505 1 1
3546 11214 0 0
6412 2027 0 0
1370 1934 1 1
2636 1864 1 0
433144 433144 1 1
162800000000000000000000000000000000000 514700000000000000000000000000000000000 1 0
3450000000000000000000000000000 951000000000000000000000000000000 0 0
613 104 0 0
441 1393 1 0
2313 730 0 0
2160 3051 1 1
129 90 1 0
817442 817442 1 1
5200 16200 1 0
78400000000000 233000000000000 1 0
540 673 1 1
3715 11748 0 0
861 274 1 0
46 65 1 0
2028 1433 1 0
11645 11645 1 1
83200000000000000000000000000000000000000000000000000000000000000000000000000000000000000000000000000000000000000000000000000000000000000000000000000000000000000000000000000000000000000000000000000000000 263000000000000000000000000000000000000000000000000000000000000000000000000000000000000000000000000000000000000000000000000000000000000000000000000000000000000000000000000000000000000000000000000000000000 1 0
46900000000000000000000000000000000000000000000000000000000000000000000000000000000000000000000000000000000000000000000000000000000000000000000000000000000000000000000000000000000000000000000000000000000000000000000000000000000000000000000000000000000000000000000000000000000000000000000000000000000000 330000000000000000000000000000000000000000000000000000000000000000000000000000000000000000000000000000000000000000000000000000000000000000000000000000000000000000000000000000000000000000000000000000000000000000000000000000000000000000000000000000000000000000000000000000000000000000000000000000000000000 0 0
68 772 0 0
1200 3795 0 0
321 100 0 0
1417 1999 1 1
3248 2300 1 1
817209 817209 1 1
52000000000000000000000000000000000 163000000000000000000000000000000000 1 0
29700000000 270000000000 0 0
669 707 1 1
793 2505 1 0
8427 2662 0 0
3756 5304 1 1
1757 1245 1 1
732262 732262 1 1
7550000 23850000 1 0
525000000000000000000000 33900000000000000000000000 0 0
58 389 0 0
1901 6012 0 0
840 266 1 0
2808 3966 1 1
3781 2678 1 1
852088 852088 1 1
29470000000000000000000000 93170000000000000000000000 1 0
6340000000000000000000000 90500000000000000000000000 0 0
910 800 1 1
3144 9943 0 0
6069 1921 1 0
438 616 1 1
2189 1550 1 1
900351 900351 1 1
27450000000000000000000000000000 86790000000000000000000000000000 1 0
39900000 58600000 1 0
190 260 1 1
2107 6661 1 0
7836 2479 1 0
1908 2694 1 1
3664 2591 1 0
902031 902031 1 1
220500000000000000000000000000000000000000000000000000000000000000000000000000000000000000000000000000000000000000000000000000000000000000000000000000000000000000000000000000000000000000000000000000000000000000000000000000000000000000000000000000000000000000000000000000000000000000000 697000000000000000000000000000000000000000000000000000000000000000000000000000000000000000000000000000000000000000000000000000000000000000000000000000000000000000000000000000000000000000000000000000000000000000000000000000000000000000000000000000000000000000000000000000000000000000000 1 0
9840000000000000000000000000000000000000000000000000000000000000000000000000000000000 2170000000000000000000000000000000000000000000000000000000000000000000000000000000000 0 0
875 862 1 1
761 2404 1 0
3664 1157 0 0
1643 2322 1 0
3891 2756 1 1
714018 714018 1 1
3395000000000000000000 10734000000000000000000 1 0
171000000000000000000 154000000000000000000 1 1
859 115 0 0
1662 5254 1 0
10889 3443 0 0
531 749 1 1
3329 2357 1 1
280573 280573 1 1
185600 587100 0 0
78700000 98800000 1 1
215 683 0 0
656 2073 1 0
9268 2929 0 0
336 475 1 0
2054 1453 1 0
728597 728597 1 1
2600000000000000000000000000 8222000000000000000000000000 0 0
8370000000000000000000 59000000000000000000000 0 0
651 772 1 1
1762 5569 1 0
7436 2353 1 0
2777 3923 1 0
3680 2606 1 1
110851 110851 1 1
26280000000000000000 83120000000000000000 0 0
58900000 6000000000 0 0
773 67 0 0
2452 7752 1 0
8343 2638 0 0
3360 4746 1 1
3115 2203 1 0
975178 975178 1 1
1368000000000000000000000000000000000000000000000000000000000000000000000000 4325000000000000000000000000000000000000000000000000000000000000000000000000 1 0
7900000000000000000000000000000000000000000000000000000000000000000000000000000000000000000000000000000000000000000000000000000000000000000000000000000 99800000000000000000000000000000000000000000000000000000000000000000000000000000000000000000000000000000000000000000000000000000000000000000000000000000 0 0
951 542 1 0
1713 5415 1 0
3436 1086 0 0
2085 2945 1 1
3112 2201 1 0
91957 91957 1 1
2020000000000000000000000000000 6360000000000000000000000000000 1 0
63100 995000 0 0
50 856 0 0
1421 4492 1 0
1021 321 0 0
1078 1521 1 1
1295 915 1 0
624332 624332 1 1
93300000000000000000 295000000000000000000 1 0
41300000000000000000 428000000000000000000 0 0
276 857 1 0
1706 5395 0 0
5058 1599 0 0
2818 3980 1 1
3975 2816 1 1
784119 784119 1 1
3479000 11001000 1 0
5540 160 0 0
652 379 1 0
1042 3296 0 0
6754 2137 1 0
2919 4124 1 0
58 41 1 0
237698 237698 1 1
732000000000000000 2316000000000000000 0 0
521 58200 0 0
827 383 1 0
2747 8684 1 0
766 243 1 0
1631 2305 1 0
2468 1749 1 1
263831 263831 1 1
318100000000000000000000000000000000000000000000000000000000000000000000000000000000000000000000000000000000000000000000000000000000000000000000000000000000000000000000000000000000000000000000000000000000000000000000000000000000000000000000000000000000000000000000000000000000000000000000000000 1005800000000000000000000000000000000000000000000000000000000000000000000000000000000000000000000000000000000000000000000000000000000000000000000000000000000000000000000000000000000000000000000000000000000000000000000000000000000000000000000000000000000000000000000000000000000000000000000000000 1 0
64300000000000000000000000000000000000000000000000000000000000000000 61300000000000000000000000000000000000000000000000000000000000000000 1 1
455 289 1 0
757 2391 1 0
9136 2887 0 0
3989 5634 1 1
2355 1668 1 1
833509 833509 1 1
3954000000000000000000000000000000000000 12501000000000000000000000000000000000000 1 0
671000000000000000000000000000 7700000000000000000000000000000 0 0
624 375 1 0
3555 11242 0 0
2131 673 0 0
422 595 1 1
1670 1181 1 0
386127 386127 1 1
1234000000000000000000000000000000000000000 3900000000000000000000000000000000000000000 1 0
884000000000000000 2690000000000000000 1 0
238 112 1 0
2549 8059 1 0
1037 328 1 0
2383 3365 1 1
1664 1179 1 1
73231 73231 1 1
2249000 7109000 1 0
9820000000000000000000000000 85100000000000000000000000000 0 0
679 918 1 1
3955 12508 0 0
9093 2875 0 0
670 945 1 1
2236 1584 1 1
875753 875753 1 1
2638000000000000000000000000 8342000000000000000000000000 1 0
246000000 6470000000 0 0
833 50 0 0
3477 10994 1 0
2365 749 1 0
2322 3277 1 1
555 393 1 1
618287 618287 1 1
1668000000000000000000000000000000000000000000000000000000000000000000000000000000000000000000000000000000000000000000000000000000000000000000000000000000000000000000000000000000000000000000000000000 5276000000000000000000000000000000000000000000000000000000000000000000000000000000000000000000000000000000000000000000000000000000000000000000000000000000000000000000000000000000000000000000000000000 0 0
4350000000000000000000000000000000000000000000000000000000000000000000000000000000000000000000000000000000000000000000 6850000000000000000000000000000000000000000000000000000000000000000000000000000000000000000000000000000000000000000000 1 0
205 224 1 1
2458 7772 1 0
2787 882 1 0
2349 3319 1 0
3828 2710 1 0
143816 143816 1 1
12000 37700 1 0
4860000000000000000000000000 4480000000000000000000000000 1 1
788 896 1 1
1077 3404 1 0
6071 1917 0 0
167 236 1 0
3726 2636 1 0
668393 668393 1 1
248600000000000000000000000000000000 786100000000000000000000000000000000 1 0
3000000000000000000000000 24000000000000000000000000000 0 0
268 19 0 0
2827 8940 0 0
7572 2396 1 0
889 1255 1 1
3560 2519 1 0
286420 286420 1 1
374000000000000 1182700000000000 0 0
634000000000000000000000000000 535000000000000000000000000000 1 1
668 876 1 1
269 851 0 0
7086 2239 0 0
211 296 1 1
2112 1495 1 0
710995 710995 1 1
332000 1049900 0 0
6940000000000000000 130000000000000000 0 0
837 428 1 0
1937 6125 1 0
4442 1405 1 0
2649 3743 1 0
3133 2217 1 0
525260 525260 1 1
2358000000000000000000000000000000000000000000000000000000000000000000000000000000000000000 7457000000000000000000000000000000000000000000000000000000000000000000000000000000000000000 0 0
6590000000 55400000000 0 0
311 853 1 0
83 260 1 0
11794 3727 0 0
2973 4201 1 0
3171 2243 1 0
625365 625365 1 1
342800000 1084200000 0 0
281000000000000000000000000 68400000000000000000000000000 0 0
694 88 0 0
162 514 0 0
10959 3464 0 0
3615 5108 1 0
3255 2304 1 0
451064 451064 1 1
29390000000000000000 92940000000000000000 0 0
1600000000000000000000000000000 6400000000000000000000000000000 0 0
920 87 0 0
2975 9407 1 0
8314 2631 1 0
833 1176 1 1
2307 1634 1 1
474292 474292 1 1
215000000000000 678000000000000 1 0
7100000000000000 632000000000000000 0 0
39 990 0 0
1462 4622 1 0
5993 1895 0 0
3499 4944 1 0
1761 1248 1 1
674439 674439 1 1
229800000000000000 726600000000000000 1 0
3990000000000000000000 9580000000000000000000 1 0
585 453 1 1
3699 11697 1 0
7058 2232 1 0
3495 4938 1 0
2469 1746 1 0
440569 440569 1 1
2830000000000000000000000000000000000000000000000000000000000000000000000000000000000000000000000000000000000000000000000000000000000000000000000000000000000000000000000000000000000000000000000000000000000000000000000000000000000000000000000000000000000000000000000000000000000 8950000000000000000000000000000000000000000000000000000000000000000000000000000000000000000000000000000000000000000000000000000000000000000000000000000000000000000000000000000000000000000000000000000000000000000000000000000000000000000000000000000000000000000000000000000000000 0 0
415000 889000 1 0
328 200 1 0
448 1417 0 0
10498 3319 0 0
1571 2220 1 0
3178 2251 1 1
87428 87428 1 1
3059000000000000000 9671000000000000000 1 0
24400000000000000000000 77200000000000000000000 0 0
889 479 1 0
3370 10655 1 0
4366 1379 0 0
2164 3057 1 0
2224 1576 1 1
416449 416449 1 1
2768 8755 0 0
791000000000000 9290000000000000 0 0
74 721 0 0
2357 7452 1 0
4033 1276 1 0
1673 2365 1 0
1745 1235 1 0
929471 929471 1 1
20120000000000000 63600000000000000 1 0
94300000000000000000000000000 7440000000000000000000000000000 0 0
213 682 0 0
3020 9551 0 0
11834 3744 1 0
1035 1461 1 1
37 28 1 1
933617 933617 1 1
56500000000000000000000 178800000000000000000000 0 0
6940000000000 160000000000 0 0
59 854 0 0
1032 3263 1 0
2283 721 0 0
3678 5193 1 1
1519 1076 1 1
657099 657099 1 1
3936000000000000000000000000000000000000000000000000000000000000000000000000000000000000000000000000000000000000000000000000000000000000000000000000000000000000000000000000000000000000000000000000000000000000000000000000000000000000000000000000000000000000000000000000000 12446000000000000000000000000000000000000000000000000000000000000000000000000000000000000000000000000000000000000000000000000000000000000000000000000000000000000000000000000000000000000000000000000000000000000000000000000000000000000000000000000000000000000000000000000000 1 0
144000000000 328000000000 1 0
292 922 1 0
2367 7484 1 0
8829 2793 1 0
848 1195 1 1
2125 1505 1 1
383050 383050 1 1
3130000000000000000000000000000000000000 9895000000000000000000000000000000000000 1 0
44900000000000 76900000000000 1 0
814 54 0 0
2037 6441 1 0
1368 431 0 0
3425 4835 1 1
3882 2747 1 0
880427 880427 1 1
215800000000000 682500000000000 0 0
4460000000000000000000000000000 2620000000000000000000000000000 1 0
58 890 0 0
3332 10537 0 0
9803 3101 1 0
3363 4752 1 0
3962 2804 1 0
562342 562342 1 1
219000000000000000 692700000000000000 0 0
17 202 0 0
879 151 0 0
1294 4091 1 0
8328 2635 1 0
2551 3604 1 0
2244 1589 1 1
156 156 1 1
3454000000000000000000000000000000 10922000000000000000000000000000000 1 0
75200000000000000000000000000000 89500000000000000000000000000000 1 1
343 364 1 1
2260 7144 1 0
8207 2596 1 0
2579 3644 1 0
2145 1519 1 1
437718 437718 1 1
1389000000000000000000000000000000000000000000000000000000000000000000000000000000000000000000 4394000000000000000000000000000000000000000000000000000000000000000000000000000000000000000000 0 0
8250000000000000000000000000000000000000000000000000000000000000000000000000000000000000000000000000000000000000000000000000000000000000000000000000000000000000000000000000000000000000000000 405000000000000000000000000000000000000000000000000000000000000000000000000000000000000000000000000000000000000000000000000000000000000000000000000000000000000000000000000000000000000000000000 0 0
605 516 1 1
3431 10847 1 0
7776 2457 0 0
1460 2061 1 1
890 630 1 0
901639 901639 1 1
26010000000000000000000000000000 82250000000000000000000000000000 1 0
66700000000000 251000000000000 0 0
253 99 1 0
1921 6076 0 0
10894 3442 0 0
3490 4931 1 0
3039 2150 1 0
545444 545444 1 1
852000000000000000000 2693000000000000000000 1 0
7070000000000 957000000000000 0 0
927 170 0 0
1901 6009 1 0
9894 3127 0 0
74 103 1 1
1877 1330 1 1
487125 487125 1 1
306100000000000000000000000000 967700000000000000000000000000 1 0
2930000000000000000000000000000 603000000000000000000000000000000 0 0
800 399 1 0
3837 12132 1 0
207 66 1 0
985 1391 1 1
3289 2326 1 0
571195 571195 1 1
135200000000000000000000000000000 427700000000000000000000000000000 0 0
491000000000000000 733000000000000000 1 0
223 446 1 0
2749 8692 1 0
3213 1018 1 0
3161 4463 1 1
887 625 1 0
601320 601320 1 1
194500000000000000000000000000000000000000000000000000000000000000000000000000000000000000000000000000000000 614800000000000000000000000000000000000000000000000000000000000000000000000000000000000000000000000000000000 1 0
851000000000000000000000000000000000000000000000000 5870000000000000000000000000000000000000000000000000 0 0
893 301 1 0
3459 10939 0 0
456 145 1 0
1307 1846 1 1
1648 1166 1 0
173169 173169 1 1
1103000000 3486000000 1 0
233000000000000000000 6140000000000000000000 0 0
266 269 1 1
576 1823 0 0
9007 2846 0 0
2251 3180 1 0
3572 2526 1 0
994810 994810 1 1
365000000000 1156000000000 0 0
88700000000 266000000000 1 0
417 585 1 1
771 2437 1 0
11765 3719 0 0
2815 3976 1 1
1668 1181 1 1
98677 98677 1 1
29450000000000000000000000000000000000 93100000000000000000000000000000000000 1 0
5870000000 22700000000 0 0
887 914 1 1
2247 7105 1 0
1576 496 0 0
2949 4167 1 0
3810 2698 1 1
283993 283993 1 1
2098000000000000000000000000000000000 6635000000000000000000000000000000000 0 0
470000000000000000000000 5270000000000000000000000 0 0
26 638 0 0
1335 4223 0 0
6084 1921 0 0
617 869 1 1
3821 2706 1 1
673762 673762 1 1
247200000000000000000000000000000000000000000000000000000000000000000000000000000 781600000000000000000000000000000000000000000000000000000000000000000000000000000 1 0
814000000000000000000000000000000 27000000000000000000000000000000000 0 0
603 113 0 0
1812 5728 1 0
23 5 0 0
750 1060 1 0
3934 2784 1 0
506831 506831 1 1
354100 1119800 0 0
3650000000000000000000 65300000000000000000000 0 0
731 760 1 1
886 2803 0 0
9241 2922 0 0
3533 4988 1 1
1134 804 1 1
957494 957494 1 1
599000000000000000000 1893000000000000000000 1 0
8490000000000000000 765000000000000000000 0 0
62 494 0 0
3134 9910 1 0
3004 948 0 0
1580 2229 1 1
322 228 1 1
633193 633193 1 1
3420000000000000000000000000000000000000 10820000000000000000000000000000000000000 0 0
9300000 2000000 0 0
818 530 1 0
335 1061 0 0
2594 822 1 0
913 1289 1 1
1329 942 1 1
257583 257583 1 1
37000000000000000000000000000 117020000000000000000000000000 0 0
806000000000 901000000000 1 1
542 928 1 0
224 710 0 0
1354 426 0 0
333 469 1 1
1268 898 1 1
120934 120934 1 1
85400000000000000000000000000000000000000000000000000000000000000000000000000000000000000000000000000000000000000000000000000000000000000000000000 269800000000000000000000000000000000000000000000000000000000000000000000000000000000000000000000000000000000000000000000000000000000000000000000000 1 0
727000000000000000000000000000000000000000000000000000000000000000000000000000000000000000000000000000000000000000000000 8630000000000000000000000000000000000000000000000000000000000000000000000000000000000000000000000000000000000000000000000 0 0
263 672 1 0
1511 4779 0 0
2657 840 0 0
1208 1707 1 0
3875 2744 1 1
423044 423044 1 1
218000000000000000000000000000000000000 691000000000000000000000000000000000000 0 0
933000000000000000000 50400000000000000000000 0 0
604 776 1 1
3108 9830 0 0
6404 2027 1 0
1263 1782 1 1
354 251 1 1
830917 830917 1 1
112700000000000000000000000000000000000 356300000000000000000000000000000000000 1 0
810 955 1 1
322 974 1 0
2296 7261 0 0
6535 2066 0 0
108 150 1 1
55 36 1 0
879245 879245 1 1
676000000000000000000000000000000 2135000000000000000000000000000000 1 0
50400000000000000000000 150000000000000000000000 1 0
704 816 1 1
2908 9193 1 0
3644 1153 1 0
3534 4991 1 1
3931 2784 1 1
161148 161148 1 1
34550000000000000000000000000 109240000000000000000000000000 1 0
6020 7990 1 1
752 195 0 0
986 3118 1 0
11753 3714 0 0
2989 4221 1 1
3049 2156 1 0
847944 847944 1 1
3772000000000000000000000000000000000000000000000000000000000000000000000000000000000000000000000000000000000000000000000000000000000000000000000000000000000000000000000000000000000000000000000000000000000 11926000000000000000000000000000000000000000000000000000000000000000000000000000000000000000000000000000000000000000000000000000000000000000000000000000000000000000000000000000000000000000000000000000000000 1 0
3100000000000000000000000000000000000000000 10700000000000000000000000000000000000000000 0 0
935 700 1 1
2996 9473 1 0
6647 2102 1 0
3258 4600 1 1
1010 714 1 0
223695 223695 1 1
165200000000000000000000000000000 522300000000000000000000000000000 1 0
330000000000000000 6280000000000000000 0 0
849 859 1 1
2605 8235 1 0
9669 3055 0 0
2249 3174 1 1
1552 1099 1 1
345282 345282 1 1
228800000000000000000000000000000 723500000000000000000000000000000 1 0
984000000000000000000000000000 7190000000000000000000000000000 0 0
260 524 1 0
1748 5525 1 0
3028 957 0 0
1769 2498 1 1
3293 2329 1 0
939789 939789 1 1
33790000000000000000 106830000000000000000 1 0
244000000000000000000000 904000000000000000000000 0 0
445 457 1 1
2177 6886 0 0
3896 1232 0 0
2801 3955 1 1
3968 2810 1 1
953128 953128 1 1
3860000000000000000000000000 12190000000000000000000000000 1 0
1320000000000000000000 4360000000000000000000 0 0
730 249 1 0
3002 9491 1 0
9881 3126 1 0
3089 4364 1 0
2146 1518 1 0
898482 898482 1 1
80000000000000000000000000000000000000000000000000000000000000000000000000000000000000000000000000000000000000000000000000000000000000000000000000000000000000000000000000000000000000000000000 260000000000000000000000000000000000000000000000000000000000000000000000000000000000000000000000000000000000000000000000000000000000000000000000000000000000000000000000000000000000000000000000 0 0
690000000000000000000000000000000000000000000000000000000000000000000000000000000000000000000000000000000000000000000000000000000000000000000000000000000000000000000 727000000000000000000000000000000000000000000000000000000000000000000000000000000000000000000000000000000000000000000000000000000000000000000000000000000000000000000 1 1
644 545 1 1
2897 9163 0 0
6096 1926 0 0
3062 4326 1 0
3560 2522 1 1
94777 94777 1 1
3600000000000000000000000000000 11400000000000000000000000000000 0 0
40600000000000000 50000000000000000 1 1
500 386 1 1
2721 8603 1 0
2525 796 0 0
1099 1551 1 1
895 634 1 1
640680 640680 1 1
306500000000000000000000000 969100000000000000000000000 1 0
3540000000000000000000 162000000000000000000000 0 0
325 631 1 0
3375 10673 0 0
3722 1178 1 0
460 649 1 1
3967 2810 1 1
512157 512157 1 1
22820000000000000000000000000 72160000000000000000000000000 1 0
21800000000000000000000000000 2910000000000000000000000000000 0 0
594 115 0 0
393 1244 0 0
2533 799 0 0
2703 3818 1 1
3584 2535 1 0
697015 697015 1 1
19760000000000000 62460000000000000 1 0
16400000000000000000000 89200000000000000000000 0 0
581 80 0 0
2595 8207 0 0
9353 2959 1 0
40 54 1 1
3299 2333 1 0
802461 802461 1 1
2434000000000000000000000000000000000000000000000000000000000000000000000000000000000000000000000000000000000000000000000000000000000000000000000000000000000000000000000000000000000000000000000000000000000000 7695000000000000000000000000000000000000000000000000000000000000000000000000000000000000000000000000000000000000000000000000000000000000000000000000000000000000000000000000000000000000000000000000000000000000 1 0
58000000000000000000000000000000000000000000000000000000000000000000000000000000000000000000000000000000000000000000000000000000000000000000000000000000000000000000000000000000000000000000000000000000000000000000000000000000000000000000000000000000000000000000000000 109000000000000000000000000000000000000000000000000000000000000000000000000000000000000000000000000000000000000000000000000000000000000000000000000000000000000000000000000000000000000000000000000000000000000000000000000000000000000000000000000000000000000000000000000 1 0
722 660 1 1
3486 11025 0 0
370 119 1 0
2913 4113 1 1
3720 2633 1 0
605768 605768 1 1
330300000000000000 1044400000000000000 1 0
21200000000 5820000000000 0 0
966 9 0 0
1835 5802 1 0
9952 3146 0 0
3469 4899 1 1
115 83 1 1
582727 582727 1 1
5460000000000000000000000000000000000 17270000000000000000000000000000000000 0 0
143000000000000000000000 6470000000000000000000000 0 0
512 194 1 0
2639 8344 1 0
5282 1671 1 0
3443 4865 1 0
152 109 1 1
349022 349022 1 1
43100000000000000000000000000000000 136100000000000000000000000000000000 1 0
56000 64600 1 1
460 733 1 0
2165 6845 1 0
3948 1250 1 0
3705 5232 1 1
3671 2598 1 0
565930 565930 1 1
1635000000000 5172000000000 0 0
3280000000000000000000000 14900000000000000000000000 0 0
700 259 1 0
796 2519 0 0
7500 2370 0 0
1435 2025 1 1
1626 1153 1 1
445286 445286 1 1
35040000000000000000000000000000000000000000 110790000000000000000000000000000000000000000 1 0
31000000000000000000000000000000000000000000000000000000000000000000000000 1520000000000000000000000000000000000000000000000000000000000000000000000000 0 0
108 986 0 0
1868 5909 0 0
6411 2025 0 0
816 1154 1 0
2044 1447 1 0
192516 192516 1 1
470000000000000 1490000000000000 0 0
9450000000 783000000000 0 0
453 726 1 0
2192 6933 0 0
5257 1662 0 0
3489 4928 1 1
2096 1485 1 1
108787 108787 1 1
23010000000 72760000000 1 0
764000000000000000000000000000 3800000000000000000000000000000 0 0
463 983 1 0
3903 12340 1 0
8797 2782 1 0
183 256 1 1
3660 2590 1 0
766726 766726 1 1
11090000000000000000000000000000000000 35040000000000000000000000000000000000 1 0
2740000000000000000 51200000000000000000 0 0
103 344 0 0
2300 7275 0 0
7954 2513 0 0
3124 4411 1 1
1359 964 1 1
520981 520981 1 1
395700000000000000000000000000000000000 1251500000000000000000000000000000000000 0 0
287000000000000000000000000000 18900000000000000000000000000000 0 0
976 382 1 0
3885 12285 1 0
3455 1091 0 0
2149 3036 1 0
1741 1231 1 0
3911 3911 1 1
204700000000000000000000000000000000000000000000000000000000000000000000000000000000000000000000000000000000 647100000000000000000000000000000000000000000000000000000000000000000000000000000000000000000000000000000000 1 0
45700000000000000000000000000000000000000000000000000000000000000000000000000000000000000000000000000000000000000000000000000000000000000000000000000000000000000000000000000000000000000000000000000000000000000000000000000000000000000000000000000000000000 5100000000000000000000000000000000000000000000000000000000000000000000000000000000000000000000000000000000000000000000000000000000000000000000000000000000000000000000000000000000000000000000000000000000000000000000000000000000000000000000000000000000000000 0 0
690 188 0 0
1911 6045 0 0
823 258 0 0
1161 1638 1 1
1482 1049 1 0
932257 932257 1 1
1831000 5790000 1 0
117000000000000000000000000 40000000000000000000000000 1 0
637 881 1 1
2778 8782 1 0
2936 930 1 0
3972 5611 1 0
1789 1267 1 1
925077 925077 1 1
23510000000000000000000 74350000000000000000000 0 0
6870000000000000000000000000000 8770000000000000000000000000000 1 1
179 506 1 0
1249 3947 1 0
4612 1456 0 0
436 617 1 0
1243 878 1 0
883921 883921 1 1
43400000 137400000 0 0
8200000000 2130000000000 0 0
209 241 1 1
384 1214 1 0
91 30 1 0
2418 3417 1 0
2277 1609 1 0
362667 362667 1 1
229500000000000000000000000000000000 725800000000000000000000000000000000 0 0
4790 288000 0 0
933 869 1 1
2381 7531 0 0
1533 486 1 0
3982 5626 1 0
155 109 1 0
605518 605518 1 1
232200000000000000000000000000000000000000000000000000000000000000000000000000000000000000000000000000000000000000000000000000000000000000000000000000000000000000000000000000000000000 734100000000000000000000000000000000000000000000000000000000000000000000000000000000000000000000000000000000000000000000000000000000000000000000000000000000000000000000000000000000000 1 0
27600000000000000000000000000000000000000000000000000000000000000000000000000000000000000000000000000000000000000000000000000000000000000000000000000000000000000000000000000000000000000000000000000000000000000000000000000000000 608000000000000000000000000000000000000000000000000000000000000000000000000000000000000000000000000000000000000000000000000000000000000000000000000000000000000000000000000000000000000000000000000000000000000000000000000000000000 0 0
383 743 1 0
1585 5011 1 0
3742 1183 0 0
3489 4927 1 1
146 102 1 0
846800 846800 1 1
32690000000000000000000000000000000000000 103360000000000000000000000000000000000000 1 0
65000000 914000000 0 0
830 341 1 0
1225 3871 1 0
1004 318 1 0
730 1029 1 1
3976 2813 1 0
986268 986268 1 1
160900000000000000000000000000 509000000000000000000000000000 0 0
308000000000000000000000000 6470000000000000000000000000 0 0
238 76 1 0
649 2051 1 0
2494 789 1 0
705 996 1 0
883 624 1 0
539470 539470 1 1
159800000000 505500000000 0 0
16400000000 743000000000 0 0
610 837 1 1
2353 7442 0 0
3432 1083 0 0
3950 5580 1 0
238 167 1 0
295980 295980 1 1
344300 1088900 0 0
7100000000000000000 6820000000000000000 1 1
385 362 1 1
1754 5547 0 0
7458 2356 0 0
1389 1963 1 0
1535 1087 1 1
867996 867996 1 1
325300000000000000000000000000000000000000000000000000000000000000000000000000000000000000000000000000000000000000000 1028600000000000000000000000000000000000000000000000000000000000000000000000000000000000000000000000000000000000000000 1 0
8220000000000000000000000000000000000000000000000000000000000000000000000000000000000000000000000000000000000000000000000000000000000000000000000000000000000000000000000000000000000000000000000000000000000000000000000000000000000000000000000000000000000 53000000000000000000000000000000000000000000000000000000000000000000000000000000000000000000000000000000000000000000000000000000000000000000000000000000000000000000000000000000000000000000000000000000000000000000000000000000000000000000000000000000000000 0 0
391 268 1 0
3681 11640 1 0
4777 1508 0 0
1698 2397 1 1
531 373 1 0
982222 982222 1 1
2357000000000000000000 7452000000000000000000 1 0
4100000000000 503000000000000 0 0
793 243 0 0
109 343 1 0
1484 469 0 0
156 221 1 0
2034 1437 1 0
564833 564833 1 1
24130000000000000000000000000000 76300000000000000000000000000000 1 0
128000 1430000 0 0
545 434 1 1
2540 8033 0 0
9814 3103 0 0
1091 1541 1 1
2531 1789 1 0
330062 330062 1 1
6000000000000000000000000000 18900000000000000000000000000 1 0
22400000 6990000000 0 0
933 654 1 0
1132 3577 1 0
1306 410 0 0
2675 3780 1 0
1379 977 1 1
221151 221151 1 1
17830000000000000000000000000000 56390000000000000000000000000000 0 0
181000000000000000 5930000000000000000 0 0
137 382 1 0
3291 10406 1 0
3232 1021 0 0
1959 2768 1 0
3403 2411 1 1
452654 452654 1 1
510000000000000000000000000000000000000000000000000000000000000000000000000000000000000000000000000000000000000000000000000000000000000000000000000000000000000000000000000000000000000000000000000000000000000000000000000000000000000000000000000000000000000000000000000000000000000000000000000 1590000000000000000000000000000000000000000000000000000000000000000000000000000000000000000000000000000000000000000000000000000000000000000000000000000000000000000000000000000000000000000000000000000000000000000000000000000000000000000000000000000000000000000000000000000000000000000000000000 1 0
480000000000000000000000000000000000000000000000000000000000000000000000000000000000000000000000000000000000000000000000000000000000000000000000000000000000000000000000000000000000000000000 943000000000000000000000000000000000000000000000000000000000000000000000000000000000000000000000000000000000000000000000000000000000000000000000000000000000000000000000000000000000000000000 1 0
144 705 0 0
1649 5214 1 0
3173 1004 1 0
1692 2392 1 0
2469 1749 1 1
659522 659522 1 1
10860000000000000000000000000000 34330000000000000000000000000000 1 0
478000000000 6980000000000 0 0
824 356 1 0
3817 12068 1 0
3325 1049 0 0
171 243 1 0
1033 732 1 1
175237 175237 1 1
18020000000000000000000000000 56970000000000000000000000000 1 0
43600000000 7000000000 0 0
94 154 1 0
1237 3913 0 0
6858 2168 0 0
297 421 1 0
422 297 1 0
559381 559381 1 1
2250000000000000000000 7116000000000000000000 0 0
173000 196000 1 1
808 528 1 0
840 2654 1 0
1416 449 1 0
717 1013 1 0
2096 1483 1 0
193543 193543 1 1
341200000000000000000000 1078700000000000000000000 1 0
941000000000000000 913000000000000000 1 1
434 734 1 0
2600 8219 1 0
6734 2127 0 0
2794 3948 1 0
2359 1669 1 0
602899 602899 1 1
120800000000000000000000000000000000000000000000000000000000000000000000000000000000000000000000000000000000000000000000000000000000000000000000000000000000000000000000000000000000000000000000000000000000000000000000000000000000000000000 382100000000000000000000000000000000000000000000000000000000000000000000000000000000000000000000000000000000000000000000000000000000000000000000000000000000000000000000000000000000000000000000000000000000000000000000000000000000000000000 0 0
63300000000000000000000000000000000 26500000000000000000000000000000000 1 0
499 920 1 0
872 2756 1 0
5056 1596 0 0
2834 4002 1 1
671 474 1 0
802413 802413 1 1
2292 7248 0 0
783 472 1 0
557 885 1 0
1388 4387 1 0
10131 3205 1 0
2043 2884 1 1
3669 2598 1 1
674983 674983 1 1
2945000000000 9314000000000 0 0
491000000 80400000000 0 0
93 610 0 0
646 2043 0 0
11576 3662 1 0
1031 1457 1 0
1102 779 1 0
770689 770689 1 1
2984000000000000000000000000000000000000000 9438000000000000000000000000000000000000000 0 0
20900000000000000 19900000000000000 1 1
663 447 1 0
1774 5609 1 0
1408 444 0 0
3686 5208 1 0
2456 1739 1 1
353418 353418 1 1
10530 33290 1 0
31300000000000000 6420000000000000000 0 0
424 525 1 1
1367 4320 1 0
1305 413 1 0
241 342 1 0
2063 1462 1 1
345101 345101 1 1
32250000000000000000000000000000000000000000000000000000000000000000000000000000000000000000000000000000000000000000000000000000 101980000000000000000000000000000000000000000000000000000000000000000000000000000000000000000000000000000000000000000000000000000 1 0
322000000000000000000000000000000000000000000000 41100000000000000000000000000000000000000000000000 0 0
619 835 1 1
2733 8642 1 0
2497 790 1 0
944 1331 1 1
67 46 1 0
523524 523524 1 1
18730000000 59240000000 0 0
7230000 441000000 0 0
345 676 1 0
1695 5360 1 0
88 29 1 0
2360 3335 1 0
2751 1945 1 0
705074 705074 1 1
911000000000000000 2882000000000000000 0 0
68800000000000000 2850000000000000000 0 0
687 702 1 1
2459 7775 1 0
8309 2626 0 0
1516 2143 1 0
93 65 1 0
2512 2512 1 1
39620000000000000000000000000 125300000000000000000000000000 0 0
1130000000000000 24200000000000000 0 0
475 429 1 1
1478 4675 0 0
3013 950 0 0
3450 4874 1 0
561 397 1 0
773985 773985 1 1
1099000000000000000 3476000000000000000 0 0
157 787 0 0
665 799 1 1
2924 9245 1 0
6361 2013 1 0
2253 3183 1 0
3173 2245 1 0
595247 595247 1 1
41900000000000000000000000000000000000000000000000000000000000000000000000000000000000000000000000000000000000000000000000000000000000000000000000000000000000000000000000000000000000000000000000000000000000000000000000000000000000000000000 132500000000000000000000000000000000000000000000000000000000000000000000000000000000000000000000000000000000000000000000000000000000000000000000000000000000000000000000000000000000000000000000000000000000000000000000000000000000000000000000 0 0
834000000000000000000000000000000000000000000000000000000000000000000000000000000000000000000000000000000000000000000000000000000000000000000000000000000000000000000000000000000000000000000000000000000000000 22200000000000000000000000000000000000000000000000000000000000000000000000000000000000000000000000000000000000000000000000000000000000000000000000000000000000000000000000000000000000000000000000000000000000000 0 0
98 218 1 0
1208 3818 1 0
6920 2186 0 0
1569 2214 1 1
1574 1115 1 1
2103 2103 1 1
36190000000000000000 114440000000000000000 1 0
91000000 907000000 0 0
911 869 1 1
860 2718 1 0
2714 858 0 0
2429 3430 1 1
473 335 1 1
779342 779342 1 1
194000000000000000000000000000000000000 613600000000000000000000000000000000000 0 0
95400000000000000000000000000 4050000000000000000000000000000 0 0
289 279 1 1
2175 6879 0 0
1014 318 0 0
27 40 1 0
771 544 1 0
388476 388476 1 1
930000000000000000000000000000000000000000 2940000000000000000000000000000000000000000 1 0
61300000000000000 9600000000000000000 0 0
153 676 0 0
2698 8529 1 0
2696 852 0 0
2557 3609 1 1
2864 2028 1 1
597534 597534 1 1
290600000000000000000000000000 919100000000000000000000000000 0 0
6530000000000 42200000000000 0 0
92 662 0 0
3628 11473 0 0
11735 3708 0 0
2079 2934 1 1
1838 1301 1 0
676234 676234 1 1
35950000000000000000000000000000000000000000000000000000000000000000000000000000000000000000000000000 113670000000000000000000000000000000000000000000000000000000000000000000000000000000000000000000000000 1 0
1300000000000000000000000000000000000000000000000000000000000000000000000000000000000000000000000000000000000000000000000000000000000000000000000000000000000000000000000000000000000000000000000 419000000000000000000000000000000000000000000000000000000000000000000000000000000000000000000000000000000000000000000000000000000000000000000000000000000000000000000000000000000000000000000000000 0 0
846 843 1 1
102 320 1 0
2838 898 1 0
2978 4207 1 0
3395 2403 1 0
325832 325832 1 1
15260000000000000000000000 48230000000000000000000000 1 0
624000000000000000000000 934000000000000000000000 1 0
924 805 1 1
1946 6152 1 0
7874 2489 0 0
3717 5249 1 1
1388 984 1 1
720470 720470 1 1
2290000000000000000000000000000 7240000000000000000000000000000 1 0
821 6260 0 0
246 302 1 1
878 2778 0 0
2703 854 0 0
3738 5279 1 1
247 172 1 0
241098 241098 1 1
23790000 75250000 0 0
1040000000 876000000000 0 0
371 273 1 1
2077 6567 1 0
1483 469 1 0
2102 2967 1 1
2760 1951 1 0
642136 642136 1 1
259600000000000000000000000000000000 821000000000000000000000000000000000 0 0
421000000000000 30000000000000000 0 0
220 358 1 0
3724 11776 1 0
2432 770 1 0
3924 5541 1 1
1164 824 1 0
388531 388531 1 1
175800000000000000000000000000000000000000000000000000000000000000000000000000000000000000000000000000000000000000000000000000000000000000000000000000000000000000000000000000000000000000000000000000000000000000000000000000000000000000000000000000000000000000000000000000000000000000000000 556000000000000000000000000000000000000000000000000000000000000000000000000000000000000000000000000000000000000000000000000000000000000000000000000000000000000000000000000000000000000000000000000000000000000000000000000000000000000000000000000000000000000000000000000000000000000000000000 0 0
46600000000000000000000000000000000000000000000000000000000000000000000000000000000000000000000000000000000000000000000000000000000000000000000000000000000000000000000000000000000000000000000000000000000000000000000000000000000000000000000000000000000000 3930000000000000000000000000000000000000000000000000000000000000000000000000000000000000000000000000000000000000000000000000000000000000000000000000000000000000000000000000000000000000000000000000000000000000000000000000000000000000000000000000000000000000 0 0
111 776 0 0
1715 5421 1 0
11947 3777 0 0
3377 4772 1 0
1047 743 1 1
543908 543908 1 1
92400000000000000000000000000000000 292200000000000000000000000000000000 0 0
27200000000000000000000000000 845000000000000000000000000000 0 0
444 147 1 0
1175 3716 0 0
1012 319 0 0
621 875 1 1
1387 982 1 1
775688 775688 1 1
32350000000000000 102280000000000000 1 0
72000000000000000000000 193000000000000000000000 1 0
84 235 1 0
2128 6729 1 0
6608 2087 0 0
567 798 1 1
2345 1662 1 1
422997 422997 1 1
14580000000000000 46090000000000000 1 0
5260000000000000 1030000000000000 0 0
891 133 0 0
377 1194 0 0
3782 1197 1 0
1088 1534 1 1
610 429 1 0
572298 572298 1 1
2347000000000000000 7422000000000000000 0 0
38200000000000000 9450000000000000000 0 0
13 640 0 0
1601 5060 1 0
9298 2939 0 0
3686 5204 1 1
3442 2436 1 0
866415 866415 1 1
271500000000 858300000000 1 0
5480000000000000000000000000000000000000000000000000000000000000000000000000000000000000000000000000000000000000000000000000000000000000000000000000000000000000 9010000000000000000000000000000000000000000000000000000000000000000000000000000000000000000000000000000000000000000000000000000000000000000000000000000000000000 1 0
389 933 1 0
1495 4726 1 0
4938 1562 1 0
2809 3968 1 0
2231 1578 1 0
858527 858527 1 1
3735000000000000000000000000000000000000000 11811000000000000000000000000000000000000000 1 0
622000000000000 86700000000000000 0 0
855 43 0 0
1022 3230 1 0
7464 2360 0 0
419 592 1 0
1831 1298 1 1
889301 889301 1 1
1743000000000000000000000000000000000000000 5510000000000000000000000000000000000000000 1 0
616000000000000000000000000 8210000000000000000000000000 0 0
934 565 1 0
98 309 1 0
6497 2055 1 0
1423 2009 1 1
1100 777 1 0
444002 444002 1 1
35330000000000000000000000000000 111730000000000000000000000000000 0 0
1560000000000000 450000000000000000 0 0
516 185 1 0
3405 10766 1 0
11171 3533 1 0
3297 4657 1 1
2093 1481 1 0
789868 789868 1 1
171500000000 542400000000 0 0
23200000 8460000000 0 0
873 292 1 0
1509 4773 0 0
2856 904 1 0
3807 5377 1 1
3229 2286 1 1
926681 926681 1 1
29660000000000000000000000000000000000000000000000000000000000000000000000000000000000000000000000000000000000000000000000000000000000000000000000000000000000000000000000000000 93780000000000000000000000000000000000000000000000000000000000000000000000000000000000000000000000000000000000000000000000000000000000000000000000000000000000000000000000000000 1 0
2980000000000000000000000000000000000000000000000000000000000000000000000000000000000000000000000000000000000000000000000000000000000000000 783000000000000000000000000000000000000000000000000000000000000000000000000000000000000000000000000000000000000000000000000000000000000000000 0 0
839 810 1 1
1162 3673 1 0
8885 2809 0 0
1299 1834 1 1
411 288 1 0
140064 140064 1 1
31890000000000000000000000000000000000000 100850000000000000000000000000000000000000 0 0
640000000000000000000000000000 59100000000000000000000000000000 0 0
929 826 1 1
3453 10920 0 0
10908 3449 0 0
3723 5259 1 0
3561 2522 1 1
802117 802117 1 1
2035000000000000000000000000000000000 6434000000000000000000000000000000000 1 0
2710000 88400000 0 0
841 807 1 1
1575 4982 0 0
4742 1499 0 0
3385 4782 1 0
1813 1283 1 0
553804 553804 1 1
1693000000000000000000000 5353000000000000000000000 1 0
51500000000 8880000000000 0 0
268 383 1 0
2195 6942 0 0
6030 1908 1 0
3074 4344 1 0
1911 1350 1 0
851554 851554 1 1
3600000000000000000000000000000 11385000000000000000000000000000 0 0
7560000 261000000 0 0
139 760 0 0
541 1710 1 0
2156 679 0 0
2238 3159 1 1
2360 1670 1 0
771336 771336 1 1
3024000000000000000000000000000000000000000000000000000000000000000000000000000000 9560000000000000000000000000000000000000000000000000000000000000000000000000000000 1 0
4780000000000000000000000000000000000000000000000000000000000000000000000 3500000000000000000000000000000000000000000000000000000000000000000000000 1 1
449 728 1 0
632 1997 1 0
1355 430 1 0
2245 3170 1 1
76 52 1 0
796739 796739 1 1
63000000000000000000000000000000000 199000000000000000000000000000000000 1 0
58700000000000000000000 5040000000000000000000000 0 0
49 918 0 0
665 2104 0 0
4584 1450 1 0
3303 4664 1 1
2358 1669 1 0
325463 325463 1 1
1290000000000000000000000000000000000000000 4077000000000000000000000000000000000000000 1 0
3060000000000000000 822000000000000000000 0 0
130 693 0 0
711 2246 1 0
4059 1283 0 0
3123 4412 1 0
3251 2301 1 0
709845 709845 1 1
3946000000000000000000000000000000000 12480000000000000000000000000000000000 0 0
4880000000000 927000000000000 0 0
335 917 1 0
915 2894 0 0
11009 3481 0 0
478 675 1 1
1839 1299 1 0
181439 181439 1 1
330500000 1045100000 1 0
654000000000000 3950000000000000 0 0
65 743 0 0
2764 8738 1 0
5169 1635 1 0
284 402 1 0
989 698 1 0
435849 435849 1 1
196100000000000000000000000000000000000000000000000000000000000000000000000000000000000000000000000000000000000 620000000000000000000000000000000000000000000000000000000000000000000000000000000000000000000000000000000000000 1 0
75000000000000000000000000000000000000000000000000000000000000000000000000000000000000000000000000000000000 2930000000000000000000000000000000000000000000000000000000000000000000000000000000000000000000000000000000000 0 0
748 305 1 0
2947 9319 1 0
9036 2858 1 0
3719 5255 1 0
693 490 1 0
494912 494912 1 1
311900000000000000000000000 986300000000000000000000000 1 0
52200000000 4770000000000 0 0
303 448 1 0
1134 3587 0 0
5171 1634 0 0
2416 3411 1 1
3154 2233 1 1
651034 651034 1 1
16740000000 52910000000 1 0
45200000 977000000 0 0
42 628 0 0
3707 11724 0 0
5297 1673 0 0
150 209 1 1
1163 823 1 0
443953 443953 1 1
56500000000000000000000000000 178600000000000000000000000000 1 0
1320000000 2300000000 1 0
728 574 1 1
2426 7672 0 0
4241 1343 1 0
1728 2438 1 1
1749 1239 1 1
617212 617212 1 1
4880000000000000000000000000 15420000000000000000000000000 1 0
424000000000000000000 6000000000000000000000 0 0
