amount nodeBps nodeFloor author node operations
6 0 811732 5 0 1
1732 1119 10000 1386 0 346
747476 500 0 597981 37373 112122
670607000000 0 125742 536485600000 0 134121400000
9254797000465067198 1081 680960 7403837600372053759 1000443555750273764 850515844342739675
115792089237316195423570985008687907853269984665640564039457584007913129638975 2000 451498 92633671389852956338856788006950326282615987732512451231566067206330503711180 23158417847463239084714197001737581570653996933128112807891516801582625927795 0
3618502788666131106986593281521497120414687020801267626233049500247285301248 2000 10000 2894802230932904885589274625217197696331749616641014100986439600197828240999 723700557733226221397318656304299424082937404160253525246609900049457060249 0
223610001 1354 0 178888001 30276794 14445206
11 2000 0 9 2 0
4016 395 909823 3213 0 803
4549117 1908 515264 3639294 867971 41852
515264000000 1196 189785 412211200000 61625574400 41427225600
859219041676797835 2000 0 687375233341438268 171843808335359567 0
115792089237316195423570985008687907853269984665640564039457584007913129622880 1422 0 92633671389852956338856788006950326282615987732512451231566067206330503698304 16465635089546362989231794068235420496734991819454088206410868445925247032373 6692782757916876095482402933502161073919005113674024601480648355657378892203
1361129467683753853853498429727072845824 2000 288476 1088903574147003083082798743781658276660 272225893536750770770699685945414569164 0
884760001 571 357450 707808001 50519796 126432204
10 500 0 8 0 2
9519 0 645249 7616 0 1903
3226247 500 10000 2580998 161312 483937
513883000000 618 336894 411106400000 31757969400 71018630600
1500238993592985136 733 945247 1200191194874388109 109967518230365810 190080280488231217
115792089237316195423570985008687907853269984665640564039457584007913129634688 0 0 92633671389852956338856788006950326282615987732512451231566067206330503707751 0 23158417847463239084714197001737581570653996933128112807891516801582625926937
56539106072908298546665520023773392506479484700019806659891398441363832831 2000 643234 45231284858326638837332416019018714005183587760015845327913118753091066265 11307821214581659709333104004754678501295896940003961331978279688272766566 0
432339998 500 838523 345871999 21616999 64851000
11 1745 10000 9 0 2
7572 994 0 6058 752 762
722932 500 10000 578346 36146 108440
83424000000 963 0 66739200000 8033731200 8651068800
5906636362140578519 335 431491 4725309089712462816 197872318131709380 983454954296406323
115792089237316195423570985008687907853269984665640564039457584007913129628444 980 0 92633671389852956338856788006950326282615987732512451231566067206330503702756 11347624745256987151509956530851414969620458497232775275866843232775486703587 11810793102206251933204240470886166601033538435895337532024673568807139222101
883423532389192164791648750371459257913741948437809479060803100646309887 500 10000 706738825911353731833319000297167406330993558750247583248642480517047910 44171176619459608239582437518572962895687097421890473953040155032315494 132513529858378824718747312555718888687061292265671421859120465096946483
859720000 0 0 687776000 0 171944000
9 1959 10000 8 0 1
5608 500 835509 4487 0 1121
4177545 698 10000 3342036 291592 543917
668460000000 1698 591112 534768000000 113504508000 20187492000
8189750318345459136 889 521941 6551800254676367309 728068803300911317 909881260368180510
115792089237316195423570985008687907853269984665640564039457584007913129637994 500 0 92633671389852956338856788006950326282615987732512451231566067206330503710396 5789604461865809771178549250434395392663499233282028201972879200395656481899 17368813385597429313535647751303186177990497699846084605918637601186969445699
3618502788666131106986593281521497120414687020801267626233049500247285301247 500 622062 2894802230932904885589274625217197696331749616641014100986439600197828240998 180925139433306555349329664076074856020734351040063381311652475012364265062 542775418299919666047988992228224568062203053120190143934957425037092795187
220620000 500 288057 176496000 11031000 33093000
9 500 10000 8 0 1
8410 500 43262 6728 0 1682
216310 2000 10000 173048 43262 0
572247000000 1272 43020 457797600000 72789818400 41659581600
1859565086189231400 0 516746 1487652068951385120 0 371913017237846280
115792089237316195423570985008687907853269984665640564039457584007913129623189 373 172866 92633671389852956338856788006950326282615987732512451231566067206330503698552 4319044928551894089299197740824058962926970428028393038671767883495159734944 18839372918911344995414999260913522607727026505099719769219748918087466189693
1152921504606846975 1777 501317 922337203685477580 204874151368636707 25710149552732688
13169999 737 0 10536000 970628 1663371
0 845 672531 0 0 0
2531 500 101923 2025 0 506
509615 2000 0 407692 101923 0
946141000000 1490 317318 756912800000 140975009000 48253191000
4950683518849912064 979 353538 3960546815079929652 484671916495406391 505464787274576021
115792089237316195423570985008687907853269984665640564039457584007913129626397 356 574388 92633671389852956338856788006950326282615987732512451231566067206330503701118 4122198376848456557079127066309289519576411454096804079804689990681707414699 19036219470614782527635069935428292051077585479031308728086826810900918510580
17179869183 0 475911 13743895347 0 3435973836
759110001 0 10000 607288001 0 151822000
11 5 10000 9 0 2
186 2000 992763 149 0 37
4963817 2000 0 3971054 992763 0
472521000000 500 13225 378016800000 23626050000 70878150000
90270750071795150 558 10000 72216600057436120 5037107854006169 13017042160352861
115792089237316195423570985008687907853269984665640564039457584007913129634723 1203 133601 92633671389852956338856788006950326282615987732512451231566067206330503707779 13929788335249138309455589496545155314748379155276559853946747356151949495057 9228629512214100775258607505192426255905617777851552953944769445430676431887
281474976710656 0 0 225179981368525 0 56294995342131
828649998 500 561245 662919999 41432499 124297500
1 500 0 1 0 0
958 847 0 767 81 110
3981855 2000 10000 3185484 796371 0
842208000000 1077 0 673766400000 90705801600 77735798400
5551897733453062896 2000 0 4441518186762450317 1110379546690612579 0
115792089237316195423570985008687907853269984665640564039457584007913129638642 500 786812 92633671389852956338856788006950326282615987732512451231566067206330503710914 5789604461865809771178549250434395392663499233282028201972879200395656481932 17368813385597429313535647751303186177990497699846084605918637601186969445796
3450873173395281893717377931138512726225554486085193277581262111899648 0 0 2760698538716225514973902344910810180980443588868154622065009689519719 0 690174634679056378743475586227702545245110897217038655516252422379929
88770001 402 10000 71016001 3568554 14185446
9 225 988805 8 0 1
8805 1688 295676 7044 0 1761
1478382 0 0 1182706 0 295676
701290000000 500 0 561032000000 35064500000 105193500000
2988652969449597900 500 0 2390922375559678320 149432648472479895 448297945417439685
115792089237316195423570985008687907853269984665640564039457584007913129638154 500 72337 92633671389852956338856788006950326282615987732512451231566067206330503710524 5789604461865809771178549250434395392663499233282028201972879200395656481907 17368813385597429313535647751303186177990497699846084605918637601186969445723
85070591730234615865843651857942052864 0 0 68056473384187692692674921486353642292 0 17014118346046923173168730371588410572
778789998 1043 97563 623031999 81227796 74530203
11 1595 0 9 1 1
6073 468 118114 4859 0 1214
590570 688 905648 472456 0 118114
905648000000 0 0 724518400000 0 181129600000
14538819462278829456 500 10000 11631055569823063565 726940973113941472 2180822919341824419
115792089237316195423570985008687907853269984665640564039457584007913129626543 2000 0 92633671389852956338856788006950326282615987732512451231566067206330503701235 23158417847463239084714197001737581570653996933128112807891516801582625925308 0
51422017416287688817342786954917203280710495801049370729644031 0 213907 41137613933030151053874229563933762624568396640839496583715225 0 10284403483257537763468557390983440656142099160209874145928806
139069998 740 0 111255999 10291179 17522820
9 1450 505751 8 0 1
5751 1967 0 4601 1131 19
3903425 146 247240 3122740 56990 723695
247240000000 2000 10000 197792000000 49448000000 0
2839694817940315648 1459 30626 2271755854352252519 414311473937492053 153627489650571076
115792089237316195423570985008687907853269984665640564039457584007913129629309 2000 611122 92633671389852956338856788006950326282615987732512451231566067206330503703448 23158417847463239084714197001737581570653996933128112807891516801582625925861 0
2417851639229258349412351 2000 301047 1934281311383406679529881 483570327845851669882470 0
10470001 0 10000 8376001 0 2094000
7 1709 766016 6 0 1
6016 1308 408671 4813 0 1203
2043357 500 10000 1634686 102167 306504
376000000 533 669135 300800000 20040800 55159200
10697743921503783865 1349 876176 8558195137203027092 1443125655010860443 696423129289896330
115792089237316195423570985008687907853269984665640564039457584007913129623759 2000 785160 92633671389852956338856788006950326282615987732512451231566067206330503699008 23158417847463239084714197001737581570653996933128112807891516801582625924751 0
3533694129556768659166595001485837031654967793751237916243212402585239551 1761 679405 2826955303645414927333276001188669625323974235000990332994569922068191641 622283536214946960879237379761655901274439828479592997050429704095260684 84455289696406770954081620535511505056553730270654586198212776421787226
794049998 0 572799 635239999 0 158809999
3 500 264604 3 0 0
4604 0 0 3684 0 920
915850 2000 10000 732680 183170 0
940316000000 0 287217 752252800000 0 188063200000
1318700346385289715 0 10000 1054960277108231772 0 263740069277057943
115792089237316195423570985008687907853269984665640564039457584007913129628247 891 0 92633671389852956338856788006950326282615987732512451231566067206330503702598 10317075151044873012240174764274092589726355633708574255915670735105059849876 12841342696418366072474022237463488980927641299419538551975846066477566075773
4194304 0 0 3355444 0 838860
828430000 1077 0 662744000 89221911 76464089
6 0 10000 5 0 1
6655 1130 8784 5324 0 1331
43921 500 0 35137 2196 6588
612489000000 500 717405 489991200000 30624450000 91873350000
1540114150880709495 1669 274837 1232091320704567596 257045051781990414 50977778394151485
115792089237316195423570985008687907853269984665640564039457584007913129625098 0 282888 92633671389852956338856788006950326282615987732512451231566067206330503700079 0 23158417847463239084714197001737581570653996933128112807891516801582625925019
21267647932558653966460912964485513216 2000 0 17014118346046923173168730371588410573 4253529586511730793292182592897102643 0
345140000 2000 32594 276112000 69028000 0
6 2000 769866 5 0 1
9866 500 176987 7893 0 1973
884936 500 475426 707949 44246 132741
475426000000 401 633751 380340800000 19064582600 76020617400
8023659867838009647 500 0 6418927894270407718 401182993391900482 1203548980175701447
115792089237316195423570985008687907853269984665640564039457584007913129623179 0 267284 92633671389852956338856788006950326282615987732512451231566067206330503698544 0 23158417847463239084714197001737581570653996933128112807891516801582625924635
5846006549323611672814739330865132078623730171903 0 0 4676805239458889338251791464692105662898984137523 0 1169201309864722334562947866173026415724746034380
630449999 285 279585 504360000 17967824 108122175
1 500 68175 1 0 0
8175 113 143224 6540 0 1635
716120 1320 371345 572896 94527 48697
371345000000 500 10000 297076000000 18567250000 55701750000
15331709016326884860 2000 10000 12265367213061507888 3066341803265376972 0
115792089237316195423570985008687907853269984665640564039457584007913129628506 1837 113099 92633671389852956338856788006950326282615987732512451231566067206330503702805 21271006792894985099309989946095968672645696183078171614048358182253641912756 1887411054568253985404207055641612898008300750049941193843158619328984012945
10384593717069655257060992658440191 1921 866903 8307674973655724205648794126752153 1994880453049080774881416689686360 82038290364850276530781842001678
669030000 2000 10000 535224000 133806000 0
11 2000 0 9 2 0
8753 0 153375 7003 0 1750
766877 2000 168747 613502 153375 0
168747000000 0 462789 134997600000 0 33749400000
5255792742837028725 0 202884 4204634194269622980 0 1051158548567405745
115792089237316195423570985008687907853269984665640564039457584007913129637051 0 0 92633671389852956338856788006950326282615987732512451231566067206330503709641 0 23158417847463239084714197001737581570653996933128112807891516801582625927410
44601490397061246283071436545296723011960831 0 0 35681192317648997026457149236237378409568665 0 8920298079412249256614287309059344602392166
505279999 380 10000 404224000 19200639 81855360
0 500 10000 0 0 0
1013 2000 619912 811 0 202
3099561 2000 584531 2479649 619912 0
584531000000 347 278309 467624800000 20283225700 96622974300
1282167518080401783 500 549607 1025734014464321427 64108375904020089 192325127712060267
115792089237316195423570985008687907853269984665640564039457584007913129630328 1473 10000 92633671389852956338856788006950326282615987732512451231566067206330503704263 17056174744656675585892006091779728826786668741248855083012102124365603994547 6102243102806563498822190909957852743867328191879257724879414677217021931518
2722258935367507707706996859454145691648 536 647286 2177807148294006166165597487563316553319 145913078935698413133095031666742209072 398538708137803128408304340224086929257
472860001 2000 617690 378288001 94572000 0
6 0 0 5 0 1
3737 2000 882661 2990 0 747
4413307 1710 654333 3530646 754675 127986
654333000000 0 108529 523466400000 0 130866600000
1174070501004855503 500 10000 939256400803884403 58703525050242775 176110575150728325
115792089237316195423570985008687907853269984665640564039457584007913129634083 947 10000 92633671389852956338856788006950326282615987732512451231566067206330503707267 10965510850773843706612172280322744873704667547836161414536633205549373376347 12192906996689395378102024721414836696949329385291951393354883596033252550469
1427247692705959881058285969449495136382746623 630 349716 1141798154164767904846628775559596109106197299 89916604640475472506672016075318193592113037 195532933900716503704985177814580833684436287
497160000 500 10000 397728000 24858000 74574000
8 757 10000 7 0 1
3783 1431 167877 3027 0 756
839387 825 0 671510 69249 98628
203684000000 1834 0 162947200000 37355645600 3381154400
834328957119884060 2000 0 667463165695907248 166865791423976812 0
115792089237316195423570985008687907853269984665640564039457584007913129634008 2000 0 92633671389852956338856788006950326282615987732512451231566067206330503707207 23158417847463239084714197001737581570653996933128112807891516801582625926801 0
1237940039285380274899124223 2000 335088 990352031428304219919299379 247588007857076054979824844 0
350880000 0 238449 280704000 0 70176000
1 2000 258523 1 0 0
8523 2000 432793 6819 0 1704
2163965 1412 0 1731172 305551 127242
612981000000 500 10000 490384800000 30649050000 91947150000
341150094550074234 879 10000 272920075640059388 29987093310951525 38242925599063321
115792089237316195423570985008687907853269984665640564039457584007913129638691 494 368937 92633671389852956338856788006950326282615987732512451231566067206330503710953 5720129208323420053924406659429182647951537242482643863549204649990908604151 17438288639139819030789790342308398922702459690645468944342312151591717323587
16383 0 513377 13107 0 3276
133770000 500 911931 107016000 6688500 20065500
11 2000 675986 9 0 2
5986 1745 10000 4789 0 1197
2261936 500 613617 1809549 113096 339291
613617000000 2000 196582 490893600000 122723400000 0
1327497029118568976 618 10000 1061997623294855181 82039316399527562 183460089424186233
115792089237316195423570985008687907853269984665640564039457584007913129631682 903 163221 92633671389852956338856788006950326282615987732512451231566067206330503705346 10456025658129652446748459946284518079150279615307342932763019835914555605740 12702392189333586637965737055453063491503717317820769875128496965668070320596
5575186299632655785383929568162090376495104 2000 0 4460149039706124628307143654529672301196084 1115037259926531157076785913632418075299020 0
80640000 437 0 64512000 3523968 12604032
9 500 0 8 0 1
6807 0 462643 5446 0 1361
2313216 2000 0 1850573 462643 0
689573000000 2000 0 551658400000 137914600000 0
3761140196854174820 2000 742653 3008912157483339856 752228039370834964 0
115792089237316195423570985008687907853269984665640564039457584007913129637282 1592 451160 92633671389852956338856788006950326282615987732512451231566067206330503709826 18434100606580738311432500813383114930240581558769977795081647374059770238255 4724317240882500773281696188354466640413415374358135012809869427522855689201
21267647932558653966460912964485513216 2000 61147 17014118346046923173168730371588410573 4253529586511730793292182592897102643 0
611469998 2000 326460 489175999 122293999 0
8 326 10000 7 0 1
6694 500 10000 5356 0 1338
873401 500 10000 698721 43670 131010
947715000000 0 367386 758172000000 0 189543000000
521134023962326026 2000 10000 416907219169860821 104226804792465205 0
115792089237316195423570985008687907853269984665640564039457584007913129623939 179 561957 92633671389852956338856788006950326282615987732512451231566067206330503699152 2072678397347959898081920631655513550573532725514966096306290753741645020268 21085739450115279186632276370082068020080464207613146711585226047840980904519
11972621413014756705924586149611790497021399392059392 0 10000 9578097130411805364739668919689432397617119513647514 0 2394524282602951341184917229922358099404279878411878
474850000 0 63849 379880000 0 94970000
9 181 10000 8 0 1
55 705 0 44 3 8
1219652 582 10000 975722 70983 172947
311106000000 2000 915347 248884800000 62221200000 0
10806603900494156382 2000 0 8645283120395325106 2161320780098831276 0
115792089237316195423570985008687907853269984665640564039457584007913129637554 2000 10000 92633671389852956338856788006950326282615987732512451231566067206330503710044 23158417847463239084714197001737581570653996933128112807891516801582625927510 0
5575186299632655785383929568162090376495103 1234 236011 4460149039706124628307143654529672301196083 687977989374669723916376908711201952459495 427059270551861433160409004921216122839525
360109999 344 0 288088000 12387783 59634216
6 2000 0 5 1 0
6728 0 0 5383 0 1345
4610386 2000 891144 3688309 922077 0
891144000000 785 10000 712915200000 69954804000 108273996000
3609534199292807796 500 50434 2887627359434246237 180476709964640389 541430129893921170
115792089237316195423570985008687907853269984665640564039457584007913129629501 0 0 92633671389852956338856788006950326282615987732512451231566067206330503703601 0 23158417847463239084714197001737581570653996933128112807891516801582625925900
9903520314283042199192993791 2000 0 7922816251426433759354395033 1980704062856608439838598758 0
824009998 500 76218 659207999 41200499 123601500
10 492 10000 8 0 2
6873 1109 809290 5499 0 1374
4046451 2000 134797 3237161 809290 0
134797000000 994 0 107837600000 13398821800 13560578200
2388763001245485165 1809 746193 1911010400996388132 432127226925308266 45625373323788767
115792089237316195423570985008687907853269984665640564039457584007913129633742 0 489240 92633671389852956338856788006950326282615987732512451231566067206330503706994 0 23158417847463239084714197001737581570653996933128112807891516801582625926748
1 2000 0 1 0 0
149019999 1673 10000 119216000 24931045 4872954
3 2000 152002 3 0 0
2002 0 10000 1602 0 400
2247225 500 593190 1797780 112361 337084
593190000000 500 783453 474552000000 29659500000 88978500000
4203686056590497704 1992 10000 3362948845272398164 837374262472827142 3362948845272398
115792089237316195423570985008687907853269984665640564039457584007913129633013 2000 0 92633671389852956338856788006950326282615987732512451231566067206330503706411 23158417847463239084714197001737581570653996933128112807891516801582625926602 0
649037107316853453566312041152511 2000 10000 519229685853482762853049632922009 129807421463370690713262408230502 0
982489998 1831 0 785991999 179893918 16604081
11 2000 0 9 2 0
8317 2000 10000 6654 0 1663
277271 500 747716 221817 0 55454
747716000000 500 955382 598172800000 37385800000 112157400000
3437514553949010282 2000 644175 2750011643159208226 687502910789802056 0
115792089237316195423570985008687907853269984665640564039457584007913129635760 500 10000 92633671389852956338856788006950326282615987732512451231566067206330503708608 5789604461865809771178549250434395392663499233282028201972879200395656481788 17368813385597429313535647751303186177990497699846084605918637601186969445364
2251799813685248 1769 235779 1801439850948199 398343387040920 52016575696129
357790001 0 10000 286232001 0 71558000
5 816 943357 4 0 1
3357 0 10000 2686 0 671
4133812 2000 10000 3307050 826762 0
562565000000 0 55029 450052000000 0 112513000000
5673267866231949969 2000 0 4538614292985559976 1134653573246389993 0
115792089237316195423570985008687907853269984665640564039457584007913129622324 500 0 92633671389852956338856788006950326282615987732512451231566067206330503697860 5789604461865809771178549250434395392663499233282028201972879200395656481116 17368813385597429313535647751303186177990497699846084605918637601186969443348
17179869183 4 0 13743895347 6871947 3429101889
586630001 0 10000 469304001 0 117326000
9 5 39706 8 0 1
9706 1123 868825 7765 0 1941
4344125 735 841240 3475300 319293 549532
841240000000 2000 0 672992000000 168248000000 0
11148380376839862274 1386 743095 8918704301471889820 1545165520230004911 684510555137967543
115792089237316195423570985008687907853269984665640564039457584007913129636840 83 9925 92633671389852956338856788006950326282615987732512451231566067206330503709472 961074340669724422015639175572109635182140872724816681527497947265678975985 22197343506793514662698557826165471935471856060403296126364018854316946951383
1532495540865888858358347027150309183618739122183602175 1763 605036 1225996432692711086686677621720247346894991297746881740 270178963854656205728576580886599509071983707240969063 36320144318521565943092824543462327651764117195751372
50360001 500 827774 40288001 2518000 7554000
6 2000 10000 5 0 1
8366 500 60011 6693 0 1673
300056 0 335726 240045 0 60011
335726000000 2000 10000 268580800000 67145200000 0
9305544285582885480 1341 492334 7444435428466308384 1247873488696664942 613235368419912154
115792089237316195423570985008687907853269984665640564039457584007913129627601 691 0 92633671389852956338856788006950326282615987732512451231566067206330503702081 8001233366298549103768755064100334432660955940395762975126519054946797257267 15157184481164689980945441937637247137993040992732349832764997746635828668253
1766847064778384329583297500742918515827483896875618958121606201292619775 2000 0 1413477651822707463666638000594334812661987117500495166497284961034095820 353369412955676865916659500148583703165496779375123791624321240258523955 0
703480001 0 910992 562784001 0 140696000
4 1011 0 4 0 0
6317 442 315488 5054 0 1263
1577440 500 962275 1261952 78872 236616
962275000000 2000 0 769820000000 192455000000 0
1890159212350481931 604 0 1512127369880385545 114165616425969108 263866226044127278
115792089237316195423570985008687907853269984665640564039457584007913129627630 505 10000 92633671389852956338856788006950326282615987732512451231566067206330503702104 5847500506484467868890334742938739346590134225614848483992607992399613046195 17310917340978771215823862258798842224063862707513264323898908809183012879331
75557863725914323419135 2000 10000 60446290980731458735308 15111572745182864683827 0
221239998 1559 10000 176991999 34491315 9756684
11 500 984288 9 0 2
4288 2000 10000 3431 0 857
4331527 1242 10000 3465222 537975 328330
231711000000 1293 0 185368800000 29960232300 16381967700
452475334720693758 500 0 361980267776555007 22623766736034687 67871300208104064
115792089237316195423570985008687907853269984665640564039457584007913129634894 500 10000 92633671389852956338856788006950326282615987732512451231566067206330503707916 5789604461865809771178549250434395392663499233282028201972879200395656481744 17368813385597429313535647751303186177990497699846084605918637601186969445234
268435455 2000 10000 214748364 53687091 0
942070001 1283 0 753656001 120867581 67546419
11 500 10000 9 0 2
5031 1490 816421 4025 0 1006
4082105 0 0 3265684 0 816421
611683000000 2000 225958 489346400000 122336600000 0
1731650837025432418 2000 0 1385320669620345935 346330167405086483 0
115792089237316195423570985008687907853269984665640564039457584007913129629359 1829 809286 92633671389852956338856788006950326282615987732512451231566067206330503703488 21178373121505132142971133158089018346363080195345659162816792115047311409209 1980044725958106941743063843648563224290916737782453645074724686535314516662
36028797018963967 500 911221 28823037615171174 1801439850948198 5404319552844595
112210000 1491 793868 89768000 16730511 5711489
4 500 0 4 0 0
3473 1981 849701 2779 0 694
4248506 1176 0 3398805 499624 350077
572909000000 2000 0 458327200000 114581800000 0
7098977605596849148 1452 664432 5679182084477479319 1030771548332662496 389023972786707333
115792089237316195423570985008687907853269984665640564039457584007913129635503 2000 0 92633671389852956338856788006950326282615987732512451231566067206330503708403 23158417847463239084714197001737581570653996933128112807891516801582625927100 0
128 1073 802288 103 0 25
22879999 1680 0 18304000 3843839 732160
7 1130 0 6 0 1
4939 512 361163 3952 0 987
1805816 0 41597 1444653 0 361163
41597000000 0 670333 33277600000 0 8319400000
10258689385630104992 150 412811 8206951508504083994 153880340784451574 1897857536341569424
115792089237316195423570985008687907853269984665640564039457584007913129627124 0 0 92633671389852956338856788006950326282615987732512451231566067206330503701700 0 23158417847463239084714197001737581570653996933128112807891516801582625925424
2596148429267413814265248164610047 2000 490795 2076918743413931051412198531688038 519229685853482762853049632922009 0
907949998 5 306844 726359999 453974 181136025
8 703 10000 7 0 1
4191 500 10000 3353 0 838
2220222 533 896802 1776178 118337 325707
896802000000 500 284554 717441600000 44840100000 134520300000
2878758518103536310 0 10000 2303006814482829048 0 575751703620707262
115792089237316195423570985008687907853269984665640564039457584007913129630842 500 0 92633671389852956338856788006950326282615987732512451231566067206330503704674 5789604461865809771178549250434395392663499233282028201972879200395656481542 17368813385597429313535647751303186177990497699846084605918637601186969444626
68719476735 500 633721 54975581388 3435973836 10307921511
337210000 500 10000 269768000 16860500 50581500
6 500 10000 5 0 1
5455 2000 189497 4364 0 1091
947485 500 10000 757988 47374 142123
895234000000 0 0 716187200000 0 179046800000
334785019067935827 1150 0 267828015254348662 38500277192812620 28456726620774545
115792089237316195423570985008687907853269984665640564039457584007913129625197 1920 88769 92633671389852956338856788006950326282615987732512451231566067206330503700158 22232081133564709521325629121668078307827837055802988295575856129519320888037 926336713898529563388567880069503262826159877325124512315660672063305037002
288230376151711744 0 649247 230584300921369396 0 57646075230342348
492469998 500 158519 393975999 24623499 73870500
3 500 274988 3 0 0
4988 191 0 3991 95 902
2226190 500 40424 1780952 111309 333929
40424000000 500 0 32339200000 2021200000 6063600000
8377501753429294451 911 277661 6702001402743435561 763190409737408724 912309940948450166
115792089237316195423570985008687907853269984665640564039457584007913129622274 2000 10000 92633671389852956338856788006950326282615987732512451231566067206330503697820 23158417847463239084714197001737581570653996933128112807891516801582625924454 0
9903520314283042199192993792 2000 57559 7922816251426433759354395034 1980704062856608439838598758 0
575589999 2000 10000 460472000 115117999 0
10 500 0 8 0 2
1343 500 74021 1075 0 268
370107 1161 799923 296086 0 74021
799923000000 0 616619 639938400000 0 159984600000
5563629577325498424 2000 819092 4450903661860398740 1112725915465099684 0
115792089237316195423570985008687907853269984665640564039457584007913129620843 1252 0 92633671389852956338856788006950326282615987732512451231566067206330503696675 14497169572511987667031087323087726063229402080138198617740089517790723828529 8661248274951251417683109678649855507424594852989914190151427283791902095639
19807040628566084398385987584 1722 593969 15845632502852867518708790068 3410772396239079733402067061 550635729474137146275130455
939689998 2000 973048 751751999 187937999 0
4 1520 78138 4 0 0
8138 930 763475 6511 0 1627
3817377 0 234097 3053902 0 763475
234097000000 228 614210 187277600000 5337411600 41481988400
766851221525491230 402 471011 613480977220392984 30827419105324747 122542825199773499
115792089237316195423570985008687907853269984665640564039457584007913129628924 819 136367 92633671389852956338856788006950326282615987732512451231566067206330503703140 9483372108536196405190463672211539653182811744115962194831576130248085316608 13675045738927042679523733329526041917471185189012150613059940671334540609176
38685626227668133590597632 1868 537394 30948500982134506872478106 7226474979328407354723637 510650266205219363395889
373940000 2000 336173 299152000 74788000 0
1 1079 10000 1 0 0
3436 500 217233 2749 0 687
1086165 953 244112 868932 103511 113722
244112000000 500 913784 195289600000 12205600000 36616800000
7664680172539352760 0 10000 6131744138031482208 0 1532936034507870552
115792089237316195423570985008687907853269984665640564039457584007913129636612 2000 0 92633671389852956338856788006950326282615987732512451231566067206330503709290 23158417847463239084714197001737581570653996933128112807891516801582625927322 0
1766847064778384329583297500742918515827483896875618958121606201292619776 5 597750 1413477651822707463666638000594334812661987117500495166497284961034095821 883423532389192164791648750371459257913741948437809479060803100646309 352485989423287673751867851398212243907583037426685982145260437157877646
977499998 51 376612 781999999 4985249 190514750
4 1966 255695 4 0 0
5695 2000 0 4556 1139 0
1406195 500 208866 1124956 70309 210930
208866000000 0 10000 167092800000 0 41773200000
7255766686160153567 2000 713048 5804613348928122854 1451153337232030713 0
115792089237316195423570985008687907853269984665640564039457584007913129626887 500 619447 92633671389852956338856788006950326282615987732512451231566067206330503701510 5789604461865809771178549250434395392663499233282028201972879200395656481344 17368813385597429313535647751303186177990497699846084605918637601186969444033
16777215 1136 254401 13421772 1905891 1449552
544009998 1413 0 435207999 76868612 31933387
3 198 69059 3 0 0
9059 97 10000 7248 0 1811
2250871 0 492711 1800697 0 450174
492711000000 2000 818365 394168800000 98542200000 0
8257425474979634355 500 10000 6605940379983707484 412871273748981717 1238613821246945154
115792089237316195423570985008687907853269984665640564039457584007913129639653 500 418056 92633671389852956338856788006950326282615987732512451231566067206330503711723 5789604461865809771178549250434395392663499233282028201972879200395656481982 17368813385597429313535647751303186177990497699846084605918637601186969445948
67108864 0 922688 53687092 0 13421772
226879999 500 0 181504000 11343999 34032000
6 0 415199 5 0 1
5199 500 0 4160 259 780
3320050 2000 10000 2656040 664010 0
742925000000 1921 10000 594340000000 142715892500 5869107500
4123296429168074608 500 0 3298637143334459687 206164821458403730 618494464375211191
115792089237316195423570985008687907853269984665640564039457584007913129633044 500 0 92633671389852956338856788006950326282615987732512451231566067206330503706436 5789604461865809771178549250434395392663499233282028201972879200395656481652 17368813385597429313535647751303186177990497699846084605918637601186969444956
4503599627370495 1141 10000 3602879701896396 513860717482973 386859207991126
263609998 2000 0 210887999 52721999 0
1 0 0 1 0 0
4391 0 10000 3513 0 878
177985 2000 907052 142388 0 35597
907052000000 62 10000 725641600000 5623722400 175786677600
8117028358433553054 2000 0 6493622686746842444 1623405671686710610 0
115792089237316195423570985008687907853269984665640564039457584007913129633873 373 907198 92633671389852956338856788006950326282615987732512451231566067206330503707099 4319044928551894089299197740824058962926970428028393038671767883495159735343 18839372918911344995414999260913522607727026505099719769219748918087466191431
154742504910672534362390528 500 892329 123794003928538027489912423 7737125245533626718119526 23211375736600880154358579
923289999 2000 49085 738632000 184657999 0
9 2000 0 8 1 0
7011 2000 914949 5609 0 1402
4574746 0 676703 3659797 0 914949
676703000000 500 10000 541362400000 33835150000 101505450000
1721882654346916950 0 44981 1377506123477533560 0 344376530869383390
115792089237316195423570985008687907853269984665640564039457584007913129634954 2000 97208 92633671389852956338856788006950326282615987732512451231566067206330503707964 23158417847463239084714197001737581570653996933128112807891516801582625926990 0
110427941548649020598956093796432407239217743554726184882600387580788736 2000 2869 88342353238919216479164875037145925791374194843780947906080310064630989 22085588309729804119791218759286481447843548710945236976520077516157747 0
28690001 2000 10000 22952001 5738000 0
8 0 10000 7 0 1
7102 2000 720862 5682 0 1420
3604311 0 0 2883449 0 720862
991562000000 2000 10000 793249600000 198312400000 0
4463726825793595988 940 0 3570981460634876791 419590321624598022 473155043534121175
115792089237316195423570985008687907853269984665640564039457584007913129623176 1266 869670 92633671389852956338856788006950326282615987732512451231566067206330503698541 14659278497444230340624086702099889134223980058670095407395330135401802210294 8499139350019008744090110299637692436430016874458017400496186666180823714341
39614081257132168796771975167 1882 10000 31691265005705735037417580134 7455370092592274167552485726 467446158834159591801909307
177080001 0 165199 141664001 0 35416000
11 1661 842396 9 0 2
2396 1605 10000 1917 0 479
4633147 1912 775711 3706518 885857 40772
775711000000 786 10000 620568800000 60970884600 94171315400
6686439086969651152 2000 843929 5349151269575720922 1337287817393930230 0
115792089237316195423570985008687907853269984665640564039457584007913129636006 592 478507 92633671389852956338856788006950326282615987732512451231566067206330503708805 6854891682849118769075402312514324144913583092205921391135888973268457274451 16303526164614120315638794689223257425740413840922191416755627828314168652750
83076749736557242056487941267521535 490 759955 66461399789245793645190353014017228 4070760737091304860767909122108555 12544589210220143550529679131395752
599549999 0 333617 479640000 0 119909999
1 500 0 1 0 0
6929 500 809690 5544 0 1385
4048451 1382 0 3238761 559495 250195
302085000000 2000 937588 241668000000 60417000000 0
13799089886519168572 756 0 11039271909215334858 1043211195420849144 1716606781882984570
115792089237316195423570985008687907853269984665640564039457584007913129629469 500 10000 92633671389852956338856788006950326282615987732512451231566067206330503703576 5789604461865809771178549250434395392663499233282028201972879200395656481473 17368813385597429313535647751303186177990497699846084605918637601186969444420
196159429230833773869868419475239575503198607639501078528 2000 637231 156927543384667019095894735580191660402558886111600862823 39231885846166754773973683895047915100639721527900215705 0
372309999 1544 912719 297848000 57484663 16977336
3 0 568695 3 0 0
8695 1892 0 6956 1645 94
760570 0 825579 608456 0 152114
825579000000 0 10000 660463200000 0 165115800000
255137156221644396 500 10000 204109724977315517 12756857811082219 38270573433246660
115792089237316195423570985008687907853269984665640564039457584007913129623060 1684 931828 92633671389852956338856788006950326282615987732512451231566067206330503698448 19499387827564047309329353875463043682490665417693870984244657146932571028523 3659030019899191775384843126274537888163331515434241823646859654650054896089
26328072917139296674479506920917608079723773850137277813577744383 0 697666 21062458333711437339583605536734086463779019080109822250862195507 0 5265614583427859334895901384183521615944754770027455562715548876
976660001 1016 594505 781328001 99228656 96103344
5 1076 0 4 0 1
966 500 20916 773 0 193
104582 2000 293146 83666 0 20916
293146000000 0 157142 234516800000 0 58629200000
371622300027473612 2000 10000 297297840021978890 74324460005494722 0
115792089237316195423570985008687907853269984665640564039457584007913129634169 0 10000 92633671389852956338856788006950326282615987732512451231566067206330503707336 0 23158417847463239084714197001737581570653996933128112807891516801582625926833
44601490397061246283071436545296723011960831 21 50600 35681192317648997026457149236237378409568665 93663129833828617194450016745123118325117 8826634949578420639419837292314221484067049
506000001 2000 0 404800001 101200000 0
3 500 10000 3 0 0
1237 1391 10000 990 0 247
3088947 2000 10000 2471158 617789 0
678456000000 475 31230 542764800000 32226660000 103464540000
2283324973133156820 765 411958 1826659978506525456 174674360444686496 281990634181944868
115792089237316195423570985008687907853269984665640564039457584007913129627977 0 801265 92633671389852956338856788006950326282615987732512451231566067206330503702382 0 23158417847463239084714197001737581570653996933128112807891516801582625925595
65535 2000 665283 52428 0 13107
652829998 428 486732 522263999 27941123 102624876
8 0 445910 7 0 1
5910 500 214178 4728 0 1182
1070892 1575 10000 856714 168665 45513
480928000000 500 10000 384742400000 24046400000 72139200000
547037052982051295 0 590076 437629642385641036 0 109407410596410259
115792089237316195423570985008687907853269984665640564039457584007913129629859 2000 10000 92633671389852956338856788006950326282615987732512451231566067206330503703888 23158417847463239084714197001737581570653996933128112807891516801582625925971 0
1267650600228229401496703205376 29 136367 1014120480182583521197362564301 3676186740661865264340439295 249853933304984015035000201780
363669999 1803 0 290936000 65569700 7164299
8 907 0 7 0 1
3618 2000 413230 2895 0 723
2066150 2000 0 1652920 413230 0
667101000000 0 10000 533680800000 0 133420200000
10834804459356341858 500 0 8667843567485073487 541740222967817092 1625220668903451279
115792089237316195423570985008687907853269984665640564039457584007913129624468 2000 105054 92633671389852956338856788006950326282615987732512451231566067206330503699575 23158417847463239084714197001737581570653996933128112807891516801582625924893 0
33554432 0 874726 26843546 0 6710886
747260001 1776 0 597808001 132713376 16738624
5 310 746108 4 0 1
6108 500 0 4887 305 916
1147210 0 682033 917768 0 229442
682033000000 0 152050 545626400000 0 136406600000
11790165160397061900 1210 0 9432132128317649520 1426609984408044489 931423047671367891
115792089237316195423570985008687907853269984665640564039457584007913129635010 2000 411900 92633671389852956338856788006950326282615987732512451231566067206330503708008 23158417847463239084714197001737581570653996933128112807891516801582625927002 0
9444732965739290427391 1877 654760 7555786372591432341913 1772776377669264813221 116170215478593272257
547600000 2000 10000 438080000 109520000 0
4 440 487547 4 0 0
7547 2000 814151 6038 0 1509
4070755 500 525785 3256604 203537 610614
525785000000 2000 325204 420628000000 105157000000 0
1633915647526709624 2000 382129 1307132518021367700 326783129505341924 0
115792089237316195423570985008687907853269984665640564039457584007913129637806 2000 0 92633671389852956338856788006950326282615987732512451231566067206330503710245 23158417847463239084714197001737581570653996933128112807891516801582625927561 0
151115727451828646838271 1343 252016 120892581961462917470617 20294842196780587270379 9928303293585142097275
520160001 0 0 416128001 0 104032000
3 0 809686 3 0 0
9686 2000 920827 7749 0 1937
4604137 0 0 3683310 0 920827
309656000000 1809 10000 247724800000 56016770400 5914429600
1614050407782814776 2000 394565 1291240326226251821 322810081556562955 0
115792089237316195423570985008687907853269984665640564039457584007913129625370 500 226930 92633671389852956338856788006950326282615987732512451231566067206330503700296 5789604461865809771178549250434395392663499233282028201972879200395656481268 17368813385597429313535647751303186177990497699846084605918637601186969443806
32767 500 279587 26214 0 6553
795869998 637 195377 636695999 50696918 108477081
5 500 0 4 0 1
4702 994 125146 3762 0 940
625730 1875 10000 500584 117324 7822
155107000000 24 589762 124085600000 372256800 30649143200
8461794126602282788 535 0 6769435301281826231 452705985773222129 1239652839547234428
115792089237316195423570985008687907853269984665640564039457584007913129634406 0 0 92633671389852956338856788006950326282615987732512451231566067206330503707525 0 23158417847463239084714197001737581570653996933128112807891516801582625926881
72057594037927935 500 364602 57646075230342348 3602879701896396 10808639105689191
646020001 500 10000 516816001 32301000 96903000
7 500 936923 6 0 1
6923 0 0 5539 0 1384
4594620 500 505537 3675696 229731 689193
505537000000 500 579291 404429600000 25276850000 75830550000
425411857004163484 843 221948 340329485603330788 35862219545450981 49220151855381715
115792089237316195423570985008687907853269984665640564039457584007913129637987 0 468806 92633671389852956338856788006950326282615987732512451231566067206330503710390 0 23158417847463239084714197001737581570653996933128112807891516801582625927597
11972621413014756705924586149611790497021399392059391 497 327176 9578097130411805364739668919689432397617119513647513 595039284226833408284451931635705987701963549785351 1799484998376117932900465298286652111702316328626527
271759999 319 0 217408000 8669143 45682856
1 1837 908034 1 0 0
8034 1744 0 6428 1401 205
3511647 544 10000 2809318 191033 511296
936828000000 0 10000 749462400000 0 187365600000
1203214088352657759 1855 0 962571270682126208 223196213389418014 17446604281113537
115792089237316195423570985008687907853269984665640564039457584007913129632265 0 0 92633671389852956338856788006950326282615987732512451231566067206330503705812 0 23158417847463239084714197001737581570653996933128112807891516801582625926453
8 1790 10000 7 0 1
88410000 2000 281487 70728000 17682000 0
7 10 610615 6 0 1
615 500 0 492 30 93
2636901 521 10000 2109521 137382 389998
633772000000 180 598429 507017600000 11407896000 115346504000
6878975776320248640 0 362685 5503180621056198912 0 1375795155264049728
115792089237316195423570985008687907853269984665640564039457584007913129637250 500 10000 92633671389852956338856788006950326282615987732512451231566067206330503709800 5789604461865809771178549250434395392663499233282028201972879200395656481862 17368813385597429313535647751303186177990497699846084605918637601186969445588
5070602400912917605986812821504 2000 72065 4056481920730334084789450257204 1014120480182583521197362564300 0
720650000 988 496658 576520000 71200220 72929780
2 0 0 2 0 0
9268 500 206481 7415 0 1853
1032406 141 896900 825925 14556 191925
896900000000 500 10000 717520000000 44845000000 134535000000
112130968275904496 2000 706844 89704774620723597 22426193655180899 0
115792089237316195423570985008687907853269984665640564039457584007913129633091 952 0 92633671389852956338856788006950326282615987732512451231566067206330503706473 11023406895392501804323957772827088827631302540168981696556361997553329941070 12135010952070737280390239228910492743022694392959131111335154804029295985548
39614081257132168796771975168 1252 4688 31691265005705735037417580135 4959682973392947533355851291 2963133278033486225998543742
46880001 0 10000 37504001 0 9376000
6 1553 10000 5 0 1
9587 1436 999944 7670 0 1917
4999721 0 387428 3999777 0 999944
387428000000 0 0 309942400000 0 77485600000
3508835121298236261 1773 0 2807068097038589009 622116467006177289 79650557253469963
115792089237316195423570985008687907853269984665640564039457584007913129619958 2000 646853 92633671389852956338856788006950326282615987732512451231566067206330503695967 23158417847463239084714197001737581570653996933128112807891516801582625923991 0
36028797018963968 500 10000 28823037615171175 1801439850948198 5404319552844595
838249999 1870 0 670600000 156752749 10897250
0 775 0 0 0 0
6423 500 706687 5139 0 1284
3533437 2000 73110 2826750 706687 0
73110000000 500 10000 58488000000 3655500000 10966500000
2171805713744616314 2000 601792 1737444570995693052 434361142748923262 0
115792089237316195423570985008687907853269984665640564039457584007913129638143 1565 353486 92633671389852956338856788006950326282615987732512451231566067206330503710515 18121461965639984583788859153859657579036752600172748272175111897238404788369 5036955881823254500925337847877923991617244332955364535716404904344221139259
55213970774324510299478046898216203619608871777363092441300193790394367 1818 552365 44171176619459608239582437518572962895687097421890473953040155032315494 10037899886772195972445108926095705818044892889124610205828375231093695 1004894268092706087450500453547534905876881466348008282431663526985178
523650000 0 411111 418920000 0 104730000
7 317 606926 6 0 1
6926 1933 10000 5541 0 1385
3928815 2000 814142 3143052 785763 0
814142000000 2000 0 651313600000 162828400000 0
9409082149505090384 521 10000 7527265719604072308 490213179989215209 1391603249911802867
115792089237316195423570985008687907853269984665640564039457584007913129623754 1097 0 92633671389852956338856788006950326282615987732512451231566067206330503699004 12702392189333586637965737055453063491503717317820769875128496965668070319725 10456025658129652446748459946284518079150279615307342932763019835914555605025
22300745198530623141535718272648361505980415 1091 724066 17840596158824498513228574618118689204784332 2433011301159690984741546863545936240302463 2027137738546433643565596790983736060893620
240660000 2000 10000 192528000 48132000 0
9 500 980067 8 0 1
67 2000 819802 54 0 13
4099011 1137 898085 3279209 466057 353745
898085000000 1506 457458 718468000000 135251601000 44365399000
7574776349543061444 982 781274 6059821079634449156 743843037525128633 771112232383483655
115792089237316195423570985008687907853269984665640564039457584007913129638661 0 0 92633671389852956338856788006950326282615987732512451231566067206330503710929 0 23158417847463239084714197001737581570653996933128112807891516801582625927732
144115188075855871 230 0 115292150460684697 3314649325744685 25508388289426489
386200001 1362 886005 308960001 52600440 24639560
9 2000 10000 8 0 1
4189 500 10000 3352 0 837
4716521 1978 0 3773217 932927 10377
178585000000 2000 0 142868000000 35717000000 0
15077750948634298655 500 0 12062200758907438924 753887547431714932 2261662642295144799
115792089237316195423570985008687907853269984665640564039457584007913129634650 2000 10000 92633671389852956338856788006950326282615987732512451231566067206330503707720 23158417847463239084714197001737581570653996933128112807891516801582625926930 0
12855504354071922204335696738729300820177623950262342682411008 2000 279234 10284403483257537763468557390983440656142099160209874145928807 2571100870814384440867139347745860164035524790052468536482201 0
792340001 691 10000 633872001 54750694 103717306
3 2000 0 3 0 0
7173 246 810536 5739 0 1434
4052682 1778 10000 3242146 720566 89970
735967000000 765 913731 588773600000 56301475500 90891924500
10396093069738485725 0 784819 8316874455790788580 0 2079218613947697145
115792089237316195423570985008687907853269984665640564039457584007913129635116 2000 729572 92633671389852956338856788006950326282615987732512451231566067206330503708093 23158417847463239084714197001737581570653996933128112807891516801582625927023 0
39614081257132168796771975168 0 192658 31691265005705735037417580135 0 7922816251426433759354395033
926579998 500 70362 741263999 46328999 138987000
2 332 0 2 0 0
486 0 0 389 0 97
809055 2000 606816 647244 161811 0
606816000000 500 0 485452800000 30340800000 91022400000
5250501841048744406 2000 259266 4200401472838995525 1050100368209748881 0
115792089237316195423570985008687907853269984665640564039457584007913129620669 2000 0 92633671389852956338856788006950326282615987732512451231566067206330503696536 23158417847463239084714197001737581570653996933128112807891516801582625924133 0
904625697166532776746648320380374280103671755200316906558262375061821325311 1476 924065 723700557733226221397318656304299424082937404160253525246609900049457060249 133522752901780237847805292088143243743301951067566775407999526559124827615 47402386531526317501524371987931612277432399972496605903652948453239437447
240650000 2000 814363 192520000 48130000 0
7 2000 697186 6 0 1
7186 558 0 5749 400 1037
1343462 500 10000 1074770 67173 201519
958738000000 1931 210071 766990400000 185132307800 6615292200
4333693125058993761 2000 969163 3466954500047195009 866738625011798752 0
115792089237316195423570985008687907853269984665640564039457584007913129630772 0 0 92633671389852956338856788006950326282615987732512451231566067206330503704618 0 23158417847463239084714197001737581570653996933128112807891516801582625926154
13803492693581127574869511724554050904902217944340773110325048447598592 500 240989 11042794154864902059895609379643240723921774355472618488260038758078874 690174634679056378743475586227702545245110897217038655516252422379929 2070523904037169136230426758683107635735332691651115966548757267139789
409889999 1285 672872 327912000 52670864 29307135
0 500 948367 0 0 0
8367 387 697578 6694 0 1673
3487892 500 18002 2790314 174394 523184
18002000000 500 271569 14401600000 900100000 2700300000
6545624522079884494 2000 506623 5236499617663907596 1309124904415976898 0
115792089237316195423570985008687907853269984665640564039457584007913129633312 2000 0 92633671389852956338856788006950326282615987732512451231566067206330503706650 23158417847463239084714197001737581570653996933128112807891516801582625926662 0
44601490397061246283071436545296723011960831 500 10000 35681192317648997026457149236237378409568665 2230074519853062314153571827264836150598041 6690223559559186942460715481794508451794125
77299998 0 0 61839999 0 15459999
10 500 161085 8 0 2
1085 1284 10000 868 0 217
205517 0 372952 164414 0 41103
372952000000 2000 0 298361600000 74590400000 0
12008056653426470832 1057 37936 9606445322741176666 1269251588267177966 1132359742418116200
115792089237316195423570985008687907853269984665640564039457584007913129621999 2000 163463 92633671389852956338856788006950326282615987732512451231566067206330503697600 23158417847463239084714197001737581570653996933128112807891516801582625924399 0
55213970774324510299478046898216203619608871777363092441300193790394367 500 10000 44171176619459608239582437518572962895687097421890473953040155032315494 2760698538716225514973902344910810180980443588868154622065009689519718 8282095616148676544921707034732430542941330766604463866195029068559155
693829999 1014 190669 555064000 70354361 68411638
1 0 10000 1 0 0
4257 192 146290 3406 0 851
731452 1699 0 585162 124273 22017
114897000000 500 0 91917600000 5744850000 17234550000
988406564742699952 500 0 790725251794159962 49420328237134997 148260984711404993
115792089237316195423570985008687907853269984665640564039457584007913129626923 2000 248553 92633671389852956338856788006950326282615987732512451231566067206330503701539 23158417847463239084714197001737581570653996933128112807891516801582625925384 0
4951760157141521099596496896 102 30987 3961408125713216879677197517 50507953602843515215884268 939844077825460704703415111
309870001 2000 10000 247896001 61974000 0
9 1537 10000 8 0 1
1287 2000 560999 1030 0 257
2804997 1065 10000 2243998 298732 262267
872770000000 632 344508 698216000000 55159064000 119394936000
9103369973841764376 500 10000 7282695979073411501 455168498692088218 1365505496076264657
115792089237316195423570985008687907853269984665640564039457584007913129639824 2000 0 92633671389852956338856788006950326282615987732512451231566067206330503711860 23158417847463239084714197001737581570653996933128112807891516801582625927964 0
196159429230833773869868419475239575503198607639501078528 523 814846 156927543384667019095894735580191660402558886111600862823 10259138148772606373394118338555029798817287179545906407 28972747697394148400579565556492885301822434348354309298
148460001 839 10000 118768001 12455794 17236206
1 1602 10000 1 0 0
3960 500 0 3168 198 594
1336036 2000 0 1068829 267207 0
69874000000 1082 924180 55899200000 7560366800 6414433200
15228016715424507860 500 0 12182413372339606288 761400835771225393 2284202507313676179
115792089237316195423570985008687907853269984665640564039457584007913129636210 2000 126344 92633671389852956338856788006950326282615987732512451231566067206330503708968 23158417847463239084714197001737581570653996933128112807891516801582625927242 0
12855504354071922204335696738729300820177623950262342682411007 1298 10000 10284403483257537763468557390983440656142099160209874145928806 1668644465158535502122773436687063246459055588744052080176948 902456405655848938744365911058796917576469201308416456305253
205679999 785 874392 164544000 16145879 24990120
0 772 10000 0 0 0
2809 0 10000 2248 0 561
931285 2000 10000 745028 186257 0
629392000000 500 0 503513600000 31469600000 94408800000
433951976183429403 500 10000 347161580946743523 21697598809171470 65092796427514410
115792089237316195423570985008687907853269984665640564039457584007913129639249 1156 10000 92633671389852956338856788006950326282615987732512451231566067206330503711400 13385565515833752190964805867004322147838010227348049202961296711314757786297 9772852331629486893749391134733259422815986705780063604930220090267868141552
12855504354071922204335696738729300820177623950262342682411008 500 10000 10284403483257537763468557390983440656142099160209874145928807 642775217703596110216784836936465041008881197513117134120550 1928325653110788330650354510809395123026643592539351402361651
986539999 0 425723 789232000 0 197307999
3 0 10000 3 0 0
9348 1748 10000 7479 0 1869
1991515 1362 0 1593212 271244 127059
385357000000 500 441700 308285600000 19267850000 57803550000
73324920024934800 73 790604 58659936019947840 535271916182024 14129712088804936
115792089237316195423570985008687907853269984665640564039457584007913129629331 1206 10000 92633671389852956338856788006950326282615987732512451231566067206330503703465 13964525962020333168082660792047761687104360150676252023158584631354323433297 9193891885442905916631536209689819883549636782451860784732932170228302492569
22835963083295358096932575511191922182123945983 1359 744893 18268770466636286477546060408953537745699156787 3103407383019839165373137011970982224550644259 1463785233639232454013378090267402211874144937
448929999 500 10000 359144000 22446499 67339500
9 1581 425006 8 0 1
5006 0 678891 4005 0 1001
3394457 500 804767 2715566 169722 509169
804767000000 2000 0 643813600000 160953400000 0
3944719688748347496 2000 863590 3155775750998677997 788943937749669499 0
115792089237316195423570985008687907853269984665640564039457584007913129636345 2000 444619 92633671389852956338856788006950326282615987732512451231566067206330503709076 23158417847463239084714197001737581570653996933128112807891516801582625927269 0
281474976710655 0 0 225179981368524 0 56294995342131
372480000 500 10000 297984000 18624000 55872000
5 0 10000 4 0 1
961 0 952801 769 0 192
4764007 234 10000 3811206 111477 841324
536602000000 1755 150376 429281600000 94173651000 13146749000
1844352481569916984 556 10000 1475481985255933588 102545997975287384 266324498338696012
115792089237316195423570985008687907853269984665640564039457584007913129631102 1015 365631 92633671389852956338856788006950326282615987732512451231566067206330503704882 11752897057587593835492454978381822647106903443562517250004944776803182657556 11405520789875645249221742023355758923547093489565595557886572024779443268664
162259276829213363391578010288128 0 604209 129807421463370690713262408230503 0 32451855365842672678315602057625
42089999 0 809674 33672000 0 8417999
2 438 10000 2 0 0
3717 984 906801 2974 0 743
4534007 2000 0 3627206 906801 0
100587000000 1944 0 80469600000 19554112800 563287200
6752148261851620797 2000 261001 5401718609481296638 1350429652370324159 0
115792089237316195423570985008687907853269984665640564039457584007913129638934 500 10000 92633671389852956338856788006950326282615987732512451231566067206330503711148 5789604461865809771178549250434395392663499233282028201972879200395656481946 17368813385597429313535647751303186177990497699846084605918637601186969445840
5846006549323611672814739330865132078623730171903 2000 0 4676805239458889338251791464692105662898984137523 1169201309864722334562947866173026415724746034380 0
343819998 237 10000 275055999 8148533 60615466
8 980 114042 7 0 1
4042 0 10000 3234 0 808
1749081 2000 760268 1399265 349816 0
760268000000 1495 58180 608214400000 113660066000 38393534000
3778480256211323880 2000 823091 3022784204969059104 755696051242264776 0
115792089237316195423570985008687907853269984665640564039457584007913129636844 2000 820647 92633671389852956338856788006950326282615987732512451231566067206330503709476 23158417847463239084714197001737581570653996933128112807891516801582625927368 0
13164036458569648337239753460458804039861886925068638906788872192 2000 0 10531229166855718669791802768367043231889509540054911125431097754 2632807291713929667447950692091760807972377385013727781357774438 0
864450000 1651 10000 691560000 142720695 30169305
2 2000 611841 2 0 0
1841 1848 857439 1473 0 368
4287196 2000 0 3429757 857439 0
604616000000 15 279097 483692800000 906924000 120016276000
9286321968225862767 2000 10000 7429057574580690214 1857264393645172553 0
115792089237316195423570985008687907853269984665640564039457584007913129623325 500 275724 92633671389852956338856788006950326282615987732512451231566067206330503698660 5789604461865809771178549250434395392663499233282028201972879200395656481166 17368813385597429313535647751303186177990497699846084605918637601186969443499
2097151 0 722012 1677721 0 419430
220120000 575 0 176096000 12656900 31367100
9 1646 10000 8 0 1
9746 500 916559 7797 0 1949
4582797 500 886125 3666238 229139 687420
886125000000 317 0 708900000000 28090162500 149134837500
13465347843860269374 500 0 10772278275088215500 673267392193013468 2019802176579040406
115792089237316195423570985008687907853269984665640564039457584007913129626528 282 224840 92633671389852956338856788006950326282615987732512451231566067206330503701223 3265336916492316710944701777244999001462213567571063905912703869023150255468 19893080930970922373769495224492582569191783365557048901978812932559475669837
590295810358705651711 731 0 472236648286964521369 43150623737221383140 74908538334519747202
266320001 0 810786 213056001 0 53264000
6 500 367172 5 0 1
7172 24 0 5738 17 1417
4964565 0 10000 3971652 0 992913
338215000000 500 0 270572000000 16910750000 50732250000
2804510749932637278 704 668512 2243608599946109823 197437556795257664 363464593191269791
115792089237316195423570985008687907853269984665640564039457584007913129631423 2000 690356 92633671389852956338856788006950326282615987732512451231566067206330503705139 23158417847463239084714197001737581570653996933128112807891516801582625926284 0
883423532389192164791648750371459257913741948437809479060803100646309888 226 10000 706738825911353731833319000297167406330993558750247583248642480517047911 19965371831995742924291261758394979228850568034694494226774150074606603 156719334645842690034038488315896872353897821652867401585386470054655374
35829999 500 763337 28664000 1791499 5374500
1 118 0 1 0 0
8217 1574 819529 6574 0 1643
4097645 0 0 3278116 0 819529
508041000000 0 314505 406432800000 0 101608200000
1108569057398602015 519 588717 886855245918881612 57534734078987444 164179077400732959
115792089237316195423570985008687907853269984665640564039457584007913129631218 500 287975 92633671389852956338856788006950326282615987732512451231566067206330503704975 5789604461865809771178549250434395392663499233282028201972879200395656481560 17368813385597429313535647751303186177990497699846084605918637601186969444683
2305843009213693951 0 383409 1844674407370955161 0 461168601842738790
834090000 782 705556 667272000 65225838 101592162
8 2000 851561 7 0 1
1561 1017 0 1249 158 154
3540881 891 281948 2832705 315492 392684
281948000000 837 234935 225558400000 23599047600 32790552400
2115154353080805180 773 608674 1692123482464644144 163501431493146240 259529439123014796
115792089237316195423570985008687907853269984665640564039457584007913129631261 500 0 92633671389852956338856788006950326282615987732512451231566067206330503705009 5789604461865809771178549250434395392663499233282028201972879200395656481563 17368813385597429313535647751303186177990497699846084605918637601186969444689
22835963083295358096932575511191922182123945983 500 564847 18268770466636286477546060408953537745699156787 1141798154164767904846628775559596109106197299 3425394462494303714539886326678788327318591897
648469998 0 10000 518775999 0 129693999
10 2000 724845 8 0 2
4845 500 0 3876 242 727
737176 2000 262609 589741 147435 0
262609000000 0 10000 210087200000 0 52521800000
14959779562860661716 198 10000 11967823650288529373 296203635344641101 2695752277227491242
115792089237316195423570985008687907853269984665640564039457584007913129630764 39 10000 92633671389852956338856788006950326282615987732512451231566067206330503704612 451589148025533162151926841533882840627752940195998199753884577630861205559 22706828699437705922562270160203698730026243992932114608137632223951764720593
196159429230833773869868419475239575503198607639501078527 2000 139158 156927543384667019095894735580191660402558886111600862822 39231885846166754773973683895047915100639721527900215705 0
391580000 0 836427 313264000 0 78316000
3 508 10000 3 0 0
8933 500 0 7147 446 1340
575481 80 10000 460385 4603 110493
750181000000 1664 247066 600144800000 124830118400 25206081600
953510210124590020 0 772198 762808168099672016 0 190702042024918004
115792089237316195423570985008687907853269984665640564039457584007913129627737 2000 615746 92633671389852956338856788006950326282615987732512451231566067206330503702190 23158417847463239084714197001737581570653996933128112807891516801582625925547 0
210624583337114373395836055367340864637790190801098222508621955071 1045 206346 168499666669691498716668844293872691710232152640878578006897564057 22010268958728452019864867785887120354649074938714764252150994304 20114647708694422659302343287581052572908963221504880249573396710
63460001 255 0 50768001 1618230 11073770
4 500 482154 4 0 0
2154 500 10000 1724 0 430
4950675 500 512907 3960540 247533 742602
512907000000 482 31614 410325600000 24722117400 77859282600
5656642125896057328 500 0 4525313700716845863 282832106294802866 848496318884408599
115792089237316195423570985008687907853269984665640564039457584007913129639148 0 608777 92633671389852956338856788006950326282615987732512451231566067206330503711319 0 23158417847463239084714197001737581570653996933128112807891516801582625927829
268435456 44 10000 214748365 1181116 52505975
978589999 584 447813 782872000 57149655 138568344
9 1396 10000 8 0 1
4312 500 589899 3450 0 862
2949495 0 572029 2359596 0 589899
572029000000 1107 10000 457623200000 63323610300 51082189700
4756159377961504344 58 0 3804927502369203476 27585724392176725 923646151200124143
115792089237316195423570985008687907853269984665640564039457584007913129624508 2000 990473 92633671389852956338856788006950326282615987732512451231566067206330503699607 23158417847463239084714197001737581570653996933128112807891516801582625924901 0
100433627766186892221372630771322662657637687111424552206335 500 10000 80346902212949513777098104617058130126110149689139641765068 5021681388309344611068631538566133132881884355571227610316 15065044164928033833205894615698399398645653066713682830951
227140000 0 986527 181712000 0 45428000
3 500 297568 3 0 0
7568 500 670402 6055 0 1513
3352011 500 150717 2681609 167600 502802
150717000000 2000 262372 120573600000 30143400000 0
8693958101323183892 2000 10000 6955166481058547114 1738791620264636778 0
115792089237316195423570985008687907853269984665640564039457584007913129624344 0 94938 92633671389852956338856788006950326282615987732512451231566067206330503699476 0 23158417847463239084714197001737581570653996933128112807891516801582625924868
12554203470773361527671578846415332832204710888928069025791 2000 10000 10043362776618689222137263077132266265763768711142455220633 2510840694154672305534315769283066566440942177785613805158 0
681120001 0 499947 544896001 0 136224000
7 2000 7450 6 0 1
7450 879 10000 5960 0 1490
4094572 500 283114 3275658 204728 614186
283114000000 0 642054 226491200000 0 56622800000
57755778720643844 2000 10000 46204622976515076 11551155744128768 0
115792089237316195423570985008687907853269984665640564039457584007913129633860 0 206505 92633671389852956338856788006950326282615987732512451231566067206330503707088 0 23158417847463239084714197001737581570653996933128112807891516801582625926772
12259964326927110866866776217202473468949912977468817408 500 891330 9807971461541688693493420973761978775159930381975053927 612998216346355543343338810860123673447495648873440870 1838994649039066630030016432580371020342486946620322611
913299999 2000 956393 730640000 182659999 0
9 500 10000 8 0 1
8718 500 10000 6975 0 1743
2057537 1114 442408 1646030 229209 182298
442408000000 500 89728 353926400000 22120400000 66361200000
5247683285441571840 0 10000 4198146628353257472 0 1049536657088314368
115792089237316195423570985008687907853269984665640564039457584007913129632568 0 871876 92633671389852956338856788006950326282615987732512451231566067206330503706055 0 23158417847463239084714197001737581570653996933128112807891516801582625926513
12259964326927110866866776217202473468949912977468817408 500 0 9807971461541688693493420973761978775159930381975053927 612998216346355543343338810860123673447495648873440870 1838994649039066630030016432580371020342486946620322611
708889998 1643 634000 567111999 116470626 25307373
8 2000 10000 7 0 1
703 975 10000 563 0 140
1782442 472 525142 1425954 84131 272357
525142000000 0 815143 420113600000 0 105028400000
5380531456518562743 2000 222043 4304425165214850195 1076106291303712548 0
115792089237316195423570985008687907853269984665640564039457584007913129637892 452 993321 92633671389852956338856788006950326282615987732512451231566067206330503710314 5233802433526692033145408522392693434967803306886953494583482797157673459632 17924615413936547051568788479344888135686193626241159313308034004424952467946
2048 2000 252331 1639 0 409
523309999 1269 619579 418648000 66408038 38253961
7 2000 0 6 1 0
6893 2000 317826 5515 0 1378
1589131 759 17211 1271305 120615 197211
17211000000 500 408925 13768800000 860550000 2581650000
4910263026935490025 431 10000 3928210421548392020 211632336460919620 770420268926178385
115792089237316195423570985008687907853269984665640564039457584007913129629701 1748 333715 92633671389852956338856788006950326282615987732512451231566067206330503703761 20240457198682870960040208179518646292751593319553970594097185684583215059271 2917960648780368124673988822218935277902403613574142213794331116999410866669
89202980794122492566142873090593446023921663 0 161829 71362384635297994052914298472474756819137331 0 17840596158824498513228574618118689204784332
618289999 1891 10000 494632000 116918638 6739361
5 0 258589 4 0 1
8589 288 0 6872 247 1470
134322 1120 634408 107458 0 26864
634408000000 500 187515 507526400000 31720400000 95161200000
8431449106110947415 2000 221566 6745159284888757932 1686289821222189483 0
115792089237316195423570985008687907853269984665640564039457584007913129638369 484 764820 92633671389852956338856788006950326282615987732512451231566067206330503710696 5604337119086103858500835674420494740098267257817003299509747065982995474497 17554080728377135226213361327317086830555729675311109508381769735599630453176
26328072917139296674479506920917608079723773850137277813577744384 0 10000 21062458333711437339583605536734086463779019080109822250862195508 0 5265614583427859334895901384183521615944754770027455562715548876
391609998 424 10000 313287999 16604263 61717736
0 677 0 0 0 0
4325 1138 0 3460 492 373
1819370 1631 931086 1455496 296739 67135
931086000000 2000 108159 744868800000 186217200000 0
1849071422557873984 2000 432136 1479257138046299188 369814284511574796 0
115792089237316195423570985008687907853269984665640564039457584007913129627799 500 711775 92633671389852956338856788006950326282615987732512451231566067206330503702240 5789604461865809771178549250434395392663499233282028201972879200395656481389 17368813385597429313535647751303186177990497699846084605918637601186969444170
9444732965739290427392 2000 186008 7555786372591432341914 1888946593147858085478 0
860080000 1406 0 688064000 120927248 51088752
0 1752 0 0 0 0
1919 1265 10000 1536 0 383
3579972 945 10000 2863978 338307 377687
248227000000 500 0 198581600000 12411350000 37234050000
10890123358610632500 0 0 8712098686888506000 0 2178024671722126500
115792089237316195423570985008687907853269984665640564039457584007913129622643 2000 751704 92633671389852956338856788006950326282615987732512451231566067206330503698115 23158417847463239084714197001737581570653996933128112807891516801582625924528 0
89202980794122492566142873090593446023921664 1849 991425 71362384635297994052914298472474756819137332 16493631148833248875479817234450728169823115 1346965009991249637748757383667961034961217
914249998 500 438322 731399999 45712499 137137500
6 1389 0 5 0 1
7279 1503 951014 5824 0 1455
4755071 1005 732522 3804057 477884 473130
732522000000 0 20117 586017600000 0 146504400000
2591894670075512977 2000 0 2073515736060410382 518378934015102595 0
115792089237316195423570985008687907853269984665640564039457584007913129623885 923 10000 92633671389852956338856788006950326282615987732512451231566067206330503699108 10687609836604284837595601916301893894856819584638624060841935003930381864284 12470808010858954247118595085435687675797177348489488747049581797652244060493
49039857307708443467467104868809893875799651909875269632 992 0 39231885846166754773973683895047915100639721527900215706 4864753844924677591972736802985941472479325469459626747 4943217616617011101520684170776037302680604912515427179
554030001 0 639508 443224001 0 110806000
8 952 10000 7 0 1
3658 598 10000 2927 0 731
4700576 2000 0 3760461 940115 0
627462000000 500 49597 501969600000 31373100000 94119300000
13797756176961807449 500 10000 11038204941569445960 689887808848090372 2069663426544271117
115792089237316195423570985008687907853269984665640564039457584007913129628792 0 10000 92633671389852956338856788006950326282615987732512451231566067206330503703034 0 23158417847463239084714197001737581570653996933128112807891516801582625925758
1125899906842624 500 10000 900719925474100 56294995342131 168884986026393
417660001 0 0 334128001 0 83532000
1 2000 134210 1 0 0
4210 0 10000 3368 0 842
3880406 500 937733 3104325 194020 582061
937733000000 942 0 750186400000 88334448600 99212151400
154559795225235570 0 304139 123647836180188456 0 30911959045047114
115792089237316195423570985008687907853269984665640564039457584007913129635796 181 916219 92633671389852956338856788006950326282615987732512451231566067206330503708637 2095836815195423137166634828657251132144186722448094209114182270543227646407 21062581032267815947547562173080330438509810210680018598777334531039398280752
316912650057057350374175801344 0 10000 253530120045645880299340641076 0 63382530011411470074835160268
537250001 513 695494 429800001 27560925 79889075
6 1737 0 5 1 0
2088 1000 271263 1671 0 417
1356317 0 0 1085054 0 271263
69108000000 1474 0 55286400000 10186519200 3635080800
3113268846371894200 0 111577 2490615077097515360 0 622653769274378840
115792089237316195423570985008687907853269984665640564039457584007913129628358 0 296976 92633671389852956338856788006950326282615987732512451231566067206330503702687 0 23158417847463239084714197001737581570653996933128112807891516801582625925671
281474976710655 500 274294 225179981368524 14073748835532 42221246506599
742940001 2000 10000 594352001 148588000 0
8 378 10000 7 0 1
4767 2000 0 3814 953 0
721465 0 388558 577172 0 144293
388558000000 0 10000 310846400000 0 77711600000
4642009206127830482 2000 10000 3713607364902264386 928401841225566096 0
115792089237316195423570985008687907853269984665640564039457584007913129623687 1296 10000 92633671389852956338856788006950326282615987732512451231566067206330503698950 15006654765156178926894799657125952857783790012667017099513702887425541599229 8151763082307060157819397344611628712870206920461095708377813914157084325508
340282366920938463463374607431768211456 500 10000 272225893536750770770699685945414569165 17014118346046923173168730371588410572 51042355038140769519506191114765231719
803840000 725 10000 643072000 58278400 102489600
3 500 542044 3 0 0
2044 0 0 1636 0 408
981590 485 0 785272 47607 148711
728543000000 1659 10000 582834400000 120865283700 24843316300
1477292933011520951 1859 213661 1181834346409216761 274628756246841744 20829830355462446
115792089237316195423570985008687907853269984665640564039457584007913129626274 663 731352 92633671389852956338856788006950326282615987732512451231566067206330503701020 7677015516434063756582756306076008290671799983331969395816037819724640494221 15481402331029175328131440695661573279982196949796143412075478981857985431033
4095 0 0 3276 0 819
567180000 216 702419 453744000 12251088 101184912
11 361 10000 9 0 2
8595 1109 52638 6876 0 1719
263192 2000 534712 210554 0 52638
534712000000 2000 0 427769600000 106942400000 0
15238607667718661488 2000 10000 12190886134174929191 3047721533543732297 0
115792089237316195423570985008687907853269984665640564039457584007913129628621 500 10000 92633671389852956338856788006950326282615987732512451231566067206330503702897 5789604461865809771178549250434395392663499233282028201972879200395656481431 17368813385597429313535647751303186177990497699846084605918637601186969444293
15 1635 129410 12 0 3
294100000 0 10000 235280000 0 58820000
6 1226 10000 5 0 1
261 500 988199 209 0 52
4940997 1230 0 3952798 607742 380457
311477000000 956 0 249181600000 29777201200 32518198800
13964737758819321483 2000 0 11171790207055457187 2792947551763864296 0
115792089237316195423570985008687907853269984665640564039457584007913129624705 0 0 92633671389852956338856788006950326282615987732512451231566067206330503699764 0 23158417847463239084714197001737581570653996933128112807891516801582625924941
309485009821345068724781056 99 10000 247588007857076054979824845 3063901597231316180375332 58833100367037697564580879
498569998 500 0 398855999 24928499 74785500
11 1777 0 9 1 1
8253 500 0 6603 412 1238
4879852 1260 694924 3903882 614861 361109
694924000000 1327 21241 555939200000 92216414800 46768385200
5159362150289268091 2000 0 4127489720231414473 1031872430057853618 0
115792089237316195423570985008687907853269984665640564039457584007913129628948 782 10000 92633671389852956338856788006950326282615987732512451231566067206330503703159 9054941378358126482123251027679394394125712800853092107885583069418806736983 14103476469105112602590945974058187176528284132275020700005933732163819188806
102844034832575377634685573909834406561420991602098741459288064 500 701684 82275227866060302107748459127867525249136793281678993167430452 5142201741628768881734278695491720328071049580104937072964403 15426605224886306645202836086475160984213148740314811218893209
16839999 0 0 13472000 0 3367999
5 500 0 4 0 1
3487 2000 10000 2790 0 697
557522 1826 57618 446018 101803 9701
57618000000 0 0 46094400000 0 11523600000
11010549348419931548 2000 0 8808439478735945239 2202109869683986309 0
115792089237316195423570985008687907853269984665640564039457584007913129624023 0 0 92633671389852956338856788006950326282615987732512451231566067206330503699219 0 23158417847463239084714197001737581570653996933128112807891516801582625924804
26959946667150639794667015087019630673637144422540572481103610249216 1084 791108 21567957333720511835733612069615704538909715538032457984882888199373 2922458218719129353741904435432927965022266455403398056951631351015 2469531114710998605191498581970998169705162429104716439269090698828
911079998 156 831459 728863999 14212847 168003152
3 0 10000 3 0 0
8663 2000 432168 6931 0 1732
2160842 2000 10000 1728674 432168 0
965818000000 2000 0 772654400000 193163600000 0
337825125424763264 559 10000 270260100339810612 18884424511244266 48680600573708386
115792089237316195423570985008687907853269984665640564039457584007913129636322 500 0 92633671389852956338856788006950326282615987732512451231566067206330503709058 5789604461865809771178549250434395392663499233282028201972879200395656481816 17368813385597429313535647751303186177990497699846084605918637601186969445448
134217728 2000 10000 107374183 26843545 0
781649999 540 0 625320000 42209099 114120900
4 500 964697 4 0 0
4697 0 160940 3758 0 939
804700 997 10000 643760 80228 80712
86133000000 500 10000 68906400000 4306650000 12919950000
5072277555198927790 0 185480 4057822044159142232 0 1014455511039785558
115792089237316195423570985008687907853269984665640564039457584007913129634455 1010 0 92633671389852956338856788006950326282615987732512451231566067206330503707564 11695001012968935737780669485877478693180268451229696967985215984799226093079 11463416834494303346933527515860102877473728481898415839906300816783399833812
6901746346790563787434755862277025452451108972170386555162524223799296 500 10000 5521397077432451029947804689821620361960887177736309244130019379039437 345087317339528189371737793113851272622555448608519327758126211189964 1035261952018584568115213379341553817867666345825557983274378633569895
824280000 500 523148 659424000 41214000 123642000
8 0 541572 7 0 1
1572 1392 410836 1258 0 314
2054182 0 76789 1643346 0 410836
76789000000 500 10000 61431200000 3839450000 11518350000
2525718516503483715 2000 739252 2020574813202786972 505143703300696743 0
115792089237316195423570985008687907853269984665640564039457584007913129620683 0 139669 92633671389852956338856788006950326282615987732512451231566067206330503696547 0 23158417847463239084714197001737581570653996933128112807891516801582625924136
26328072917139296674479506920917608079723773850137277813577744384 500 10000 21062458333711437339583605536734086463779019080109822250862195508 1316403645856964833723975346045880403986188692506863890678887219 3949210937570894501171926038137641211958566077520591672036661657
844569998 0 0 675655999 0 168913999
9 500 714716 8 0 1
4716 1936 140035 3773 0 943
700176 0 0 560141 0 140035
96191000000 2000 0 76952800000 19238200000 0
1486950818490244964 500 0 1189560654792195972 74347540924512248 223042622773536744
115792089237316195423570985008687907853269984665640564039457584007913129623924 0 360699 92633671389852956338856788006950326282615987732512451231566067206330503699140 0 23158417847463239084714197001737581570653996933128112807891516801582625924784
91343852333181432387730302044767688728495783935 500 284116 73075081866545145910184241635814150982796627148 4567192616659071619386515102238384436424789196 13701577849977214858159545306715153309274367591
841160000 2000 344945 672928000 168232000 0
5 782 0 4 0 1
2946 500 28608 2357 0 589
143041 0 0 114433 0 28608
958412000000 1000 0 766729600000 95841200000 95841200000
6025028738505895272 22 991716 4820022990804716218 13255063224712969 1191750684476466085
115792089237316195423570985008687907853269984665640564039457584007913129628219 500 10000 92633671389852956338856788006950326282615987732512451231566067206330503702576 5789604461865809771178549250434395392663499233282028201972879200395656481410 17368813385597429313535647751303186177990497699846084605918637601186969444233
17179869184 886 10000 13743895348 1522136409 1913837427
46819998 1679 221241 37455999 7861077 1502922
1 813 284371 1 0 0
4371 500 0 3497 218 656
1838670 427 0 1470936 78511 289223
432170000000 2000 10000 345736000000 86434000000 0
2367953468677917832 1651 10000 1894362774942334266 390949117678724234 82641576056859332
115792089237316195423570985008687907853269984665640564039457584007913129632891 500 338235 92633671389852956338856788006950326282615987732512451231566067206330503706313 5789604461865809771178549250434395392663499233282028201972879200395656481644 17368813385597429313535647751303186177990497699846084605918637601186969444934
536870911 500 0 429496729 26843545 80530637
697430001 500 0 557944001 34871500 104614500
2 2000 998095 2 0 0
8095 2000 10000 6476 0 1619
4484465 1957 375180 3587572 877609 19284
375180000000 1125 853610 300144000000 42207750000 32828250000
379426420931620380 1145 10000 303541136745296304 43444325196670533 32440958989653543
115792089237316195423570985008687907853269984665640564039457584007913129634560 500 573281 92633671389852956338856788006950326282615987732512451231566067206330503707648 5789604461865809771178549250434395392663499233282028201972879200395656481728 17368813385597429313535647751303186177990497699846084605918637601186969445184
4722366482869645213695 2000 163522 3777893186295716170956 944473296573929042739 0
635219998 2000 0 508175999 127043999 0
4 790 416019 4 0 0
6019 0 10000 4816 0 1203
4394057 481 71953 3515246 211354 667457
71953000000 0 349622 57562400000 0 14390600000
9180564783192928840 0 10000 7344451826554343072 0 1836112956638585768
115792089237316195423570985008687907853269984665640564039457584007913129628104 0 899768 92633671389852956338856788006950326282615987732512451231566067206330503702484 0 23158417847463239084714197001737581570653996933128112807891516801582625925620
421249166674228746791672110734681729275580381602196445017243910144 1196 569672 336999333339382997433337688587745383420464305281757156013795128116 50381400334237758116283984443867934821359413639622694824062371653 33868433000607991242050437703068411033756662680816594179386410375
696720001 0 10000 557376001 0 139344000
11 375 627125 9 0 2
7125 2000 285135 5700 0 1425
1425675 500 0 1140540 71283 213852
784676000000 121 10000 627740800000 9494579600 147440620400
2638354697175094425 561 975662 2110683757740075540 148011698511522797 379659240923496088
115792089237316195423570985008687907853269984665640564039457584007913129624273 851 0 92633671389852956338856788006950326282615987732512451231566067206330503699419 9853906794095608230545890824239340958313275695046011999757840399073407331025 13304511053367630854168306177498240612340721238082100808133676402509218593829
5316911983139663491615228241121378303 2000 135943 4253529586511730793292182592897102643 1063382396627932698323045648224275660 0
359430000 2000 10000 287544000 71886000 0
9 500 810691 8 0 1
691 1477 348047 553 0 138
1740235 1163 10000 1392188 202389 145658
851318000000 1598 0 681054400000 136040616400 34222983600
2584273704998916448 1986 747903 2067418963999133159 513236757812784806 3617983186998483
115792089237316195423570985008687907853269984665640564039457584007913129632032 480 293872 92633671389852956338856788006950326282615987732512451231566067206330503705626 5558020283391177380331407280417019576956959263950747073893964032379830222337 17600397564072061704382789721320561993697037669177365733997552769202795704069
8 1788 0 7 1 0
905100001 1747 0 724080001 158120970 22899030
0 500 465202 0 0 0
5202 0 0 4162 0 1040
1285840 500 10000 1028672 64292 192876
473547000000 2000 0 378837600000 94709400000 0
554910418522480533 2000 922865 443928334817984427 110982083704496106 0
115792089237316195423570985008687907853269984665640564039457584007913129637070 0 257885 92633671389852956338856788006950326282615987732512451231566067206330503709656 0 23158417847463239084714197001737581570653996933128112807891516801582625927414
649037107316853453566312041152511 2000 10000 519229685853482762853049632922009 129807421463370690713262408230502 0
351349998 201 365505 281079999 7062134 63207865
9 0 896113 8 0 1
6113 125 10000 4891 0 1222
3700105 2000 0 2960084 740021 0
800774000000 1328 10000 640619200000 106342787200 53812012800
5102526962578619264 2000 10000 4082021570062895412 1020505392515723852 0
115792089237316195423570985008687907853269984665640564039457584007913129639387 2000 954272 92633671389852956338856788006950326282615987732512451231566067206330503711510 23158417847463239084714197001737581570653996933128112807891516801582625927877 0
340282366920938463463374607431768211455 1333 0 272225893536750770770699685945414569164 45359639510561097179667835170654702586 22696833873626595513007086315698939705
237239999 2000 525081 189792000 47447999 0
9 517 605250 8 0 1
5250 1146 881038 4200 0 1050
4405192 1219 10000 3524154 536992 344046
642161000000 813 10000 513728800000 52207689300 76224510700
816238927048541064 548 10000 652991141638832852 44729893202260050 118517892207448162
115792089237316195423570985008687907853269984665640564039457584007913129626365 0 330409 92633671389852956338856788006950326282615987732512451231566067206330503701092 0 23158417847463239084714197001737581570653996933128112807891516801582625925273
604462909807314587353087 1532 10000 483570327845851669882470 92603717782480594782492 28288864178982322688125
428839998 1625 10000 343071999 69686499 16081500
5 2000 147969 4 0 1
7969 2000 689585 6376 0 1593
3447925 931 838576 2758340 321001 368584
838576000000 1934 0 670860800000 162180598400 5534601600
985146744976801308 2000 0 788117395981441047 197029348995360261 0
115792089237316195423570985008687907853269984665640564039457584007913129623758 2000 10000 92633671389852956338856788006950326282615987732512451231566067206330503699007 23158417847463239084714197001737581570653996933128112807891516801582625924751 0
72057594037927936 500 406280 57646075230342349 3602879701896396 10808639105689191
62800000 2000 61907 50240000 12560000 0
11 500 0 9 0 2
717 2000 10000 574 0 143
2913125 2000 215273 2330500 582625 0
215273000000 500 558902 172218400000 10763650000 32290950000
5491345099560966530 0 10000 4393076079648773224 0 1098269019912193306
115792089237316195423570985008687907853269984665640564039457584007913129639588 500 0 92633671389852956338856788006950326282615987732512451231566067206330503711671 5789604461865809771178549250434395392663499233282028201972879200395656481979 17368813385597429313535647751303186177990497699846084605918637601186969445938
110427941548649020598956093796432407239217743554726184882600387580788736 253 10000 88342353238919216479164875037145925791374194843780947906080310064630989 2793826921180820221153589173049739903152208911934572477529789805793955 19291761388548983898637629586236741544691339799010664498990287710363792
673399998 2000 834869 538719999 134679999 0
5 1094 899080 4 0 1
9080 775 10000 7264 0 1816
4077850 0 749873 3262280 0 815570
749873000000 500 0 599898400000 37493650000 112480950000
12673297621102071285 533 10000 10138638096881657028 675486763204740399 1859172761015673858
115792089237316195423570985008687907853269984665640564039457584007913129628281 0 0 92633671389852956338856788006950326282615987732512451231566067206330503702625 0 23158417847463239084714197001737581570653996933128112807891516801582625925656
9007199254740991 0 0 7205759403792793 0 1801439850948198
823899999 1105 0 659120000 91040949 73739050
11 2000 0 9 2 0
7142 500 0 5714 357 1071
2716707 2000 0 2173366 543341 0
925090000000 1324 0 740072000000 122481916000 62536084000
180645777667123808 500 926402 144516622133699047 9032288883356190 27096866650068571
115792089237316195423570985008687907853269984665640564039457584007913129633533 962 512795 92633671389852956338856788006950326282615987732512451231566067206330503706827 11139198984629817999747528757835776735484572524834622260595819581561243070745 12019218862833421084966668243901804835169424408293490547295697220021382855961
100433627766186892221372630771322662657637687111424552206336 0 686902 80346902212949513777098104617058130126110149689139641765069 0 20086725553237378444274526154264532531527537422284910441267
869019998 500 10000 695215999 43450999 130353000
9 0 10000 8 0 1
4740 1308 0 3792 619 329
4474811 500 10000 3579849 223740 671222
816426000000 1476 10000 653140800000 120504477600 42780722400
16648855473594780144 500 711803 13319084378875824116 832442773679739007 2497328321039217021
115792089237316195423570985008687907853269984665640564039457584007913129628132 2000 0 92633671389852956338856788006950326282615987732512451231566067206330503702506 23158417847463239084714197001737581570653996933128112807891516801582625925626 0
1208925819614629174706176 1155 0 967140655691703339764941 139630932165489669678563 102154231757436165262672
91229999 2000 38954 72984000 18245999 0
6 610 10000 5 0 1
4244 0 0 3396 0 848
1434685 26 985055 1147748 3730 283207
985055000000 2000 10000 788044000000 197011000000 0
2166275047848633064 500 125812 1733020038278906452 108313752392431653 324941257177294959
115792089237316195423570985008687907853269984665640564039457584007913129634123 2000 0 92633671389852956338856788006950326282615987732512451231566067206330503707299 23158417847463239084714197001737581570653996933128112807891516801582625926824 0
17592186044416 0 467008 14073748835533 0 3518437208883
670080000 1227 257751 536064000 82218816 51797184
7 0 277375 6 0 1
7375 500 858503 5900 0 1475
4292516 0 981440 3434013 0 858503
981440000000 0 10000 785152000000 0 196288000000
6122052148279791887 1722 256800 4897641718623833510 1054217379933780162 170193049722178215
115792089237316195423570985008687907853269984665640564039457584007913129623135 2000 10000 92633671389852956338856788006950326282615987732512451231566067206330503698508 23158417847463239084714197001737581570653996933128112807891516801582625924627 0
2147483648 946 731244 1717986919 203151953 226344776
312440001 2000 10000 249952001 62488000 0
9 277 252105 8 0 1
2105 2000 535618 1684 0 421
2678091 0 10000 2142473 0 535618
978158000000 1720 902508 782526400000 168243176000 27388424000
6113956091522773476 500 10000 4891164873218218781 305697804576138673 917093413728416022
115792089237316195423570985008687907853269984665640564039457584007913129636641 1590 10000 92633671389852956338856788006950326282615987732512451231566067206330503709313 18410942188733275072347786616381377348669927561836849682273755857258187612225 4747475658729964012366410385356204221984069371291263125617760944324438315103
3533694129556768659166595001485837031654967793751237916243212402585239552 0 10000 2826955303645414927333276001188669625323974235000990332994569922068191642 0 706738825911353731833319000297167406330993558750247583248642480517047910
794429999 1333 948280 635544000 105897518 52988481
8 724 610388 7 0 1
388 2000 71984 311 0 77
359920 1654 684212 287936 0 71984
684212000000 1967 10000 547369600000 134584500400 2257899600
5461850603099582445 1959 10000 4369480482479665956 1069976533147208200 22393587472708289
115792089237316195423570985008687907853269984665640564039457584007913129629570 500 0 92633671389852956338856788006950326282615987732512451231566067206330503703656 5789604461865809771178549250434395392663499233282028201972879200395656481478 17368813385597429313535647751303186177990497699846084605918637601186969444436
1532495540865888858358347027150309183618739122183602175 0 0 1225996432692711086686677621720247346894991297746881740 0 306499108173177771671669405430061836723747824436720435
521730000 0 911020 417384000 0 104346000
4 2000 10000 4 0 0
1476 500 7385 1181 0 295
36925 500 130480 29540 0 7385
130480000000 2000 960675 104384000000 26096000000 0
953090748760545850 500 919436 762472599008436680 47654537438027292 142963612314081878
115792089237316195423570985008687907853269984665640564039457584007913129620499 2000 10000 92633671389852956338856788006950326282615987732512451231566067206330503696400 23158417847463239084714197001737581570653996933128112807891516801582625924099 0
766247770432944429179173513575154591809369561091801088 630 0 612998216346355543343338810860123673447495648873440871 48273609537275499038287931355234739283990282348783468 104975944549313386797546771359796179077883629869576749
875899999 500 15013 700720000 43794999 131385000
1 328 10000 1 0 0
383 500 0 307 19 57
3906777 1764 0 3125422 689155 92200
256071000000 1336 873095 204856800000 34211085600 17003114400
8767293082117919340 500 239743 7013834465694335472 438364654105895967 1315093962317687901
115792089237316195423570985008687907853269984665640564039457584007913129620192 2000 803906 92633671389852956338856788006950326282615987732512451231566067206330503696154 23158417847463239084714197001737581570653996933128112807891516801582625924038 0
11150372599265311570767859136324180752990208 2000 10000 8920298079412249256614287309059344602392167 2230074519853062314153571827264836150598041 0
964880001 1644 767222 771904001 158626272 34349728
6 500 10000 5 0 1
7546 1147 0 6037 865 644
1262050 288 0 1009640 36347 216063
674583000000 500 10000 539666400000 33729150000 101187450000
33391100896080745 1353 0 26712880716864596 4517815951239724 2160404227976425
115792089237316195423570985008687907853269984665640564039457584007913129631028 0 794526 92633671389852956338856788006950326282615987732512451231566067206330503704823 0 23158417847463239084714197001737581570653996933128112807891516801582625926205
536870911 500 360566 429496729 26843545 80530637
605660001 2000 10000 484528001 121132000 0
1 0 0 1 0 0
7060 2000 692358 5648 0 1412
3461790 0 695587 2769432 0 692358
695587000000 1787 262510 556469600000 124301396900 14816003100
1684161865248160620 500 271781 1347329492198528496 84208093262408031 252624279787224093
115792089237316195423570985008687907853269984665640564039457584007913129628154 500 10000 92633671389852956338856788006950326282615987732512451231566067206330503702524 5789604461865809771178549250434395392663499233282028201972879200395656481407 17368813385597429313535647751303186177990497699846084605918637601186969444223
11972621413014756705924586149611790497021399392059392 500 536889 9578097130411805364739668919689432397617119513647514 598631070650737835296229307480589524851069969602969 1795893211952213505888687922441768574553209908808909
368889999 1197 10000 295112000 44156132 29621867
7 1965 10000 6 0 1
9032 622 10000 7226 0 1806
2833855 500 181040 2267084 141692 425079
181040000000 500 173456 144832000000 9052000000 27156000000
2223828436740180832 500 0 1779062749392144666 111191421837009041 333574265511027125
115792089237316195423570985008687907853269984665640564039457584007913129630524 0 819085 92633671389852956338856788006950326282615987732512451231566067206330503704420 0 23158417847463239084714197001737581570653996933128112807891516801582625926104
618970019642690137449562111 1052 0 495176015714152109959649689 65115646066411002459693934 58678357862127025030218488
409339999 1474 45986 327472000 60336715 21531284
2 1445 0 2 0 0
8789 2000 208452 7032 0 1757
1042262 1480 0 833810 154254 54198
546560000000 0 705534 437248000000 0 109312000000
310064000662955364 2000 516109 248051200530364292 62012800132591072 0
115792089237316195423570985008687907853269984665640564039457584007913129623826 1428 10000 92633671389852956338856788006950326282615987732512451231566067206330503699061 16535110343088752706485936659240633241446953810253472544834542996329994910282 6623307504374486378228260342496948329207043122874640263056973805252631014483
43556142965880123323311949751266331066368 421 10000 34844914372704098658649559801013064853095 1833713618863553191911433084528312537894 6877514974312471472750956865724953675379
522570001 1452 14378 418056001 75877164 28636836
10 500 0 8 0 2
1360 0 10000 1088 0 272
1921300 53 490224 1537040 10182 374078
490224000000 500 538184 392179200000 24511200000 73533600000
111596480551955952 343 10000 89277184441564762 3827759282932089 18491536827459101
115792089237316195423570985008687907853269984665640564039457584007913129624324 1937 0 92633671389852956338856788006950326282615987732512451231566067206330503699460 22428927685268147053545699796182847751178396029734577254442934022332773208231 729490162195092031168497205554733819475600903393535553448582779249852716633
1725436586697640946858688965569256363112777243042596638790631055949823 1904 808872 1380349269358112757486951172455405090490221794434077311032504844759859 328523126107230836281894379044386411536672787075310400025736153052846 16564191232297353089843414069464861085882661533208927732390058137118
88719998 500 803773 70975999 4435999 13308000
9 0 0 8 0 1
6041 500 10000 4833 0 1208
4401530 0 10000 3521224 0 880306
327449000000 500 10000 261959200000 16372450000 49117350000
8187416610894906440 500 83309 6549933288715925152 409370830544745322 1228112491634235966
115792089237316195423570985008687907853269984665640564039457584007913129636626 1235 0 92633671389852956338856788006950326282615987732512451231566067206330503709301 14300323020808550134811016648572956619878843106206609658873011624977271510123 8858094826654688949903180353164624950775153826921503149018505176605354417202
4294967295 2000 866729 3435973836 858993459 0
667289999 199 653372 533832000 13279070 120178929
8 2000 0 7 1 0
1011 312 436880 809 0 202
2184402 1343 878340 1747522 293365 143515
878340000000 856 10000 702672000000 75185904000 100482096000
474104685639476224 557 10000 379283748511580980 26407630990118825 68413306137776419
115792089237316195423570985008687907853269984665640564039457584007913129633536 1045 739573 92633671389852956338856788006950326282615987732512451231566067206330503706829 12100273325299542421763167933407886370666713397559438942123317528826922046704 11058144522163696662951029068329695199987283535568673865768199272755703880003
883423532389192164791648750371459257913741948437809479060803100646309888 500 0 706738825911353731833319000297167406330993558750247583248642480517047911 44171176619459608239582437518572962895687097421890473953040155032315494 132513529858378824718747312555718888687061292265671421859120465096946483
340200001 294 0 272160001 10001880 58038120
9 2000 51686 8 0 1
1686 2000 894133 1349 0 337
4470665 500 10000 3576532 223533 670600
567637000000 0 696411 454109600000 0 113527400000
3628646985864630140 0 0 2902917588691704112 0 725729397172926028
115792089237316195423570985008687907853269984665640564039457584007913129622104 770 151683 92633671389852956338856788006950326282615987732512451231566067206330503697684 8915990871273347047614965845668968904701788819254323431038233968609310980902 14242426976189892037099231156068612665952208113873789376853282832973314943518
348449143727040986586495598010130648530944 1391 350734 278759314981632789269196478408104518824756 48469275892431401234181537683209173210654 21220552852976796083117581918816956495534
507339998 0 4827 405871999 0 101467999
3 1276 10000 3 0 0
9253 0 10000 7403 0 1850
4577922 613 244325 3662338 280626 634958
244325000000 0 771744 195460000000 0 48865000000
1367673038597103392 1100 10000 1094138430877682714 150444034245681373 123090573473739305
115792089237316195423570985008687907853269984665640564039457584007913129625329 102 10000 92633671389852956338856788006950326282615987732512451231566067206330503700264 1181079310220625193320424047088616660103353843589533753202467356880713922178 21977338537242613891393772954648964910550643089538579054689049444701912002887
452312848583266388373324160190187140051835877600158453279131187530910662656 500 10000 361850278866613110698659328152149712041468702080126762623304950024728530125 22615642429163319418666208009509357002591793880007922663956559376545533132 67846927287489958255998624028528071007775381640023767991869678129636599399
615419999 1808 0 492336000 111267935 11816064
1 0 0 1 0 0
2218 500 165447 1775 0 443
827237 1290 0 661790 106713 58734
119240000000 500 660627 95392000000 5962000000 17886000000
2095763759252938957 2000 150347 1676611007402351166 419152751850587791 0
115792089237316195423570985008687907853269984665640564039457584007913129629588 2000 759008 92633671389852956338856788006950326282615987732512451231566067206330503703671 23158417847463239084714197001737581570653996933128112807891516801582625925917 0
1361129467683753853853498429727072845823 1067 0 1088903574147003083082798743781658276659 145232514201856536206168282451878672649 126993379334894234564531403493535896515
492670000 0 10000 394136000 0 98534000
5 1385 516641 4 0 1
6641 0 0 5313 0 1328
3192491 580 10000 2553993 185164 453334
677936000000 1146 10000 542348800000 77691465600 57895734400
1362091451371827155 0 771043 1089673161097461724 0 272418290274365431
115792089237316195423570985008687907853269984665640564039457584007913129628892 2000 862480 92633671389852956338856788006950326282615987732512451231566067206330503703114 23158417847463239084714197001737581570653996933128112807891516801582625925778 0
22300745198530623141535718272648361505980416 0 445005 17840596158824498513228574618118689204784333 0 4460149039706124628307143654529672301196083
450049998 421 0 360039999 18947104 71062895
1 0 775308 1 0 0
5308 500 162542 4247 0 1061
812710 1875 10000 650168 152383 10159
320101000000 1255 626648 256080800000 40172675500 23847524500
1103407024632993976 500 10000 882725619706395181 55170351231649698 165511053694949097
115792089237316195423570985008687907853269984665640564039457584007913129621452 0 377299 92633671389852956338856788006950326282615987732512451231566067206330503697162 0 23158417847463239084714197001737581570653996933128112807891516801582625924290
44601490397061246283071436545296723011960831 588 735375 35681192317648997026457149236237378409568665 2622567635347201281444600468863447313103296 6297730444065047975169686840195897289288870
353750000 0 112720 283000000 0 70750000
4 500 0 4 0 0
6662 500 386607 5330 0 1332
1933037 1264 429186 1546430 244335 142272
429186000000 500 10000 343348800000 21459300000 64377900000
5475519004220073555 500 252109 4380415203376058844 273775950211003677 821327850633011034
115792089237316195423570985008687907853269984665640564039457584007913129627826 807 10000 92633671389852956338856788006950326282615987732512451231566067206330503702261 9344421601451416970682178490201114163758887762517193517984227029438589560965 13813996246011822114032018511536467406895109170610919289907289772144036364600
365375409332725729550921208179070754913983135743 1700 10000 292300327466180583640736966543256603931186508595 62113819586563374023656605390442028335377133076 10961262279981771886527636245372122647419494072
784670000 500 10000 627736000 39233500 117700500
5 2000 0 4 1 0
3693 500 0 2955 184 554
1602391 2000 10000 1281913 320478 0
441277000000 1275 892984 353021600000 56262817500 31992582500
1357115354639550256 515 0 1085692283711640205 69891440763936838 201531630163973213
115792089237316195423570985008687907853269984665640564039457584007913129634837 1018 924552 92633671389852956338856788006950326282615987732512451231566067206330503707870 11787634684358788694119526273884429019462884438962209419216782052005556596826 11370783163104450390594670727853152551191112494165903388674734749577069330141
713623846352979940529142984724747568191373312 2000 0 570899077082383952423314387779798054553098650 142724769270595988105828596944949513638274662 0
189840001 366 91400 151872001 6948144 31019856
8 500 753968 7 0 1
3968 500 10000 3175 0 793
2716890 500 651352 2173512 135844 407534
651352000000 1885 859153 521081600000 122779852000 7490548000
6988652480141550810 0 10000 5590921984113240648 0 1397730496028310162
115792089237316195423570985008687907853269984665640564039457584007913129635389 1630 0 92633671389852956338856788006950326282615987732512451231566067206330503708312 18874110545682539854042070556416128980083007500499411938431586193289840130568 4284307301780699230672126445321452590570989432628700869459930608292785796509
883423532389192164791648750371459257913741948437809479060803100646309887 1533 0 706738825911353731833319000297167406330993558750247583248642480517047910 135428827515263158862559753431944704238176640695516193140021115329079305 41255878962575274095769996642347147344571748992045702672139504800182672
31909999 500 0 25528000 1595499 4786500
9 1311 0 8 1 0
8116 500 0 6493 405 1218
3163001 0 130183 2530401 0 632600
130183000000 0 10000 104146400000 0 26036600000
6144086398101579277 2000 257143 4915269118481263422 1228817279620315855 0
115792089237316195423570985008687907853269984665640564039457584007913129622792 500 627286 92633671389852956338856788006950326282615987732512451231566067206330503698234 5789604461865809771178549250434395392663499233282028201972879200395656481139 17368813385597429313535647751303186177990497699846084605918637601186969443419
6582018229284824168619876730229402019930943462534319453394436095 196 934319 5265614583427859334895901384183521615944754770027455562715548876 129007557293982553704949583912496279590646491865672661286530947 1187396088562982280019025762133384124395542200641191229392356272
343189998 500 10000 274551999 17159499 51478500
8 500 374302 7 0 1
4302 0 802780 3442 0 860
4013900 500 415541 3211120 200695 602085
415541000000 1505 752924 332432800000 62538920500 20569279500
7424781136494855844 2000 76125 5939824909195884676 1484956227298971168 0
115792089237316195423570985008687907853269984665640564039457584007913129623810 674 0 92633671389852956338856788006950326282615987732512451231566067206330503699048 7804386814595111571548684389585564989310396966464174016259441162133344936644 15354031032868127513165512612152016581343599966663938791632075639449280988118
93536104789177786765035829293842113257979682750463 0 670037 74828883831342229412028663435073690606383746200371 0 18707220957835557353007165858768422651595936550092
700369998 2000 502687 560295999 140073999 0
7 500 930168 6 0 1
168 500 700603 135 0 33
3503015 2000 10000 2802412 700603 0
528159000000 2000 721816 422527200000 105631800000 0
4705027137379733136 2000 847779 3764021709903786509 941005427475946627 0
115792089237316195423570985008687907853269984665640564039457584007913129632156 0 983141 92633671389852956338856788006950326282615987732512451231566067206330503705725 0 23158417847463239084714197001737581570653996933128112807891516801582625926431
7067388259113537318333190002971674063309935587502475832486424805170479104 1785 544538 5653910607290829854666552002377339250647948470001980665989139844136383284 1261528804251766411322474415530443820300823502369191936098826827722930520 151948847570941052344163585063890992361163615131303230398458133311165300
445380001 2000 223188 356304001 89076000 0
0 1678 787973 0 0 0
7973 1493 0 6379 1190 404
1458780 782 733638 1167024 114076 177680
733638000000 0 10000 586910400000 0 146727600000
799709174256244600 0 66073 639767339404995680 0 159941834851248920
115792089237316195423570985008687907853269984665640564039457584007913129633862 0 577850 92633671389852956338856788006950326282615987732512451231566067206330503707090 0 23158417847463239084714197001737581570653996933128112807891516801582625926772
3291009114642412084309938365114701009965471731267159726697218047 989 0 2632807291713929667447950692091760807972377385013727781357774438 325480801438134555138252904309843929885585154222322096970354864 332721021490347861723734768713096272107509192031109848369088745
968120000 500 10000 774496000 48406000 145218000
10 787 122316 8 0 2
2316 1747 0 1853 404 59
4160021 1846 10000 3328017 767939 64065
643094000000 185 0 514475200000 11897239000 116721561000
6437676722527341445 0 10000 5150141378021873156 0 1287535344505468289
115792089237316195423570985008687907853269984665640564039457584007913129634928 0 238531 92633671389852956338856788006950326282615987732512451231566067206330503707943 0 23158417847463239084714197001737581570653996933128112807891516801582625926985
102844034832575377634685573909834406561420991602098741459288064 2000 0 82275227866060302107748459127867525249136793281678993167430452 20568806966515075526937114781966881312284198320419748291857612 0
774549998 500 462844 619639999 38727499 116182500
0 500 0 0 0 0
5996 1406 10000 4797 0 1199
4357516 500 0 3486013 217875 653628
26581000000 1624 326864 21264800000 4316754400 999445600
2319152423360954688 500 755799 1855321938688763751 115957621168047734 347872863504143203
115792089237316195423570985008687907853269984665640564039457584007913129624136 500 10000 92633671389852956338856788006950326282615987732512451231566067206330503699309 5789604461865809771178549250434395392663499233282028201972879200395656481206 17368813385597429313535647751303186177990497699846084605918637601186969443621
411376139330301510538742295639337626245683966408394965837152255 2000 0 329100911464241208430993836511470100996547173126715972669721804 82275227866060302107748459127867525249136793281678993167430451 0
642739998 382 868236 514191999 24552667 103995332
0 987 948616 0 0 0
8616 2000 10000 6893 0 1723
1903390 0 103483 1522712 0 380678
103483000000 2000 10000 82786400000 20696600000 0
2486472067922392767 500 0 1989177654337914214 124323603396119638 372970810188358915
115792089237316195423570985008687907853269984665640564039457584007913129628533 2000 755062 92633671389852956338856788006950326282615987732512451231566067206330503702827 23158417847463239084714197001737581570653996933128112807891516801582625925706 0
10633823966279326983230456482242756607 500 0 8507059173023461586584365185794205286 531691198313966349161522824112137830 1595073594941899047484568472336413491
370569999 500 649777 296456000 18528499 55585500
9 597 10000 8 0 1
9524 2000 10000 7620 0 1904
4650632 2000 0 3720506 930126 0
591922000000 2000 0 473537600000 118384400000 0
3351329162189198803 2000 208547 2681063329751359043 670265832437839760 0
115792089237316195423570985008687907853269984665640564039457584007913129631388 410 666549 92633671389852956338856788006950326282615987732512451231566067206330503705111 4747475658729964012366410385356204221984069371291263125617760944324438314886 18410942188733275072347786616381377348669927561836849682273755857258187611391
4294967295 0 10000 3435973836 0 858993459
950209998 1450 619505 760167999 137780449 52261550
9 1083 989904 8 0 1
9904 2000 10000 7924 0 1980
3678197 40 0 2942558 14712 720927
348850000000 0 10000 279080000000 0 69770000000
146304624655376784 500 955043 117043699724301428 7315231232768839 21945693698306517
115792089237316195423570985008687907853269984665640564039457584007913129624892 0 0 92633671389852956338856788006950326282615987732512451231566067206330503699914 0 23158417847463239084714197001737581570653996933128112807891516801582625924978
105312291668557186697918027683670432318895095400549111254310977535 1930 10000 84249833334845749358334422146936345855116076320439289003448782028 20325272292031537032698179342948393437546753412305978472082018664 737186041679900306885426193785693026232265667803843778780176843
277510001 500 427758 222008001 13875500 41626500
2 306 35011 2 0 0
5011 1221 10000 4009 0 1002
4269082 0 498092 3415266 0 853816
498092000000 500 0 398473600000 24904600000 74713800000
641903971532628546 253 10000 513523177226102837 16240170479775502 112140623826750207
115792089237316195423570985008687907853269984665640564039457584007913129622722 500 0 92633671389852956338856788006950326282615987732512451231566067206330503698178 5789604461865809771178549250434395392663499233282028201972879200395656481136 17368813385597429313535647751303186177990497699846084605918637601186969443408
191561942608236107294793378393788647952342390272950271 2000 10000 153249554086588885835834702715030918361873912218360217 38312388521647221458958675678757729590468478054590054 0
730549998 2000 777980 584439999 146109999 0
4 500 0 4 0 0
9819 0 833007 7856 0 1963
4165036 1524 478406 3332029 634751 198256
478406000000 1976 0 382724800000 94533025600 1148174400
12906568084974684692 1864 0 10325254467979747754 2405784291039281226 175529325955655712
115792089237316195423570985008687907853269984665640564039457584007913129638322 500 0 92633671389852956338856788006950326282615987732512451231566067206330503710658 5789604461865809771178549250434395392663499233282028201972879200395656481916 17368813385597429313535647751303186177990497699846084605918637601186969445748
2854495385411919762116571938898990272765493247 1770 10000 2283596308329535809693257551119192218212394598 505245683217909797894633233185121278279492304 65653393864474154528681154594676776273606345
24969999 610 10000 19976000 1523169 3470830
6 500 355345 5 0 1
5345 2000 0 4276 1069 0
3514995 2000 0 2811996 702999 0
11272000000 500 10000 9017600000 563600000 1690800000
492930792755486060 500 371180 394344634204388848 24646539637774303 73939618913322909
115792089237316195423570985008687907853269984665640564039457584007913129628755 500 293971 92633671389852956338856788006950326282615987732512451231566067206330503703004 5789604461865809771178549250434395392663499233282028201972879200395656481437 17368813385597429313535647751303186177990497699846084605918637601186969444314
549755813887 0 328154 439804651110 0 109951162777
281540001 500 318397 225232001 14077000 42231000
9 2000 858952 8 0 1
8952 500 0 7162 447 1343
2744935 2000 10000 2195948 548987 0
174279000000 500 516596 139423200000 8713950000 26141850000
4677365924254742108 387 0 3741892739403793687 181014061268658519 754459123582289902
115792089237316195423570985008687907853269984665640564039457584007913129629124 821 6401 92633671389852956338856788006950326282615987732512451231566067206330503703300 9506530526383659644275177869213277234753465741049090307639467647049667942551 13651887321079579440439019132524304335900531192079022500252049154532957983273
51422017416287688817342786954917203280710495801049370729644032 423 0 41137613933030151053874229563933762624568396640839496583715226 2175151336708969236973599888192997698774053972384388381863942 8109252146548568526494957502790442957368045187825485764064864
6559998 500 119256 5247999 327999 984000
4 2000 347272 4 0 0
7272 2000 10000 5818 0 1454
1888480 500 10000 1510784 94424 283272
437306000000 0 745005 349844800000 0 87461200000
2298409334896739535 500 557646 1838727467917391628 114920466744836976 344761400234510931
115792089237316195423570985008687907853269984665640564039457584007913129622289 0 291183 92633671389852956338856788006950326282615987732512451231566067206330503697832 0 23158417847463239084714197001737581570653996933128112807891516801582625924457
25108406941546723055343157692830665664409421777856138051584 500 0 20086725553237378444274526154264532531527537422284910441268 1255420347077336152767157884641533283220471088892806902579 3766261041232008458301473653924599849661413266678420707737
314409999 2000 10000 251528000 62881999 0
3 1641 872319 3 0 0
2319 573 10000 1856 0 463
3658106 500 0 2926485 182905 548716
72550000000 1163 369977 58040000000 8437565000 6072435000
9129156209861416684 500 10000 7303324967889133348 456457810493070834 1369373431479212502
115792089237316195423570985008687907853269984665640564039457584007913129628921 2000 10000 92633671389852956338856788006950326282615987732512451231566067206330503703137 23158417847463239084714197001737581570653996933128112807891516801582625925784 0
21267647932558653966460912964485513215 0 10000 17014118346046923173168730371588410572 0 4253529586511730793292182592897102643
687509999 579 616882 550008000 39806828 97695171
10 500 558700 8 0 2
8700 2000 614356 6960 0 1740
3071782 0 10000 2457426 0 614356
132778000000 500 999224 106222400000 6638900000 19916700000
721762105943733864 2000 0 577409684754987092 144352421188746772 0
115792089237316195423570985008687907853269984665640564039457584007913129628721 0 429284 92633671389852956338856788006950326282615987732512451231566067206330503702977 0 23158417847463239084714197001737581570653996933128112807891516801582625925744
75557863725914323419135 500 0 60446290980731458735308 3777893186295716170956 11333679558887148512871
23570000 1408 10000 18856000 3318656 1395344
0 1884 893370 0 0 0
3370 2000 0 2696 674 0
2193341 0 463765 1754673 0 438668
463765000000 1821 10000 371012000000 84451606500 8301393500
5431777199863636698 1369 10000 4345421759890909359 743610298661331863 342745141311395476
115792089237316195423570985008687907853269984665640564039457584007913129638632 19 682099 92633671389852956338856788006950326282615987732512451231566067206330503710906 220004969550900771304784871516507024921212970864717071674969409615034946313 22938412877912338313409412130221074545732783962263395736216547391967590981413
9223372036854775808 1138 10000 7378697629483820647 1049619737794073486 795054669576881675
431450000 0 0 345160000 0 86290000
7 0 180915 6 0 1
915 2000 654548 732 0 183
3272742 500 0 2618194 163637 490911
979576000000 2000 10000 783660800000 195915200000 0
852331391824655565 0 0 681865113459724452 0 170466278364931113
115792089237316195423570985008687907853269984665640564039457584007913129623326 865 10000 92633671389852956338856788006950326282615987732512451231566067206330503698661 10016015719027850904138890203251504029307853673577908789413081016684485712417 13142402128435388180575306798486077541346143259550204018478435784898140212248
4722366482869645213695 0 403089 3777893186295716170956 0 944473296573929042739
30890001 500 10000 24712001 1544500 4633500
11 1058 0 9 1 1
9599 723 748859 7680 0 1919
3744295 777 858613 2995436 290931 457928
858613000000 2000 664258 686890400000 171722600000 0
11891770705723518616 500 0 9513416564578814893 594588535286175930 1783765605858527793
115792089237316195423570985008687907853269984665640564039457584007913129633902 746 301846 92633671389852956338856788006950326282615987732512451231566067206330503707122 8638089857103788178598395481648117925853940856056786077343535766990319470689 14520327990359450906115801520089463644800056077071326730547981034592306456091
2993155353253689176481146537402947624255349848014848 1742 958844 2394524282602951341184917229922358099404279878411879 521407662536792654543015726815593476145281943524186 77223408113945180753213580664996048705788026078783
588440001 954 0 470752001 56137176 61550824
1 2000 0 1 0 0
1811 500 0 1449 90 272
1022307 54 103742 817846 5520 198941
103742000000 1599 553697 82993600000 16588345800 4160054200
1119821338112276318 768 749538 895857070489821055 86002278767022821 137961988855432442
115792089237316195423570985008687907853269984665640564039457584007913129630397 1606 641948 92633671389852956338856788006950326282615987732512451231566067206330503704318 18596209531512980985025500192395278001235159537301874584736887991670848618641 4562208315950258099688696809342303569418837395826238223154628809911777307438
1427247692705959881058285969449495136382746623 2000 0 1141798154164767904846628775559596109106197299 285449538541191976211657193889899027276549324 0
851639998 500 854168 681311999 42581999 127746000
0 1749 117600 0 0 0
7600 0 10000 6080 0 1520
4636507 998 81461 3709206 462723 464578
81461000000 790 0 65168800000 6435419000 9856781000
578312893371702168 500 547301 462650314697361735 28915644668585108 86746934005755325
115792089237316195423570985008687907853269984665640564039457584007913129632634 2000 0 92633671389852956338856788006950326282615987732512451231566067206330503706108 23158417847463239084714197001737581570653996933128112807891516801582625926526 0
1152921504606846975 2000 129370 922337203685477580 230584300921369395 0
293700001 2000 208379 234960001 58740000 0
11 1012 819029 9 0 2
9029 500 993491 7224 0 1805
4967457 65 424228 3973966 32288 961203
424228000000 2000 10000 339382400000 84845600000 0
5973165640371057194 146 0 4778532512296845756 87208218349417435 1107424909724794003
115792089237316195423570985008687907853269984665640564039457584007913129628969 2000 0 92633671389852956338856788006950326282615987732512451231566067206330503703176 23158417847463239084714197001737581570653996933128112807891516801582625925793 0
13803492693581127574869511724554050904902217944340773110325048447598592 279 0 11042794154864902059895609379643240723921774355472618488260038758078874 385117446150913459338859377115058020246771880647107569778068851688000 2375581092565312055635042967795752160733671708221047052286940837831718
983449998 860 0 786759999 84576699 112113300
10 459 0 8 0 2
3634 500 10000 2908 0 726
4499036 594 490762 3599229 267242 632565
490762000000 0 25751 392609600000 0 98152400000
7040873579400389043 1952 10000 5632698863520311235 1374378522698955941 33796193181121867
115792089237316195423570985008687907853269984665640564039457584007913129639068 402 911046 92633671389852956338856788006950326282615987732512451231566067206330503711255 4654841987340111056027553597349253895701453383558750674386194877118107811490 18503575860123128028686643404388327674952543549569362133505321924464518116323
46768052394588893382517914646921056628989841375231 2000 321684 37414441915671114706014331717536845303191873100185 9353610478917778676503582929384211325797968275046 0
216840001 764 0 173472001 16566576 26801424
3 500 0 3 0 0
2250 1137 0 1800 255 195
2655141 0 625515 2124113 0 531028
625515000000 114 625084 500412000000 7130871000 117972129000
6562028542270625652 1386 0 5249622833816500522 909497155958708715 402908552495416415
115792089237316195423570985008687907853269984665640564039457584007913129638155 644 723745 92633671389852956338856788006950326282615987732512451231566067206330503710524 7457010546883162985277971434559501265750587012467252324141068410109605548697 15701407300580076099436225567178080304903409920660860483750448391473020378934
2596148429267413814265248164610047 1858 0 2076918743413931051412198531688038 482364378157885486690483108984546 36865307695597276162566523937463
963460001 500 0 770768001 48173000 144519000
8 500 40992 7 0 1
992 500 132269 794 0 198
661346 500 0 529077 33067 99202
741596000000 479 10000 593276800000 35522448400 112796751600
9768819891309520900 0 460086 7815055913047616720 0 1953763978261904180
115792089237316195423570985008687907853269984665640564039457584007913129639849 2000 113392 92633671389852956338856788006950326282615987732512451231566067206330503711880 23158417847463239084714197001737581570653996933128112807891516801582625927969 0
441711766194596082395824375185729628956870974218904739530401550323154944 500 0 353369412955676865916659500148583703165496779375123791624321240258523956 22085588309729804119791218759286481447843548710945236976520077516157747 66256764929189412359373656277859444343530646132835710929560232548473241
72310000 1015 10000 57848000 7339465 7122535
6 729 0 5 0 1
2803 1262 725309 2243 0 560
3626547 755 10000 2901238 273804 451505
148548000000 0 10000 118838400000 0 29709600000
2623727501051863052 500 679982 2098982000841490442 131186375052593152 393559125157779458
115792089237316195423570985008687907853269984665640564039457584007913129619953 500 397149 92633671389852956338856788006950326282615987732512451231566067206330503695963 5789604461865809771178549250434395392663499233282028201972879200395656480997 17368813385597429313535647751303186177990497699846084605918637601186969442993
1725436586697640946858688965569256363112777243042596638790631055949823 855 311076 1380349269358112757486951172455405090490221794434077311032504844759859 147524828162648300956417906556171419046142454280142012616598955283709 197562489176879888415319886557679853576412994328377315141527255906255
110760001 500 701597 88608001 5538000 16614000
5 500 0 4 0 1
9449 500 10000 7560 0 1889
4113275 849 459006 3290620 349217 473438
459006000000 1756 10000 367204800000 80601453600 11199746400
1198249456277163441 500 364639 958599565021730753 59912472813858172 179737418441574516
115792089237316195423570985008687907853269984665640564039457584007913129635296 500 622621 92633671389852956338856788006950326282615987732512451231566067206330503708237 5789604461865809771178549250434395392663499233282028201972879200395656481764 17368813385597429313535647751303186177990497699846084605918637601186969445295
102844034832575377634685573909834406561420991602098741459288064 612 249577 82275227866060302107748459127867525249136793281678993167430452 6294054931753613111242757123281865681558964686048442977308429 14274752034761462415694357658685015630725233634371305314549183
495769998 0 201341 396615999 0 99153999
5 1721 10000 4 0 1
4032 0 1653 3226 0 806
8267 500 10000 6614 0 1653
760165000000 2000 0 608132000000 152033000000 0
1502110803553589340 0 10000 1201688642842871472 0 300422160710717868
115792089237316195423570985008687907853269984665640564039457584007913129625215 500 10000 92633671389852956338856788006950326282615987732512451231566067206330503700172 5789604461865809771178549250434395392663499233282028201972879200395656481260 17368813385597429313535647751303186177990497699846084605918637601186969443783
5708990770823839524233143877797980545530986496 500 14292 4567192616659071619386515102238384436424789197 285449538541191976211657193889899027276549324 856348615623575928634971581669697081829647975
142919998 500 0 114335999 7145999 21438000
10 343 403776 8 0 2
3776 500 530120 3021 0 755
2650600 1617 556967 2120480 428602 101518
556967000000 500 0 445573600000 27848350000 83545050000
20553183407732416 500 950165 16442546726185933 1027659170386620 3082977511159863
115792089237316195423570985008687907853269984665640564039457584007913129629770 1841 0 92633671389852956338856788006950326282615987732512451231566067206330503703816 21317323628589911577479418340099443835787004176944427839664141215856807164840 1841094218873327507234778661638137734866992756183684968227375585725818761114
7067388259113537318333190002971674063309935587502475832486424805170479104 354 117737 5653910607290829854666552002377339250647948470001980665989139844136383284 250185544372619221068994926105197261841171719797587644470019438103034960 1163292107450088242597643074489137550820815397702907522027265522931060860
177369998 500 0 141895999 8868499 26605500
11 500 0 9 0 2
499 833 672325 400 0 99
3361625 830 168234 2689300 279014 393311
168234000000 1867 249605 134587200000 31409287800 2237512200
6909400815887966490 1682 0 5527520652710373192 1162161217232355963 219718945945237335
115792089237316195423570985008687907853269984665640564039457584007913129625245 56 10000 92633671389852956338856788006950326282615987732512451231566067206330503700196 648435699728970694371997516048652283978311914127587158620962470444313525901 22509982147734268390342199485688929286675685019000525649270554331138312399148
2417851639229258349412351 1677 0 1934281311383406679529881 405473719898746625196451 78096607947105044686019
864850001 2000 301573 691880001 172970000 0
9 500 551374 8 0 1
1374 500 0 1100 68 206
931526 500 619185 745221 46576 139729
619185000000 500 345287 495348000000 30959250000 92877750000
5623903502289269989 500 573900 4499122801831415992 281195175114463499 843585525343390498
115792089237316195423570985008687907853269984665640564039457584007913129626035 174 393465 92633671389852956338856788006950326282615987732512451231566067206330503700828 2014782352729301800370135139151169596646897733182145814286561961737688455493 21143635494733937284344061862586411974007099199945966993604954839844937469714
174224571863520493293247799005065324265471 500 0 139379657490816394634598239204052259412377 8711228593176024664662389950253266213273 26133685779528073993987169850759798639821
332710001 501 10000 266168001 16668771 49873229
5 257 301268 4 0 1
1268 2000 253728 1015 0 253
1268640 0 330929 1014912 0 253728
330929000000 1355 10000 264743200000 44840879500 21344920500
129960435287674488 1217 849090 103968348230139591 15816184974509985 10175902083024912
115792089237316195423570985008687907853269984665640564039457584007913129630845 1182 728626 92633671389852956338856788006950326282615987732512451231566067206330503704676 13686624947850774299066090428026910708256512187478714669463886429735331922365 9471792899612464785648106573710670862397484745649398138427630371847294003804
36893488147419103232 644 455239 29514790517935282586 2375940636693790248 5002756992790030398
552390000 500 10000 441912000 27619500 82858500
2 424 375644 2 0 0
5644 1566 728133 4516 0 1128
3640667 2000 10000 2912534 728133 0
278042000000 0 242727 222433600000 0 55608400000
5557507078919416725 0 288604 4446005663135533380 0 1111501415783883345
115792089237316195423570985008687907853269984665640564039457584007913129631331 500 416169 92633671389852956338856788006950326282615987732512451231566067206330503705065 5789604461865809771178549250434395392663499233282028201972879200395656481566 17368813385597429313535647751303186177990497699846084605918637601186969444700
2097152 973 10000 1677722 204052 215378
986630001 1598 929542 789304001 157663474 39662526
2 500 588171 2 0 0
8171 0 0 6537 0 1634
2898345 0 0 2318676 0 579669
586559000000 1126 0 469247200000 66046543400 51265256600
7781816493774724128 527 533721 6225453195019779303 410101729221927961 1146261569533016864
115792089237316195423570985008687907853269984665640564039457584007913129626214 2000 0 92633671389852956338856788006950326282615987732512451231566067206330503700972 23158417847463239084714197001737581570653996933128112807891516801582625925242 0
65536 500 584383 52429 0 13107
843830001 500 978424 675064001 42191500 126574500
0 0 0 0 0 0
8910 500 0 7128 445 1337
1297152 500 0 1037722 64857 194573
353935000000 0 10000 283148000000 0 70787000000
858798826701476490 0 0 687039061361181192 0 171759765340295298
115792089237316195423570985008687907853269984665640564039457584007913129637233 0 0 92633671389852956338856788006950326282615987732512451231566067206330503709787 0 23158417847463239084714197001737581570653996933128112807891516801582625927446
14134776518227074636666380005943348126619871175004951664972849610340958207 1657 335274 11307821214581659709333104004754678501295896940003961331978279688272766566 2342132469070226267295619166984812784580912653698320490886001180433496774 484822834575188660037656834203856840743061581302669842108568741634694867
352740001 0 0 282192001 0 70548000
6 2000 582495 5 0 1
2495 2000 96058 1996 0 499
480292 500 20394 384234 24014 72044
20394000000 0 190525 16315200000 0 4078800000
1376751873993389250 0 0 1101401499194711400 0 275350374798677850
115792089237316195423570985008687907853269984665640564039457584007913129626289 500 670977 92633671389852956338856788006950326282615987732512451231566067206330503701032 5789604461865809771178549250434395392663499233282028201972879200395656481314 17368813385597429313535647751303186177990497699846084605918637601186969443943
18446744073709551616 500 218085 14757395258967641293 922337203685477580 2767011611056432743
180850001 500 10000 144680001 9042500 27127500
2 0 10000 2 0 0
1871 1918 0 1497 358 16
1959240 1632 0 1567392 319747 72101
84590000000 1056 10000 67672000000 8932704000 7985296000
32015347769649806 2000 10000 25612278215719845 6403069553929961 0
115792089237316195423570985008687907853269984665640564039457584007913129624979 1565 625388 92633671389852956338856788006950326282615987732512451231566067206330503699984 18121461965639984583788859153859657579036752600172748272175111897238404786309 5036955881823254500925337847877923991617244332955364535716404904344221138686
401734511064747568885490523085290650630550748445698208825344 0 746734 321387608851798055108392418468232520504440598756558567060276 0 80346902212949513777098104617058130126110149689139641765068
467340000 500 572359 373872000 23367000 70101000
3 500 10000 3 0 0
7907 2000 10000 6326 0 1581
1847715 1499 0 1478172 276972 92571
609540000000 1167 0 487632000000 71133318000 50774682000
384724253614171198 2000 76377 307779402891336959 76944850722834239 0
115792089237316195423570985008687907853269984665640564039457584007913129623558 500 101939 92633671389852956338856788006950326282615987732512451231566067206330503698847 5789604461865809771178549250434395392663499233282028201972879200395656481177 17368813385597429313535647751303186177990497699846084605918637601186969443534
1048576 432 564826 838861 45298 164417
648260001 1047 10000 518608001 67872822 61779178
3 500 0 3 0 0
8700 500 998273 6960 0 1740
4991365 1598 675547 3993092 797620 200653
675547000000 1209 0 540437600000 81673632300 53435767700
2524935694758759230 500 10000 2019948555807007384 126246784737937961 378740354213813885
115792089237316195423570985008687907853269984665640564039457584007913129621992 0 128379 92633671389852956338856788006950326282615987732512451231566067206330503697594 0 23158417847463239084714197001737581570653996933128112807891516801582625924398
0 500 0 0 0 0
10940001 2000 10000 8752001 2188000 0
8 756 10000 7 0 1
8516 1345 118763 6813 0 1703
593817 500 325002 475054 29690 89073
325002000000 0 10000 260001600000 0 65000400000
1764985354298269965 0 284487 1411988283438615972 0 352997070859653993
115792089237316195423570985008687907853269984665640564039457584007913129635448 500 719676 92633671389852956338856788006950326282615987732512451231566067206330503708359 5789604461865809771178549250434395392663499233282028201972879200395656481772 17368813385597429313535647751303186177990497699846084605918637601186969445317
324518553658426726783156020576255 729 10000 259614842926741381426524816461004 23657402561699308382492073900008 41246308169986036974139130215243
141159998 2000 769882 112927999 28231999 0
10 730 0 8 0 2
2469 215 10000 1976 0 493
2651506 1643 88207 2121205 435642 94659
88207000000 2000 546075 70565600000 17641400000 0
57640352940915300 576 432991 46112282352732240 3320084329396721 8207986258786339
115792089237316195423570985008687907853269984665640564039457584007913129626944 63 209067 92633671389852956338856788006950326282615987732512451231566067206330503701556 729490162195092031168497205554733819475600903393535553448582779249852716649 22428927685268147053545699796182847751178396029734577254442934022332773208739
696898287454081973172991196020261297061887 500 10000 557518629963265578538392956816209037649510 34844914372704098658649559801013064853094 104534743118112295975948679403039194559283
798319998 0 10000 638655999 0 159663999
1 1568 0 1 0 0
8042 0 10000 6434 0 1608
2433025 2000 0 1946420 486605 0
230875000000 500 10000 184700000000 11543750000 34631250000
2058437996465850432 520 10000 1646750397172680346 107038775816224222 304648823476945864
115792089237316195423570985008687907853269984665640564039457584007913129639449 1064 689852 92633671389852956338856788006950326282615987732512451231566067206330503711560 12320278294850443193067952804924393395587926368424156013798286938441956993637 10838139552612795891646244196813188175066070564703956794093229863140668934252
6427752177035961102167848369364650410088811975131171341205503 461 933464 5142201741628768881734278695491720328071049580104937072964403 296319375361357806809937809827710383905094232053546998829573 989231060045834413623631864045219698112668162972687269411527
334639998 2000 10000 267711999 66927999 0
5 1495 407179 4 0 1
7179 554 522850 5744 0 1435
2614250 1289 10000 2091400 336976 185874
413423000000 1414 10000 330738400000 58458012200 24226587800
200856379061298744 148 10000 160685103249038996 2972674410107221 37198601402152527
115792089237316195423570985008687907853269984665640564039457584007913129637983 0 0 92633671389852956338856788006950326282615987732512451231566067206330503710387 0 23158417847463239084714197001737581570653996933128112807891516801582625927596
131072 0 10000 104858 0 26214
356569999 0 856636 285256000 0 71313999
0 0 156940 0 0 0
6940 1747 444169 5552 0 1388
2220845 2000 518893 1776676 444169 0
518893000000 1177 930935 415114400000 61073706100 42704893900
9318966402491463510 2000 10000 7455173121993170808 1863793280498292702 0
115792089237316195423570985008687907853269984665640564039457584007913129632748 0 215636 92633671389852956338856788006950326282615987732512451231566067206330503706199 0 23158417847463239084714197001737581570653996933128112807891516801582625926549
730750818665451459101842416358141509827966271487 0 721612 584600654932361167281473933086513207862373017190 0 146150163733090291820368483271628301965593254297
216119998 1959 0 172895999 42337907 886092
5 724 17091 4 0 1
7091 1467 10000 5673 0 1418
2733127 500 319079 2186502 136656 409969
319079000000 0 0 255263200000 0 63815800000
9340906919360774010 0 10000 7472725535488619208 0 1868181383872154802
115792089237316195423570985008687907853269984665640564039457584007913129636285 2000 10000 92633671389852956338856788006950326282615987732512451231566067206330503709028 23158417847463239084714197001737581570653996933128112807891516801582625927257 0
56539106072908298546665520023773392506479484700019806659891398441363832832 1120 228978 45231284858326638837332416019018714005183587760015845327913118753091066266 6332379880165729437226538242662619960725702286402218345907836625432749277 4975441334415930272106565762092058540570194653601742986070443062840017289
289780001 500 453429 231824001 14489000 43467000
1 2000 0 1 0 0
8942 663 0 7154 592 1196
3660305 0 285517 2928244 0 732061
285517000000 1901 444611 228413600000 54276781700 2826618300
567650896900143714 1997 492303 454120717520114972 113359884110958699 170295269070043
115792089237316195423570985008687907853269984665640564039457584007913129627632 500 10000 92633671389852956338856788006950326282615987732512451231566067206330503702106 5789604461865809771178549250434395392663499233282028201972879200395656481381 17368813385597429313535647751303186177990497699846084605918637601186969444145
421249166674228746791672110734681729275580381602196445017243910143 500 10000 336999333339382997433337688587745383420464305281757156013795128115 21062458333711437339583605536734086463779019080109822250862195507 63187375001134312018750816610202259391337057240329466752586586521
158850000 0 0 127080000 0 31770000
6 0 127650 5 0 1
7650 1742 0 6120 1332 198
1835202 500 0 1468162 91760 275280
830662000000 1165 835731 664529600000 96772123000 69360277000
2439359051989078053 470 414655 1951487241591262443 114649875443486668 373221934954328942
115792089237316195423570985008687907853269984665640564039457584007913129625280 500 151155 92633671389852956338856788006950326282615987732512451231566067206330503700224 5789604461865809771178549250434395392663499233282028201972879200395656481264 17368813385597429313535647751303186177990497699846084605918637601186969443792
13803492693581127574869511724554050904902217944340773110325048447598592 500 10000 11042794154864902059895609379643240723921774355472618488260038758078874 690174634679056378743475586227702545245110897217038655516252422379929 2070523904037169136230426758683107635735332691651115966548757267139789
617180001 344 477330 493744001 21230992 102205008
6 109 691113 5 0 1
1113 0 857674 891 0 222
4288371 500 74073 3430697 214418 643256
74073000000 0 0 59258400000 0 14814600000
1196822694850730415 776 804722 957458155880584332 92873441120416680 146491097849729403
115792089237316195423570985008687907853269984665640564039457584007913129635213 0 0 92633671389852956338856788006950326282615987732512451231566067206330503708171 0 23158417847463239084714197001737581570653996933128112807891516801582625927042
4095 1708 10000 3276 0 819
397680000 0 10000 318144000 0 79536000
0 457 672540 0 0 0
2540 500 824404 2032 0 508
4122022 0 707362 3297618 0 824404
707362000000 2000 0 565889600000 141472400000 0
6054096175698362296 117 0 4843276940558689837 70832925255670838 1139986309884001621
115792089237316195423570985008687907853269984665640564039457584007913129624245 500 736221 92633671389852956338856788006950326282615987732512451231566067206330503699396 5789604461865809771178549250434395392663499233282028201972879200395656481212 17368813385597429313535647751303186177990497699846084605918637601186969443637
10633823966279326983230456482242756608 500 0 8507059173023461586584365185794205287 531691198313966349161522824112137830 1595073594941899047484568472336413491
32929998 0 10000 26343999 0 6585999
10 2000 252865 8 0 2
2865 500 321766 2292 0 573
1608832 1322 386188 1287066 212687 109079
386188000000 847 632010 308950400000 32710123600 44527476400
1219658527216809180 1448 757482 975726821773447344 176606554740993969 67325150702367867
115792089237316195423570985008687907853269984665640564039457584007913129622453 2000 10000 92633671389852956338856788006950326282615987732512451231566067206330503697963 23158417847463239084714197001737581570653996933128112807891516801582625924490 0
0 500 10000 0 0 0
724039999 0 0 579232000 0 144807999
9 1197 146974 8 0 1
6974 158 10000 5580 0 1394
419117 2000 10000 335294 83823 0
431295000000 1397 0 345036000000 60251911500 26007088500
2194285729987976880 1172 365756 1755428583990381504 257170287554590890 181686858443004486
115792089237316195423570985008687907853269984665640564039457584007913129634179 2000 497152 92633671389852956338856788006950326282615987732512451231566067206330503707344 23158417847463239084714197001737581570653996933128112807891516801582625926835 0
5708990770823839524233143877797980545530986496 0 0 4567192616659071619386515102238384436424789197 0 1141798154164767904846628775559596109106197299
214620001 0 0 171696001 0 42924000
1 1166 803689 1 0 0
3689 0 0 2952 0 737
2918631 1719 10000 2334905 501712 82014
418881000000 0 282572 335104800000 0 83776200000
5470629293210776524 500 406997 4376503434568621220 273531464660538826 820594393981616478
115792089237316195423570985008687907853269984665640564039457584007913129632938 0 0 92633671389852956338856788006950326282615987732512451231566067206330503706351 0 23158417847463239084714197001737581570653996933128112807891516801582625926587
302231454903657293676544 555 536026 241785163922925834941236 16773845747152979799048 43672445233578478936260
360260000 1884 493502 288208000 67872984 4179016
6 959 497018 5 0 1
7018 1241 10000 5615 0 1403
3924351 2000 620023 3139481 784870 0
620023000000 500 0 496018400000 31001150000 93003450000
2193722829598685255 500 0 1754978263678948204 109686141479934262 329058424439802789
115792089237316195423570985008687907853269984665640564039457584007913129635799 1795 10000 92633671389852956338856788006950326282615987732512451231566067206330503708640 20784680018098257078530991809059479459661962247482481245082636329420406769625 2373737829364982006183205192678102110992034685645631562808880472162219157534
18889465931478580854784 82 110646 15111572745182864683828 154893620638124363009 3622999565657591807947
106459998 1730 10000 85167999 18417579 2874420
6 0 651871 5 0 1
1871 1776 898745 1497 0 374
4493726 0 685313 3594981 0 898745
685313000000 0 0 548250400000 0 137062600000
11624675566938178286 500 10000 9299740453550542629 581233778346908914 1743701335040726743
115792089237316195423570985008687907853269984665640564039457584007913129622903 1301 282617 92633671389852956338856788006950326282615987732512451231566067206330503698323 15064550809774837024606585149630296811710425004999837381533431679429498163939 8093867037688402060107611852107284758943571928128275426358085122153127760641
16384 74 10000 13108 121 3155
561469999 1893 0 449176000 106286270 6007729
8 2000 800320 7 0 1
320 0 855175 256 0 64
4275875 500 277800 3420700 213793 641382
277800000000 500 591880 222240000000 13890000000 41670000000
11743585678986079960 500 0 9394868543188863968 587179283949303998 1761537851847911994
115792089237316195423570985008687907853269984665640564039457584007913129637718 975 791915 92633671389852956338856788006950326282615987732512451231566067206330503710175 11289728700638329053798171038347071015693823504899954993847114440771530139677 11868689146824910030916025963390510554960173428228157814044402360811095787866
12855504354071922204335696738729300820177623950262342682411008 1991 0 10284403483257537763468557390983440656142099160209874145928807 2559530916895719710883237220681003793297364928497232428068031 11569953918664729983902127064856370738159861555236108414170
359050001 199 384841 287240001 7145095 64664905
1 2000 0 1 0 0
9748 1996 10000 7799 0 1949
1712250 500 912912 1369800 85612 256838
912912000000 500 486561 730329600000 45645600000 136936800000
1514113036215385446 2000 606515 1211290428972308357 302822607243077089 0
115792089237316195423570985008687907853269984665640564039457584007913129633420 500 761627 92633671389852956338856788006950326282615987732512451231566067206330503706736 5789604461865809771178549250434395392663499233282028201972879200395656481671 17368813385597429313535647751303186177990497699846084605918637601186969445013
256 2000 113254 205 0 51
132539998 1227 140472 106031999 16262657 10245342
0 543 361905 0 0 0
1905 1451 695460 1524 0 381
3477300 500 10000 2781840 173865 521595
822440000000 2000 0 657952000000 164488000000 0
78361574626042305 500 10000 62689259700833844 3918078731302115 11754236193906346
115792089237316195423570985008687907853269984665640564039457584007913129623774 604 0 92633671389852956338856788006950326282615987732512451231566067206330503699020 6993842189933898203583687494524749634337507073804690067983238074077953029275 16164575657529340881130509507212831936316489859323422739908278727504672895479
274877906944 2000 162585 219902325556 54975581388 0
625849998 601 0 500679999 37613584 87556415
10 500 638133 8 0 2
8133 500 284343 6507 0 1626
1421715 0 0 1137372 0 284343
67080000000 500 779146 53664000000 3354000000 10062000000
2946473271138837408 1033 366155 2357178616911069927 304370688908641904 284923965319125577
115792089237316195423570985008687907853269984665640564039457584007913129633780 0 10000 92633671389852956338856788006950326282615987732512451231566067206330503707024 0 23158417847463239084714197001737581570653996933128112807891516801582625926756
2305843009213693951 1787 425797 1844674407370955161 412054145746487109 49114456096251681
257969999 644 10000 206376000 16613267 34980732
3 2000 10000 3 0 0
4989 0 836564 3992 0 997
4182821 389 0 3346257 162711 673853
159612000000 2000 0 127689600000 31922400000 0
2097166899116994172 500 448436 1677733519293595338 104858344955849708 314575034867549126
115792089237316195423570985008687907853269984665640564039457584007913129631499 500 0 92633671389852956338856788006950326282615987732512451231566067206330503705200 5789604461865809771178549250434395392663499233282028201972879200395656481574 17368813385597429313535647751303186177990497699846084605918637601186969444725
215679573337205118357336120696157045389097155380324579848828881993727 2000 522278 172543658669764094685868896556925636311277724304259663879063105594982 43135914667441023671467224139231409077819431076064915969765776398745 0
222779999 1309 86755 178224000 29161901 15394098
11 0 0 9 0 2
6058 922 0 4847 558 653
2775961 0 506538 2220769 0 555192
506538000000 1619 800152 405230400000 82008502200 19299097800
1875727431919353168 1534 472733 1500581945535482535 287736588056428775 87408898327441858
115792089237316195423570985008687907853269984665640564039457584007913129627202 0 10000 92633671389852956338856788006950326282615987732512451231566067206330503701762 0 23158417847463239084714197001737581570653996933128112807891516801582625925440
2 999 10000 2 0 0
921520001 1783 776533 737216001 164307016 19996984
9 500 0 8 0 1
9204 2000 0 7364 1840 0
2445632 1851 10000 1956506 452686 36440
846478000000 500 191310 677182400000 42323900000 126971700000
4493194248443873050 0 28038 3594555398755098440 0 898638849688774610
115792089237316195423570985008687907853269984665640564039457584007913129631897 1664 864860 92633671389852956338856788006950326282615987732512451231566067206330503705518 19267803649089414918482211905445667866784125448362589856165741978916744770747 3890614198373824166231985096291913703869871484765522951725774822665881155632
79228162514264337593543950335 0 72813 63382530011411470074835160268 0 15845632502852867518708790067
728129999 500 952815 582504000 36406499 109219500
11 1636 10000 9 0 2
294 500 0 236 14 44
2807362 500 537471 2245890 140368 421104
537471000000 2000 0 429976800000 107494200000 0
11050536413981409816 318 0 8840429131185127853 351407057964608832 1858700224831673131
115792089237316195423570985008687907853269984665640564039457584007913129638116 1605 10000 92633671389852956338856788006950326282615987732512451231566067206330503710493 18584630322589249365483143093894409210449832538835310528332942233270057306917 4573787524873989719231053907843172360204164394292802279558574568312568620706
81129638414606681695789005144064 0 10396 64903710731685345356631204115252 0 16225927682921336339157801028812
103960000 1714 718202 83168000 17818744 2973256
6 698 936918 5 0 1
6918 500 796807 5535 0 1383
3984035 2000 0 3187228 796807 0
946993000000 500 0 757594400000 47349650000 142048950000
579996598582061250 0 17730 463997278865649000 0 115999319716412250
115792089237316195423570985008687907853269984665640564039457584007913129622205 2000 582866 92633671389852956338856788006950326282615987732512451231566067206330503697764 23158417847463239084714197001737581570653996933128112807891516801582625924441 0
166153499473114484112975882535043072 2000 10000 132922799578491587290380706028034458 33230699894622896822595176507008614 0
194970001 214 10000 155976001 4172358 34821642
4 2000 490606 4 0 0
606 0 410938 485 0 121
2054690 500 976117 1643752 102734 308204
976117000000 500 0 780893600000 48805850000 146417550000
11924294474925028560 500 0 9539435579940022848 596214723746251428 1788644171238754284
115792089237316195423570985008687907853269984665640564039457584007913129638023 531 10000 92633671389852956338856788006950326282615987732512451231566067206330503710419 6148559938501489976991619303961327907008636185745513950495197710820187183779 17009857908961749107722577697776253663645360747382598857396319090762438743825
4503599627370495 82 950164 3602879701896396 36929516944438 863790408529661
501639999 116 0 401312000 5819023 94508976
7 0 983550 6 0 1
3550 0 64927 2840 0 710
324637 500 0 259710 16231 48696
934749000000 500 10000 747799200000 46737450000 140212350000
7412815368652029570 66 0 5930252294921623656 48924581433103395 1433638492297302519
115792089237316195423570985008687907853269984665640564039457584007913129635195 0 0 92633671389852956338856788006950326282615987732512451231566067206330503708156 0 23158417847463239084714197001737581570653996933128112807891516801582625927039
151115727451828646838271 681 10000 120892581961462917470617 10290981039469530849686 19932164450896198517968
801320000 500 476131 641056000 40066000 120198000
11 2000 751345 9 0 2
1345 2000 10000 1076 0 269
272497 248 0 217998 6757 47742
631302000000 500 10000 505041600000 31565100000 94695300000
574044786094362956 719 138431 459235828875490365 41273820120184696 73535137098687895
115792089237316195423570985008687907853269984665640564039457584007913129621504 1495 836524 92633671389852956338856788006950326282615987732512451231566067206330503697204 17310917340978771215823862258798842224063862707513264323898908809183012878414 5847500506484467868890334742938739346590134225614848483992607992399613045886
147573952589676412928 2000 743787 118059162071741130343 29514790517935282585 0
437869999 2000 733570 350296000 87573999 0
10 0 0 8 0 2
8716 70 10000 6973 0 1743
1492641 2000 24378 1194113 298528 0
24378000000 0 709321 19502400000 0 4875600000
5564726085427892628 1072 947777 4451780868342314103 596538636357870089 516406580727708436
115792089237316195423570985008687907853269984665640564039457584007913129632158 1334 99788 92633671389852956338856788006950326282615987732512451231566067206330503705727 15446664704257980469504369400158966907626215954396451242863641706655611492929 7711753143205258615209827601578614663027780978731661565027875094927014433502
0 878 0 0 0 0
615560000 0 289827 492448000 0 123112000
7 500 0 6 0 1
1480 1102 127285 1184 0 296
636426 1051 801183 509141 0 127285
801183000000 500 995660 640946400000 40059150000 120177450000
625831509716609840 1586 988081 500665207773287872 99256877441054320 25909424502267648
115792089237316195423570985008687907853269984665640564039457584007913129631854 2000 10000 92633671389852956338856788006950326282615987732512451231566067206330503705484 23158417847463239084714197001737581570653996933128112807891516801582625926370 0
22835963083295358096932575511191922182123945983 0 792882 18268770466636286477546060408953537745699156787 0 4567192616659071619386515102238384436424789196
928819998 511 10000 743055999 47462701 138301298
1 2000 0 1 0 0
2151 1880 39112 1721 0 430
195561 1504 610792 156449 0 39112
610792000000 0 10000 488633600000 0 122158400000
1819917292327417936 1624 0 1455933833861934349 295554568273972672 68428890191510915
115792089237316195423570985008687907853269984665640564039457584007913129626081 2000 0 92633671389852956338856788006950326282615987732512451231566067206330503700865 23158417847463239084714197001737581570653996933128112807891516801582625925216 0
3064991081731777716716694054300618367237478244367204351 406 636100 2451992865385422173373355243440494693789982595493763481 124438637918310175298697778604605105709841616721308496 488559578428045368044641032255518567737654032152132374
361000001 2000 0 288800001 72200000 0
9 2000 10000 8 0 1
2295 1124 10000 1836 0 459
2622760 2000 469065 2098208 524552 0
469065000000 1287 256508 375252000000 60368665500 33444334500
2575569858269508488 2000 799758 2060455886615606791 515113971653901697 0
115792089237316195423570985008687907853269984665640564039457584007913129620177 2000 144501 92633671389852956338856788006950326282615987732512451231566067206330503696142 23158417847463239084714197001737581570653996933128112807891516801582625924035 0
13803492693581127574869511724554050904902217944340773110325048447598592 2000 0 11042794154864902059895609379643240723921774355472618488260038758078874 2760698538716225514973902344910810180980443588868154622065009689519718 0
310799999 1981 900931 248640000 61569479 590520
11 370 48924 9 0 2
8924 275 295645 7140 0 1784
1478226 0 10000 1182581 0 295645
66126000000 1056 0 52900800000 6982905600 6242294400
393986182637693448 629 0 315188946110154759 24781730887910917 54015505639627772
115792089237316195423570985008687907853269984665640564039457584007913129636287 0 0 92633671389852956338856788006950326282615987732512451231566067206330503709030 0 23158417847463239084714197001737581570653996933128112807891516801582625927257
56539106072908298546665520023773392506479484700019806659891398441363832832 0 139156 45231284858326638837332416019018714005183587760015845327913118753091066266 0 11307821214581659709333104004754678501295896940003961331978279688272766566
391559999 2000 594533 313248000 78311999 0
9 1445 345840 8 0 1
5840 2000 10000 4672 0 1168
1006210 297 379424 804968 29884 171358
379424000000 1692 990333 303539200000 64198540800 11686259200
11491464080626855594 1948 502419 9193171264501484476 2238537202906111469 59755613219259649
115792089237316195423570985008687907853269984665640564039457584007913129637516 500 0 92633671389852956338856788006950326282615987732512451231566067206330503710013 5789604461865809771178549250434395392663499233282028201972879200395656481875 17368813385597429313535647751303186177990497699846084605918637601186969445628
324518553658426726783156020576255 2000 10000 259614842926741381426524816461004 64903710731685345356631204115251 0
844819998 500 10000 675855999 42240999 126723000
2 381 744378 2 0 0
4378 500 712273 3503 0 875
3561365 247 469226 2849092 87965 624308
469226000000 500 33341 375380800000 23461300000 70383900000
37494111066010718 35 588037 29995288852808575 131229388731037 7367592824471106
115792089237316195423570985008687907853269984665640564039457584007913129631898 1067 840631 92633671389852956338856788006950326282615987732512451231566067206330503705519 12355015921621638051695024100426999767943907363823848183010124213644330931723 10803401925841601033019172901310581802710089569304264624881392587938294994656
5070602400912917605986812821504 2000 0 4056481920730334084789450257204 1014120480182583521197362564300 0
762040000 2000 10000 609632000 152408000 0
11 500 10000 9 0 2
9170 2000 0 7336 1834 0
3421285 2000 817090 2737028 684257 0
817090000000 1310 405880 653672000000 107038790000 56379210000
3452299358739991560 500 787818 2761839486991993248 172614967936999578 517844903810998734
115792089237316195423570985008687907853269984665640564039457584007913129632117 1457 131694 92633671389852956338856788006950326282615987732512451231566067206330503705694 16870907401876969673214292515765828174221436765783830180548969989952942987399 6287510445586269411499904485971753396432560167344282627342546811629682939024
20282409603651670423947251286016 2000 981622 16225927682921336339157801028813 4056481920730334084789450257203 0
816220001 1793 86563 652976001 146348246 16895754
3 2000 520972 3 0 0
972 1286 0 778 124 70
557966 0 328619 446373 0 111593
328619000000 1658 0 262895200000 54485030200 11238769800
3084424074648054740 0 0 2467539259718443792 0 616884814929610948
115792089237316195423570985008687907853269984665640564039457584007913129631259 0 433416 92633671389852956338856788006950326282615987732512451231566067206330503705008 0 23158417847463239084714197001737581570653996933128112807891516801582625926251
50216813883093446110686315385661331328818843555712276103167 1632 957316 40173451106474756888549052308529065063055074844569820882534 8195384025720850405264006670939929272863235268292243460036 1847978750897838816873256406192336992900533442850211760597
573160000 2000 428460 458528000 114632000 0
4 1533 0 4 0 0
2048 2000 998008 1639 0 409
4990042 0 662152 3992034 0 998008
662152000000 433 10000 529721600000 28671181600 103759218400
393264383123432736 1828 0 314611506498746189 71888729234963504 6764147389723043
115792089237316195423570985008687907853269984665640564039457584007913129636517 500 10000 92633671389852956338856788006950326282615987732512451231566067206330503709214 5789604461865809771178549250434395392663499233282028201972879200395656481825 17368813385597429313535647751303186177990497699846084605918637601186969445478
262143 2000 0 209715 52428 0
371360001 1587 10000 297088001 58934832 15337168
11 500 728122 9 0 2
8122 902 0 6498 732 892
4623426 2000 179721 3698741 924685 0
179721000000 0 375545 143776800000 0 35944200000
8330613021724028915 500 444970 6664490417379223132 416530651086201445 1249591953258604338
115792089237316195423570985008687907853269984665640564039457584007913129634965 500 574223 92633671389852956338856788006950326282615987732512451231566067206330503707972 5789604461865809771178549250434395392663499233282028201972879200395656481748 17368813385597429313535647751303186177990497699846084605918637601186969445245
38685626227668133590597632 0 43228 30948500982134506872478106 0 7737125245533626718119526
432280000 352 776440 345824000 15216256 71239744
0 0 10000 0 0 0
7290 0 0 5832 0 1458
345395 1123 772674 276316 0 69079
772674000000 500 0 618139200000 38633700000 115901100000
4008992059551956400 0 0 3207193647641565120 0 801798411910391280
115792089237316195423570985008687907853269984665640564039457584007913129621130 2000 10000 92633671389852956338856788006950326282615987732512451231566067206330503696904 23158417847463239084714197001737581570653996933128112807891516801582625924226 0
72057594037927936 0 844038 57646075230342349 0 14411518807585587
440379999 698 10000 352304000 30738523 57337476
11 2000 0 9 2 0
2314 2000 0 1852 462 0
2206460 585 0 1765168 129077 312215
395490000000 0 678508 316392000000 0 79098000000
3102755492540010652 1889 10000 2482204394032008522 586110512540808012 34440585967194118
115792089237316195423570985008687907853269984665640564039457584007913129628255 1058 263272 92633671389852956338856788006950326282615987732512451231566067206330503702604 12250803041308053475813810213919180650875964377624771675374612388037209114669 10907614806155185608900386787818400919778032555503341132516904413545416810982
302231454903657293676544 0 781808 241785163922925834941236 0 60446290980731458735308
818080001 454 615322 654464001 37140832 126475168
6 0 579179 5 0 1
9179 1615 0 7344 1482 353
363426 500 10000 290741 18171 54514
801979000000 2000 153539 641583200000 160395800000 0
2178260238239646379 2000 0 1742608190591717104 435652047647929275 0
115792089237316195423570985008687907853269984665640564039457584007913129631469 0 527786 92633671389852956338856788006950326282615987732512451231566067206330503705176 0 23158417847463239084714197001737581570653996933128112807891516801582625926293
134217727 1598 10000 107374182 21447992 5395553
662230001 1912 817868 529784001 126618376 5827624
8 715 10000 7 0 1
9769 0 918943 7816 0 1953
4594716 2000 75999 3675773 918943 0
75999000000 2000 10000 60799200000 15199800000 0
163954539649203939 2000 10000 131163631719363152 32790907929840787 0
115792089237316195423570985008687907853269984665640564039457584007913129628907 500 732219 92633671389852956338856788006950326282615987732512451231566067206330503703126 5789604461865809771178549250434395392663499233282028201972879200395656481445 17368813385597429313535647751303186177990497699846084605918637601186969444336
6427752177035961102167848369364650410088811975131171341205503 0 573911 5142201741628768881734278695491720328071049580104937072964403 0 1285550435407192220433569673872930082017762395026234268241100
739110000 946 10000 591288000 69919806 77902194
3 1759 249851 3 0 0
9851 0 934521 7881 0 1970
4672606 0 0 3738085 0 934521
740152000000 2000 104194 592121600000 148030400000 0
1327616672910921890 0 116036 1062093338328737512 0 265523334582184378
115792089237316195423570985008687907853269984665640564039457584007913129623899 500 0 92633671389852956338856788006950326282615987732512451231566067206330503699120 5789604461865809771178549250434395392663499233282028201972879200395656481194 17368813385597429313535647751303186177990497699846084605918637601186969443585
12855504354071922204335696738729300820177623950262342682411007 0 621122 10284403483257537763468557390983440656142099160209874145928806 0 2571100870814384440867139347745860164035524790052468536482201
211219999 1453 10000 168976000 30690265 11553734
3 2000 0 3 0 0
7418 362 0 5935 268 1215
4115936 251 0 3292749 103309 719878
266840000000 1602 0 213472000000 42747768000 10620232000
236562747264733617 500 277127 189250197811786894 11828137363236680 35484412089710043
115792089237316195423570985008687907853269984665640564039457584007913129622808 0 0 92633671389852956338856788006950326282615987732512451231566067206330503698247 0 23158417847463239084714197001737581570653996933128112807891516801582625924561
374144419156711147060143317175368453031918731001856 537 0 299315535325368917648114653740294762425534984801485 20091555308715388597129696132317285927814035854799 54737328522626840814898967302756404678569710345572
412459999 0 0 329968000 0 82491999
11 856 10000 9 0 2
3300 500 646034 2640 0 660
3230171 255 493569 2584137 82369 563665
493569000000 2000 0 394855200000 98713800000 0
4611293062853179050 0 10000 3689034450282543240 0 922258612570635810
115792089237316195423570985008687907853269984665640564039457584007913129621694 2000 859752 92633671389852956338856788006950326282615987732512451231566067206330503697356 23158417847463239084714197001737581570653996933128112807891516801582625924338 0
618970019642690137449562111 2000 876729 495176015714152109959649689 123794003928538027489912422 0
767290000 0 145540 613832000 0 153458000
8 985 287966 7 0 1
7966 2000 10000 6373 0 1593
575587 1353 0 460470 77876 37241
162815000000 500 0 130252000000 8140750000 24422250000
14646153245350414272 307 829146 11716922596280331418 449636904632257718 2479593744437825136
115792089237316195423570985008687907853269984665640564039457584007913129630789 564 658304 92633671389852956338856788006950326282615987732512451231566067206330503704632 6530673832984633421889403554489998002924427135142127811825407738046300511176 16627744014478605662824793447247583567729569797985984996066109063536325414981
649037107316853453566312041152512 500 616461 519229685853482762853049632922010 32451855365842672678315602057625 97355566097528018034946806172877
164609998 0 0 131687999 0 32921999
1 500 10000 1 0 0
9467 0 137895 7574 0 1893
689475 2000 922865 551580 0 137895
922865000000 1259 148403 738292000000 116188703500 68384296500
72039946087463115 0 125880 57631956869970492 0 14407989217492623
115792089237316195423570985008687907853269984665640564039457584007913129634055 2000 268250 92633671389852956338856788006950326282615987732512451231566067206330503707244 23158417847463239084714197001737581570653996933128112807891516801582625926811 0
5070602400912917605986812821504 0 226161 4056481920730334084789450257204 0 1014120480182583521197362564300
261610001 0 601173 209288001 0 52322000
5 2000 338130 4 0 1
8130 500 10000 6504 0 1626
3913941 53 0 3131153 20743 762045
540815000000 0 951857 432652000000 0 108163000000
8222030202051133168 365 0 6577624161640906535 300104102374866360 1344301938035360273
115792089237316195423570985008687907853269984665640564039457584007913129619992 500 936688 92633671389852956338856788006950326282615987732512451231566067206330503695994 5789604461865809771178549250434395392663499233282028201972879200395656480999 17368813385597429313535647751303186177990497699846084605918637601186969442999
2097151 0 0 1677721 0 419430
968479999 0 247693 774784000 0 193695999
9 2000 0 8 1 0
2115 500 810668 1692 0 423
4053341 1188 946051 3242673 481536 329132
946051000000 1796 237090 756840800000 169910759600 19299440400
3601311794831268200 0 0 2881049435865014560 0 720262358966253640
115792089237316195423570985008687907853269984665640564039457584007913129635161 500 867171 92633671389852956338856788006950326282615987732512451231566067206330503708129 5789604461865809771178549250434395392663499233282028201972879200395656481758 17368813385597429313535647751303186177990497699846084605918637601186969445274
25711008708143844408671393477458601640355247900524685364822016 502 0 20568806966515075526937114781966881312284198320419748291857613 1290692637148820989315303952568421802345833444606339205314065 3851509104479947892418974742923298525725216135498597867650338
207610001 748 411776 166088001 15529228 25992772
0 0 579259 0 0 0
9259 500 10000 7408 0 1851
2465322 1930 10000 1972258 475807 17257
382970000000 976 10000 306376000000 37377872000 39216128000
1543913301329780665 0 10000 1235130641063824532 0 308782660265956133
115792089237316195423570985008687907853269984665640564039457584007913129627497 2000 0 92633671389852956338856788006950326282615987732512451231566067206330503701998 23158417847463239084714197001737581570653996933128112807891516801582625925499 0
10633823966279326983230456482242756607 0 0 8507059173023461586584365185794205286 0 2126764793255865396646091296448551321
678390001 1290 45213 542712001 87512310 48165690
9 2000 452530 8 0 1
2530 0 0 2024 0 506
2796497 2000 0 2237198 559299 0
923942000000 500 0 739153600000 46197100000 138591300000
1482952570683130885 143 10000 1186362056546504708 21206221760768771 275384292375857406
115792089237316195423570985008687907853269984665640564039457584007913129630924 400 691325 92633671389852956338856788006950326282615987732512451231566067206330503704740 4631683569492647816942839400347516314130799386625622561578303360316525185236 18526734277970591267771357601390065256523197546502490246313213441266100740948
803469022129495137770981046170581301261101496891396417650688 2000 10000 642775217703596110216784836936465041008881197513117134120551 160693804425899027554196209234116260252220299378279283530137 0
275479998 1582 304011 220383999 43580935 11515064
11 0 10000 9 0 2
3149 500 10000 2520 0 629
68837 192 0 55070 1321 12446
778983000000 0 0 623186400000 0 155796600000
77149601365922096 500 0 61719681092737677 3857480068296104 11572440204888315
115792089237316195423570985008687907853269984665640564039457584007913129632483 500 10000 92633671389852956338856788006950326282615987732512451231566067206330503705987 5789604461865809771178549250434395392663499233282028201972879200395656481624 17368813385597429313535647751303186177990497699846084605918637601186969444872
590295810358705651711 500 10000 472236648286964521369 29514790517935282585 88544371553805847757
26719999 0 0 21376000 0 5343999
10 0 262730 8 0 2
2730 0 0 2184 0 546
170351 2000 10000 136281 34070 0
642199000000 500 452917 513759200000 32109950000 96329850000
7520571016264819502 2000 550796 6016456813011855602 1504114203252963900 0
115792089237316195423570985008687907853269984665640564039457584007913129629139 197 10000 92633671389852956338856788006950326282615987732512451231566067206330503703312 2281104157975129049844348404671151784709418697913119111577314404955888653694 20877313689488110034869848597066429785944578235214993696314202396626737272133
3213876088517980551083924184682325205044405987565585670602751 2000 880945 2571100870814384440867139347745860164035524790052468536482201 642775217703596110216784836936465041008881197513117134120550 0
809449998 1439 688609 647559999 116479854 45410145
9 1582 0 8 1 0
1922 500 157341 1538 0 384
786706 500 0 629365 39335 118006
874917000000 1420 10000 699933600000 124238214000 50745186000
6617686541200727580 0 10000 5294149232960582064 0 1323537308240145516
115792089237316195423570985008687907853269984665640564039457584007913129634533 1613 110192 92633671389852956338856788006950326282615987732512451231566067206330503707627 18677263993979102321821999881901359536732448526567822979564508300476387810050 4481153853484136762892197119836222033921548406560289828327008501106238116856
1766847064778384329583297500742918515827483896875618958121606201292619776 334 184678 1413477651822707463666638000594334812661987117500495166497284961034095821 59012691963598036608082136524813478428637962155645673201261647123173500 294356720992078829308577363623770224736858817219478118423059593135350455
846780001 1444 10000 677424001 122275032 47080968
0 2000 797469 0 0 0
7469 500 65952 5976 0 1493
329761 1513 277245 263809 49892 16060
277245000000 2000 55415 221796000000 55449000000 0
3134895758223087375 0 190574 2507916606578469900 0 626979151644617475
115792089237316195423570985008687907853269984665640564039457584007913129629361 304 10000 92633671389852956338856788006950326282615987732512451231566067206330503703489 3520079512814412340876557944264112398739407533835473146799510553840559140732 19638338334648826743837639057473469171914589399292639661092006247742066785140
281474976710656 1346 0 225179981368525 37886531865254 18408463476877
164690000 0 152469 131752000 0 32938000
9 2000 797922 8 0 1
7922 500 0 6338 396 1188
4691011 2000 164525 3752809 938202 0
164525000000 500 228705 131620000000 8226250000 24678750000
1802282646906802320 1165 111012 1441826117525441856 209965928364642470 150490601016717994
115792089237316195423570985008687907853269984665640564039457584007913129628923 2000 10000 92633671389852956338856788006950326282615987732512451231566067206330503703139 23158417847463239084714197001737581570653996933128112807891516801582625925784 0
93536104789177786765035829293842113257979682750464 500 10000 74828883831342229412028663435073690606383746200372 4676805239458889338251791464692105662898984137523 14030415718376668014755374394076316988696952412569
944140000 2000 10000 755312000 188828000 0
6 2000 140078 5 0 1
78 0 774771 63 0 15
3873857 1141 10000 3099086 442007 332764
261061000000 500 169510 208848800000 13053050000 39159150000
10808275202908857850 0 0 8646620162327086280 0 2161655040581771570
115792089237316195423570985008687907853269984665640564039457584007913129621631 942 206148 92633671389852956338856788006950326282615987732512451231566067206330503697305 10907614806155185608900386787818400919778032555503341132516904413545416810357 12250803041308053475813810213919180650875964377624771675374612388037209113969
392318858461667547739736838950479151006397215279002157055 1524 755838 313855086769334038191789471160383320805117772223201725644 59789394029558134275535894256053022613374935608519928735 18674377662775375272411473534042807587904507447280502676
558379999 0 0 446704000 0 111675999
8 500 10000 7 0 1
939 2000 10000 752 0 187
733616 74 10000 586893 5428 141295
36385000000 500 955707 29108000000 1819250000 5457750000
6679830229925695451 280 531145 5343864183940556361 187035246437919472 1148930799547219618
115792089237316195423570985008687907853269984665640564039457584007913129628790 0 369234 92633671389852956338856788006950326282615987732512451231566067206330503703032 0 23158417847463239084714197001737581570653996933128112807891516801582625925758
34359738368 0 416343 27487790695 0 6871947673
163430000 2000 900095 130744000 32686000 0
7 1021 10000 6 0 1
1364 500 139755 1092 0 272
698775 515 0 559020 35986 103769
75471000000 1805 787237 60376800000 13622515500 1471684500
10429116818086969576 949 0 8343293454469575661 989723186036453412 1096100177580940503
115792089237316195423570985008687907853269984665640564039457584007913129632562 1216 10000 92633671389852956338856788006950326282615987732512451231566067206330503706050 14080318051257649363506231777056449594957630135341892587198042215362236563319 9078099796205589721207965224681131975696366797786220220693474586220389363193
295147905179352825856 500 262653 236118324143482260685 14757395258967641292 44272185776902923879
626530000 2000 137436 501224000 125306000 0
4 1424 10000 4 0 0
7291 500 363834 5833 0 1458
1819171 2000 10000 1455337 363834 0
771031000000 1334 909027 616824800000 102855535400 51350664600
4668852384410704900 0 0 3735081907528563920 0 933770476882140980
115792089237316195423570985008687907853269984665640564039457584007913129635075 0 624667 92633671389852956338856788006950326282615987732512451231566067206330503708060 0 23158417847463239084714197001737581570653996933128112807891516801582625927015
9223372036854775808 500 476751 7378697629483820647 461168601842738790 1383505805528216371
767510001 1204 10000 614008001 92408204 61093796
3 2000 10000 3 0 0
5371 2000 10000 4297 0 1074
2689085 1042 975115 2151268 280202 257615
975115000000 0 349143 780092000000 0 195023000000
8044019135576426970 0 639525 6435215308461141576 0 1608803827115285394
115792089237316195423570985008687907853269984665640564039457584007913129620410 892 249383 92633671389852956338856788006950326282615987732512451231566067206330503696328 10328654359968604631782531862774961380511682632175138312319616493505851162140 12829763487494634452931665138962620190142314300952974495571900308076774761942
862718293348820473429344482784628181556388621521298319395315527974912 2000 0 690174634679056378743475586227702545245110897217038655516252422379930 172543658669764094685868896556925636311277724304259663879063105594982 0
827170000 2000 0 661736000 165434000 0
9 16 281630 8 0 1
1630 0 10000 1304 0 326
924522 0 0 739618 0 184904
715870000000 116 10000 572696000000 8304092000 134869908000
588295010112624528 2000 10000 470636008090099623 117659002022524905 0
115792089237316195423570985008687907853269984665640564039457584007913129625493 2000 94615 92633671389852956338856788006950326282615987732512451231566067206330503700395 23158417847463239084714197001737581570653996933128112807891516801582625925098 0
36028797018963967 2000 982059 28823037615171174 7205759403792793 0
820589999 0 785151 656472000 0 164117999
7 500 43667 6 0 1
3667 2000 10000 2934 0 733
1450072 500 10000 1160058 72503 217511
250928000000 2000 113698 200742400000 50185600000 0
8667082565980689006 500 819099 6933666052784551205 433354128299034450 1300062384897103351
115792089237316195423570985008687907853269984665640564039457584007913129620836 1458 10000 92633671389852956338856788006950326282615987732512451231566067206330503696669 16882486610800701292756649614266696965006763764250394236952915748353734298717 6275931236662537791957547387470884605647233168877718570938601053228891625450
151115727451828646838271 1851 10000 120892581961462917470617 27971521151333482529763 2251624339032246837891
441379999 2000 987971 353104000 88275999 0
11 0 546087 9 0 2
6087 922 862865 4870 0 1217
4314325 801 49297 3451460 345577 517288
49297000000 1014 10000 39437600000 4998715800 4860684200
889774336820069556 2000 848653 711819469456055645 177954867364013911 0
115792089237316195423570985008687907853269984665640564039457584007913129631282 2000 743187 92633671389852956338856788006950326282615987732512451231566067206330503705026 23158417847463239084714197001737581570653996933128112807891516801582625926256 0
11417981541647679048466287755595961091061972992 595 255147 9134385233318143238773030204476768872849578394 679369901728036903383744121457959684918187393 1604226406601498906309513429661232533294207205
551469999 0 10000 441176000 0 110293999
8 1688 537977 7 0 1
7977 2000 516992 6382 0 1595
2584960 1608 10000 2067968 415661 101331
649316000000 2000 10000 519452800000 129863200000 0
13659841859940921930 0 0 10927873487952737544 0 2731968371988184386
115792089237316195423570985008687907853269984665640564039457584007913129633423 2000 10000 92633671389852956338856788006950326282615987732512451231566067206330503706739 23158417847463239084714197001737581570653996933128112807891516801582625926684 0
44601490397061246283071436545296723011960832 2000 428342 35681192317648997026457149236237378409568666 8920298079412249256614287309059344602392166 0
283420001 500 0 226736001 14171000 42513000
8 1317 416354 7 0 1
6354 2000 75360 5084 0 1270
376802 0 10000 301442 0 75360
739044000000 1294 912051 591235200000 95632293600 52176506400
10963770492075279009 1638 10000 8771016393660223208 1795865606601930701 396888491813125100
115792089237316195423570985008687907853269984665640564039457584007913129635804 42 0 92633671389852956338856788006950326282615987732512451231566067206330503708644 486326774796728020778998137036489212983733935595690368965721852833235144470 22672091072666511063935198864701092357670262997532422438925794948749390782690
21267647932558653966460912964485513216 500 0 17014118346046923173168730371588410573 1063382396627932698323045648224275660 3190147189883798094969136944672826983
108849998 631 10000 87079999 6868434 14901565
5 500 10000 4 0 1
8686 223 0 6949 193 1544
3175895 550 0 2540716 174674 460505
916085000000 500 0 732868000000 45804250000 137412750000
1267933512233767146 500 270841 1014346809787013717 63396675611688357 190190026835065072
115792089237316195423570985008687907853269984665640564039457584007913129629094 1100 0 92633671389852956338856788006950326282615987732512451231566067206330503703276 12737129816104781496592808350955669863859698313220462044340334240870444259200 10421288031358457588121388650781911706794298619907650763551182560712181666618
748288838313422294120286634350736906063837462003712 2000 0 598631070650737835296229307480589524851069969602970 149657767662684458824057326870147381212767492400742 0
907960000 500 0 726368000 45398000 136194000
0 2000 204245 0 0 0
4245 211 0 3396 89 760
2360841 0 10000 1888673 0 472168
265600000000 2000 0 212480000000 53120000000 0
1804127346786521779 2000 761226 1443301877429217424 360825469357304355 0
115792089237316195423570985008687907853269984665640564039457584007913129638709 0 133503 92633671389852956338856788006950326282615987732512451231566067206330503710968 0 23158417847463239084714197001737581570653996933128112807891516801582625927741
52656145834278593348959013841835216159447547700274555627155488768 95 0 42124916667422874679167211073468172927558038160219644501724391015 500233385425646636815110631497434553514751703152608278457977143 10030995781430072032976692136869608678374757836902302846973120610
380709999 1923 0 304568000 73210532 2931467
3 0 485925 3 0 0
5925 1747 10000 4740 0 1185
73520 500 660046 58816 0 14704
660046000000 0 0 528036800000 0 132009200000
3923637739027205024 500 0 3138910191221764020 196181886951360251 588545660854080753
115792089237316195423570985008687907853269984665640564039457584007913129633066 2000 185151 92633671389852956338856788006950326282615987732512451231566067206330503706453 23158417847463239084714197001737581570653996933128112807891516801582625926613 0
23384026197294446691258957323460528314494920687615 0 10000 18707220957835557353007165858768422651595936550092 0 4676805239458889338251791464692105662898984137523
51170001 2000 62067 40936001 10234000 0
3 500 10000 3 0 0
4986 2000 349908 3989 0 997
1749542 500 10000 1399634 87477 262431
643607000000 1182 0 514885600000 76074347400 52647052600
7956377926047295872 1615 801447 6365102340837836698 1284955035056638283 306320550152820891
115792089237316195423570985008687907853269984665640564039457584007913129638488 500 53408 92633671389852956338856788006950326282615987732512451231566067206330503710791 5789604461865809771178549250434395392663499233282028201972879200395656481924 17368813385597429313535647751303186177990497699846084605918637601186969445773
36028797018963968 2000 802455 28823037615171175 7205759403792793 0
24550000 618 315197 19640000 1517190 3392810
9 2000 0 8 1 0
8487 500 475053 6790 0 1697
2375265 2000 635319 1900212 475053 0
635319000000 500 767144 508255200000 31765950000 95297850000
211055946669390632 1959 208537 168844757335512506 41345859952533624 865329381344502
115792089237316195423570985008687907853269984665640564039457584007913129631398 1957 0 92633671389852956338856788006950326282615987732512451231566067206330503705119 22660511863742779444392841766200223566884935999065858382521849190348599468864 497905983720459640321355235537358003769060934062254425369667611234026457415
89202980794122492566142873090593446023921664 1217 629686 71362384635297994052914298472474756819137332 10856002762644707345299587655125222381111266 6984593396179791167928986962993466823673066
296859998 2000 634737 237487999 59371999 0
5 1128 184583 4 0 1
4583 316 7889 3667 0 916
39447 354 10000 31558 1396 6493
382728000000 2000 983200 306182400000 76545600000 0
3504649600538684000 0 0 2803719680430947200 0 700929920107736800
115792089237316195423570985008687907853269984665640564039457584007913129628094 500 549031 92633671389852956338856788006950326282615987732512451231566067206330503702476 5789604461865809771178549250434395392663499233282028201972879200395656481404 17368813385597429313535647751303186177990497699846084605918637601186969444214
26328072917139296674479506920917608079723773850137277813577744383 0 992972 21062458333711437339583605536734086463779019080109822250862195507 0 5265614583427859334895901384183521615944754770027455562715548876
929719999 461 132826 743776000 42860091 143083908
10 0 0 8 0 2
325 762 0 260 24 41
3662965 2000 0 2930372 732593 0
70481000000 2000 10000 56384800000 14096200000 0
1061952848440536256 2000 0 849562278752429005 212390569688107251 0
115792089237316195423570985008687907853269984665640564039457584007913129621784 1174 10000 92633671389852956338856788006950326282615987732512451231566067206330503697428 13593991276460921342727233640019960381973896199746202218232320362529001417597 9564426571002317741986963361717621188680100733381910589659196439053624506759
95780971304118053647396689196894323976171195136475135 2000 10000 76624777043294442917917351357515459180936956109180108 19156194260823610729479337839378864795234239027295027 0
310669999 10 10000 248536000 310669 61823330
1 2000 10000 1 0 0
1989 0 0 1592 0 397
3357496 961 0 2685997 322655 348844
868414000000 847 0 694731200000 73554665800 100128134200
11041680363814638972 1641 10000 8833344291051711178 1811939747701982255 396396325060945539
115792089237316195423570985008687907853269984665640564039457584007913129635564 500 916741 92633671389852956338856788006950326282615987732512451231566067206330503708452 5789604461865809771178549250434395392663499233282028201972879200395656481778 17368813385597429313535647751303186177990497699846084605918637601186969445334
2199023255551 500 0 1759218604441 109951162777 329853488333
296080000 846 0 236864000 25048368 34167632
7 2000 738741 6 0 1
8741 0 835281 6993 0 1748
4176407 500 10000 3341126 208820 626461
641758000000 2000 981344 513406400000 128351600000 0
3860416924816534368 500 0 3088333539853227495 193020846240826718 579062538722480155
115792089237316195423570985008687907853269984665640564039457584007913129631152 0 0 92633671389852956338856788006950326282615987732512451231566067206330503704922 0 23158417847463239084714197001737581570653996933128112807891516801582625926230
383123885216472214589586756787577295904684780545900544 220 59297 306499108173177771671669405430061836723747824436720436 8428725474762388720970908649326700509903065172009811 68196051568532054196946442708188758671033890937170297
592969998 800 417479 474375999 47437599 71156400
11 179 10000 9 0 2
393 266 0 315 10 68
1038841 2000 245526 831073 207768 0
245526000000 737 15855 196420800000 18095266200 31009933800
8761298623002869370 1987 0 7009038898402295496 1740870036390670143 11389688209903731
115792089237316195423570985008687907853269984665640564039457584007913129624461 1003 0 92633671389852956338856788006950326282615987732512451231566067206330503699569 11613946550502814400984169796371397157682979461963748573157595675993686901333 11544471296960424683730027205366184412971017471164364234733921125588939023559
1532495540865888858358347027150309183618739122183602175 2000 0 1225996432692711086686677621720247346894991297746881740 306499108173177771671669405430061836723747824436720435 0
410340001 500 77115 328272001 20517000 61551000
3 754 100877 3 0 0
877 0 0 702 0 175
1964736 2000 230724 1571789 392947 0
230724000000 2000 10000 184579200000 46144800000 0
1446237742607424662 500 0 1156990194085939730 72311887130371233 216935661391113699
115792089237316195423570985008687907853269984665640564039457584007913129620569 2000 946197 92633671389852956338856788006950326282615987732512451231566067206330503696456 23158417847463239084714197001737581570653996933128112807891516801582625924113 0
9223372036854775807 500 712498 7378697629483820646 461168601842738790 1383505805528216371
124980001 2000 0 99984001 24996000 0
2 500 0 2 0 0
1640 2000 310623 1312 0 328
1553117 12 501961 1242494 1863 308760
501961000000 2000 0 401568800000 100392200000 0
7953216363023554848 2000 808001 6362573090418843879 1590643272604710969 0
115792089237316195423570985008687907853269984665640564039457584007913129631934 1076 950700 92633671389852956338856788006950326282615987732512451231566067206330503705548 12459228801935222627576237986934818885011850350022924690645636039251452748396 10699189045528016457137959014802762685642146583105188117245880762331173177990
6129982163463555433433388108601236734474956488734408703 2000 0 4903985730770844346746710486880989387579965190987526963 1225996432692711086686677621720247346894991297746881740 0
315470000 2000 446010 252376000 63094000 0
10 519 436263 8 0 2
6263 2000 909514 5011 0 1252
4547570 0 819873 3638056 0 909514
819873000000 500 0 655898400000 40993650000 122980950000
6256370942244696254 876 621293 5005096753795757004 548058094540635391 703216093908303859
115792089237316195423570985008687907853269984665640564039457584007913129638642 500 670034 92633671389852956338856788006950326282615987732512451231566067206330503710914 5789604461865809771178549250434395392663499233282028201972879200395656481932 17368813385597429313535647751303186177990497699846084605918637601186969445796
102844034832575377634685573909834406561420991602098741459288063 931 10000 82275227866060302107748459127867525249136793281678993167430451 9574779642912767657789226931005583250868294318155392829859718 10994027323602307869147887850961298061415904002264355461997894
919210001 0 873558 735368001 0 183842000
2 665 10000 2 0 0
4086 2000 931182 3269 0 817
4655910 1041 10000 3724728 484680 446502
798941000000 350 10000 639152800000 27962935000 131825265000
3259145778471524772 2000 0 2607316622777219818 651829155694304954 0
115792089237316195423570985008687907853269984665640564039457584007913129638361 2000 94795 92633671389852956338856788006950326282615987732512451231566067206330503710689 23158417847463239084714197001737581570653996933128112807891516801582625927672 0
576460752303423488 385 41055 461168601842738791 22193738963681804 93098411497002893
410550000 1278 0 328440000 52468290 29641710
10 820 10000 8 0 2
8678 442 357893 6943 0 1735
1789467 500 853395 1431574 89473 268420
853395000000 1953 10000 682716000000 166668043500 4010956500
6674583672997076976 659 854199 5339666938397661581 439855064050507372 895061670548908023
115792089237316195423570985008687907853269984665640564039457584007913129625736 1180 881785 92633671389852956338856788006950326282615987732512451231566067206330503700589 13663466530003311059981376231025173126685858190545586556655994912933749295836 9494951317459928024732820770712408443968138742582526251235521888648876629311
6427752177035961102167848369364650410088811975131171341205503 967 270020 5142201741628768881734278695491720328071049580104937072964403 621563635519377438579630937317561694655588117995184268694572 663986799887814781853938736555368387362174277031049999546528
700199999 1570 10000 560160000 109931399 30108600
4 212 659554 4 0 0
9554 717 687110 7644 0 1910
3435552 1629 96853 2748442 559651 127459
96853000000 48 10000 77482400000 464894400 18905705600
486765018825396468 500 132031 389412015060317175 24338250941269823 73014752823809470
115792089237316195423570985008687907853269984665640564039457584007913129627904 1226 10000 92633671389852956338856788006950326282615987732512451231566067206330503702324 14196110140494965558929802762065137502810900120007533151237499799370149692381 8962307706968273525784394239672444067843096813120579656654017002212476233199
105312291668557186697918027683670432318895095400549111254310977536 500 10000 84249833334845749358334422146936345855116076320439289003448782029 5265614583427859334895901384183521615944754770027455562715548876 15796843750283578004687704152550564847834264310082366688146646631
794760001 1027 10000 635808001 81621852 77330148
3 500 0 3 0 0
3663 1130 10000 2931 0 732
4602531 500 361938 3682025 230126 690380
361938000000 500 644826 289550400000 18096900000 54290700000
418331204525205496 2000 259989 334664963620164397 83666240905041099 0
115792089237316195423570985008687907853269984665640564039457584007913129619946 0 10000 92633671389852956338856788006950326282615987732512451231566067206330503695957 0 23158417847463239084714197001737581570653996933128112807891516801582625923989
154742504910672534362390528 500 10000 123794003928538027489912423 7737125245533626718119526 23211375736600880154358579
659830000 1967 0 527864000 129788561 2177439
4 500 10000 4 0 0
1776 0 10000 1421 0 355
3963645 2000 0 3170916 792729 0
73894000000 2000 35868 59115200000 14778800000 0
5260474154614909716 500 10000 4208379323691927773 263023707730745485 789071123192236458
115792089237316195423570985008687907853269984665640564039457584007913129631418 2000 10000 92633671389852956338856788006950326282615987732512451231566067206330503705135 23158417847463239084714197001737581570653996933128112807891516801582625926283 0
5192296858534827628530496329220096 0 280782 4153837486827862102824397063376077 0 1038459371706965525706099265844019
807820000 500 459499 646256000 40391000 121173000
11 0 0 9 0 2
2887 0 263034 2310 0 577
1315172 380 224261 1052138 49976 213058
224261000000 2000 0 179408800000 44852200000 0
1300800505619240760 0 67423 1040640404495392608 0 260160101123848152
115792089237316195423570985008687907853269984665640564039457584007913129632512 1011 292809 92633671389852956338856788006950326282615987732512451231566067206330503706010 11706580221892667357323026584378347483965595449696261024389161743200017405846 11451837625570571727391170417359234086688401483431851783502355058382608520656
20769187434139310514121985316880383 500 10000 16615349947311448411297588253504307 1038459371706965525706099265844019 3115378115120896577118297797532057
145530000 1720 0 116424000 25031160 4074840
9 282 573606 8 0 1
3606 2000 10000 2885 0 721
2708806 2000 122741 2167045 541761 0
122741000000 0 0 98192800000 0 24548200000
200854491630201006 2000 567269 160683593304160805 40170898326040201 0
115792089237316195423570985008687907853269984665640564039457584007913129632666 1723 794194 92633671389852956338856788006950326282615987732512451231566067206330503706133 19950976975589580471481280716996926523118418357889869183998541724563432235708 3207440871873658613232916284740655047535578575238243623892975077019193690825
1496577676626844588240573268701473812127674924007423 2000 622623 1197262141301475670592458614961179049702139939205939 299315535325368917648114653740294762425534984801484 0
226229999 1068 188480 180984000 24161363 21084636
8 1765 10000 7 0 1
5748 0 0 4599 0 1149
3163057 287 0 2530446 90779 541832
561951000000 102 342384 449560800000 5731900200 106658299800
2992929559359644736 1221 589711 2394343647487715789 365436699197812622 233149212674116325
115792089237316195423570985008687907853269984665640564039457584007913129630224 1873 10000 92633671389852956338856788006950326282615987732512451231566067206330503704180 21687858314149323402834845492127245140917468127874477644590405484682129179740 1470559533313915681879351509610336429736528805253635163301111316900496746304
47890485652059026823698344598447161988085597568237568 0 0 38312388521647221458958675678757729590468478054590055 0 9578097130411805364739668919689432397617119513647513
658839999 0 0 527072000 0 131767999
11 2000 442596 9 0 2
2596 2000 422179 2077 0 519
2110896 0 29585 1688717 0 422179
29585000000 0 0 23668000000 0 5917000000
5667969627033657786 1002 10000 4534375701626926229 567930556628772510 565663368777959047
115792089237316195423570985008687907853269984665640564039457584007913129623732 865 767001 92633671389852956338856788006950326282615987732512451231566067206330503698986 10016015719027850904138890203251504029307853673577908789413081016684485712452 13142402128435388180575306798486077541346143259550204018478435784898140212294
13164036458569648337239753460458804039861886925068638906788872192 1429 276661 10531229166855718669791802768367043231889509540054911125431097754 1881140809929602747391560769499563097296263641592308499780129836 751666481784326920056389922592197710676113743421419281577644602
766610001 0 0 613288001 0 153322000
2 1346 0 2 0 0
6645 2000 0 5316 1329 0
4497432 21 0 3597946 9444 890042
181313000000 734 493602 145050400000 13308374200 22954225800
6653303828648865080 0 360466 5322643062919092064 0 1330660765729773016
115792089237316195423570985008687907853269984665640564039457584007913129639469 500 919981 92633671389852956338856788006950326282615987732512451231566067206330503711576 5789604461865809771178549250434395392663499233282028201972879200395656481973 17368813385597429313535647751303186177990497699846084605918637601186969445920
11692013098647223345629478661730264157247460343808 727 364805 9353610478917778676503582929384211325797968275047 850009352271653137227263098707790204231890366994 1488393267457791531898632633638262627217601701767
648049999 500 532234 518440000 32402499 97207500
6 530 10000 5 0 1
4265 2000 933453 3412 0 853
4667267 259 0 3733814 120882 812571
360375000000 0 435573 288300000000 0 72075000000
679035693056660751 500 331016 543228554445328601 33951784652833037 101855353958499113
115792089237316195423570985008687907853269984665640564039457584007913129628919 0 959773 92633671389852956338856788006950326282615987732512451231566067206330503703136 0 23158417847463239084714197001737581570653996933128112807891516801582625925783
8192 2000 154292 6554 0 1638
542920001 546 103804 434336001 29643432 78940568
0 1910 448506 0 0 0
8506 500 10000 6805 0 1701
4413545 500 84571 3530836 220677 662032
84571000000 955 10000 67656800000 8076530500 8837669500
4679088630817959787 1299 10000 3743270904654367830 607813613143252976 328004113020338981
115792089237316195423570985008687907853269984665640564039457584007913129633148 236 0 92633671389852956338856788006950326282615987732512451231566067206330503706519 2732693306000662211996275246205034625337171638109117311331198982586749859342 20425724541462576872717921755532546945316825295018995496560317818995876067287
1461501637330902918203684832716283019655932542976 500 280665 1169201309864722334562947866173026415724746034381 73075081866545145910184241635814150982796627148 219225245599635437730552724907442452948389881447
806649999 0 0 645320000 0 161329999
5 0 10000 4 0 1
4688 12 307333 3751 0 937
1536666 516 639066 1229333 79291 228042
639066000000 500 790678 511252800000 31953300000 95859900000
425481994928335404 1974 350206 340385595942668324 83990145798853408 1106253186813672
115792089237316195423570985008687907853269984665640564039457584007913129629729 1425 0 92633671389852956338856788006950326282615987732512451231566067206330503703784 16500372716317557847858865363738026869090972814853780375622705721127620972236 6658045131145681236855331637999554701563024118274332432268811080455004953709
8191 2000 494034 6553 0 1638
940339999 1242 526001 752272000 116790227 71277772
9 500 311311 8 0 1
1311 0 924511 1049 0 262
4622557 0 10000 3698046 0 924511
825688000000 0 0 660550400000 0 165137600000
882763577218897460 500 912908 706210861775117968 44138178860944873 132414536582834619
115792089237316195423570985008687907853269984665640564039457584007913129627027 921 10000 92633671389852956338856788006950326282615987732512451231566067206330503701622 10664451418756821598510887719300156313286165587705495948034043487128799238649 12493966428706417486203309282437425257367831345422616859857473314453826686756
22835963083295358096932575511191922182123945983 0 0 18268770466636286477546060408953537745699156787 0 4567192616659071619386515102238384436424789196
129099998 0 0 103279999 0 25819999
5 500 10000 4 0 1
8672 2000 10000 6938 0 1734
4226940 66 10000 3381552 27897 817491
989225000000 500 165212 791380000000 49461250000 148383750000
367897563949522488 1450 0 294318051159617991 53345146772680760 20234366017223737
115792089237316195423570985008687907853269984665640564039457584007913129624650 500 10000 92633671389852956338856788006950326282615987732512451231566067206330503699720 5789604461865809771178549250434395392663499233282028201972879200395656481232 17368813385597429313535647751303186177990497699846084605918637601186969443698
1427247692705959881058285969449495136382746623 2000 644991 1141798154164767904846628775559596109106197299 285449538541191976211657193889899027276549324 0
449910001 2000 10000 359928001 89982000 0
6 756 0 5 0 1
7877 449 0 6302 353 1222
2562372 500 0 2049898 128118 384356
37636000000 2000 197757 30108800000 7527200000 0
200191990127245231 1529 583592 160153592101796185 30609355290455795 9429042734993251
115792089237316195423570985008687907853269984665640564039457584007913129636343 2000 315887 92633671389852956338856788006950326282615987732512451231566067206330503709075 23158417847463239084714197001737581570653996933128112807891516801582625927268 0
2147483648 2000 313483 1717986919 429496729 0
134829999 0 0 107864000 0 26965999
4 2000 10000 4 0 0
5980 0 545879 4784 0 1196
2729396 0 0 2183517 0 545879
20194000000 681 0 16155200000 1375211400 2663588600
5320950201797672280 0 10000 4256760161438137824 0 1064190040359534456
115792089237316195423570985008687907853269984665640564039457584007913129622488 500 0 92633671389852956338856788006950326282615987732512451231566067206330503697991 5789604461865809771178549250434395392663499233282028201972879200395656481124 17368813385597429313535647751303186177990497699846084605918637601186969443373
512 1348 10000 410 0 102
425050000 568 0 340040000 24142840 60867160
10 0 646944 8 0 2
6944 1264 10000 5556 0 1388
2445432 0 75525 1956346 0 489086
75525000000 0 10000 60420000000 0 15105000000
10601770659248657723 740 10000 8481416527398926179 784531028784400671 1335823103065330873
115792089237316195423570985008687907853269984665640564039457584007913129620598 1241 980596 92633671389852956338856788006950326282615987732512451231566067206330503696479 14369798274350939852065159239578169364590805097005993997296686175382019385916 8788619573112299232649037762159412206063191836122118810594830626200606538203
137438953472 216 933874 109951162778 2968681394 24519109300
338739998 2000 276814 270991999 67747999 0
6 500 496945 5 0 1
6945 2000 0 5556 1389 0
3965395 112 0 3172316 44412 748667
735903000000 669 10000 588722400000 49231910700 97948689300
4385498469118886826 500 734915 3508398775295109461 219274923455944341 657824770367833024
115792089237316195423570985008687907853269984665640564039457584007913129625020 2000 199419 92633671389852956338856788006950326282615987732512451231566067206330503700016 23158417847463239084714197001737581570653996933128112807891516801582625925004 0
64 1435 10000 52 0 12
833669998 2000 980987 666935999 166733999 0
7 2000 10000 6 0 1
9828 500 10000 7863 0 1965
1570742 0 341639 1256594 0 314148
341639000000 2000 10000 273311200000 68327800000 0
358322485044574400 2000 0 286657988035659520 71664497008914880 0
115792089237316195423570985008687907853269984665640564039457584007913129629758 215 466647 92633671389852956338856788006950326282615987732512451231566067206330503703807 2489529918602298201606776177686790018845304670311272126848338056170132287039 20668887928860940883107420824050791551808692262816840681043178745412493638912
7067388259113537318333190002971674063309935587502475832486424805170479103 0 10000 5653910607290829854666552002377339250647948470001980665989139844136383283 0 1413477651822707463666638000594334812661987117500495166497284961034095820
863210000 1679 10000 690568000 144932959 27709041
1 0 429420 1 0 0
9420 1759 102014 7536 0 1884
510070 1270 0 408056 64778 37236
493682000000 273 670536 394945600000 13477518600 85258881400
3574182598791916968 1132 329986 2859346079033533575 404597470183245000 310239049575138393
115792089237316195423570985008687907853269984665640564039457584007913129629949 2000 224184 92633671389852956338856788006950326282615987732512451231566067206330503703960 23158417847463239084714197001737581570653996933128112807891516801582625925989 0
295147905179352825855 2000 105034 236118324143482260684 59029581035870565171 0
50340001 1909 848408 40272001 9609906 458094
0 0 539669 0 0 0
9669 500 246268 7736 0 1933
1231340 0 75256 985072 0 246268
75256000000 2000 0 60204800000 15051200000 0
32220821935340577 2000 64790 25776657548272462 6444164387068115 0
115792089237316195423570985008687907853269984665640564039457584007913129635145 484 0 92633671389852956338856788006950326282615987732512451231566067206330503708116 5604337119086103858500835674420494740098267257817003299509747065982995474341 17554080728377135226213361327317086830555729675311109508381769735599630452688
4194304 2000 0 3355444 838860 0
638210001 2000 0 510568001 127642000 0
1 500 0 1 0 0
6333 0 0 5067 0 1266
584376 0 452923 467501 0 116875
452923000000 476 0 362338400000 21559134800 69025465200
3917748938757094679 1765 747436 3134199151005675744 691482687690627210 92067100060791725
115792089237316195423570985008687907853269984665640564039457584007913129632499 1422 5647 92633671389852956338856788006950326282615987732512451231566067206330503706000 16465635089546362989231794068235420496734991819454088206410868445925247033741 6692782757916876095482402933502161073919005113674024601480648355657378892758
22835963083295358096932575511191922182123945984 1813 0 18268770466636286477546060408953537745699156788 4140160107001448422973875940179095491619071406 427032509657623196412639162059288944805717790
331360001 500 907038 265088001 16568000 49704000
6 904 431316 5 0 1
1316 0 862206 1053 0 263
4311032 500 190342 3448826 215551 646655
190342000000 2000 180151 152273600000 38068400000 0
4952801299194598482 500 45007 3962241039355678786 247640064959729924 742920194879189772
115792089237316195423570985008687907853269984665640564039457584007913129634928 343 10000 92633671389852956338856788006950326282615987732512451231566067206330503707943 3971668660839945503028484785797995239367160474031471346553395131471420346478 19186749186623293581685712215939586331286836459096641461338121670111205580507
55213970774324510299478046898216203619608871777363092441300193790394367 937 686748 44171176619459608239582437518572962895687097421890473953040155032315494 5173549061554206615061092994362858279157351285538921761749828158159952 5869245093310695444834516385280382444764423069933696726510210599918921
867480001 0 0 693984001 0 173496000
11 500 800232 9 0 2
232 0 314584 186 0 46
1572921 2000 10000 1258337 314584 0
11526000000 500 0 9220800000 576300000 1728900000
6721511112538300127 1915 10000 5377208890030640102 1287169378051084474 57132844456575551
115792089237316195423570985008687907853269984665640564039457584007913129629700 500 460309 92633671389852956338856788006950326282615987732512451231566067206330503703760 5789604461865809771178549250434395392663499233282028201972879200395656481485 17368813385597429313535647751303186177990497699846084605918637601186969444455
295147905179352825855 1558 567737 236118324143482260684 45984043626943170268 13045537408927394903
677370001 702 661534 541896001 47551374 87922626
2 1556 0 2 0 0
327 500 624584 262 0 65
3122921 1325 696283 2498337 413787 210797
696283000000 500 0 557026400000 34814150000 104442450000
12442981765935435760 0 655597 9954385412748348608 0 2488596353187087152
115792089237316195423570985008687907853269984665640564039457584007913129624338 2000 843504 92633671389852956338856788006950326282615987732512451231566067206330503699471 23158417847463239084714197001737581570653996933128112807891516801582625924867 0
2417851639229258349412351 642 649981 1934281311383406679529881 155226075238518386032272 328344252607333283850198
499810001 500 883091 399848001 24990500 74971500
11 90 10000 9 0 2
673 2000 0 539 134 0
3852742 0 991664 3082194 0 770548
991664000000 781 0 793331200000 77448958400 120883841600
13847796297949005559 769 0 11078237038359204448 1064895535312278527 1704663724277522584
115792089237316195423570985008687907853269984665640564039457584007913129623262 1230 0 92633671389852956338856788006950326282615987732512451231566067206330503698610 14242426976189892037099231156068612665952208113873789376853282832973314943661 8915990871273347047614965845668968904701788819254323431038233968609310980991
348449143727040986586495598010130648530944 0 0 278759314981632789269196478408104518824756 0 69689828745408197317299119602026129706188
660850001 2000 213577 528680001 132170000 0
9 2000 0 8 1 0
8292 774 10000 6634 0 1658
4003797 353 637282 3203038 141334 659425
637282000000 2000 353867 509825600000 127456400000 0
7001450705751745248 1609 309095 5601160564601396199 1126533418555455810 273756722594893239
115792089237316195423570985008687907853269984665640564039457584007913129630840 500 10000 92633671389852956338856788006950326282615987732512451231566067206330503704672 5789604461865809771178549250434395392663499233282028201972879200395656481542 17368813385597429313535647751303186177990497699846084605918637601186969444626
2305843009213693951 500 319285 1844674407370955161 115292150460684697 345876451382054093
192850001 2000 10000 154280001 38570000 0
11 16 10000 9 0 2
4627 802 29486 3702 0 925
147430 407 12300 117944 6000 23486
12300000000 965 305534 9840000000 1186950000 1273050000
812274036136682350 0 764540 649819228909345880 0 162454807227336470
115792089237316195423570985008687907853269984665640564039457584007913129635395 1600 32579 92633671389852956338856788006950326282615987732512451231566067206330503708316 18526734277970591267771357601390065256523197546502490246313213441266100741663 4631683569492647816942839400347516314130799386625622561578303360316525185416
83076749736557242056487941267521536 0 10000 66461399789245793645190353014017229 0 16615349947311448411297588253504307
353449999 2000 489830 282760000 70689999 0
10 0 0 8 0 2
7804 2000 295725 6244 0 1560
1478627 0 0 1182902 0 295725
739668000000 500 10000 591734400000 36983400000 110950200000
17937584399949786 1101 10000 14350067519959829 1974928042434471 1612588837555486
115792089237316195423570985008687907853269984665640564039457584007913129635000 0 10000 92633671389852956338856788006950326282615987732512451231566067206330503708000 0 23158417847463239084714197001737581570653996933128112807891516801582625927000
110427941548649020598956093796432407239217743554726184882600387580788735 0 437741 88342353238919216479164875037145925791374194843780947906080310064630988 0 22085588309729804119791218759286481447843548710945236976520077516157747
377409998 500 79728 301927999 18870499 56611500
4 1054 10000 4 0 0
1 1664 489152 1 0 0
2445761 500 120332 1956609 122288 366864
120332000000 46 782729 96265600000 553527200 23512872800
10546171101192120576 1559 0 8436936880953696461 1644148074675851597 465086145562572518
115792089237316195423570985008687907853269984665640564039457584007913129634591 1421 589342 92633671389852956338856788006950326282615987732512451231566067206330503707673 16454055880622631369689436969734551705949664820987524150006922687524455721075 6704361966840607715024760032003029864704332112140588657884594114058170205843
89202980794122492566142873090593446023921664 0 0 71362384635297994052914298472474756819137332 0 17840596158824498513228574618118689204784332
184590001 2000 662368 147672001 36918000 0
0 2000 396639 0 0 0
6639 1121 609554 5312 0 1327
3047770 0 640253 2438216 0 609554
640253000000 500 182132 512202400000 32012650000 96037950000
2637698996257100528 1205 670604 2110159197005680423 317842729048980613 209697070202439492
115792089237316195423570985008687907853269984665640564039457584007913129629331 1373 10000 92633671389852956338856788006950326282615987732512451231566067206330503703465 15898253852283513631656296241692849748253968894592449442617526284286472698107 7260163995179725453057900760044731822400028038535663365273990517296153227759
42535295865117307932921825928971026432 2000 0 34028236692093846346337460743176821146 8507059173023461586584365185794205286 0
669109999 500 0 535288000 33455499 100366500
9 500 0 8 0 1
6828 2000 10000 5463 0 1365
2257111 0 10000 1805689 0 451422
958192000000 1487 94100 766553600000 142483150400 49155249600
841734466928527200 500 135149 673387573542821760 42086723346426360 126260170039279080
115792089237316195423570985008687907853269984665640564039457584007913129624786 2000 246769 92633671389852956338856788006950326282615987732512451231566067206330503699829 23158417847463239084714197001737581570653996933128112807891516801582625924957 0
14474011154664524427946373126085988481658748083205070504932198000989141204991 1179 10000 11579208923731619542357098500868790785326998466564056403945758400791312963993 1706485915134947430054877391565538041987566399009877812531506144316619748068 1188316315797957455534397233651659654344183217631136288454933455881208492930
203629998 500 0 162903999 10181499 30544500
6 500 58592 5 0 1
8592 500 0 6874 429 1289
4768965 2000 96657 3815172 953793 0
96657000000 0 10000 77325600000 0 19331400000
1209109918810702545 0 242546 967287935048562036 0 241821983762140509
115792089237316195423570985008687907853269984665640564039457584007913129637389 500 29533 92633671389852956338856788006950326282615987732512451231566067206330503709912 5789604461865809771178549250434395392663499233282028201972879200395656481869 17368813385597429313535647751303186177990497699846084605918637601186969445608
680564733841876926926749214863536422912 1136 428886 544451787073501541541399371890829138330 77312153764437218898878710808497737642 58800793003938166486471132164209546940
288859999 2000 725467 231088000 57771999 0
3 192 177930 3 0 0
7930 1223 938314 6344 0 1586
4691572 1588 0 3753258 745021 193293
592697000000 1334 117566 474157600000 79065779800 39473620200
2230309743149486570 0 565642 1784247794519589256 0 446061948629897314
115792089237316195423570985008687907853269984665640564039457584007913129634293 908 443147 92633671389852956338856788006950326282615987732512451231566067206330503707435 10513921702748310544460245438788862033076914607640163214782748627918512170793 12644496144714928540253951562948719537577082325487949593108768173664113756065
91343852333181432387730302044767688728495783936 0 10000 73075081866545145910184241635814150982796627149 0 18268770466636286477546060408953537745699156787
394510000 2000 527854 315608000 78902000 0
10 1444 0 8 1 1
465 1824 0 372 84 9
795771 500 231103 636617 39788 119366
231103000000 500 0 184882400000 11555150000 34665450000
3229892236023898608 500 183326 2583913788819118887 161494611801194930 484483835403584791
115792089237316195423570985008687907853269984665640564039457584007913129636609 2000 437864 92633671389852956338856788006950326282615987732512451231566067206330503709288 23158417847463239084714197001737581570653996933128112807891516801582625927321 0
9007199254740991 2000 0 7205759403792793 1801439850948198 0
214099999 462 10000 171280000 9891419 32928580
1 500 0 1 0 0
7021 1907 0 5617 1338 66
1251256 500 0 1001005 62562 187689
222175000000 0 863780 177740000000 0 44435000000
373715059384341580 2000 0 298972047507473264 74743011876868316 0
115792089237316195423570985008687907853269984665640564039457584007913129621375 0 0 92633671389852956338856788006950326282615987732512451231566067206330503697100 0 23158417847463239084714197001737581570653996933128112807891516801582625924275
178405961588244985132285746181186892047843327 1140 141191 142724769270595988105828596944949513638274662 20338279621059928305080575064655305693454139 15342912696589068721376574171582072716114526
411909999 2000 381722 329528000 82381999 0
10 2000 0 8 2 0
7003 189 363664 5603 0 1400
1818321 0 409738 1454657 0 363664
409738000000 500 273082 327790400000 20486900000 61460700000
10473605665661033224 500 0 8378884532528826580 523680283283051661 1571040849849154983
115792089237316195423570985008687907853269984665640564039457584007913129633366 2000 73747 92633671389852956338856788006950326282615987732512451231566067206330503706693 23158417847463239084714197001737581570653996933128112807891516801582625926673 0
664613997892457936451903530140172287 2000 527367 531691198313966349161522824112137830 132922799578491587290380706028034457 0
273670001 1622 10000 218936001 44389274 10344726
7 316 579163 6 0 1
9163 2000 10000 7331 0 1832
1312520 0 473864 1050016 0 262504
473864000000 500 270285 379091200000 23693200000 71079600000
1819061512668802080 727 10000 1455249210135041664 132245771971021911 231566530562738505
115792089237316195423570985008687907853269984665640564039457584007913129630948 500 10000 92633671389852956338856788006950326282615987732512451231566067206330503704759 5789604461865809771178549250434395392663499233282028201972879200395656481547 17368813385597429313535647751303186177990497699846084605918637601186969444642
1267650600228229401496703205375 500 10000 1014120480182583521197362564300 63382530011411470074835160268 190147590034234410224505480807
345939999 0 485629 276752000 0 69187999
5 0 10000 4 0 1
362 2000 10000 290 0 72
1995246 2000 0 1596197 399049 0
458850000000 0 0 367080000000 0 91770000000
1721489366554345492 2000 689175 1377191493243476394 344297873310869098 0
115792089237316195423570985008687907853269984665640564039457584007913129630760 1457 886301 92633671389852956338856788006950326282615987732512451231566067206330503704608 16870907401876969673214292515765828174221436765783830180548969989952942987201 6287510445586269411499904485971753396432560167344282627342546811629682938951
18014398509481983 500 497743 14411518807585587 900719925474099 2702159776422297
977430001 972 10000 781944001 95006196 100479804
2 0 0 2 0 0
5689 0 797451 4552 0 1137
3987257 0 431372 3189806 0 797451
431372000000 500 407094 345097600000 21568600000 64705800000
1419350544429704658 500 236238 1135480435543763727 70967527221485232 212902581664455699
115792089237316195423570985008687907853269984665640564039457584007913129623697 927 831186 92633671389852956338856788006950326282615987732512451231566067206330503698958 10733926672299211315765030310305369057998127578504880286457718037533547116116 12424491175164027768949166691432212512655869354623232521433798764049078808623
268435456 1078 287340 214748365 28937342 24749749
873399998 0 393911 698719999 0 174679999
11 2000 10000 9 0 2
6214 0 806734 4972 0 1242
4033672 2000 0 3226938 806734 0
470280000000 742 347396 376224000000 34894776000 59161224000
5316813346058093436 2000 379178 4253450676846474749 1063362669211618687 0
115792089237316195423570985008687907853269984665640564039457584007913129620757 824 0 92633671389852956338856788006950326282615987732512451231566067206330503696606 9541268153154854502902249164715883607109446736448782476851304922252041880750 13617149694308384581811947837021697963544550196679330331040211879330584043401
281474976710656 1544 10000 225179981368525 43459736404125 12835258938006
448419998 500 618106 358735999 22420999 67263000
6 0 274745 5 0 1
4745 476 137691 3796 0 949
688456 0 736818 550765 0 137691
736818000000 757 0 589454400000 55777122600 91586477400
306463470448529908 819 0 245170776358823927 25099358229734599 36193335859971382
115792089237316195423570985008687907853269984665640564039457584007913129624546 0 0 92633671389852956338856788006950326282615987732512451231566067206330503699637 0 23158417847463239084714197001737581570653996933128112807891516801582625924909
20282409603651670423947251286016 2000 353740 16225927682921336339157801028813 4056481920730334084789450257203 0
537400001 2000 128124 429920001 107480000 0
8 500 656072 7 0 1
6072 2000 10000 4858 0 1214
4618602 381 726128 3694882 175968 747752
726128000000 500 10000 580902400000 36306400000 108919200000
136704860028835153 482 0 109363888023068123 6589174253389854 20751797752377176
115792089237316195423570985008687907853269984665640564039457584007913129631233 0 43974 92633671389852956338856788006950326282615987732512451231566067206330503704987 0 23158417847463239084714197001737581570653996933128112807891516801582625926246
75557863725914323419136 389 0 60446290980731458735309 2939200898938067181004 12172371846244797502823
130609998 1582 557 104487999 20662501 5459498
5 500 517524 4 0 1
7524 1078 10000 6020 0 1504
4972896 2000 390330 3978317 994579 0
390330000000 531 409090 312264000000 20726523000 57339477000
2942613531907048140 2000 909385 2354090825525638512 588522706381409628 0
115792089237316195423570985008687907853269984665640564039457584007913129630550 932 10000 92633671389852956338856788006950326282615987732512451231566067206330503704440 10791822716917869413476815802809713011924762570837700568477446829537503681567 12366595130545369671237381198927868558729234362290412239414069972045122244543
4951760157141521099596496895 2000 688275 3961408125713216879677197516 990352031428304219919299379 0
882750000 1559 10000 706200000 137620725 38929275
5 0 0 4 0 1
3536 2000 10000 2829 0 707
4282255 0 10000 3425804 0 856451
409324000000 2000 10000 327459200000 81864800000 0
7121755267453158725 0 251144 5697404213962526980 0 1424351053490631745
115792089237316195423570985008687907853269984665640564039457584007913129628791 2000 0 92633671389852956338856788006950326282615987732512451231566067206330503703033 23158417847463239084714197001737581570653996933128112807891516801582625925758 0
784637716923335095479473677900958302012794430558004314112 25 0 627710173538668076383578942320766641610235544446403451290 1961594292308337738698684194752395755031986076395010785 154965949092358681357196051385439264647526900035205852037
377419999 2000 10000 301936000 75483999 0
3 747 204551 3 0 0
4551 690 0 3641 314 596
1461096 1615 10000 1168877 235967 56252
663779000000 500 10000 531023200000 33188950000 99566850000
1980240956317557802 500 162689 1584192765054046242 99012047815877890 297036143447633670
115792089237316195423570985008687907853269984665640564039457584007913129637246 0 10000 92633671389852956338856788006950326282615987732512451231566067206330503709797 0 23158417847463239084714197001737581570653996933128112807891516801582625927449
2596148429267413814265248164610047 1258 0 2076918743413931051412198531688038 326595472401840657834568219107943 192634213451642105018481413814066
806659999 0 955542 645328000 0 161331999
10 500 0 8 0 2
2490 710 10000 1992 0 498
1868845 249 10000 1495076 46534 327235
868434000000 500 10000 694747200000 43421700000 130265100000
4475904725256287480 0 0 3580723780205029984 0 895180945051257496
115792089237316195423570985008687907853269984665640564039457584007913129627013 1334 0 92633671389852956338856788006950326282615987732512451231566067206330503701611 15446664704257980469504369400158966907626215954396451242863641706655611492243 7711753143205258615209827601578614663027780978731661565027875094927014433159
1393796574908163946345982392040522594123775 111 752697 1115037259926531157076785913632418075299020 15471141981480619804440404551649800794773 263288173000152169464756073856454718029982
526969998 2000 317476 421575999 105393999 0
0 0 994300 0 0 0
4300 2000 0 3440 860 0
1713802 2000 338303 1371042 342760 0
338303000000 1507 783469 270642400000 50982262100 16678337900
10506187077805677980 0 10000 8404949662244542384 0 2101237415561135596
115792089237316195423570985008687907853269984665640564039457584007913129636585 500 10000 92633671389852956338856788006950326282615987732512451231566067206330503709268 5789604461865809771178549250434395392663499233282028201972879200395656481829 17368813385597429313535647751303186177990497699846084605918637601186969445488
2305843009213693951 0 93996 1844674407370955161 0 461168601842738790
939960000 500 10000 751968000 46998000 140994000
3 500 527270 3 0 0
7270 2000 578232 5816 0 1454
2891161 1823 10000 2312929 527058 51174
643059000000 500 866377 514447200000 32152950000 96458850000
1098852781742678814 500 10000 879082225394143052 54942639087133940 164827917261401822
115792089237316195423570985008687907853269984665640564039457584007913129620568 0 0 92633671389852956338856788006950326282615987732512451231566067206330503696455 0 23158417847463239084714197001737581570653996933128112807891516801582625924113
35184372088832 880 10000 28147497671066 3096224743817 3940649673949
258310000 501 10000 206648000 12941331 38720669
6 1603 0 5 0 1
5546 500 0 4437 277 832
1607541 1357 359613 1286033 218143 103365
359613000000 500 675151 287690400000 17980650000 53941950000
2950977329312222469 1857 0 2360781863449777976 547996490053279712 42198975809164781
115792089237316195423570985008687907853269984665640564039457584007913129630092 2000 170695 92633671389852956338856788006950326282615987732512451231566067206330503704074 23158417847463239084714197001737581570653996933128112807891516801582625926018 0
3291009114642412084309938365114701009965471731267159726697218047 0 765619 2632807291713929667447950692091760807972377385013727781357774438 0 658201822928482416861987673022940201993094346253431945339443609
656190001 500 10000 524952001 32809500 98428500
11 1315 823066 9 0 2
3066 299 0 2453 91 522
4852165 1238 10000 3881732 600698 369735
523084000000 0 0 418467200000 0 104616800000
10723686151813168335 570 382351 8578948921450534668 611250110653350595 1533487119709283072
115792089237316195423570985008687907853269984665640564039457584007913129637584 500 10000 92633671389852956338856788006950326282615987732512451231566067206330503710068 5789604461865809771178549250434395392663499233282028201972879200395656481879 17368813385597429313535647751303186177990497699846084605918637601186969445637
36028797018963968 500 0 28823037615171175 1801439850948198 5404319552844595
665520000 2000 747495 532416000 133104000 0
11 2000 0 9 2 0
5722 2000 10000 4578 0 1144
1677182 261 10000 1341746 43774 291662
61065000000 2000 875395 48852000000 12213000000 0
1832860057710066545 2000 633917 1466288046168053236 366572011542013309 0
115792089237316195423570985008687907853269984665640564039457584007913129626018 0 566064 92633671389852956338856788006950326282615987732512451231566067206330503700815 0 23158417847463239084714197001737581570653996933128112807891516801582625925203
49039857307708443467467104868809893875799651909875269631 500 10000 39231885846166754773973683895047915100639721527900215705 2451992865385422173373355243440494693789982595493763481 7355978596156266520120065730321484081369947786481290445
252509999 1316 0 202008000 33230315 17271684
6 1890 278441 5 0 1
8441 0 413862 6753 0 1688
2069311 0 0 1655449 0 413862
234622000000 530 0 187697600000 12434966000 34489434000
3942908888610737010 2000 0 3154327110888589608 788581777722147402 0
115792089237316195423570985008687907853269984665640564039457584007913129637969 2000 332908 92633671389852956338856788006950326282615987732512451231566067206330503710376 23158417847463239084714197001737581570653996933128112807891516801582625927593 0
374144419156711147060143317175368453031918731001855 2000 724471 299315535325368917648114653740294762425534984801484 74828883831342229412028663435073690606383746200371 0
244710001 2000 258471 195768001 48942000 0
7 864 10000 6 0 1
943 500 430631 755 0 188
2153157 1231 0 1722526 265053 165578
790047000000 500 10000 632037600000 39502350000 118507050000
2263680778803532768 2000 10000 1810944623042826215 452736155760706553 0
115792089237316195423570985008687907853269984665640564039457584007913129624591 2000 311471 92633671389852956338856788006950326282615987732512451231566067206330503699673 23158417847463239084714197001737581570653996933128112807891516801582625924918 0
191561942608236107294793378393788647952342390272950271 0 10000 153249554086588885835834702715030918361873912218360217 0 38312388521647221458958675678757729590468478054590054
517280001 1764 10000 413824001 91248192 12207808
6 828 83549 5 0 1
3549 476 204904 2840 0 709
1024521 624 10000 819617 63930 140974
668363000000 2000 0 534690400000 133672600000 0
379233919510254591 9 8686 303387135608203673 341310527559229 75505473374491689
115792089237316195423570985008687907853269984665640564039457584007913129631249 1111 10000 92633671389852956338856788006950326282615987732512451231566067206330503705000 12864501114265829311558736434465226562498295296352666664783737583279148702031 10293916733197409773155460567272355008155701636775446143107779218303477224218
452312848583266388373324160190187140051835877600158453279131187530910662656 500 10000 361850278866613110698659328152149712041468702080126762623304950024728530125 22615642429163319418666208009509357002591793880007922663956559376545533132 67846927287489958255998624028528071007775381640023767991869678129636599399
920200001 2000 694854 736160001 184040000 0
10 1462 0 8 1 1
9245 2000 10000 7396 0 1849
3440532 1937 0 2752426 666431 21675
644969000000 2000 0 515975200000 128993800000 0
5648378645042719350 0 0 4518702916034175480 0 1129675729008543870
115792089237316195423570985008687907853269984665640564039457584007913129626682 836 140378 92633671389852956338856788006950326282615987732512451231566067206330503701346 9680218660239633937410534346726309096533370718047551153698654023061537636790 13478199187223605147303662655011272474120626215080561654192862778521088288546
268435455 973 435141 214748364 26118769 27568322
351409998 394 425207 281127999 13845553 56436446
11 500 0 9 0 2
2338 628 10000 1871 0 467
424511 668 10000 339609 28357 56545
300759000000 500 649161 240607200000 15037950000 45113850000
1002997056770969010 0 373149 802397645416775208 0 200599411354193802
115792089237316195423570985008687907853269984665640564039457584007913129626786 0 0 92633671389852956338856788006950326282615987732512451231566067206330503701429 0 23158417847463239084714197001737581570653996933128112807891516801582625925357
215679573337205118357336120696157045389097155380324579848828881993728 1740 255414 172543658669764094685868896556925636311277724304259663879063105594983 37528245760673690594176485001131325897702905036176476893696225466908 5607668906767333077290739138100083180116526039888439076069550931837
554140001 446 65271 443312001 24714644 86113356
11 0 597202 9 0 2
7202 500 956854 5762 0 1440
4784272 607 527208 3827418 290405 666449
527208000000 1010 10000 421766400000 53248008000 52193592000
1477795407786706365 847 10000 1182236326229365092 125169271039534029 170389810517807244
115792089237316195423570985008687907853269984665640564039457584007913129630563 0 977738 92633671389852956338856788006950326282615987732512451231566067206330503704451 0 23158417847463239084714197001737581570653996933128112807891516801582625926112
178405961588244985132285746181186892047843327 1799 10000 142724769270595988105828596944949513638274662 32095232489725272825298205737995521879407014 3585959827923724201158943498241856530161651
653419998 586 10000 522735999 38290411 92393588
3 1506 768254 3 0 0
8254 2000 10000 6604 0 1650
3384247 2000 10000 2707398 676849 0
682793000000 2000 988586 546234400000 136558600000 0
530795392405598134 1594 966252 424636313924478508 84608785549452342 21550292931667284
115792089237316195423570985008687907853269984665640564039457584007913129633683 0 225466 92633671389852956338856788006950326282615987732512451231566067206330503706947 0 23158417847463239084714197001737581570653996933128112807891516801582625926736
18014398509481984 2000 0 14411518807585588 3602879701896396 0
530580001 500 0 424464001 26529000 79587000
10 500 369566 8 0 2
9566 500 839111 7653 0 1913
4195557 500 0 3356446 209777 629334
110675000000 2000 0 88540000000 22135000000 0
2463857619018672816 1292 408423 1971086095214938253 318330404377212527 174441119426522036
115792089237316195423570985008687907853269984665640564039457584007913129631512 2000 10000 92633671389852956338856788006950326282615987732512451231566067206330503705210 23158417847463239084714197001737581570653996933128112807891516801582625926302 0
4 620 10000 4 0 0
10009998 2000 950304 8007999 2001999 0
8 2000 688907 7 0 1
8907 0 0 7126 0 1781
781570 376 10000 625256 29387 126927
919350000000 500 986346 735480000000 45967500000 137902500000
12656345506763021082 500 10000 10125076405410416866 632817275338151054 1898451826014453162
115792089237316195423570985008687907853269984665640564039457584007913129638969 1204 883444 92633671389852956338856788006950326282615987732512451231566067206330503711176 13941367544172869928997946595046024105533706153743123910350693114552740808531 9217050303290369155716250406691557465120290779384988897540823687029885119262
288230376151711744 1418 31892 230584300921369396 40871067338312725 16775007892029623
318919998 1709 0 255135999 54503427 9280572
1 1618 10000 1 0 0
7813 1523 0 6251 1189 373
4004587 0 552452 3203670 0 800917
552452000000 0 783516 441961600000 0 110490400000
10634543896578907440 0 505499 8507635117263125952 0 2126908779315781488
115792089237316195423570985008687907853269984665640564039457584007913129634436 466 10000 92633671389852956338856788006950326282615987732512451231566067206330503707549 5395911358458934706738407901404856505962381285418850284238723414768751840964 17762506489004304377975789100332725064691615647709262523652793386813874085923
16384 2000 518215 13108 0 3276
182150000 384 98901 145720000 6994560 29435440
5 1485 973537 4 0 1
3537 1793 0 2830 634 73
2087587 2000 277487 1670070 417517 0
277487000000 2000 828315 221989600000 55497400000 0
472081524865566770 1082 439899 377665219892453416 51079220990454324 43337083982659030
115792089237316195423570985008687907853269984665640564039457584007913129620036 234 784373 92633671389852956338856788006950326282615987732512451231566067206330503696029 2709534888153198972911561049203297043766517641175989198523307465785167233108 20448882959310040111802635952534284526887479291952123609368209335797458690899
5070602400912917605986812821504 1022 0 4056481920730334084789450257204 518215565373300179331852270357 495904914809283341865510293943
154319999 2000 0 123456000 30863999 0
1 921 441812 1 0 0
1812 0 597358 1450 0 362
2986791 0 885606 2389433 0 597358
885606000000 324 987105 708484800000 28693634400 148427565600
4622979864995372725 0 10000 3698383891996298180 0 924595972999074545
115792089237316195423570985008687907853269984665640564039457584007913129636506 0 696153 92633671389852956338856788006950326282615987732512451231566067206330503709205 0 23158417847463239084714197001737581570653996933128112807891516801582625927301
77371252455336267181195264 1423 0 61897001964269013744956212 11009929224394350819884086 4464321266672902616354966
571730001 2000 728383 457384001 114346000 0
3 245 0 3 0 0
7570 734 827874 6056 0 1514
4139371 500 10000 3311497 206968 620906
349707000000 0 442735 279765600000 0 69941400000
8703027396742556340 275 413344 6962421917394045072 239333253410420299 1501272225938090969
115792089237316195423570985008687907853269984665640564039457584007913129626591 835 593230 92633671389852956338856788006950326282615987732512451231566067206330503701273 9668639451315902317868177248225440305748043719580987097294708264660746323820 13489778396147336766846019753512141264905953213547125710596808536921879601498
2147483647 2000 619713 1717986918 429496729 0
197129998 2000 908383 157703999 39425999 0
3 1409 890452 3 0 0
452 500 10000 362 0 90
155847 994 0 124678 15491 15678
508201000000 515 0 406560800000 26172351500 75467848500
3682102268496992378 2000 0 2945681814797593903 736420453699398475 0
115792089237316195423570985008687907853269984665640564039457584007913129625117 126 463773 92633671389852956338856788006950326282615987732512451231566067206330503700094 1458980324390184062336994411109467638951201806787071106897165558499705433276 21699437523073055022377202590628113931702795126341041700994351243082920491747
766247770432944429179173513575154591809369561091801087 939 0 612998216346355543343338810860123673447495648873440870 71950665643653481899924392924707016170899801786520122 81298888442935403935910309790323902190974110431840095
983569998 2000 10000 786855999 196713999 0
7 500 784604 6 0 1
4604 916 0 3684 421 499
4452167 0 0 3561734 0 890433
957089000000 1647 888718 765671200000 157632558300 33785241700
1433558676561389196 500 534525 1146846941249111357 71677933828069459 215033801484208380
115792089237316195423570985008687907853269984665640564039457584007913129625410 0 341859 92633671389852956338856788006950326282615987732512451231566067206330503700328 0 23158417847463239084714197001737581570653996933128112807891516801582625925082
75557863725914323419136 1165 10000 60446290980731458735309 8802491124069018678329 6309081621113846005498
822349999 816 10000 657880000 67103759 97366240
4 500 815309 4 0 0
5309 2000 10000 4248 0 1061
4233750 290 0 3387000 122778 723972
702838000000 139 865136 562270400000 9769448200 130798151800
658813254215995728 106 0 527050603372796583 6983420494689554 124779230348509591
115792089237316195423570985008687907853269984665640564039457584007913129635010 0 10000 92633671389852956338856788006950326282615987732512451231566067206330503708008 0 23158417847463239084714197001737581570653996933128112807891516801582625927002
187072209578355573530071658587684226515959365500927 1085 0 149657767662684458824057326870147381212767492400742 20297334739251579728012774956763738576981591156850 17117107176419534978001556760773106726210281943335
573450000 500 10000 458760000 28672500 86017500
0 113 0 0 0 0
8688 0 0 6951 0 1737
2718092 213 561278 2174474 57895 485723
561278000000 2000 0 449022400000 112255600000 0
4665546005745697800 0 83068 3732436804596558240 0 933109201149139560
115792089237316195423570985008687907853269984665640564039457584007913129636867 0 10000 92633671389852956338856788006950326282615987732512451231566067206330503709494 0 23158417847463239084714197001737581570653996933128112807891516801582625927373
340282366920938463463374607431768211455 1844 0 272225893536750770770699685945414569164 62748068460221052662646277610418058192 5308404923966640030028643875935584099
808840000 1322 588224 647072000 106928648 54839352
4 1002 10000 4 0 0
6380 0 753895 5104 0 1276
3769477 1824 711783 3015582 687552 66343
711783000000 2000 23757 569426400000 142356600000 0
4103701789722910012 2000 0 3282961431778328010 820740357944582002 0
115792089237316195423570985008687907853269984665640564039457584007913129630511 500 10000 92633671389852956338856788006950326282615987732512451231566067206330503704409 5789604461865809771178549250434395392663499233282028201972879200395656481525 17368813385597429313535647751303186177990497699846084605918637601186969444577
13479973333575319897333507543509815336818572211270286240551805124607 0 0 10783978666860255917866806034807852269454857769016228992441444099686 0 2695994666715063979466701508701963067363714442254057248110361024921
950979999 2000 0 760784000 190195999 0
2 1792 0 2 0 0
7018 500 0 5615 350 1053
3522967 0 5184 2818374 0 704593
5184000000 2000 10000 4147200000 1036800000 0
6218272177227028800 0 372955 4974617741781623040 0 1243654435445405760
115792089237316195423570985008687907853269984665640564039457584007913129626980 1993 716248 92633671389852956338856788006950326282615987732512451231566067206330503701584 23077363384997117747917697312231500035156707943862164413063896492777086734657 81054462466121336796499689506081535497288989265948394827620308805539190739
95780971304118053647396689196894323976171195136475135 2000 344522 76624777043294442917917351357515459180936956109180108 19156194260823610729479337839378864795234239027295027 0
445220001 1686 855637 356176001 75064092 13979908
5 500 0 4 0 1
7041 472 10000 5633 0 1408
4654687 735 0 3723750 342119 588818
834762000000 2000 889886 667809600000 166952400000 0
4090040152527918798 1864 0 3272032122022335039 762383484431204063 55624546074379696
115792089237316195423570985008687907853269984665640564039457584007913129622682 500 799820 92633671389852956338856788006950326282615987732512451231566067206330503698146 5789604461865809771178549250434395392663499233282028201972879200395656481134 17368813385597429313535647751303186177990497699846084605918637601186969443402
36028797018963967 0 10000 28823037615171174 0 7205759403792793
453129999 0 10000 362504000 0 90625999
7 0 23744 6 0 1
3744 0 10000 2996 0 748
4731632 262 0 3785306 123968 822358
222649000000 500 993183 178119200000 11132450000 33397350000
12709251374782141566 500 711521 10167401099825713253 635462568739107078 1906387706217321235
115792089237316195423570985008687907853269984665640564039457584007913129628414 500 0 92633671389852956338856788006950326282615987732512451231566067206330503702732 5789604461865809771178549250434395392663499233282028201972879200395656481420 17368813385597429313535647751303186177990497699846084605918637601186969444262
22835963083295358096932575511191922182123945983 226 0 18268770466636286477546060408953537745699156787 516092765682475092990676206552937441316001179 4051099850976596526395838895685446995108788017
257429998 500 10000 205943999 12871499 38614500
0 1420 634624 0 0 0
4624 2000 0 3700 924 0
3261810 1304 0 2609448 425340 227022
525283000000 0 729193 420226400000 0 105056600000
4924719231605713377 1777 986052 3939775385284570702 875122607456335267 109821238864807408
115792089237316195423570985008687907853269984665640564039457584007913129633883 2000 10000 92633671389852956338856788006950326282615987732512451231566067206330503707107 23158417847463239084714197001737581570653996933128112807891516801582625926776 0
431359146674410236714672241392314090778194310760649159697657763987455 2000 246964 345087317339528189371737793113851272622555448608519327758126211189964 86271829334882047342934448278462818155638862152129831939531552797491 0
469640001 1261 0 375712001 59221604 34706396
5 0 769635 4 0 1
9635 862 438635 7708 0 1927
2193175 0 438865 1754540 0 438635
438865000000 500 828361 351092000000 21943250000 65829750000
3270346660680455482 500 0 2616277328544364386 163517333034022774 490551999102068322
115792089237316195423570985008687907853269984665640564039457584007913129620035 2000 10000 92633671389852956338856788006950326282615987732512451231566067206330503696028 23158417847463239084714197001737581570653996933128112807891516801582625924007 0
590295810358705651712 1706 0 472236648286964521370 100704465247195184182 17354696824545946160
968700001 0 712861 774960001 0 193740000
5 2000 172269 4 0 1
2269 968 10000 1816 0 453
3428097 1293 998892 2742478 443252 242367
998892000000 1239 803402 799113600000 123762718800 76015681200
1230196704607964166 576 584348 984157363686371333 70859330185418735 175180010736174098
115792089237316195423570985008687907853269984665640564039457584007913129635587 1340 10000 92633671389852956338856788006950326282615987732512451231566067206330503708470 15516139957800370186758511991164179652338177945195835581287316257060359371168 7642277889662868897955685010573401918315818987932277226604200544522266555949
9903520314283042199192993792 0 835401 7922816251426433759354395034 0 1980704062856608439838598758
354010001 250 450868 283208001 8850250 61951750
8 500 751637 7 0 1
1637 500 10000 1310 0 327
18880 0 0 15104 0 3776
562223000000 813 104306 449778400000 45708729900 66735870100
13614698987073716648 574 10000 10891759189658973319 781483721858031335 1941456075556711994
115792089237316195423570985008687907853269984665640564039457584007913129627428 0 928616 92633671389852956338856788006950326282615987732512451231566067206330503701943 0 23158417847463239084714197001737581570653996933128112807891516801582625925485
102844034832575377634685573909834406561420991602098741459288064 2000 870758 82275227866060302107748459127867525249136793281678993167430452 20568806966515075526937114781966881312284198320419748291857612 0
707579999 822 148274 566064000 58163075 83352924
10 2000 10000 8 0 2
976 2000 180152 781 0 195
900761 1804 822182 720609 162497 17655
822182000000 0 0 657745600000 0 164436400000
7834828369838878377 1140 10000 6267862695871102702 893170434161632134 673795239806143541
115792089237316195423570985008687907853269984665640564039457584007913129634891 379 10000 92633671389852956338856788006950326282615987732512451231566067206330503707913 4388520182094283806553340331829271707638932418827777377095442433899907613162 18769897665368955278160856669908309863015064514300335430796074367682718313816
1496577676626844588240573268701473812127674924007423 500 602710 1197262141301475670592458614961179049702139939205939 74828883831342229412028663435073690606383746200371 224486651494026688236085990305221071819151238601113
27099998 1846 0 21679999 5002659 417340
10 0 361776 8 0 2
1776 1869 0 1421 331 24
3479982 500 10000 2783986 173999 521997
826020000000 2000 395726 660816000000 165204000000 0
10702315854668019612 500 10000 8561852683734415690 535115792733400980 1605347378200202942
115792089237316195423570985008687907853269984665640564039457584007913129630247 2000 0 92633671389852956338856788006950326282615987732512451231566067206330503704198 23158417847463239084714197001737581570653996933128112807891516801582625926049 0
2417851639229258349412351 500 383840 1934281311383406679529881 120892581961462917470617 362677745884388752411853
838400000 406 42829 670720000 34039040 133640960
9 184 0 8 0 1
6387 28 6077 5110 17 1260
30387 0 805413 24310 0 6077
805413000000 557 334704 644330400000 44861504100 116221095900
14509819248548257504 2000 170817 11607855398838606004 2901963849709651500 0
115792089237316195423570985008687907853269984665640564039457584007913129629118 500 10000 92633671389852956338856788006950326282615987732512451231566067206330503703295 5789604461865809771178549250434395392663499233282028201972879200395656481455 17368813385597429313535647751303186177990497699846084605918637601186969444368
604462909807314587353088 500 0 483570327845851669882471 30223145490365729367654 90669436471097188102963
276040000 1312 452800 220832000 36216448 18991552
4 792 405452 4 0 0
5452 193 10000 4362 0 1090
2623122 500 10000 2098498 131156 393468
879837000000 500 0 703869600000 43991850000 131975550000
3282432312767547325 0 0 2625945850214037860 0 656486462553509465
115792089237316195423570985008687907853269984665640564039457584007913129636201 54 421272 92633671389852956338856788006950326282615987732512451231566067206330503708961 625277281881507455287283319046914702407657917194459045813070953642730900035 22533140565581731629426913682690666868246339015933653762078445847939895027205
63 0 10000 51 0 12
648370001 1595 0 518696001 103415015 26258985
5 0 532880 4 0 1
2880 500 139058 2304 0 576
695292 0 536416 556234 0 139058
536416000000 2000 0 429132800000 107283200000 0
1611589034739702480 0 10000 1289271227791761984 0 322317806947940496
115792089237316195423570985008687907853269984665640564039457584007913129621569 1033 868177 92633671389852956338856788006950326282615987732512451231566067206330503697256 11961322818214762987254882751397460881242789415960670265275968428017426289908 11197095029248476097459314250340120689411207517167442542615548373565199634405
57896044618658097711785492504343953926634992332820282019728792003956564819967 334 10000 46316835694926478169428394003475163141307993866256225615783033603165251855974 1933727890263180463573635449645088061149608743916197419458941652932149264986 9645481033468439078783463051223702724177389722647858984486816747859163699007
562680000 2000 10000 450144000 112536000 0
6 2000 10000 5 0 1
7460 1230 10000 5968 0 1492
1248605 215 10000 998884 26845 222876
9880000000 623 10000 7904000000 615524000 1360476000
1974144152037424410 0 10000 1579315321629939528 0 394828830407484882
115792089237316195423570985008687907853269984665640564039457584007913129635277 500 0 92633671389852956338856788006950326282615987732512451231566067206330503708222 5789604461865809771178549250434395392663499233282028201972879200395656481763 17368813385597429313535647751303186177990497699846084605918637601186969445292
1073741824 2000 58167 858993460 214748364 0
581670001 802 10000 465336001 46649934 69684066
10 490 501092 8 0 2
1092 571 654515 874 0 218
3272576 165 971210 2618061 53997 600518
971210000000 1202 945253 776968000000 116739442000 77502558000
1314678145627920129 596 10000 1051742516502336104 78354817479424039 184580811646159986
115792089237316195423570985008687907853269984665640564039457584007913129621526 500 0 92633671389852956338856788006950326282615987732512451231566067206330503697221 5789604461865809771178549250434395392663499233282028201972879200395656481076 17368813385597429313535647751303186177990497699846084605918637601186969443229
6582018229284824168619876730229402019930943462534319453394436095 1563 470632 5265614583427859334895901384183521615944754770027455562715548876 1028769449237218017555286732934855535715206463194114130565550361 287634196619746816168688613111024868270982229312749760113336858
706319999 500 987799 565056000 35315999 105948000
11 695 10000 9 0 2
3801 469 0 3041 178 582
2632612 2000 791191 2106090 526522 0
791191000000 746 706133 632952800000 59022848600 99215351400
9312038926532213512 154 10000 7449631141225770810 143405399468596088 1719002385837846614
115792089237316195423570985008687907853269984665640564039457584007913129633167 1806 762207 92633671389852956338856788006950326282615987732512451231566067206330503706534 20912051316259304893496919892569036158300559230614685865526039671829111211749 2246366531203934191217277109168545412353437702513426942365477129753514714884
748288838313422294120286634350736906063837462003712 500 10000 598631070650737835296229307480589524851069969602970 37414441915671114706014331717536845303191873100185 112243325747013344118042995152610535909575619300557
14939998 0 10000 11951999 0 2987999
0 500 356378 0 0 0
6378 2000 689757 5103 0 1275
3448787 0 10000 2759030 0 689757
488171000000 1917 0 390536800000 93582380700 4051819300
203030403162618404 2000 10000 162424322530094724 40606080632523680 0
115792089237316195423570985008687907853269984665640564039457584007913129633979 2000 52113 92633671389852956338856788006950326282615987732512451231566067206330503707184 23158417847463239084714197001737581570653996933128112807891516801582625926795 0
187072209578355573530071658587684226515959365500927 0 0 149657767662684458824057326870147381212767492400742 0 37414441915671114706014331717536845303191873100185
649620000 0 0 519696000 0 129924000
11 1193 308112 9 0 2
8112 500 227276 6490 0 1622
1136380 500 590562 909104 56819 170457
590562000000 0 0 472449600000 0 118112400000
4100750717857525593 1071 799788 3280600574286020475 439190401882540991 380959741688964127
115792089237316195423570985008687907853269984665640564039457584007913129620147 2000 762026 92633671389852956338856788006950326282615987732512451231566067206330503696118 23158417847463239084714197001737581570653996933128112807891516801582625924029 0
309485009821345068724781055 0 10000 247588007857076054979824844 0 61897001964269013744956211
514489999 933 0 411592000 48001916 54896083
6 500 10000 5 0 1
5125 0 10000 4100 0 1025
2260242 500 465215 1808194 113012 339036
465215000000 621 0 372172000000 28889851500 64153148500
904927908906432000 0 36696 723942327125145600 0 180985581781286400
115792089237316195423570985008687907853269984665640564039457584007913129623239 500 606939 92633671389852956338856788006950326282615987732512451231566067206330503698592 5789604461865809771178549250434395392663499233282028201972879200395656481161 17368813385597429313535647751303186177990497699846084605918637601186969443486
56539106072908298546665520023773392506479484700019806659891398441363832831 1276 10175 45231284858326638837332416019018714005183587760015845327913118753091066265 7214389934903098894554520355033484883826782247722527329802142441118025069 4093431279678560814778583649721193617469114692281434002176137247154741497
101750001 0 813618 81400001 0 20350000
10 874 357832 8 0 2
7832 2000 390973 6266 0 1566
1954867 2000 0 1563894 390973 0
520517000000 951 14204 416413600000 49501166700 54602233300
5698915402840864932 1554 0 4559132322272691946 885611453601470410 254171626966702576
115792089237316195423570985008687907853269984665640564039457584007913129626029 2000 0 92633671389852956338856788006950326282615987732512451231566067206330503700824 23158417847463239084714197001737581570653996933128112807891516801582625925205 0
21267647932558653966460912964485513215 1637 0 17014118346046923173168730371588410572 3481513966559851654309651452286278513 772015619951879138982531140610824130
216069998 500 517585 172855999 10803499 32410500
5 500 0 4 0 1
1899 1689 10000 1520 0 379
4395445 0 10000 3516356 0 879089
412759000000 0 10000 330207200000 0 82551800000
2788121314980047931 427 507967 2230497051984038345 119052780149648046 438571482846361540
115792089237316195423570985008687907853269984665640564039457584007913129631968 0 10000 92633671389852956338856788006950326282615987732512451231566067206330503705575 0 23158417847463239084714197001737581570653996933128112807891516801582625926393
5986310706507378352962293074805895248510699696029695 636 442408 4789048565205902682369834459844716198808559756823756 380729360933869263248401839557654937805280500667488 816532780367606407344056775403524111896859438538451
424079999 500 33404 339264000 21203999 63612000
8 0 37687 7 0 1
7687 500 203334 6150 0 1537
1016670 194 0 813336 19723 183611
618709000000 500 10000 494967200000 30935450000 92806350000
9286188088008350959 498 10000 7428950470406680768 462452166782815877 1394785450818854314
115792089237316195423570985008687907853269984665640564039457584007913129626436 1760 10000 92633671389852956338856788006950326282615987732512451231566067206330503701149 20379407705767650394548493361529071782175517301152739270944534785392710814252 2779010141695588690165703640208509788478479631975373536946982016189915111035
35184372088831 500 10000 28147497671065 1759218604441 5277655813325
619659999 2000 361703 495728000 123931999 0
7 500 226739 6 0 1
6739 0 500372 5392 0 1347
2501862 1054 839934 2001490 263696 236676
839934000000 478 902278 671947200000 40148845200 127837954800
3975221624201458710 0 10000 3180177299361166968 0 795044324840291742
115792089237316195423570985008687907853269984665640564039457584007913129636717 205 10000 92633671389852956338856788006950326282615987732512451231566067206330503709374 2373737829364982006183205192678102110992034685645631562808880472162219157552 20784680018098257078530991809059479459661962247482481245082636329420406769791
1461501637330902918203684832716283019655932542976 2000 963851 1169201309864722334562947866173026415724746034381 292300327466180583640736966543256603931186508595 0
638510000 490 10000 510808000 31286990 96415010
1 352 583188 1 0 0
3188 2000 0 2551 637 0
954032 2000 477492 763226 190806 0
477492000000 2000 10000 381993600000 95498400000 0
3030543498598405769 187 10000 2424434798878724616 56671163423790187 549437536295890966
115792089237316195423570985008687907853269984665640564039457584007913129625689 1671 10000 92633671389852956338856788006950326282615987732512451231566067206330503700552 19348858111555536255278711594951749402281414437628538250993362287722283960452 3809559735907702829435485406785832168372582495499574556898154513860341964685
4611686018427387904 0 662543 3689348814741910324 0 922337203685477580
625430000 2000 34274 500344000 125086000 0
2 0 0 2 0 0
2689 1103 703587 2152 0 537
3517936 1756 10000 2814349 617749 85838
501417000000 2000 0 401133600000 100283400000 0
7965312875596686416 1440 0 6372250300477349133 1147005054085922843 446057521033414440
115792089237316195423570985008687907853269984665640564039457584007913129634089 722 10000 92633671389852956338856788006950326282615987732512451231566067206330503707272 8360188842934229309581825117627266947006092892859248723648837565371327959581 14798229004529009775132371884110314623647904040268864084242679236211297967236
1329227995784915872903807060280344575 500 0 1063382396627932698323045648224275660 66461399789245793645190353014017228 199384199367737380935571059042051687
324430000 0 729476 259544000 0 64886000
4 500 0 4 0 0
7674 2000 0 6140 1534 0
3726775 403 0 2981420 150189 595166
921572000000 1881 662469 737257600000 173347693200 10966706800
11729186965661629401 1031 427169 9383349572529303521 1209279176159713991 1136558216972611889
115792089237316195423570985008687907853269984665640564039457584007913129632766 500 10000 92633671389852956338856788006950326282615987732512451231566067206330503706213 5789604461865809771178549250434395392663499233282028201972879200395656481638 17368813385597429313535647751303186177990497699846084605918637601186969444915
19342813113834066795298815 2000 676984 15474250491067253436239052 3868562622766813359059763 0
769839998 500 332221 615871999 38491999 115476000
9 235 10000 8 0 1
3708 2000 697398 2967 0 741
3486992 1577 281565 2789594 549898 147500
281565000000 1476 146764 225252000000 41558994000 14754006000
1917205613996802340 0 10000 1533764491197441872 0 383441122799360468
115792089237316195423570985008687907853269984665640564039457584007913129630794 0 452728 92633671389852956338856788006950326282615987732512451231566067206330503704636 0 23158417847463239084714197001737581570653996933128112807891516801582625926158
883423532389192164791648750371459257913741948437809479060803100646309887 0 977435 706738825911353731833319000297167406330993558750247583248642480517047910 0 176684706477838432958329750074291851582748389687561895812160620129261977
774349999 500 881516 619480000 38717499 116152500
4 1038 178173 4 0 0
8173 107 208106 6539 0 1634
1040530 500 10000 832424 52026 156080
355538000000 0 10000 284430400000 0 71107600000
3146693640255728022 1068 625738 2517354912204582418 336066880779311752 293271847271833852
115792089237316195423570985008687907853269984665640564039457584007913129634197 0 0 92633671389852956338856788006950326282615987732512451231566067206330503707358 0 23158417847463239084714197001737581570653996933128112807891516801582625926839
5575186299632655785383929568162090376495104 500 685814 4460149039706124628307143654529672301196084 278759314981632789269196478408104518824755 836277944944898367807589435224313556474265
858140001 0 10000 686512001 0 171628000
9 1199 10000 8 0 1
7942 2000 270553 6354 0 1588
1352766 0 529255 1082213 0 270553
529255000000 2000 10000 423404000000 105851000000 0
13835459394437894715 433 0 11068367515550315772 599075391779160841 2168016487108418102
115792089237316195423570985008687907853269984665640564039457584007913129639340 500 10000 92633671389852956338856788006950326282615987732512451231566067206330503711472 5789604461865809771178549250434395392663499233282028201972879200395656481967 17368813385597429313535647751303186177990497699846084605918637601186969445901
7067388259113537318333190002971674063309935587502475832486424805170479103 197 0 5653910607290829854666552002377339250647948470001980665989139844136383283 139227548704536685171163843058541979047205731073798773899982568661858438 1274250103118170778495474157535792833614781386426696392597302392372237382
257670000 192 0 206136000 4947264 46586736
10 1251 10000 8 0 2
9030 500 0 7224 451 1355
241602 2000 83820 193282 48320 0
83820000000 1888 0 67056000000 15825216000 938784000
4882331230769280080 1356 282432 3905864984615424064 662044114892314378 314422131261541638
115792089237316195423570985008687907853269984665640564039457584007913129637503 1307 611900 92633671389852956338856788006950326282615987732512451231566067206330503710003 15134026063317226741860727740635509556422386995799221719957106229834246043621 8024391784146012342853469261102072014231609937328891087934410571748379883879
140737488355327 2000 0 112589990684262 28147497671065 0
127009999 663 446098 101608000 8420762 16981237
10 1803 0 8 1 1
9540 247 943058 7632 0 1908
4715292 625 768721 3772234 294705 648353
768721000000 500 784978 614976800000 38436050000 115308150000
8825032470390288768 2000 759437 7060025976312231015 1765006494078057753 0
115792089237316195423570985008687907853269984665640564039457584007913129620498 500 10000 92633671389852956338856788006950326282615987732512451231566067206330503696399 5789604461865809771178549250434395392663499233282028201972879200395656481024 17368813385597429313535647751303186177990497699846084605918637601186969443075
1645504557321206042154969182557350504982735865633579863348609023 1081 996291 1316403645856964833723975346045880403986188692506863890678887219 177879042646422373156952168634449589588633747074989983227984635 151221868817818835274041667877020511407913426051725989441737169
962910001 1852 0 770328001 178330932 14251068
1 1043 204335 1 0 0
4335 1999 10000 3468 0 867
3415972 1106 298233 2732778 377806 305388
298233000000 0 10000 238586400000 0 59646600000
11671001145799342424 1572 10000 9336800916639473940 1834681380119656629 499518849040211855
115792089237316195423570985008687907853269984665640564039457584007913129639573 0 343755 92633671389852956338856788006950326282615987732512451231566067206330503711659 0 23158417847463239084714197001737581570653996933128112807891516801582625927914
158456325028528675187087900671 1660 735962 126765060022822940149670320537 26303749954735760081056591511 5387515050969974956360988623
359619998 1168 10000 287695999 42003615 29920384
5 0 196293 4 0 1
6293 1675 237074 5035 0 1258
1185370 500 346588 948296 59268 177806
346588000000 0 0 277270400000 0 69317600000
3648790156169206950 0 801977 2919032124935365560 0 729758031233841390
115792089237316195423570985008687907853269984665640564039457584007913129637958 500 705788 92633671389852956338856788006950326282615987732512451231566067206330503710367 5789604461865809771178549250434395392663499233282028201972879200395656481897 17368813385597429313535647751303186177990497699846084605918637601186969445694
4503599627370495 1518 0 3602879701896396 683646423434841 217073502039258
327209998 0 812805 261767999 0 65441999
5 2000 0 4 1 0
7955 2000 0 6364 1591 0
2810521 265 819318 2248417 74478 487626
819318000000 500 10000 655454400000 40965900000 122897700000
367189364628077776 1769 0 293751491702462221 64955798602706958 8482074322908597
115792089237316195423570985008687907853269984665640564039457584007913129630030 2000 10000 92633671389852956338856788006950326282615987732512451231566067206330503704024 23158417847463239084714197001737581570653996933128112807891516801582625926006 0
191561942608236107294793378393788647952342390272950271 556 10000 153249554086588885835834702715030918361873912218360217 10650844009017927565590511838694648826150236899176035 27661544512629293893368163840063080764318241155414019
434980001 2000 840211 347984001 86996000 0
3 0 997884 3 0 0
7884 0 0 6308 0 1576
3645 776 578747 2916 0 729
578747000000 498 10000 462997600000 28821600600 86927799400
2594361192272520057 942 684234 2075488953818016046 244388824312071389 274483414142432622
115792089237316195423570985008687907853269984665640564039457584007913129635701 1128 203149 92633671389852956338856788006950326282615987732512451231566067206330503708561 13061347665969266843778807108979996005848854270284255623650815476092601022907 10097070181493972240935389892757585564805142662843857184240701325490024904233
127 0 634564 102 0 25
345639998 500 0 276511999 17281999 51846000
0 1014 10000 0 0 0
9366 2000 183241 7493 0 1873
916206 500 365045 732965 45810 137431
365045000000 1695 518023 292036000000 61875127500 11133872500
16469301433410125193 2000 10000 13175441146728100155 3293860286682025038 0
115792089237316195423570985008687907853269984665640564039457584007913129626893 500 855591 92633671389852956338856788006950326282615987732512451231566067206330503701515 5789604461865809771178549250434395392663499233282028201972879200395656481344 17368813385597429313535647751303186177990497699846084605918637601186969444034
36893488147419103231 2000 0 29514790517935282585 7378697629483820646 0
204350000 822 864800 163480000 16797570 24072430
0 0 10000 0 0 0
8736 0 95895 6989 0 1747
479477 500 10000 383582 23973 71922
945755000000 2000 10000 756604000000 189151000000 0
330584220785170800 0 10000 264467376628136640 0 66116844157034160
115792089237316195423570985008687907853269984665640564039457584007913129623652 0 189327 92633671389852956338856788006950326282615987732512451231566067206330503698922 0 23158417847463239084714197001737581570653996933128112807891516801582625924730
288230376151711743 1319 407037 230584300921369395 38017586614410778 19628488615931570
70370001 2000 0 56296001 14074000 0
7 845 906880 6 0 1
6880 2000 0 5504 1376 0
1191225 694 10000 952980 82671 155574
708866000000 500 0 567092800000 35443300000 106329900000
9629623760177860692 2000 134235 7703699008142288554 1925924752035572138 0
115792089237316195423570985008687907853269984665640564039457584007913129625700 0 359064 92633671389852956338856788006950326282615987732512451231566067206330503700560 0 23158417847463239084714197001737581570653996933128112807891516801582625925140
63 0 607967 51 0 12
79669998 2000 0 63735999 15933999 0
10 0 857379 8 0 2
7379 915 285560 5904 0 1475
1427802 500 902630 1142242 71390 214170
902630000000 2000 102670 722104000000 180526000000 0
10043624725116210640 500 0 8034899780092968512 502181236255810532 1506543708767431596
115792089237316195423570985008687907853269984665640564039457584007913129626759 500 0 92633671389852956338856788006950326282615987732512451231566067206330503701408 5789604461865809771178549250434395392663499233282028201972879200395656481337 17368813385597429313535647751303186177990497699846084605918637601186969444014
324518553658426726783156020576256 500 779179 259614842926741381426524816461005 16225927682921336339157801028812 48677783048764009017473403086439
791789999 0 10000 633432000 0 158357999
1 0 10000 1 0 0
6167 500 10000 4934 0 1233
3753040 2000 10000 3002432 750608 0
441225000000 500 601791 352980000000 22061250000 66183750000
6092083147534001184 1681 10000 4873666518027200948 1024079177100465599 194337452406334637
115792089237316195423570985008687907853269984665640564039457584007913129631831 69 10000 92633671389852956338856788006950326282615987732512451231566067206330503705465 798965415737481748422639796559946564187562894192919891872257329654600594459 22359452431725757336291557205177635006466434038935192916019259471928025331907
680564733841876926926749214863536422912 0 10000 544451787073501541541399371890829138330 0 136112946768375385385349842972707284582
223660000 1140 10000 178928000 25497240 19234760
6 2000 648885 5 0 1
8885 2000 0 7108 1777 0
3048526 1517 0 2438821 462461 147244
391756000000 500 132129 313404800000 19587800000 58763400000
25315252154331384 2000 10000 20252201723465108 5063050430866276 0
115792089237316195423570985008687907853269984665640564039457584007913129634702 2000 0 92633671389852956338856788006950326282615987732512451231566067206330503707762 23158417847463239084714197001737581570653996933128112807891516801582625926940 0
766247770432944429179173513575154591809369561091801088 500 986319 612998216346355543343338810860123673447495648873440871 38312388521647221458958675678757729590468478054590054 114937165564941664376876027036273188771405434163770163
863190000 1869 0 690552000 161330211 11307789
6 500 459331 5 0 1
9331 1029 10000 7465 0 1866
3162245 1595 10000 2529796 504378 128071
806983000000 820 755299 645586400000 66172606000 95223994000
979244221669622886 1645 584 783395377335698309 161085674464652964 34763169869271613
115792089237316195423570985008687907853269984665640564039457584007913129639351 2000 0 92633671389852956338856788006950326282615987732512451231566067206330503711481 23158417847463239084714197001737581570653996933128112807891516801582625927870 0
200867255532373784442745261542645325315275374222849104412672 500 78061 160693804425899027554196209234116260252220299378279283530138 10043362776618689222137263077132266265763768711142455220633 30130088329856067666411789231396798797291306133427365661901
780609999 2000 320716 624488000 156121999 0
4 2000 74995 4 0 0
4995 1458 384078 3996 0 999
1920391 500 226643 1536313 96019 288059
226643000000 0 476574 181314400000 0 45328600000
12521133144434879716 1598 794193 10016906515547903773 2000877076480693778 503349552406282165
115792089237316195423570985008687907853269984665640564039457584007913129625742 908 0 92633671389852956338856788006950326282615987732512451231566067206330503700594 10513921702748310544460245438788862033076914607640163214782748627918512170017 12644496144714928540253951562948719537577082325487949593108768173664113755131
137438953471 1858 430399 109951162777 25536157554 1951633140
303990000 500 843737 243192000 15199500 45598500
1 2000 955668 1 0 0
5668 1622 517930 4535 0 1133
2589651 500 0 2071721 129482 388448
202676000000 0 0 162140800000 0 40535200000
276656795856797524 603 0 221325436685438020 16682404790164890 38648954381194614
115792089237316195423570985008687907853269984665640564039457584007913129631008 500 10000 92633671389852956338856788006950326282615987732512451231566067206330503704807 5789604461865809771178549250434395392663499233282028201972879200395656481550 17368813385597429313535647751303186177990497699846084605918637601186969444651
52656145834278593348959013841835216159447547700274555627155488768 1963 0 42124916667422874679167211073468172927558038160219644501724391015 10336401427268887874400654417152252932099553613563895269610622445 194827739586830795391148351214790299789955926491015855820475308
212770001 664 0 170216001 14127928 28426072
1 0 4645 1 0 0
4645 0 767215 3716 0 929
3836077 2000 5289 3068862 767215 0
5289000000 1228 269276 4231200000 649489200 408310800
11468011880395841208 120 859249 9174409504316672967 137616142564750094 2155986233514418147
115792089237316195423570985008687907853269984665640564039457584007913129620686 500 711940 92633671389852956338856788006950326282615987732512451231566067206330503696549 5789604461865809771178549250434395392663499233282028201972879200395656481034 17368813385597429313535647751303186177990497699846084605918637601186969443103
63 1145 812502 51 0 12
125020000 612 991797 100016000 7651224 17352776
5 788 10000 4 0 1
168 693 0 135 11 22
4654736 1882 0 3723789 876021 54926
85054000000 1448 814904 68043200000 12315819200 4694980800
7625893073561748760 0 490680 6100714458849399008 0 1525178614712349752
115792089237316195423570985008687907853269984665640564039457584007913129629255 500 10000 92633671389852956338856788006950326282615987732512451231566067206330503703404 5789604461865809771178549250434395392663499233282028201972879200395656481462 17368813385597429313535647751303186177990497699846084605918637601186969444389
105312291668557186697918027683670432318895095400549111254310977536 0 0 84249833334845749358334422146936345855116076320439289003448782029 0 21062458333711437339583605536734086463779019080109822250862195507
749770000 248 0 599816000 18594296 131359704
3 2000 0 3 0 0
803 2000 0 643 160 0
1241385 2000 0 993108 248277 0
82554000000 814 223069 66043200000 6719895600 9790904400
432498061708429153 500 805304 345998449366743323 21624903085421457 64874709256264373
115792089237316195423570985008687907853269984665640564039457584007913129634631 500 0 92633671389852956338856788006950326282615987732512451231566067206330503707705 5789604461865809771178549250434395392663499233282028201972879200395656481731 17368813385597429313535647751303186177990497699846084605918637601186969445195
1496577676626844588240573268701473812127674924007424 500 0 1197262141301475670592458614961179049702139939205940 74828883831342229412028663435073690606383746200371 224486651494026688236085990305221071819151238601113
8650000 1453 625501 6920000 1256845 473155
5 0 0 4 0 1
416 503 0 333 20 63
640010 996 0 512008 63744 64258
427834000000 751 10000 342267200000 32130333400 53436466600
2926444975183914860 0 144334 2341155980147131888 0 585288995036782972
115792089237316195423570985008687907853269984665640564039457584007913129635601 500 0 92633671389852956338856788006950326282615987732512451231566067206330503708481 5789604461865809771178549250434395392663499233282028201972879200395656481780 17368813385597429313535647751303186177990497699846084605918637601186969445340
220855883097298041197912187592864814478435487109452369765200775161577471 0 415457 176684706477838432958329750074291851582748389687561895812160620129261977 0 44171176619459608239582437518572962895687097421890473953040155032315494
154570001 1796 10000 123656001 27760772 3153228
1 230 10000 1 0 0
251 0 0 201 0 50
1069611 2000 572811 855689 213922 0
572811000000 1304 642075 458248800000 74694554400 39867645600
2967666653612459850 611 203902 2374133322889967880 181324432535721296 412208898186770674
115792089237316195423570985008687907853269984665640564039457584007913129636033 0 514695 92633671389852956338856788006950326282615987732512451231566067206330503708827 0 23158417847463239084714197001737581570653996933128112807891516801582625927206
766247770432944429179173513575154591809369561091801088 2000 10000 612998216346355543343338810860123673447495648873440871 153249554086588885835834702715030918361873912218360217 0
264820000 2000 10000 211856000 52964000 0
11 836 779834 9 0 2
9834 500 51655 7868 0 1966
258275 1781 0 206620 45998 5657
319782000000 500 10000 255825600000 15989100000 47967300000
1993895728131568976 645 106303 1595116582505255181 128606274464486198 270172871161827597
115792089237316195423570985008687907853269984665640564039457584007913129633632 0 10000 92633671389852956338856788006950326282615987732512451231566067206330503706906 0 23158417847463239084714197001737581570653996933128112807891516801582625926726
22300745198530623141535718272648361505980416 279 964266 17840596158824498513228574618118689204784333 622190791039004385648846539806889286016853 3837958248667120242658297114722783015179230
642660000 1063 848239 514128000 68314758 60217242
3 172 10000 3 0 0
8446 2000 0 6757 1689 0
1936737 2000 133590 1549390 387347 0
133590000000 500 367344 106872000000 6679500000 20038500000
1403670558606719808 500 465740 1122936446885375847 70183527930335990 210550583791007971
115792089237316195423570985008687907853269984665640564039457584007913129634195 500 539710 92633671389852956338856788006950326282615987732512451231566067206330503707356 5789604461865809771178549250434395392663499233282028201972879200395656481709 17368813385597429313535647751303186177990497699846084605918637601186969445130
35184372088832 0 412278 28147497671066 0 7036874417766
122780001 2000 500829 98224001 24556000 0
5 0 10000 4 0 1
9770 31 474112 7816 0 1954
2370561 2000 0 1896449 474112 0
97895000000 0 10000 78316000000 0 19579000000
2362653198954907439 530 0 1890122559163925952 125220619544610094 347310020246371393
115792089237316195423570985008687907853269984665640564039457584007913129629785 500 668736 92633671389852956338856788006950326282615987732512451231566067206330503703828 5789604461865809771178549250434395392663499233282028201972879200395656481489 17368813385597429313535647751303186177990497699846084605918637601186969444468
4096 500 147215 3277 0 819
472150000 2000 44521 377720000 94430000 0
1 1227 10000 1 0 0
6238 2000 819071 4991 0 1247
4095357 500 455022 3276286 204767 614304
455022000000 927 0 364017600000 42180539400 48823860600
730915240184992300 1788 0 584732192147993840 130687644945076623 15495403091921837
115792089237316195423570985008687907853269984665640564039457584007913129623543 500 0 92633671389852956338856788006950326282615987732512451231566067206330503698835 5789604461865809771178549250434395392663499233282028201972879200395656481177 17368813385597429313535647751303186177990497699846084605918637601186969443531
158456325028528675187087900671 0 10000 126765060022822940149670320537 0 31691265005705735037417580134
446290001 2000 10000 357032001 89258000 0
11 2000 805510 9 0 2
5510 0 10000 4408 0 1102
1776945 0 0 1421556 0 355389
949450000000 285 0 759560000000 27059325000 162830675000
5928299320791449732 521 10000 4742639456633159786 308864394613234531 876795469545055415
115792089237316195423570985008687907853269984665640564039457584007913129636941 2000 963531 92633671389852956338856788006950326282615987732512451231566067206330503709553 23158417847463239084714197001737581570653996933128112807891516801582625927388 0
52656145834278593348959013841835216159447547700274555627155488767 2000 464606 42124916667422874679167211073468172927558038160219644501724391014 10531229166855718669791802768367043231889509540054911125431097753 0
646060001 551 10000 516848001 35597906 93614094
7 0 88055 6 0 1
8055 0 10000 6444 0 1611
3722587 946 0 2978070 352156 392361
606756000000 1071 573569 485404800000 64983567600 56367632400
27134745544175911 27 10000 21707796435340729 73263812969274 5353685295865908
115792089237316195423570985008687907853269984665640564039457584007913129635073 500 599890 92633671389852956338856788006950326282615987732512451231566067206330503708059 5789604461865809771178549250434395392663499233282028201972879200395656481753 17368813385597429313535647751303186177990497699846084605918637601186969445261
13164036458569648337239753460458804039861886925068638906788872191 2000 938059 10531229166855718669791802768367043231889509540054911125431097753 2632807291713929667447950692091760807972377385013727781357774438 0
380590001 105 170463 304472001 3996195 72121805
3 0 10000 3 0 0
255 500 10000 204 0 51
4878050 1547 10000 3902440 754634 220976
698837000000 1550 0 559069600000 108319735000 31447665000
10484555612719355843 228 441224 8387644490175484675 239047867970001313 1857863254573869855
115792089237316195423570985008687907853269984665640564039457584007913129638711 2000 351012 92633671389852956338856788006950326282615987732512451231566067206330503710969 23158417847463239084714197001737581570653996933128112807891516801582625927742 0
20282409603651670423947251286016 500 113478 16225927682921336339157801028813 1014120480182583521197362564300 3042361440547750563592087692903
134779998 0 849566 107823999 0 26955999
6 500 0 5 0 1
3966 0 10000 3173 0 793
2754801 2000 319413 2203841 550960 0
319413000000 1988 36516 255530400000 63499304400 383295600
351187759882501352 500 940983 280950207906001082 17559387994125067 52678163982375203
115792089237316195423570985008687907853269984665640564039457584007913129638952 518 0 92633671389852956338856788006950326282615987732512451231566067206330503711162 5998030222492978922940977023450033626799385205680181217243902851609900115297 17160387624970260161773219978287547943854611727447931590647613949972725812493
36893488147419103231 0 358095 29514790517935282585 0 7378697629483820646
580949999 1675 485398 464760000 97309124 18880875
10 389 0 8 0 2
7607 1063 39643 6086 0 1521
198216 2000 10000 158573 39643 0
292680000000 939 240385 234144000000 27482652000 31053348000
13852450345543099935 2000 809891 11081960276434479948 2770490069108619987 0
115792089237316195423570985008687907853269984665640564039457584007913129630044 0 0 92633671389852956338856788006950326282615987732512451231566067206330503704036 0 23158417847463239084714197001737581570653996933128112807891516801582625926008
107839786668602559178668060348078522694548577690162289924414440996864 1970 10000 86271829334882047342934448278462818155638862152129831939531552797492 21244437973714704158197607888571468970826069804961971115109644876382 323519360005807677536004181044235568083645733070486869773243322990
903970000 1742 0 723176000 157471574 23322426
10 2000 226819 8 0 2
6819 0 865103 5456 0 1363
4325515 272 438961 3460412 117654 747449
438961000000 1204 928768 351168800000 52850904400 34941295600
12756193626432717120 0 0 10204954901146173696 0 2551238725286543424
115792089237316195423570985008687907853269984665640564039457584007913129622136 1315 10000 92633671389852956338856788006950326282615987732512451231566067206330503697709 15226659734707079698199584528642459882705002983531734171188672297040576545310 7931758112756159386514612473095121687948993949596378636702844504542049379117
53919893334301279589334030174039261347274288845081144962207220498431 6 0 43135914667441023671467224139231409077819431076064915969765776398745 32351936000580767753600418104423556808364573307048686977324332299 10751626730859675150113205616703428712646493195709180305464119767387
289230000 2000 10000 231384000 57846000 0
4 500 401762 4 0 0
1762 0 10000 1410 0 352
919512 500 761269 735610 45975 137927
761269000000 2000 0 609015200000 152253800000 0
4936587603684127144 830 30396 3949270082947301716 409736771105782552 577580749631042876
115792089237316195423570985008687907853269984665640564039457584007913129629539 615 566747 92633671389852956338856788006950326282615987732512451231566067206330503703632 7121213488094946018549615578034306332976104056936894688426641416486657472216 16037204359368293066164581423703275237677892876191218119464875385095968453691
147573952589676412928 2000 867109 118059162071741130343 29514790517935282585 0
671089998 0 10000 536871999 0 134217999
6 0 995104 5 0 1
5104 2000 0 4084 1020 0
3085751 568 694515 2468601 175270 441880
694515000000 500 108828 555612000000 34725750000 104177250000
185009380165193972 1244 0 148007504132155178 23015166892550130 13986709140488664
115792089237316195423570985008687907853269984665640564039457584007913129637269 520 0 92633671389852956338856788006950326282615987732512451231566067206330503709816 6021188640340442162025691220451771208370039202613309330051794368411482741137 17137229207122796922688505781285810362283957730514803477839722433171143186316
102844034832575377634685573909834406561420991602098741459288064 500 207729 82275227866060302107748459127867525249136793281678993167430452 5142201741628768881734278695491720328071049580104937072964403 15426605224886306645202836086475160984213148740314811218893209
77289999 0 285260 61832000 0 15457999
0 500 115477 0 0 0
5477 500 341188 4382 0 1095
1705940 500 0 1364752 85297 255891
55827000000 1856 0 44661600000 10361491200 803908800
1918032596847486750 330 481973 1534426077477989400 63295075695967062 320311443673530288
115792089237316195423570985008687907853269984665640564039457584007913129637962 0 10000 92633671389852956338856788006950326282615987732512451231566067206330503710370 0 23158417847463239084714197001737581570653996933128112807891516801582625927592
26959946667150639794667015087019630673637144422540572481103610249216 584 297117 21567957333720511835733612069615704538909715538032457984882888199373 1574460885361597364008553681081946431340409234276369432896450838554 3817528448068530594924849336321979703387019650231745063324271211289
971170001 1720 272600 776936001 167041240 27192760
0 0 856028 0 0 0
6028 500 10000 4823 0 1205
3481491 2000 10000 2785193 696298 0
577047000000 0 10000 461637600000 0 115409400000
4678497282748872996 1902 10000 3742797826199098397 889850183178835643 45849273370938956
115792089237316195423570985008687907853269984665640564039457584007913129625312 1693 10000 92633671389852956338856788006950326282615987732512451231566067206330503700250 19603600707877631885210567761970862799558608403892947491880168972539692845565 3554817139585607199503629239766718771095388529235165316011347829042933079497
8192 717 177876 6554 0 1638
778759998 2000 0 623007999 155751999 0
2 670 10000 2 0 0
8768 2000 307877 7015 0 1753
1539385 1033 10000 1231508 159018 148859
787411000000 1706 0 629928800000 134332316600 23149883400
2764494243228268980 0 0 2211595394582615184 0 552898848645653796
115792089237316195423570985008687907853269984665640564039457584007913129639162 2000 406665 92633671389852956338856788006950326282615987732512451231566067206330503711330 23158417847463239084714197001737581570653996933128112807891516801582625927832 0
113078212145816597093331040047546785012958969400039613319782796882727665663 1633 10000 90462569716653277674664832038037428010367175520031690655826237506182132531 18465672043411850305340958839764389992616199703026468855120530730949427802 4149970385751469113325249169744967009975594176981453808836028645596105330
461919999 49 0 369536000 2263407 90120592
11 339 10000 9 0 2
2640 1812 529534 2112 0 528
2647671 191 132592 2118137 50570 478964
132592000000 1199 550637 106073600000 15897780800 10620619200
1532149558900262402 2000 654473 1225719647120209922 306429911780052480 0
115792089237316195423570985008687907853269984665640564039457584007913129625462 0 102087 92633671389852956338856788006950326282615987732512451231566067206330503700370 0 23158417847463239084714197001737581570653996933128112807891516801582625925092
11150372599265311570767859136324180752990207 274 44819 8920298079412249256614287309059344602392166 305520209219869537039039340335282552631931 1924554310633192777114532486929553597966110
448189998 2000 795205 358551999 89637999 0
5 1747 10000 4 0 1
7761 500 10000 6209 0 1552
2905917 650 0 2324734 188884 392299
657216000000 0 689591 525772800000 0 131443200000
8864545625167476773 1316 120879 7091636500133981419 1166574204272039943 606334920761455411
115792089237316195423570985008687907853269984665640564039457584007913129639056 2000 10000 92633671389852956338856788006950326282615987732512451231566067206330503711245 23158417847463239084714197001737581570653996933128112807891516801582625927811 0
39614081257132168796771975167 0 920875 31691265005705735037417580134 0 7922816251426433759354395033
208750001 108 950973 167000001 2254500 39495500
5 976 543528 4 0 1
3528 0 358673 2823 0 705
1793366 2000 10000 1434693 358673 0
603851000000 2000 29768 483080800000 120770200000 0
944730195103652056 500 0 755784156082921645 47236509755182602 141709529265547809
115792089237316195423570985008687907853269984665640564039457584007913129623819 1419 10000 92633671389852956338856788006950326282615987732512451231566067206330503699056 16430897462775168130604722772732814124379010824054396037199031170722873093619 6727520384688070954109474229004767446274986109073716770692485630859752831144
324518553658426726783156020576255 500 431683 259614842926741381426524816461004 16225927682921336339157801028812 48677783048764009017473403086439
316830000 2000 243613 253464000 63366000 0
9 666 0 8 0 1
2376 500 10000 1901 0 475
4871970 0 529883 3897576 0 974394
529883000000 823 10000 423906400000 43609370900 62367229100
105046008910987839 500 798679 84036807128790272 5252300445549391 15756901336648176
115792089237316195423570985008687907853269984665640564039457584007913129621256 1804 935407 92633671389852956338856788006950326282615987732512451231566067206330503697005 20888892898411841654412205695567298576729905233681557752718148155027528583674 2269524949051397430301991306170282993924091699446555055173368646555097340577
784637716923335095479473677900958302012794430558004314111 500 711256 627710173538668076383578942320766641610235544446403451289 39231885846166754773973683895047915100639721527900215705 117695657538500264321921051685143745301919164583700647117
112559998 1952 10000 90047999 21971711 540288
7 2000 743020 6 0 1
3020 1617 10000 2416 0 604
2770232 0 2093 2216186 0 554046
2093000000 529 0 1674400000 110719700 307880300
5506193699047328056 500 0 4404954959237862445 275309684952366402 825929054857099209
115792089237316195423570985008687907853269984665640564039457584007913129624867 1296 10000 92633671389852956338856788006950326282615987732512451231566067206330503699894 15006654765156178926894799657125952857783790012667017099513702887425541599382 8151763082307060157819397344611628712870206920461095708377813914157084325591
1125899906842624 2000 976250 900719925474100 225179981368524 0
762499999 0 0 610000000 0 152499999
3 1602 0 3 0 0
2629 1245 0 2104 327 198
3325262 2000 0 2660210 665052 0
723781000000 534 0 579024800000 38649905400 106106294600
9282744643498810704 500 10000 7426195714799048564 464137232174940535 1392411696524821605
115792089237316195423570985008687907853269984665640564039457584007913129622181 215 292237 92633671389852956338856788006950326282615987732512451231566067206330503697745 2489529918602298201606776177686790018845304670311272126848338056170132286876 20668887928860940883107420824050791551808692262816840681043178745412493637560
401734511064747568885490523085290650630550748445698208825344 500 10000 321387608851798055108392418468232520504440598756558567060276 20086725553237378444274526154264532531527537422284910441267 60260176659712135332823578462793597594582612266854731323801
68050001 0 0 54440001 0 13610000
3 2000 243180 3 0 0
3180 2000 10000 2544 0 636
4053371 1517 651102 3242697 614896 195778
651102000000 560 917616 520881600000 36461712000 93758688000
6527702049277386224 1817 695196 5222161639421908980 1186083462353701076 119456947501776168
115792089237316195423570985008687907853269984665640564039457584007913129624739 500 133981 92633671389852956338856788006950326282615987732512451231566067206330503699792 5789604461865809771178549250434395392663499233282028201972879200395656481236 17368813385597429313535647751303186177990497699846084605918637601186969443711
9671406556917033397649408 500 10000 7737125245533626718119527 483570327845851669882470 1450710983537555009647411
757269998 1745 906974 605815999 132143614 19310385
2 0 172689 2 0 0
2689 2000 0 2152 537 0
4988721 452 42722 3990977 225490 772254
42722000000 1801 10000 34177600000 7694232200 850167800
3097267656547284528 500 249745 2477814125237827623 154863382827364226 464590148482092679
115792089237316195423570985008687907853269984665640564039457584007913129630190 1604 10000 92633671389852956338856788006950326282615987732512451231566067206330503704152 18573051113665517745940785995393540419664505540368746471928996474869265992682 4585366733797721338773411006344041150989491392759366335962520326713359933356
1152921504606846976 0 10000 922337203685477581 0 230584300921369395
277429998 0 10000 221943999 0 55485999
1 686 0 1 0 0
4705 2000 536178 3764 0 941
2680892 2000 0 2144714 536178 0
306797000000 0 0 245437600000 0 61359400000
2223161019638022996 1182 892765 1778528815710418397 262777632521214318 181854571406390281
115792089237316195423570985008687907853269984665640564039457584007913129627170 720 585238 92633671389852956338856788006950326282615987732512451231566067206330503701736 8337030425086766070497110920625529365435438895926120610840946048569745333156 14821387422376473014217086081112052205218558037201992197050570753012880592278
2047 500 562910 1638 0 409
629100000 2000 38054 503280000 125820000 0
10 2000 508033 8 0 2
8033 0 10000 6427 0 1606
3068675 1677 10000 2454940 514616 99119
858950000000 1218 233771 687160000000 104620110000 67169890000
4052901183910166349 264 552015 3242320947128133080 106996591255228391 703583645526804878
115792089237316195423570985008687907853269984665640564039457584007913129627920 0 10000 92633671389852956338856788006950326282615987732512451231566067206330503702336 0 23158417847463239084714197001737581570653996933128112807891516801582625925584
766247770432944429179173513575154591809369561091801087 1464 10000 612998216346355543343338810860123673447495648873440870 112178673591383064431831002387402632240891703743839679 41070880495205821404003700327628286120982208474520538
286519999 2000 10000 229216000 57303999 0
3 1069 10000 3 0 0
1466 1812 337173 1173 0 293
1685866 1182 138821 1348693 199269 137904
138821000000 45 533249 111056800000 624694500 27139505500
5499858116454155144 2000 10000 4399886493163324116 1099971623290831028 0
115792089237316195423570985008687907853269984665640564039457584007913129629425 2000 10000 92633671389852956338856788006950326282615987732512451231566067206330503703540 23158417847463239084714197001737581570653996933128112807891516801582625925885 0
1208925819614629174706176 1854 522284 967140655691703339764941 224134846956552248990525 17650316966373585950710
222839999 0 0 178272000 0 44567999
7 2000 747710 6 0 1
7710 917 0 6168 707 835
3766286 0 306728 3013029 0 753257
306728000000 500 587925 245382400000 15336400000 46009200000
3889067834328652350 500 0 3111254267462921880 194453391716432617 583360175149297853
115792089237316195423570985008687907853269984665640564039457584007913129634258 2000 10000 92633671389852956338856788006950326282615987732512451231566067206330503707407 23158417847463239084714197001737581570653996933128112807891516801582625926851 0
102844034832575377634685573909834406561420991602098741459288063 500 10000 82275227866060302107748459127867525249136793281678993167430451 5142201741628768881734278695491720328071049580104937072964403 15426605224886306645202836086475160984213148740314811218893209
778549998 0 0 622839999 0 155709999
1 224 145070 1 0 0
5070 500 10000 4056 0 1014
3631556 2000 0 2905245 726311 0
435129000000 939 0 348103200000 40858613100 46167186900
191681404349465745 0 10000 153345123479572596 0 38336280869893149
115792089237316195423570985008687907853269984665640564039457584007913129633864 1397 74569 92633671389852956338856788006950326282615987732512451231566067206330503707092 16176154866453072500672866605713700727101816857789986796312224485905464209850 6982262981010166584041330396023880843552180075338126011579292315677161716922
131072 932 142099 104858 0 26214
420990001 1826 213156 336792001 76872774 7325226
4 1 0 4 0 0
6283 187 0 5027 117 1139
2465717 2000 0 1972574 493143 0
454803000000 500 0 363842400000 22740150000 68220450000
2455552483555484293 500 878352 1964441986844387435 122777624177774214 368332872533322644
115792089237316195423570985008687907853269984665640564039457584007913129621583 500 656943 92633671389852956338856788006950326282615987732512451231566067206330503697267 5789604461865809771178549250434395392663499233282028201972879200395656481079 17368813385597429313535647751303186177990497699846084605918637601186969443237
3369993333393829974333376885877453834204643052817571560137951281152 2000 240012 2695994666715063979466701508701963067363714442254057248110361024922 673998666678765994866675377175490766840928610563514312027590256230 0
400119999 2000 497506 320096000 80023999 0
6 2000 608110 5 0 1
8110 2000 10000 6488 0 1622
2534491 790 306399 2027593 200224 306674
306399000000 1192 969629 245119200000 36522760800 24757039200
2462710983850513159 2000 10000 1970168787080410528 492542196770102631 0
115792089237316195423570985008687907853269984665640564039457584007913129638949 0 0 92633671389852956338856788006950326282615987732512451231566067206330503711160 0 23158417847463239084714197001737581570653996933128112807891516801582625927789
5708990770823839524233143877797980545530986496 2000 833492 4567192616659071619386515102238384436424789197 1141798154164767904846628775559596109106197299 0
334920000 500 993819 267936000 16746000 50238000
11 1099 0 9 1 1
1718 500 798794 1375 0 343
3993972 2000 538912 3195178 798794 0
538912000000 374 10000 431129600000 20155308800 87627091200
67964843581410201 1442 133114 54371874865128161 9800530444439350 3792438271842690
115792089237316195423570985008687907853269984665640564039457584007913129626821 360 883558 92633671389852956338856788006950326282615987732512451231566067206330503701457 4168515212543383035248555460312764682717719447963060305420473024284872666565 18989902634919856049465641541424816887936277485165052502471043777297753258799
226156424291633194186662080095093570025917938800079226639565593765455331327 274 490097 180925139433306555349329664076074856020734351040063381311652475012364265062 6196686025590749520714540994605563818710151523122170809924097269173476078 39034598832735889316617875024413150186473436236893674517989021483917590187
900969999 0 704279 720776000 0 180193999
3 2000 0 3 0 0
8427 1172 841067 6742 0 1685
4205336 500 10000 3364269 210266 630801
820967000000 500 0 656773600000 41048350000 123145050000
6186754348700256128 283 712818 4949403478960204903 175085148068217248 1062265721671833977
115792089237316195423570985008687907853269984665640564039457584007913129627117 500 10000 92633671389852956338856788006950326282615987732512451231566067206330503701694 5789604461865809771178549250434395392663499233282028201972879200395656481355 17368813385597429313535647751303186177990497699846084605918637601186969444068
41538374868278621028243970633760768 704 42281 33230699894622896822595176507008615 2924301590726814920388375532616758 5383373382928909285260418594135395
422810001 2000 0 338248001 84562000 0
1 500 875751 1 0 0
5751 2000 0 4601 1150 0
4856927 0 655092 3885542 0 971385
655092000000 1320 10000 524073600000 86472144000 44546256000
1045703633793671151 500 568094 836562907034936921 52285181689683557 156855545069050673
115792089237316195423570985008687907853269984665640564039457584007913129631841 1526 10000 92633671389852956338856788006950326282615987732512451231566067206330503705473 17669872817614451421636932312325774738408999659976750072421227319607543581818 5488545029848787663077264689411806832244997273151362735470289481975082344550
52656145834278593348959013841835216159447547700274555627155488768 500 821443 42124916667422874679167211073468172927558038160219644501724391015 2632807291713929667447950692091760807972377385013727781357774438 7898421875141789002343852076275282423917132155041183344073323315
214429998 2000 814583 171543999 42885999 0
7 2000 10000 6 0 1
8424 500 800764 6740 0 1684
4003822 341 10000 3203058 136530 664234
716155000000 500 298787 572924000000 35807750000 107423250000
3249616199439175466 870 0 2599692959551340373 282716609351208265 367206630536626828
115792089237316195423570985008687907853269984665640564039457584007913129627205 285 10000 92633671389852956338856788006950326282615987732512451231566067206330503701764 3300074543263511569571773072747605373818194562970756075124541144225524194375 19858343304199727515142423928989976196835802370157356732766975657357101731066
55213970774324510299478046898216203619608871777363092441300193790394368 1036 959673 44171176619459608239582437518572962895687097421890473953040155032315495 5720167372220019267025925658655198694991479116134816376918700076684856 5322626782644882792869683720988042028930295239337802111341338681394017
596729998 0 173192 477383999 0 119345999
0 42 0 0 0 0
6617 500 658467 5294 0 1323
3292337 1641 178426 2633870 540272 118195
178426000000 2000 10000 142740800000 35685200000 0
5644283567449150602 2000 890547 4515426853959320482 1128856713489830120 0
115792089237316195423570985008687907853269984665640564039457584007913129629388 1315 0 92633671389852956338856788006950326282615987732512451231566067206330503703511 15226659734707079698199584528642459882705002983531734171188672297040576546264 7931758112756159386514612473095121687948993949596378636702844504542049379613
401734511064747568885490523085290650630550748445698208825343 2000 10000 321387608851798055108392418468232520504440598756558567060275 80346902212949513777098104617058130126110149689139641765068 0
125280001 500 702473 100224001 6264000 18792000
9 2000 462256 8 0 1
2256 576 57726 1805 0 451
288632 500 0 230906 14431 43295
869535000000 0 0 695628000000 0 173907000000
880837007540024769 2000 41904 704669606032019816 176167401508004953 0
115792089237316195423570985008687907853269984665640564039457584007913129638031 500 816205 92633671389852956338856788006950326282615987732512451231566067206330503710425 5789604461865809771178549250434395392663499233282028201972879200395656481901 17368813385597429313535647751303186177990497699846084605918637601186969445705
32 1816 999767 26 0 6
997670000 2000 0 798136000 199534000 0
9 973 0 8 0 1
1887 0 416990 1510 0 377
2084951 1706 535725 1667961 355692 61298
535725000000 500 0 428580000000 26786250000 80358750000
3304372138379591741 500 264369 2643497710703673393 165218606918979587 495655820756938761
115792089237316195423570985008687907853269984665640564039457584007913129635566 0 766094 92633671389852956338856788006950326282615987732512451231566067206330503708453 0 23158417847463239084714197001737581570653996933128112807891516801582625927113
8796093022208 1594 395253 7036874417767 1402097227739 357121376702
952530001 1380 266394 762024001 131449140 59056860
6 41 922947 5 0 1
2947 0 10000 2358 0 589
519736 1929 0 415789 100257 3690
98267000000 0 435875 78613600000 0 19653400000
2214455197282259250 500 0 1771564157825807400 110722759864112962 332168279592338888
115792089237316195423570985008687907853269984665640564039457584007913129623253 2000 18693 92633671389852956338856788006950326282615987732512451231566067206330503698603 23158417847463239084714197001737581570653996933128112807891516801582625924650 0
205688069665150755269371147819668813122841983204197482918576128 2000 10000 164550455732120604215496918255735050498273586563357986334860903 41137613933030151053874229563933762624568396640839496583715225 0
796170001 1631 10000 636936001 129855327 29378673
5 2000 287094 4 0 1
7094 2000 10000 5676 0 1418
4225135 1637 10000 3380108 691654 153373
583904000000 0 336746 467123200000 0 116780800000
1271970109813871552 500 560528 1017576087851097242 63598505490693577 190795516472080733
115792089237316195423570985008687907853269984665640564039457584007913129639407 500 0 92633671389852956338856788006950326282615987732512451231566067206330503711526 5789604461865809771178549250434395392663499233282028201972879200395656481970 17368813385597429313535647751303186177990497699846084605918637601186969445911
162259276829213363391578010288127 935 89187 129807421463370690713262408230502 15171242383531449477112543961939 17280612982311223201203058095686
891870000 500 0 713496000 44593500 133780500
0 500 0 0 0 0
5831 821 953152 4665 0 1166
4765760 2000 0 3812608 953152 0
407778000000 770 795652 326222400000 31398906000 50156694000
2345158031416259932 2000 520928 1876126425133007946 469031606283251986 0
115792089237316195423570985008687907853269984665640564039457584007913129639007 409 295738 92633671389852956338856788006950326282615987732512451231566067206330503711206 4735896449806232392824053286855335431198742372824699069213815185923647002235 18422521397657006691890143714882246139455254560303413738677701615658978925566
70368744177663 500 207456 56294995342131 3518437208883 10555311626649
74560001 809 10000 59648001 6031904 8880096
0 1497 916613 0 0 0
6613 381 0 5291 251 1071
3213495 2000 722053 2570796 642699 0
722053000000 78 10000 577642400000 5632013400 138778586600
1203625566365642688 648 10000 962900453092514151 77994936700493646 162730176572634891
115792089237316195423570985008687907853269984665640564039457584007913129633142 0 10000 92633671389852956338856788006950326282615987732512451231566067206330503706514 0 23158417847463239084714197001737581570653996933128112807891516801582625926628
2251799813685247 0 0 1801439850948198 0 450359962737049
485139999 2000 0 388112000 97027999 0
0 500 0 0 0 0
7850 1337 10000 6280 0 1570
607771 2000 10000 486217 121554 0
398657000000 0 10000 318925600000 0 79731400000
2976484996323641550 500 10000 2381187997058913240 148824249816182077 446472749448546233
115792089237316195423570985008687907853269984665640564039457584007913129628381 964 316021 92633671389852956338856788006950326282615987732512451231566067206330503702705 11162357402477281238832242954837514317055226521767750373403711098362825696175 11996060444985957845881954046900067253598770411360362434487805703219800229501
200867255532373784442745261542645325315275374222849104412671 0 10000 160693804425899027554196209234116260252220299378279283530137 0 40173451106474756888549052308529065063055074844569820882534
212680001 676 0 170144001 14377168 28158832
8 500 10000 7 0 1
4562 1286 10000 3650 0 912
3957761 1858 258244 3166209 735351 56201
258244000000 0 0 206595200000 0 51648800000
3801146824917530589 1457 143616 3040917459934024472 553827092390484206 206402272593021911
115792089237316195423570985008687907853269984665640564039457584007913129636319 1740 10000 92633671389852956338856788006950326282615987732512451231566067206330503709056 20147823527293018003701351391511695966468977331821458142865619617376884556719 3010594320170221081012845610225885604185019601306654665025897184205741370544
27606985387162255149739023449108101809804435888681546220650096895197184 1046 798783 22085588309729804119791218759286481447843548710945236976520077516157748 2887690671497171888662701852776707449305543993956089734680000135237625 2633706405935279141285102837044912912655343183780219509450019243801811
987829999 2000 764394 790264000 197565999 0
2 1816 0 2 0 0
136 500 463582 109 0 27
2317912 92 10000 1854330 21324 442258
554129000000 813 10000 443303200000 45050687700 65775112300
16256641773845325905 1897 0 13005313419076260724 3083884944498458324 167443410270606857
115792089237316195423570985008687907853269984665640564039457584007913129623308 2000 226879 92633671389852956338856788006950326282615987732512451231566067206330503698647 23158417847463239084714197001737581570653996933128112807891516801582625924661 0
75557863725914323419135 500 0 60446290980731458735308 3777893186295716170956 11333679558887148512871
547120001 579 414165 437696001 31678248 77745752
9 1016 10000 8 0 1
3373 1910 10000 2699 0 674
1611710 1642 10000 1289368 264642 57700
847818000000 2000 775072 678254400000 169563600000 0
5296152981934067616 257 0 4236922385547254093 136111131635705537 923119464751107986
115792089237316195423570985008687907853269984665640564039457584007913129626165 1337 10000 92633671389852956338856788006950326282615987732512451231566067206330503700932 15481402331029175328131440695661573279982196949796143412075478981857985431018 7677015516434063756582756306076008290671799983331969395816037819724640494215
10141204801825835211973625643008 2000 0 8112963841460668169578900514407 2028240960365167042394725128601 0
127520001 2000 634675 102016001 25504000 0
3 0 33771 3 0 0
3771 0 0 3017 0 754
4780986 500 945197 3824789 239049 717148
945197000000 787 0 756157600000 74387003900 114652396100
6311869026351684992 1426 10000 5049495221081347994 900072523157750279 362301282112586719
115792089237316195423570985008687907853269984665640564039457584007913129638138 2000 0 92633671389852956338856788006950326282615987732512451231566067206330503710511 23158417847463239084714197001737581570653996933128112807891516801582625927627 0
34359738368 500 0 27487790695 1717986918 5153960755
538190000 1295 0 430552000 69695605 37942395
3 827 54445 3 0 0
4445 0 783340 3556 0 889
3916700 2000 10000 3133360 783340 0
946467000000 0 0 757173600000 0 189293400000
7226556614267631420 2000 362911 5781245291414105136 1445311322853526284 0
115792089237316195423570985008687907853269984665640564039457584007913129637024 1251 10000 92633671389852956338856788006950326282615987732512451231566067206330503709620 14485590363588256047488730224586857272444075081671634561336143759389932517591 8672827483874983037225466777150724298209921851456478246555373042192693409813
383123885216472214589586756787577295904684780545900544 163 0 306499108173177771671669405430061836723747824436720436 6244919329028497097810264135637509923246361922898178 70379857714265945820107087221877949257690594186281930
642400000 254 10000 513920000 16316960 112163040
9 2000 816121 8 0 1
6121 2000 266433 4897 0 1224
1332165 399 0 1065732 53153 213280
276590000000 259 10000 221272000000 7163681000 48154319000
903256081801898744 2000 0 722604865441518996 180651216360379748 0
115792089237316195423570985008687907853269984665640564039457584007913129631145 0 503449 92633671389852956338856788006950326282615987732512451231566067206330503704916 0 23158417847463239084714197001737581570653996933128112807891516801582625926229
35184372088831 789 226410 28147497671065 2776046957808 4260827459958
264100000 500 0 211280000 13205000 39615000
0 2000 629793 0 0 0
9793 1198 754084 7835 0 1958
3770420 0 0 3016336 0 754084
12376000000 1788 431998 9900800000 2212828800 262371200
615374145771607542 1415 10000 492299316617286034 87075441626682467 35999387527639041
115792089237316195423570985008687907853269984665640564039457584007913129623667 557 10000 92633671389852956338856788006950326282615987732512451231566067206330503698934 6449619370518512085092903864983916467427138145876179416997787429240761320038 16708798476944726999621293136753665103226858787251933390893729372341864604695
137438953472 1718 10000 109951162778 23612012206 3875778488
83629999 1822 164552 66904000 15237385 1488614
8 1408 0 7 1 0
1924 1777 968268 1540 0 384
4841342 2000 870184 3873074 968268 0
870184000000 0 159229 696147200000 0 174036800000
2067574190130111600 0 786267 1654059352104089280 0 413514838026022320
115792089237316195423570985008687907853269984665640564039457584007913129633668 500 312572 92633671389852956338856788006950326282615987732512451231566067206330503706935 5789604461865809771178549250434395392663499233282028201972879200395656481683 17368813385597429313535647751303186177990497699846084605918637601186969445050
158456325028528675187087900671 500 10000 126765060022822940149670320537 7922816251426433759354395033 23768448754279301278063185101
437880001 0 378345 350304001 0 87576000
9 1705 590680 8 0 1
680 1449 10000 544 0 136
3185255 2000 0 2548204 637051 0
711051000000 500 10000 568840800000 35552550000 106657650000
746336344740992268 1373 487050 597069075792793815 102471980132938238 46795288815260215
115792089237316195423570985008687907853269984665640564039457584007913129632885 1153 0 92633671389852956338856788006950326282615987732512451231566067206330503706308 13350827889062557332337734571501715775482029231948357033749459436112383846671 9807589958400681752376462430235865795171967701179755774142057365470242079906
23945242826029513411849172299223580994042798784118784 0 10000 19156194260823610729479337839378864795234239027295028 0 4789048565205902682369834459844716198808559756823756
724449998 1562 765937 579559999 113159089 31730910
9 0 308344 8 0 1
8344 0 504572 6676 0 1668
2522860 0 0 2018288 0 504572
801770000000 0 0 641416000000 0 160354000000
6885666906791538796 1950 296451 5508533525433231037 1342705046824350065 34428334533957694
115792089237316195423570985008687907853269984665640564039457584007913129623484 1724 605761 92633671389852956338856788006950326282615987732512451231566067206330503698788 19962556184513312091023637815497795313903745356356433240402487482964223547088 3195861662949926993690559186239786256750251576771679567489029318618402377608
27606985387162255149739023449108101809804435888681546220650096895197184 500 10000 22085588309729804119791218759286481447843548710945236976520077516157748 1380349269358112757486951172455405090490221794434077311032504844759859 4141047808074338272460853517366215271470665383302231933097514534279577
684779998 500 593163 547823999 34238999 102717000
7 783 0 6 0 1
4711 500 10000 3769 0 942
1178837 0 135904 943070 0 235767
135904000000 195 226961 108723200000 2650128000 24530672000
6129549100429291635 0 413143 4903639280343433308 0 1225909820085858327
115792089237316195423570985008687907853269984665640564039457584007913129626792 0 342736 92633671389852956338856788006950326282615987732512451231566067206330503701434 0 23158417847463239084714197001737581570653996933128112807891516801582625925358
85070591730234615865843651857942052864 0 0 68056473384187692692674921486353642292 0 17014118346046923173168730371588410572
914380000 0 10000 731504000 0 182876000
6 1480 998145 5 0 1
8145 500 149297 6516 0 1629
746487 45 10000 597190 3359 145938
211337000000 500 985810 169069600000 10566850000 31700550000
4362720990455190580 1421 528264 3490176792364152464 619942652743682581 252601545347355535
115792089237316195423570985008687907853269984665640564039457584007913129631671 781 858999 92633671389852956338856788006950326282615987732512451231566067206330503705337 9043362169434394862580893929178525603340385802386528051481637311018015424233 14115055678028844222133303072559055967313611130741584756409879490564610502101
3291009114642412084309938365114701009965471731267159726697218047 2000 725197 2632807291713929667447950692091760807972377385013727781357774438 658201822928482416861987673022940201993094346253431945339443609 0
251969999 2000 137649 201576000 50393999 0
1 0 10000 1 0 0
1515 52 958872 1212 0 303
4794361 122 699617 3835489 58491 900381
699617000000 112 82691 559693600000 7835710400 132087689600
7279707170452512952 500 504951 5823765736362010362 363985358522625647 1091956075567876943
115792089237316195423570985008687907853269984665640564039457584007913129634984 1764 0 92633671389852956338856788006950326282615987732512451231566067206330503707988 20425724541462576872717921755532546945316825295018995496560317818995876067611 2732693306000662211996275246205034625337171638109117311331198982586749859385
40564819207303340847894502572032 500 718513 32451855365842672678315602057626 2028240960365167042394725128601 6084722881095501127184175385805
185129998 500 897747 148103999 9256499 27769500
11 0 0 9 0 2
5999 132 10000 4800 0 1199
568611 2000 10000 454889 113722 0
819365000000 500 10000 655492000000 40968250000 122904750000
1889408746995571012 500 151837 1511526997596456810 94470437349778550 283411312049335652
115792089237316195423570985008687907853269984665640564039457584007913129628098 2000 10000 92633671389852956338856788006950326282615987732512451231566067206330503702479 23158417847463239084714197001737581570653996933128112807891516801582625925619 0
536870912 1852 230880 429496730 99428492 7945690
308800001 300 107306 247040001 9264000 52496000
10 2000 0 8 2 0
3287 72 10000 2630 0 657
1110067 1936 201453 888054 214908 7105
201453000000 0 0 161162400000 0 40290600000
812264409742619016 78 221781 649811527794095213 6335662395992428 156117219552531375
115792089237316195423570985008687907853269984665640564039457584007913129638154 2000 78611 92633671389852956338856788006950326282615987732512451231566067206330503710524 23158417847463239084714197001737581570653996933128112807891516801582625927630 0
28948022309329048855892746252171976963317496166410141009864396001978282409983 500 0 23158417847463239084714197001737581570653996933128112807891516801582625927987 1447401115466452442794637312608598848165874808320507050493219800098914120499 4342203346399357328383911937825796544497624424961521151479659400296742361497
949230001 1343 10000 759384001 127481589 62364411
5 2000 10000 4 0 1
1976 1367 360522 1581 0 395
1802611 2000 654650 1442089 360522 0
654650000000 500 0 523720000000 32732500000 98197500000
1724646199982009394 500 355777 1379716959985607516 86232309999100469 258696929997301409
115792089237316195423570985008687907853269984665640564039457584007913129624158 0 10000 92633671389852956338856788006950326282615987732512451231566067206330503699327 0 23158417847463239084714197001737581570653996933128112807891516801582625924831
590295810358705651711 1362 0 472236648286964521369 80398289370855709763 37660872700885420579
974650000 2000 542689 779720000 194930000 0
5 1266 151436 4 0 1
1436 514 209583 1149 0 287
1047917 325 0 838334 34057 175526
892710000000 2000 612500 714168000000 178542000000 0
1981624452893612500 2000 342857 1585299562314890000 396324890578722500 0
115792089237316195423570985008687907853269984665640564039457584007913129637078 471 460809 92633671389852956338856788006950326282615987732512451231566067206330503709663 5453807403077592804450193393909200459889016277751670566258452206772708405906 17704610444385646280264003607828381110764980655376442241633064594809917521509
8796093022208 0 0 7036874417767 0 1759218604441
683800000 1104 10000 547040000 75491520 61268480
3 500 0 3 0 0
9293 366 10000 7435 0 1858
1314125 12 0 1051300 1576 261249
396083000000 1188 795269 316866400000 47054660400 32161939600
4625329742678774932 952 0 3700263794143019946 440331391503019373 484734557032735613
115792089237316195423570985008687907853269984665640564039457584007913129632897 500 10000 92633671389852956338856788006950326282615987732512451231566067206330503706318 5789604461865809771178549250434395392663499233282028201972879200395656481644 17368813385597429313535647751303186177990497699846084605918637601186969444935
45671926166590716193865151022383844364247891967 2000 234821 36537540933272572955092120817907075491398313574 9134385233318143238773030204476768872849578393 0
348210001 1241 998443 278568001 43212861 26429139
7 693 407890 6 0 1
7890 104 0 6312 82 1496
668381 2000 177769 534705 133676 0
177769000000 500 0 142215200000 8888450000 26665350000
9136129326910326347 39 448679 7308903461528261078 35630904374950272 1791594961007114997
115792089237316195423570985008687907853269984665640564039457584007913129631256 500 0 92633671389852956338856788006950326282615987732512451231566067206330503705005 5789604461865809771178549250434395392663499233282028201972879200395656481562 17368813385597429313535647751303186177990497699846084605918637601186969444689
79228162514264337593543950336 1935 278413 63382530011411470074835160269 15330649446510149324350754390 514983056342718194358035677
784130001 2000 0 627304001 156826000 0
3 1724 0 3 0 0
7003 22 10000 5603 0 1400
456056 0 10000 364845 0 91211
855167000000 2000 813912 684133600000 171033400000 0
781857961244446056 253 10000 625486368995556845 19781006419484485 136590585829404726
115792089237316195423570985008687907853269984665640564039457584007913129639264 2000 517160 92633671389852956338856788006950326282615987732512451231566067206330503711412 23158417847463239084714197001737581570653996933128112807891516801582625927852 0
2535301200456458802993406410751 500 0 2028240960365167042394725128601 126765060022822940149670320537 380295180068468820449010961613
936080000 2000 0 748864000 187216000 0
7 2000 10000 6 0 1
1572 1172 913308 1258 0 314
4566541 0 10000 3653233 0 913308
217025000000 231 214013 173620000000 5013277500 38391722500
1039623591828109161 500 0 831698873462487329 51981179591405458 155943538774216374
115792089237316195423570985008687907853269984665640564039457584007913129620568 0 0 92633671389852956338856788006950326282615987732512451231566067206330503696455 0 23158417847463239084714197001737581570653996933128112807891516801582625924113
31 124 454750 25 0 6
547500001 1115 10000 438000001 61046250 48453750
10 0 10000 8 0 2
1255 1915 969069 1004 0 251
4845347 500 553065 3876278 242267 726802
553065000000 2000 397186 442452000000 110613000000 0
12174065286278875210 0 10000 9739252229023100168 0 2434813057255775042
115792089237316195423570985008687907853269984665640564039457584007913129631339 2000 10000 92633671389852956338856788006950326282615987732512451231566067206330503705072 23158417847463239084714197001737581570653996933128112807891516801582625926267 0
91343852333181432387730302044767688728495783935 500 0 73075081866545145910184241635814150982796627148 4567192616659071619386515102238384436424789196 13701577849977214858159545306715153309274367591
576500000 1632 22663 461200000 94084800 21215200
7 2000 0 6 1 0
8710 1104 0 6968 961 781
2884487 2000 10000 2307590 576897 0
567910000000 0 10000 454328000000 0 113582000000
1773193576804337548 2000 815423 1418554861443470039 354638715360867509 0
115792089237316195423570985008687907853269984665640564039457584007913129624512 500 76931 92633671389852956338856788006950326282615987732512451231566067206330503699610 5789604461865809771178549250434395392663499233282028201972879200395656481225 17368813385597429313535647751303186177990497699846084605918637601186969443677
187072209578355573530071658587684226515959365500927 0 10000 149657767662684458824057326870147381212767492400742 0 37414441915671114706014331717536845303191873100185
403839999 1176 10000 323072000 47491583 33276416
9 1761 584131 8 0 1
4131 263 10000 3305 0 826
1987937 1724 10000 1590350 342720 54867
594235000000 500 915592 475388000000 29711750000 89135250000
5198599367637154232 2000 665753 4158879494109723386 1039719873527430846 0
115792089237316195423570985008687907853269984665640564039457584007913129634182 2000 0 92633671389852956338856788006950326282615987732512451231566067206330503707346 23158417847463239084714197001737581570653996933128112807891516801582625926836 0
19807040628566084398385987584 0 154645 15845632502852867518708790068 0 3961408125713216879677197516
546450000 1319 670848 437160000 72076755 37213245
4 2000 10000 4 0 0
1542 1334 10000 1234 0 308
2621561 1531 10000 2097249 401360 122952
651774000000 864 69306 521419200000 56313273600 74041526400
5540045317194820614 1383 476115 4432036253755856492 766188267368043690 341820796070920432
115792089237316195423570985008687907853269984665640564039457584007913129623820 1474 936852 92633671389852956338856788006950326282615987732512451231566067206330503699056 17067753953580407205434363190280597617571995739715419139416047882766395306551 6090663893882831879279833811456983953082001193412693668475468918816230618213
79228162514264337593543950335 2000 10000 63382530011411470074835160268 15845632502852867518708790067 0
653540000 1228 0 522832000 80254712 50453288
4 2000 10000 4 0 0
787 119 849035 630 0 157
4245175 565 10000 3396140 239852 609183
772764000000 442 787524 618211200000 34156168800 120396631200
4875468497036850024 2000 0 3900374797629480020 975093699407370004 0
115792089237316195423570985008687907853269984665640564039457584007913129634569 32 10000 92633671389852956338856788006950326282615987732512451231566067206330503707656 370534685559411825355427152027801305130463950930049804926264268825322014830 22787883161903827259358769849709780265523532982198063002965252532757303912083
374144419156711147060143317175368453031918731001856 1576 0 299315535325368917648114653740294762425534984801485 58965160459097676776678586786838068197830392005892 15863723372244552635350076648235622408553354194479
166739999 0 680657 133392000 0 33347999
5 1181 10000 4 0 1
2103 2000 0 1683 420 0
2201510 2000 395681 1761208 440302 0
395681000000 401 0 316544800000 15866808100 63269391900
1456572264792151752 248 666388 1165257811833721402 36122992166845363 255191460791584987
115792089237316195423570985008687907853269984665640564039457584007913129633547 243 368233 92633671389852956338856788006950326282615987732512451231566067206330503706838 2813747768466783548792774935711116160834460627375065706158819291392289050095 20344670078996455535921422066026465409819536305753047101732697510190336876614
19807040628566084398385987584 500 134744 15845632502852867518708790068 990352031428304219919299379 2971056094284912659757898137
347439999 194 0 277952000 6740335 62747664
0 537 368110 0 0 0
8110 1416 10000 6488 0 1622
4722041 500 10000 3777633 236102 708306
982200000000 500 0 785760000000 49110000000 147330000000
2633432230055983022 160 427736 2106745784044786418 42134915680895728 484551530330300876
115792089237316195423570985008687907853269984665640564039457584007913129632199 838 0 92633671389852956338856788006950326282615987732512451231566067206330503705760 9703377078087097176495248543728046678104024714980679266506545539863120263178 13455040769376141908218948458009534892549972218147433541384971261719505663261
8388607 509 27012 6710886 426980 1250741
270119999 2000 378540 216096000 54023999 0
0 174 10000 0 0 0
2978 1674 0 2383 498 97
2229331 2000 31197 1783465 445866 0
31197000000 1333 0 24957600000 4158560100 2080839900
5607181386128521095 676 10000 4485745108902816876 379045461702288026 742390815523416193
115792089237316195423570985008687907853269984665640564039457584007913129622177 0 0 92633671389852956338856788006950326282615987732512451231566067206330503697742 0 23158417847463239084714197001737581570653996933128112807891516801582625924435
441711766194596082395824375185729628956870974218904739530401550323154943 2000 10000 353369412955676865916659500148583703165496779375123791624321240258523955 88342353238919216479164875037145925791374194843780947906080310064630988 0
807490001 0 703566 645992001 0 161498000
2 863 7641 2 0 0
7641 810 104535 6113 0 1528
522676 0 980650 418141 0 104535
980650000000 500 54910 784520000000 49032500000 147097500000
8663614156328116460 2000 10000 6930891325062493168 1732722831265623292 0
115792089237316195423570985008687907853269984665640564039457584007913129621449 0 0 92633671389852956338856788006950326282615987732512451231566067206330503697160 0 23158417847463239084714197001737581570653996933128112807891516801582625924289
210624583337114373395836055367340864637790190801098222508621955071 777 836681 168499666669691498716668844293872691710232152640878578006897564057 16365530125293786812856461502042385182356297825245331888919925909 25759386542129087866310749571425787745201740334974312612804465105
366810000 372 10000 293448000 13645332 59716668
10 163 863122 8 0 2
3122 2000 941578 2498 0 624
4707890 1196 10000 3766312 563063 378515
374473000000 0 10000 299578400000 0 74894600000
129374892250015392 848 0 103499913800012314 10970990862801305 14903987587201773
115792089237316195423570985008687907853269984665640564039457584007913129620487 500 928472 92633671389852956338856788006950326282615987732512451231566067206330503696390 5789604461865809771178549250434395392663499233282028201972879200395656481024 17368813385597429313535647751303186177990497699846084605918637601186969443073
21778071482940061661655974875633165533184 500 692886 17422457186352049329324779900506532426548 1088903574147003083082798743781658276659 3266710722441009249248396231344974829977
928860000 853 74331 743088000 79231758 106540242
11 0 10000 9 0 2
8574 2000 518168 6860 0 1714
2590842 500 10000 2072674 129542 388626
926378000000 412 616164 741102400000 38166773600 147108826400
1617034773111829808 500 0 1293627818489463847 80851738655591490 242555215966774471
115792089237316195423570985008687907853269984665640564039457584007913129624721 2000 10000 92633671389852956338856788006950326282615987732512451231566067206330503699777 23158417847463239084714197001737581570653996933128112807891516801582625924944 0
512 1881 374533 410 0 102
745330000 1507 0 596264000 112321231 36744769
7 2000 999167 6 0 1
9167 2000 289427 7334 0 1833
1447135 2000 732879 1157708 289427 0
732879000000 2000 961306 586303200000 146575800000 0
905289806119846944 383 821023 724231844895877556 34672599574390137 146385361649579251
115792089237316195423570985008687907853269984665640564039457584007913129638912 646 991711 92633671389852956338856788006950326282615987732512451231566067206330503711130 7480168964730626224362685631561238847321241009400380436948959926911188174673 15678248882732612860351511370176342723332755923727732370942556874671437753109
1606938044258990275541962092341162602522202993782792835301375 500 0 1285550435407192220433569673872930082017762395026234268241100 80346902212949513777098104617058130126110149689139641765068 241040706638848541331294313851174390378330449067418925295207
210120001 0 627946 168096001 0 42024000
6 0 0 5 0 1
7184 1646 855012 5748 0 1436
4275061 0 790144 3420049 0 855012
790144000000 500 10000 632115200000 39507200000 118521600000
13229058736311719724 688 356346 10583246989049375780 910159241058246317 1735652506204097627
115792089237316195423570985008687907853269984665640564039457584007913129623589 500 10000 92633671389852956338856788006950326282615987732512451231566067206330503698872 5789604461865809771178549250434395392663499233282028201972879200395656481179 17368813385597429313535647751303186177990497699846084605918637601186969443538
38685626227668133590597632 0 933182 30948500982134506872478106 0 7737125245533626718119526
331820001 2000 10000 265456001 66364000 0
10 214 0 8 0 2
7716 423 0 6173 326 1217
635175 1837 62853 508140 116681 10354
62853000000 1668 0 50282400000 10483880400 2086719600
4826328705292914246 1914 689262 3861062964234331397 923759314193063786 41506426865519063
115792089237316195423570985008687907853269984665640564039457584007913129630673 859 0 92633671389852956338856788006950326282615987732512451231566067206330503704539 9946540465485461186884747612246291284595891682778524450989406466279737835274 13211877381977777897829449389491290286058105250349588356902110335302888090860
288230376151711743 143 171659 230584300921369395 4121694378969477 53524380851372871
716589998 500 10000 573271999 35829499 107488500
2 0 919305 2 0 0
9305 0 10000 7444 0 1861
3520020 0 10000 2816016 0 704004
568184000000 857 814 454547200000 48693368800 64943431200
4780812785837267394 2000 10000 3824650228669813916 956162557167453478 0
115792089237316195423570985008687907853269984665640564039457584007913129632978 0 385345 92633671389852956338856788006950326282615987732512451231566067206330503706383 0 23158417847463239084714197001737581570653996933128112807891516801582625926595
110427941548649020598956093796432407239217743554726184882600387580788735 500 0 88342353238919216479164875037145925791374194843780947906080310064630988 5521397077432451029947804689821620361960887177736309244130019379039436 16564191232297353089843414069464861085882661533208927732390058137118311
991020001 0 466864 792816001 0 198204000
8 2000 450175 7 0 1
175 2000 10000 140 0 35
2029417 378 17794 1623534 76711 329172
17794000000 1768 10000 14235200000 3145979200 412820800
7651180506802677740 500 155147 6120944405442142192 382559025340133887 1147677076020401661
115792089237316195423570985008687907853269984665640564039457584007913129624788 500 986131 92633671389852956338856788006950326282615987732512451231566067206330503699831 5789604461865809771178549250434395392663499233282028201972879200395656481239 17368813385597429313535647751303186177990497699846084605918637601186969443718
32767 1655 0 26214 5422 1131
711859999 2000 661416 569488000 142371999 0
0 500 10000 0 0 0
7995 1633 10000 6396 0 1599
4303597 1705 107807 3442878 733763 126956
107807000000 0 10000 86245600000 0 21561400000
636593470725594504 1985 10000 509274776580475604 126363803939030509 954890206088391
115792089237316195423570985008687907853269984665640564039457584007913129628684 2000 10000 92633671389852956338856788006950326282615987732512451231566067206330503702948 23158417847463239084714197001737581570653996933128112807891516801582625925736 0
12259964326927110866866776217202473468949912977468817407 860 884352 9807971461541688693493420973761978775159930381975053926 1054356932115731534550542754679412718329692516062318297 1397635933269690638822812488761081975460290079431445184
843520000 1084 0 674816000 91437568 77266432
0 2000 144258 0 0 0
4258 500 0 3407 212 639
4282752 0 0 3426202 0 856550
53563000000 0 853388 42850400000 0 10712600000
1589421752530555216 500 0 1271537402024444173 79471087626527760 238413262879583283
115792089237316195423570985008687907853269984665640564039457584007913129630081 0 155076 92633671389852956338856788006950326282615987732512451231566067206330503704065 0 23158417847463239084714197001737581570653996933128112807891516801582625926016
35184372088832 500 0 28147497671066 1759218604441 5277655813325
594929999 500 106855 475944000 29746499 89239500
7 2000 0 6 1 0
5904 500 0 4724 295 885
3233851 500 10000 2587081 161692 485078
335296000000 0 181929 268236800000 0 67059200000
5202352577250684968 500 0 4161882061800547975 260117628862534248 780352886587602745
115792089237316195423570985008687907853269984665640564039457584007913129635367 1066 0 92633671389852956338856788006950326282615987732512451231566067206330503708294 12343436712697906432152667001926130977158580365357284126606178455243539619130 10814981134765332652561529999811450593495416567770828681285338346339086307943
2596148429267413814265248164610047 1391 702799 2076918743413931051412198531688038 361124246511097261564296019697257 158105439342385501288753613224752
27989998 500 10000 22391999 1399499 4198500
1 821 552454 1 0 0
2454 2000 166753 1964 0 490
833767 302 10000 667014 25179 141574
420901000000 440 783885 336720800000 18519644000 65660556000
425833624918904045 500 10000 340666899935123236 21291681245945202 63875043737835607
115792089237316195423570985008687907853269984665640564039457584007913129631577 2000 10000 92633671389852956338856788006950326282615987732512451231566067206330503705262 23158417847463239084714197001737581570653996933128112807891516801582625926315 0
158456325028528675187087900672 655 10000 126765060022822940149670320538 10378889289368628224754257494 21312375716337106812663322640
905010000 500 10000 724008000 45250500 135751500
11 500 123158 9 0 2
3158 2000 807759 2527 0 631
4038795 396 10000 3231036 159936 647823
860580000000 500 21839 688464000000 43029000000 129087000000
1539478527016580631 986 10000 1231582821613264505 151792582763834850 156103122639481276
115792089237316195423570985008687907853269984665640564039457584007913129620273 0 347961 92633671389852956338856788006950326282615987732512451231566067206330503696219 0 23158417847463239084714197001737581570653996933128112807891516801582625924054
10384593717069655257060992658440192 500 0 8307674973655724205648794126752154 519229685853482762853049632922009 1557689057560448288559148898766029
316749998 1803 366496 253399999 57110024 6239975
0 506 0 0 0 0
8539 0 983006 6832 0 1707
4915030 0 10000 3932024 0 983006
163029000000 500 112368 130423200000 8151450000 24454350000
10181803337092059936 500 0 8145442669673647949 509090166854602996 1527270500563808991
115792089237316195423570985008687907853269984665640564039457584007913129626478 167 0 92633671389852956338856788006950326282615987732512451231566067206330503701183 1933727890263180463573635449645088061149608743916197419458941652932149264762 21224689957200058621140561552092493509504388189211915388432575148650476660533
200867255532373784442745261542645325315275374222849104412672 2000 10000 160693804425899027554196209234116260252220299378279283530138 40173451106474756888549052308529065063055074844569820882534 0
446219998 2000 10000 356975999 89243999 0
11 628 832920 9 0 2
2920 700 0 2336 204 380
4046755 1455 160477 3237404 588802 220549
160477000000 1983 0 128381600000 31822589100 272810900
2336643386895663100 0 475198 1869314709516530480 0 467328677379132620
115792089237316195423570985008687907853269984665640564039457584007913129624737 1930 0 92633671389852956338856788006950326282615987732512451231566067206330503699790 22347873222802025716749200106676766215681107040468628859615313713527234017574 810544624661213367964996895060815354972889892659483948276203088055391907373
21267647932558653966460912964485513215 2000 417658 17014118346046923173168730371588410572 4253529586511730793292182592897102643 0
176580001 0 10000 141264001 0 35316000
2 336 318607 2 0 0
8607 0 277382 6886 0 1721
1386910 760 850670 1109528 105405 171977
850670000000 0 192433 680536000000 0 170134000000
488405280403231515 0 10000 390724224322585212 0 97681056080646303
115792089237316195423570985008687907853269984665640564039457584007913129635425 372 0 92633671389852956338856788006950326282615987732512451231566067206330503708340 4307465719628162469756840642323190172141643429561828982267822125094368422437 18850952127835076614957356359414391398512353503566283825623694676488257504648
89202980794122492566142873090593446023921663 364 886622 71362384635297994052914298472474756819137331 3246988500906058729407600580497601435270748 14593607657918439783820974037621087769513584
866220000 841 0 692976000 72849102 100394898
4 2000 10000 4 0 0
8908 379 614691 7127 0 1781
3073455 1076 10000 2458764 330703 283988
10124000000 1884 928085 8099200000 1907361600 117438400
14829991199508693345 500 602323 11863992959606954676 741499559975434667 2224498679926304002
115792089237316195423570985008687907853269984665640564039457584007913129637612 1749 883884 92633671389852956338856788006950326282615987732512451231566067206330503710090 20252036407606602579582565278019515083536920318020534650501131442984006373618 2906381439856636505131631723718066487117076615107578157390385358598619553904
79228162514264337593543950335 135 313261 63382530011411470074835160268 1069580193942568557512843329 14776052308910298961195946738
132609998 0 10000 106087999 0 26521999
1 0 0 1 0 0
9570 1756 385810 7656 0 1914
1929052 500 0 1543242 96452 289358
551879000000 273 0 441503200000 15066296700 95309503300
5277476679049678351 1190 670591 4221981343239742681 628019724806911723 427475611003023947
115792089237316195423570985008687907853269984665640564039457584007913129629344 2000 10000 92633671389852956338856788006950326282615987732512451231566067206330503703476 23158417847463239084714197001737581570653996933128112807891516801582625925868 0
16383 549 10000 13107 899 2377
74459998 500 62463 59567999 3722999 11169000
3 1526 0 3 0 0
8267 331 10000 6614 0 1653
4727235 61 277999 3781788 28836 916611
277999000000 1810 884107 222399200000 50317819000 5281981000
17163556447823465038 368 0 13730845158258772031 631618877279903513 2801092412284789494
115792089237316195423570985008687907853269984665640564039457584007913129622478 500 196133 92633671389852956338856788006950326282615987732512451231566067206330503697983 5789604461865809771178549250434395392663499233282028201972879200395656481123 17368813385597429313535647751303186177990497699846084605918637601186969443372
842498333348457493583344221469363458551160763204392890034487820287 103 10000 673998666678765994866675377175490766840928610563514312027590256230 8677732833489112183908445481134443623076955861005246767355224548 159821933836202386532760398812738248087155196779873331239542339509
222770001 0 0 178216001 0 44554000
1 500 711552 1 0 0
1552 1044 225504 1242 0 310
1127521 500 10000 902017 56376 169128
372193000000 500 16225 297754400000 18609650000 55828950000
14747707022411775 1804 10000 11798165617929420 2660486346843084 289055057639271
115792089237316195423570985008687907853269984665640564039457584007913129623297 660 692004 92633671389852956338856788006950326282615987732512451231566067206330503698638 7642277889662868897955685010573401918315818987932277226604200544522266555137 15516139957800370186758511991164179652338177945195835581287316257060359369522
131072 1131 148998 104858 0 26214
489980001 2000 403290 391984001 97996000 0
2 0 10000 2 0 0
7286 500 10000 5829 0 1457
2115200 1314 857977 1692160 277937 145103
857977000000 0 69630 686381600000 0 171595400000
2749036483116780260 500 166384 2199229186493424208 137451824155839013 412355472467517039
115792089237316195423570985008687907853269984665640564039457584007913129633551 1293 0 92633671389852956338856788006950326282615987732512451231566067206330503706841 14971917138384984068267728361623346485427809017267324930301865612223167661618 8186500709078255016446468640114235085226187915860787877589651189359458265092
618970019642690137449562112 227 717455 495176015714152109959649690 14050619445889066120105059 109743384482648961369807363
174550001 500 803516 139640001 8727500 26182500
0 1068 952642 0 0 0
2642 1527 10000 2114 0 528
3900115 500 572373 3120092 195005 585018
572373000000 2000 212626 457898400000 114474600000 0
5967394736779926054 1306 162411 4773915789423940844 779341752623458342 414137194732526868
115792089237316195423570985008687907853269984665640564039457584007913129637524 500 0 92633671389852956338856788006950326282615987732512451231566067206330503710020 5789604461865809771178549250434395392663499233282028201972879200395656481876 17368813385597429313535647751303186177990497699846084605918637601186969445628
2923003274661805836407369665432566039311865085952 500 808184 2338402619729444669125895732346052831449492068762 146150163733090291820368483271628301965593254297 438450491199270875461105449814884905896779762893
81840001 500 10000 65472001 4092000 12276000
0 853 0 0 0 0
8643 0 0 6915 0 1728
3705130 500 592607 2964104 185256 555770
592607000000 500 10000 474085600000 29630350000 88891050000
239223188794512986 509 10000 191378551035610389 12176460309640710 35668177449261887
115792089237316195423570985008687907853269984665640564039457584007913129629417 2000 10000 92633671389852956338856788006950326282615987732512451231566067206330503703534 23158417847463239084714197001737581570653996933128112807891516801582625925883 0
1461501637330902918203684832716283019655932542976 692 448835 1169201309864722334562947866173026415724746034381 101135913303298481939694990423966784960190531973 191164414162882101701041976119289818970995976622
488350000 0 631448 390680000 0 97670000
0 1778 830309 0 0 0
309 1294 423299 248 0 61
2116497 1737 217811 1693198 367635 55664
217811000000 1705 41503 174248800000 37136775500 6425424500
3663426473339513792 1702 715014 2930741178671611034 623515185762385247 109170108905517511
115792089237316195423570985008687907853269984665640564039457584007913129624921 672 0 92633671389852956338856788006950326282615987732512451231566067206330503699937 7781228396747648332463970192583827407739742969531045903451549645331762310794 15377189450715590752250226809153754162914253963597066904439967156250863614190
6739986666787659948666753771754907668409286105635143120275902562303 1545 977347 5391989333430127958933403017403926134727428884508114496220722049843 1041327940018693462069013457736133234769234703320629612082626945875 306669393338838527664337296614848298912622517806399011972553566585
773470000 2000 10000 618776000 154694000 0
10 500 515914 8 0 2
5914 2000 499740 4732 0 1182
2498700 616 0 1998960 153919 345821
279036000000 672 10000 223228800000 18751219200 37055980800
3397656684253311907 2000 939641 2718125347402649526 679531336850662381 0
115792089237316195423570985008687907853269984665640564039457584007913129620294 0 10000 92633671389852956338856788006950326282615987732512451231566067206330503696236 0 23158417847463239084714197001737581570653996933128112807891516801582625924058
55213970774324510299478046898216203619608871777363092441300193790394368 0 10000 44171176619459608239582437518572962895687097421890473953040155032315495 0 11042794154864902059895609379643240723921774355472618488260038758078873
4719998 1737 908412 3775999 819863 124136
4 0 10000 4 0 0
5332 2000 940733 4266 0 1066
4703667 0 10000 3762934 0 940733
47001000000 88 340980 37600800000 413608800 8986591200
2044153631599536860 500 0 1635322905279629488 102207681579976843 306623044739930529
115792089237316195423570985008687907853269984665640564039457584007913129636392 0 727379 92633671389852956338856788006950326282615987732512451231566067206330503709114 0 23158417847463239084714197001737581570653996933128112807891516801582625927278
2199023255551 500 0 1759218604441 109951162777 329853488333
647669999 1802 533202 518136000 116710133 12823866
6 1896 0 5 1 0
2092 500 10000 1674 0 418
3321130 500 509606 2656904 166056 498170
509606000000 1621 524346 407684800000 82607132600 19314067400
3585972161149804784 1453 56929 2868777728919843828 521041755015066635 196152677214894321
115792089237316195423570985008687907853269984665640564039457584007913129623006 2000 0 92633671389852956338856788006950326282615987732512451231566067206330503698405 23158417847463239084714197001737581570653996933128112807891516801582625924601 0
19342813113834066795298816 0 10000 15474250491067253436239053 0 3868562622766813359059763
849230001 2000 0 679384001 169846000 0
8 267 304098 7 0 1
4098 1102 255442 3279 0 819
1277211 1360 863157 1021769 173700 81742
863157000000 2000 10000 690525600000 172631400000 0
2050935552822279585 0 154400 1640748442257823668 0 410187110564455917
115792089237316195423570985008687907853269984665640564039457584007913129625535 2000 0 92633671389852956338856788006950326282615987732512451231566067206330503700428 23158417847463239084714197001737581570653996933128112807891516801582625925107 0
33554431 2000 577727 26843545 6710886 0
777270001 500 10000 621816001 38863500 116590500
7 9 0 6 0 1
6650 500 10000 5320 0 1330
336977 1804 10000 269582 60790 6605
874263000000 1812 0 699410400000 158416455600 16436144400
11369815840052934950 500 236629 9095852672042347960 568490792002646747 1705472376007940243
115792089237316195423570985008687907853269984665640564039457584007913129623306 500 784581 92633671389852956338856788006950326282615987732512451231566067206330503698645 5789604461865809771178549250434395392663499233282028201972879200395656481165 17368813385597429313535647751303186177990497699846084605918637601186969443496
154742504910672534362390527 45 0 123794003928538027489912422 696341272098026404630757 30252159710036480467847348
1670001 574 908422 1336001 95858 238142
6 500 10000 5 0 1
6436 676 894838 5149 0 1287
4474192 1547 778441 3579354 692157 202681
778441000000 500 825724 622752800000 38922050000 116766150000
7191262231300592260 0 0 5753009785040473808 0 1438252446260118452
115792089237316195423570985008687907853269984665640564039457584007913129639332 1300 10000 92633671389852956338856788006950326282615987732512451231566067206330503711466 15052971600851105405064228051129428020925098006533273325129485921028706853113 8105446246612133679649968950608153549728898926594839482762030880553919074753
22300745198530623141535718272648361505980415 500 146765 17840596158824498513228574618118689204784332 1115037259926531157076785913632418075299020 3345111779779593471230357740897254225897063
467649998 2000 252170 374119999 93529999 0
2 2000 10000 2 0 0
9598 0 0 7679 0 1919
2746061 1571 10000 2196849 431406 117806
3345000000 0 927905 2676000000 0 669000000
1005728812760691735 500 32486 804583050208553388 50286440638034586 150859321914103761
115792089237316195423570985008687907853269984665640564039457584007913129627449 1928 10000 92633671389852956338856788006950326282615987732512451231566067206330503701960 22324714804954562477664485909675028634110453043535500746807422196725651392172 833703042508676607049711092062552936543543889592612061084094604856974533317
11150372599265311570767859136324180752990208 500 790697 8920298079412249256614287309059344602392167 557518629963265578538392956816209037649510 1672555889889796735615178870448627112948531
906969999 431 352744 725576000 39090406 142303593
0 2000 10000 0 0 0
7675 1015 187500 6140 0 1535
937502 48 932052 750002 4500 183000
932052000000 1598 607861 745641600000 148941909600 37468490400
1216535771032006014 1574 686613 973228616825604812 191482730360437746 51824423845963456
115792089237316195423570985008687907853269984665640564039457584007913129633322 671 0 92633671389852956338856788006950326282615987732512451231566067206330503706658 7769649187823916712921613094082958616954415971064481847047603886930970998395 15388768659639322371792583907654622953699580962063630960843912914651654928269
1048576 1251 10000 838861 131176 78539
987659999 1331 18723 790128000 131457545 66074454
7 227 801183 6 0 1
1183 1814 0 947 214 22
1145580 2000 0 916464 229116 0
551943000000 2000 10000 441554400000 110388600000 0
4513482202303807752 500 850654 3610785761843046202 225674110115190387 677022330345571163
115792089237316195423570985008687907853269984665640564039457584007913129629281 500 10000 92633671389852956338856788006950326282615987732512451231566067206330503703425 5789604461865809771178549250434395392663499233282028201972879200395656481464 17368813385597429313535647751303186177990497699846084605918637601186969444392
41538374868278621028243970633760767 251 0 33230699894622896822595176507008614 1042613209193793387808923662907395 7265061764461930817839870463844758
382420000 1267 10000 305936000 48452614 28031386
3 0 940922 3 0 0
922 0 477896 738 0 184
2389482 1858 10000 1911586 443965 33931
710397000000 0 680705 568317600000 0 142079400000
5670307865088308785 500 759127 4536246292070647028 283515393254415439 850546179763246318
115792089237316195423570985008687907853269984665640564039457584007913129620808 2000 422716 92633671389852956338856788006950326282615987732512451231566067206330503696647 23158417847463239084714197001737581570653996933128112807891516801582625924161 0
21267647932558653966460912964485513215 2000 0 17014118346046923173168730371588410572 4253529586511730793292182592897102643 0
44189999 1762 119665 35352000 7786277 1051722
9 0 10000 8 0 1
5455 0 0 4364 0 1091
3683492 2000 918603 2946794 736698 0
918603000000 2000 119720 734882400000 183720600000 0
4694344137839562480 1456 653300 3755475310271649984 683496506469440297 255372321098472199
115792089237316195423570985008687907853269984665640564039457584007913129626635 500 415703 92633671389852956338856788006950326282615987732512451231566067206330503701308 5789604461865809771178549250434395392663499233282028201972879200395656481331 17368813385597429313535647751303186177990497699846084605918637601186969443996
730750818665451459101842416358141509827966271487 1549 429804 584600654932361167281473933086513207862373017190 113193301811278431014875390293876119872351975453 32956861921811860805493092977752182093241278844
298040000 0 10000 238432000 0 59608000
8 500 0 7 0 1
2041 0 10000 1633 0 408
2460611 1254 10000 1968489 308560 183562
526373000000 2000 0 421098400000 105274600000 0
4382541067201254216 2000 534629 3506032853761003373 876508213440250843 0
115792089237316195423570985008687907853269984665640564039457584007913129625306 2000 0 92633671389852956338856788006950326282615987732512451231566067206330503700245 23158417847463239084714197001737581570653996933128112807891516801582625925061 0
63 344 10000 51 0 12
500699998 2000 291557 400559999 100139999 0
9 500 235499 8 0 1
5499 500 841023 4400 0 1099
4205115 59 10000 3364092 24810 816213
658372000000 1865 335910 526697600000 122786378000 8888022000
68832834364122570 500 0 55066267491298056 3441641718206128 10324925154618386
115792089237316195423570985008687907853269984665640564039457584007913129630931 656 798441 92633671389852956338856788006950326282615987732512451231566067206330503704745 7595961053967942419786256616569926755174510994066021000988417510919101303789 15562456793495296664927940385167654815479485939062091806903099290663524622397
4611686018427387903 25 0 3689348814741910323 11529215046068469 910807988639409111
95099998 21 102803 76079999 199709 18820290
7 0 10000 6 0 1
495 2000 10000 396 0 99
3631492 500 10000 2905194 181574 544724
714231000000 500 31968 571384800000 35711550000 107134650000
2280433820622499968 2000 620814 1824347056497999975 456086764124499993 0
115792089237316195423570985008687907853269984665640564039457584007913129639121 500 0 92633671389852956338856788006950326282615987732512451231566067206330503711297 5789604461865809771178549250434395392663499233282028201972879200395656481956 17368813385597429313535647751303186177990497699846084605918637601186969445868
5070602400912917605986812821503 1636 929539 4056481920730334084789450257203 829550552789353320339442577597 184569927393230200857919986703
295389998 580 605975 236311999 17132619 41945380
3 2000 10000 3 0 0
1756 826 10000 1405 0 351
169966 500 0 135973 8498 25495
894047000000 1105 519896 715237600000 98792193500 80017206500
2134800985033884872 500 10000 1707840788027107898 106740049251694243 320220147755082731
115792089237316195423570985008687907853269984665640564039457584007913129631639 578 697144 92633671389852956338856788006950326282615987732512451231566067206330503705312 6692782757916876095482402933502161073919005113674024601480648355657378892708 16465635089546362989231794068235420496734991819454088206410868445925247033619
107839786668602559178668060348078522694548577690162289924414440996863 2000 0 86271829334882047342934448278462818155638862152129831939531552797491 21567957333720511835733612069615704538909715538032457984882888199372 0
540510001 1466 10000 432408001 79238766 28863234
10 2000 10000 8 0 2
6352 2000 9661 5082 0 1270
48305 0 10000 38644 0 9661
924230000000 500 10000 739384000000 46211500000 138634500000
2608100234682883681 1918 0 2086480187746306945 500233625012177090 21386421924399646
115792089237316195423570985008687907853269984665640564039457584007913129627493 0 50286 92633671389852956338856788006950326282615987732512451231566067206330503701995 0 23158417847463239084714197001737581570653996933128112807891516801582625925498
6277101735386680763835789423207666416102355444464034512896 2000 0 5021681388309344611068631538566133132881884355571227610317 1255420347077336152767157884641533283220471088892806902579 0
477580000 128 0 382064000 6113024 89402976
9 0 951184 8 0 1
1184 2000 300189 948 0 236
1500946 2000 601997 1200757 300189 0
601997000000 1721 10000 481597600000 103603683700 16795716300
8766748190669117366 500 82740 7013398552535293893 438337409533455868 1315012228600367605
115792089237316195423570985008687907853269984665640564039457584007913129637195 1041 510682 92633671389852956338856788006950326282615987732512451231566067206330503709756 12053956489604615943593739539404411207525405403693182716507534495223756795231 11104461357858623141120457462333170363128591529434930091383982306358869132208
411376139330301510538742295639337626245683966408394965837152255 1896 136801 329100911464241208430993836511470100996547173126715972669721804 77996916017025166398145539253218413936181680031031685522724067 4278311849035135709602919874649111312955113250647307644706384
368010001 2000 10000 294408001 73602000 0
0 0 10000 0 0 0
7951 0 0 6361 0 1590
1921622 1811 344357 1537298 348005 36319
344357000000 1466 579074 275485600000 50482736200 18388663800
3113377521508129722 1322 28731 2490702017206503778 411588508343374749 211086995958251195
115792089237316195423570985008687907853269984665640564039457584007913129631204 500 794316 92633671389852956338856788006950326282615987732512451231566067206330503704964 5789604461865809771178549250434395392663499233282028201972879200395656481560 17368813385597429313535647751303186177990497699846084605918637601186969444680
374144419156711147060143317175368453031918731001856 2000 10000 299315535325368917648114653740294762425534984801485 74828883831342229412028663435073690606383746200371 0
656869999 1840 179983 525496000 120864079 10509920
7 0 239403 6 0 1
9403 796 0 7523 748 1132
3268387 500 720768 2614710 163419 490258
720768000000 2000 0 576614400000 144153600000 0
4777284553904227772 1573 0 3821827643123382218 751466860329135028 203990050451710526
115792089237316195423570985008687907853269984665640564039457584007913129622621 2000 0 92633671389852956338856788006950326282615987732512451231566067206330503698097 23158417847463239084714197001737581570653996933128112807891516801582625924524 0
79228162514264337593543950335 45 0 63382530011411470074835160268 356526731314189519170947776 15489105771538677999537842291
701390001 1239 636117 561112001 86902221 53375779
9 1214 47845 8 0 1
7845 0 656316 6276 0 1569
3281582 862 563656 2625266 282872 373444
563656000000 2000 857067 450924800000 112731200000 0
808109462782118913 1121 0 646487570225695131 90589070777875530 71032821778548252
115792089237316195423570985008687907853269984665640564039457584007913129622651 0 0 92633671389852956338856788006950326282615987732512451231566067206330503698121 0 23158417847463239084714197001737581570653996933128112807891516801582625924530
4611686018427387903 1305 0 3689348814741910323 601825025404774121 320512178280703459
207499999 1090 10000 166000000 22617499 18882500
1 2000 837691 1 0 0
7691 1135 206835 6153 0 1538
1034176 938 509293 827341 97005 109830
509293000000 1614 10000 407434400000 82199890200 19658709800
4582292683775604816 2000 10000 3665834147020483853 916458536755120963 0
115792089237316195423570985008687907853269984665640564039457584007913129636390 500 262890 92633671389852956338856788006950326282615987732512451231566067206330503709112 5789604461865809771178549250434395392663499233282028201972879200395656481819 17368813385597429313535647751303186177990497699846084605918637601186969445459
3064991081731777716716694054300618367237478244367204352 727 0 2451992865385422173373355243440494693789982595493763482 222824851641900240005303657747654955298164668365495756 390173364704455303338035153112468718149330980507945114
881010001 64 711493 704808001 5638464 170563536
9 5 183350 8 0 1
3350 2000 10000 2680 0 670
1241881 500 0 993505 62094 186282
405737000000 2000 144020 324589600000 81147400000 0
5127903387137825580 1390 55428 4102322709710260464 712778570812157755 312802106615407361
115792089237316195423570985008687907853269984665640564039457584007913129624507 1404 825996 92633671389852956338856788006950326282615987732512451231566067206330503699606 16257209328919193837469366295219782262599105847055935191139844794711003399280 6901208518544045247244830706517799308054891086072177616751672006871622525621
1298074214633706907132624082305024 2000 451737 1038459371706965525706099265844020 259614842926741381426524816461004 0
517369998 1164 583758 413895999 60221867 43252132
10 500 778856 8 0 2
8856 0 26054 7085 0 1771
130270 2000 0 104216 26054 0
947664000000 500 27354 758131200000 47383200000 142149600000
2439102469710335232 1448 548030 1951281975768268186 353182037614056541 134638456328010505
115792089237316195423570985008687907853269984665640564039457584007913129631905 2000 156417 92633671389852956338856788006950326282615987732512451231566067206330503705524 23158417847463239084714197001737581570653996933128112807891516801582625926381 0
51422017416287688817342786954917203280710495801049370729644031 500 433454 41137613933030151053874229563933762624568396640839496583715225 2571100870814384440867139347745860164035524790052468536482201 7713302612443153322601418043237580492106574370157405609446605
334539998 2000 0 267631999 66907999 0
10 0 10000 8 0 2
5685 2000 10000 4548 0 1137
846976 0 0 677581 0 169395
853297000000 1115 10000 682637600000 95142615500 75516784500
531033322658156502 500 10000 424826658126525202 26551666132907825 79654998398723475
115792089237316195423570985008687907853269984665640564039457584007913129633849 537 917200 92633671389852956338856788006950326282615987732512451231566067206330503707080 6218035192043879694245761894966540651720598176544898288918872261224935061337 16940382655419359390468435106771040918933398756583214518972644540357690865432
295147905179352825856 500 620910 236118324143482260685 14757395258967641292 44272185776902923879
209100000 500 10000 167280000 10455000 31365000
9 837 0 8 0 1
7121 2000 957012 5697 0 1424
4785060 0 153340 3828048 0 957012
153340000000 0 0 122672000000 0 30668000000
9128320126699694910 889 838341 7302656101359755928 811507659263602877 1014156366076336105
115792089237316195423570985008687907853269984665640564039457584007913129621594 500 342780 92633671389852956338856788006950326282615987732512451231566067206330503697276 5789604461865809771178549250434395392663499233282028201972879200395656481079 17368813385597429313535647751303186177990497699846084605918637601186969443239
3213876088517980551083924184682325205044405987565585670602751 500 10000 2571100870814384440867139347745860164035524790052468536482201 160693804425899027554196209234116260252220299378279283530137 482081413277697082662588627702348780756660898134837850590413
371540001 500 10000 297232001 18577000 55731000
8 0 199712 7 0 1
9712 1156 0 7770 1122 820
3659460 1464 625697 2927568 535744 196148
625697000000 500 765514 500557600000 31284850000 93854550000
17071970389694698890 0 10000 13657576311755759112 0 3414394077938939778
115792089237316195423570985008687907853269984665640564039457584007913129624876 259 170583 92633671389852956338856788006950326282615987732512451231566067206330503699901 2999015111246489461470488511725016813399692602840090608621951425804950057284 20159402736216749623243708490012564757254304330288022199269565375777675867691
32768 500 0 26215 1638 4915
441210000 35 255878 352968000 1544235 86697765
6 607 10000 5 0 1
1810 500 548836 1448 0 362
2744181 500 10000 2195345 137209 411627
31203000000 0 299781 24962400000 0 6240600000
2847278965892954932 500 10000 2277823172714363946 142363948294647746 427091844883943240
115792089237316195423570985008687907853269984665640564039457584007913129633272 0 728549 92633671389852956338856788006950326282615987732512451231566067206330503706618 0 23158417847463239084714197001737581570653996933128112807891516801582625926654
524287 0 47215 419430 0 104857
472149998 0 0 377719999 0 94429999
2 229 142425 2 0 0
2425 2000 10000 1940 0 485
3939986 1960 0 3151989 772237 15760
714438000000 2000 0 571550400000 142887600000 0
993950361900978757 2000 844630 795160289520783006 198790072380195751 0
115792089237316195423570985008687907853269984665640564039457584007913129635305 219 10000 92633671389852956338856788006950326282615987732512451231566067206330503708244 2535846754297224679776204571690265181986612664177528352464121089773297539013 20622571093166014404937992430047316388667384268950584455427395711809328388048
1099511627776 0 203756 879609302221 0 219902325555
37560001 274 813529 30048001 1029144 6482856
5 1941 0 4 0 1
1196 0 94457 957 0 239
472286 549 10000 377829 25928 68529
150443000000 500 10000 120354400000 7522150000 22566450000
166110518632767632 335 0 132888414906214106 5564702374197715 27657401352355811
115792089237316195423570985008687907853269984665640564039457584007913129627140 0 542442 92633671389852956338856788006950326282615987732512451231566067206330503701712 0 23158417847463239084714197001737581570653996933128112807891516801582625925428
5316911983139663491615228241121378303 0 10000 4253529586511730793292182592897102643 0 1063382396627932698323045648224275660
287240001 1972 166217 229792001 56643728 804272
9 0 628593 8 0 1
8593 2000 0 6875 1718 0
1620085 2000 0 1296068 324017 0
265707000000 789 773208 212565600000 20964282300 32177117700
559284560285795920 0 0 447427648228636736 0 111856912057159184
115792089237316195423570985008687907853269984665640564039457584007913129625268 0 10000 92633671389852956338856788006950326282615987732512451231566067206330503700215 0 23158417847463239084714197001737581570653996933128112807891516801582625925053
14474011154664524427946373126085988481658748083205070504932198000989141204991 538 232577 11579208923731619542357098500868790785326998466564056403945758400791312963993 778701800120951414223514874183426180313240646876432793165352252453215796828 2116100430811953471365759751033771516018508969764581307821087347744612444170
325770001 2000 10000 260616001 65154000 0
7 1356 767435 6 0 1
7435 2000 0 5948 1487 0
3293711 329 0 2634969 108363 550379
532486000000 1667 577216 425988800000 88765416200 17731783800
10304595427356919936 2000 0 8243676341885535949 2060919085471383987 0
115792089237316195423570985008687907853269984665640564039457584007913129639406 796 528397 92633671389852956338856788006950326282615987732512451231566067206330503711525 9217050303290369155716250406691557465120290779384988897540823687029885119296 13941367544172869928997946595046024105533706153743123910350693114552740808585
2535301200456458802993406410752 2000 10000 2028240960365167042394725128602 507060240091291760598681282150 0
295809999 570 983140 236648000 16861169 42300830
4 0 10000 4 0 0
2416 2000 10000 1933 0 483
4482290 2000 0 3585832 896458 0
902799000000 0 799273 722239200000 0 180559800000
7480342943599900195 0 10000 5984274354879920156 0 1496068588719980039
115792089237316195423570985008687907853269984665640564039457584007913129628117 500 669818 92633671389852956338856788006950326282615987732512451231566067206330503702494 5789604461865809771178549250434395392663499233282028201972879200395656481405 17368813385597429313535647751303186177990497699846084605918637601186969444218
19807040628566084398385987584 500 500918 15845632502852867518708790068 990352031428304219919299379 2971056094284912659757898137
9179999 500 995399 7344000 458999 1377000
7 0 10000 6 0 1
3006 1911 292719 2405 0 601
1463596 500 0 1170877 73179 219540
838792000000 2000 595130 671033600000 167758400000 0
5203304428061292210 500 32243 4162643542449033768 260165221403064610 780495664209193832
115792089237316195423570985008687907853269984665640564039457584007913129627692 0 10000 92633671389852956338856788006950326282615987732512451231566067206330503702154 0 23158417847463239084714197001737581570653996933128112807891516801582625925538
40564819207303340847894502572032 2000 10000 32451855365842672678315602057626 8112963841460668169578900514406 0
984710000 500 209414 787768000 49235500 147706500
2 500 638349 2 0 0
8349 500 0 6680 417 1252
125182 500 986920 100146 0 25036
986920000000 0 10000 789536000000 0 197384000000
77600729763193560 0 657950 62080583810554848 0 15520145952638712
115792089237316195423570985008687907853269984665640564039457584007913129621985 1318 10000 92633671389852956338856788006950326282615987732512451231566067206330503697588 15261397361478274556826655824145066255060983978931426340400509572242950484177 7897020485984964527887541177592515315593012954196686467491007229339675440220
39614081257132168796771975167 500 629531 31691265005705735037417580134 1980704062856608439838598758 5942112188569825319515796275
295309998 500 10000 236247999 14765499 44296500
7 1754 0 6 1 0
3285 128 87730 2628 0 657
438650 1617 856264 350920 0 87730
856264000000 1949 0 685011200000 166885853600 4366946400
11752850257592980914 807 10000 9402280206074384732 948455015787753559 1402115035730842623
115792089237316195423570985008687907853269984665640564039457584007913129631412 158 10000 92633671389852956338856788006950326282615987732512451231566067206330503705130 1829515009949595887692421563137268944081665757717120911823429827325027448176 21328902837513643197021775438600312626572331175410991896068086974257598478106
16777216 1538 0 13421773 2580335 775108
27759999 1382 944659 22208000 3836431 1715568
7 500 10000 6 0 1
8975 1211 0 7180 1086 709
3428822 2000 877660 2743058 685764 0
877660000000 0 394361 702128000000 0 175532000000
4980324833840145394 595 10000 3984259867072116316 296329327613488650 699735639154540428
115792089237316195423570985008687907853269984665640564039457584007913129621290 0 209702 92633671389852956338856788006950326282615987732512451231566067206330503697032 0 23158417847463239084714197001737581570653996933128112807891516801582625924258
11150372599265311570767859136324180752990208 43 835054 8920298079412249256614287309059344602392167 47946602176840839754301794286193977237857 2182127917676221474399270032978642173360184
350540001 0 10000 280432001 0 70108000
10 2000 315625 8 0 2
5625 500 561091 4500 0 1125
2805455 770 121089 2244364 216020 345071
121089000000 0 10000 96871200000 0 24217800000
5228148569553433608 500 533418 4182518855642746887 261407428477671680 784222285433015041
115792089237316195423570985008687907853269984665640564039457584007913129626517 1933 10911 92633671389852956338856788006950326282615987732512451231566067206330503701214 22382610849573220575376271402179372588037088035868321028827150988729607956805 775806997890018509337925599558208982616908897259791779064365812853017968498
93536104789177786765035829293842113257979682750464 1385 953082 74828883831342229412028663435073690606383746200372 12954750513301123466957462357197132686230186060939 5752470444534433886049703501571289965365750489153
530820000 500 365333 424656000 26541000 79623000
1 500 225466 1 0 0
5466 0 10000 4373 0 1093
2041257 2000 10000 1633006 408251 0
281097000000 62 0 224877600000 1742801400 54476598600
131756046351894934 2000 433506 105404837081515948 26351209270378986 0
115792089237316195423570985008687907853269984665640564039457584007913129626429 0 0 92633671389852956338856788006950326282615987732512451231566067206330503701144 0 23158417847463239084714197001737581570653996933128112807891516801582625925285
633825300114114700748351602688 0 0 507060240091291760598681282151 0 126765060022822940149670320537
774000000 2000 10000 619200000 154800000 0
9 470 0 8 0 1
1308 500 0 1047 65 196
2818280 100 966843 2254624 28182 535474
966843000000 500 10000 773474400000 48342150000 145026450000
5049894752214055040 0 481526 4039915801771244032 0 1009978950442811008
115792089237316195423570985008687907853269984665640564039457584007913129638409 698 135213 92633671389852956338856788006950326282615987732512451231566067206330503710728 8082287828764670440565254753606415968158244929661711369954139363752336448760 15076130018698568644148942248131165602495752003466401437937377437830289478921
47890485652059026823698344598447161988085597568237568 0 889481 38312388521647221458958675678757729590468478054590055 0 9578097130411805364739668919689432397617119513647513
894809998 0 0 715847999 0 178961999
2 0 0 2 0 0
1324 2000 306819 1060 0 264
1534096 0 864908 1227277 0 306819
864908000000 2000 747089 691926400000 172981600000 0
6394921688461138209 2000 429592 5115937350768910568 1278984337692227641 0
115792089237316195423570985008687907853269984665640564039457584007913129630343 1946 614775 92633671389852956338856788006950326282615987732512451231566067206330503704275 22533140565581731629426913682690666868246339015933653762078445847939895026064 625277281881507455287283319046914702407657917194459045813070953642730900004
401734511064747568885490523085290650630550748445698208825344 0 578991 321387608851798055108392418468232520504440598756558567060276 0 80346902212949513777098104617058130126110149689139641765068
789910001 768 565579 631928001 60665088 97316912
7 1617 10000 6 0 1
4067 11 0 3254 4 809
1603456 500 10000 1282765 80172 240519
80241000000 1851 0 64192800000 14852609100 1195590900
1875612391052849894 1005 0 1500489912842279916 188499045300811414 186623432909758564
115792089237316195423570985008687907853269984665640564039457584007913129632644 1368 786209 92633671389852956338856788006950326282615987732512451231566067206330503706116 15840357807664855533944510749188505794327333902259629160597797492282516133745 7318060039798383550769686252549075776326663030868483647293719309300109792783
53919893334301279589334030174039261347274288845081144962207220498432 500 772745 43135914667441023671467224139231409077819431076064915969765776398746 2695994666715063979466701508701963067363714442254057248110361024921 8087984000145191938400104526105889202091143326762171744331083074765
727449999 1124 0 581960000 81765379 63724620
2 2000 719964 2 0 0
9964 632 607155 7972 0 1992
3035776 0 860751 2428621 0 607155
860751000000 2000 0 688600800000 172150200000 0
12552047400332844818 2000 10000 10041637920266275855 2510409480066568963 0
115792089237316195423570985008687907853269984665640564039457584007913129637524 2000 10000 92633671389852956338856788006950326282615987732512451231566067206330503710020 23158417847463239084714197001737581570653996933128112807891516801582625927504 0
9444732965739290427391 2000 0 7555786372591432341913 1888946593147858085478 0
283759998 154 0 227007999 4369903 52382096
9 1675 0 8 1 0
8093 0 10000 6475 0 1618
1813202 0 466368 1450562 0 362640
466368000000 242 10000 373094400000 11286105600 81987494400
2934970490657127890 0 0 2347976392525702312 0 586994098131425578
115792089237316195423570985008687907853269984665640564039457584007913129627971 0 10000 92633671389852956338856788006950326282615987732512451231566067206330503702377 0 23158417847463239084714197001737581570653996933128112807891516801582625925594
1725436586697640946858688965569256363112777243042596638790631055949823 500 0 1380349269358112757486951172455405090490221794434077311032504844759859 86271829334882047342934448278462818155638862152129831939531552797491 258815488004646142028803344835388454466916586456389495818594658392473
299609999 1677 0 239688000 50244596 9677403
9 1758 10000 8 0 1
8098 2000 490584 6479 0 1619
2452920 840 0 1962336 206045 284539
966806000000 0 10000 773444800000 0 193361200000
267099225973903280 0 560794 213679380779122624 0 53419845194780656
115792089237316195423570985008687907853269984665640564039457584007913129639141 500 0 92633671389852956338856788006950326282615987732512451231566067206330503711313 5789604461865809771178549250434395392663499233282028201972879200395656481957 17368813385597429313535647751303186177990497699846084605918637601186969445871
748288838313422294120286634350736906063837462003712 0 0 598631070650737835296229307480589524851069969602970 0 149657767662684458824057326870147381212767492400742
491720000 1305 314229 393376000 64169460 34174540
9 0 10000 8 0 1
3084 0 43035 2468 0 616
215177 213 663005 172142 0 43035
663005000000 1697 853528 530404000000 112511948500 20089051500
2664931168906230488 2000 336883 2131944935124984391 532986233781246097 0
115792089237316195423570985008687907853269984665640564039457584007913129623052 0 453844 92633671389852956338856788006950326282615987732512451231566067206330503698442 0 23158417847463239084714197001737581570653996933128112807891516801582625924610
5986310706507378352962293074805895248510699696029695 1343 10000 4789048565205902682369834459844716198808559756823756 803961527883940912802835959946431731874986969176788 393300613417534757789622655014747317827152970029151
137449999 0 859181 109960000 0 27489999
1 657 10000 1 0 0
2451 500 0 1961 122 368
1362062 1290 10000 1089650 175705 96707
574100000000 2000 403343 459280000000 114820000000 0
10119577377038732672 195 10000 8095661901630986138 197331758852255287 1826583716555491247
115792089237316195423570985008687907853269984665640564039457584007913129633670 0 10000 92633671389852956338856788006950326282615987732512451231566067206330503706936 0 23158417847463239084714197001737581570653996933128112807891516801582625926734
5575186299632655785383929568162090376495104 1237 10000 4460149039706124628307143654529672301196084 689650545264559520651992087581650579572444 425386714661971636424793826050767495726576
270510000 500 0 216408000 13525500 40576500
9 2000 0 8 1 0
9947 426 37301 7958 0 1989
186506 0 0 149205 0 37301
820679000000 721 0 656543200000 59170955900 104964844100
5887116155328458625 0 735303 4709692924262766900 0 1177423231065691725
115792089237316195423570985008687907853269984665640564039457584007913129624632 0 288825 92633671389852956338856788006950326282615987732512451231566067206330503699706 0 23158417847463239084714197001737581570653996933128112807891516801582625924926
3618502788666131106986593281521497120414687020801267626233049500247285301248 2000 10000 2894802230932904885589274625217197696331749616641014100986439600197828240999 723700557733226221397318656304299424082937404160253525246609900049457060249 0
554740000 347 863042 443792000 19249478 91698522
10 2000 708632 8 0 2
8632 0 0 6906 0 1726
2837266 652 10000 2269813 184989 382464
191496000000 73 0 153196800000 1397920800 36901279200
10260572341502533512 2000 642208 8208457873202026810 2052114468300506702 0
115792089237316195423570985008687907853269984665640564039457584007913129637727 0 472077 92633671389852956338856788006950326282615987732512451231566067206330503710182 0 23158417847463239084714197001737581570653996933128112807891516801582625927545
47890485652059026823698344598447161988085597568237568 1066 0 38312388521647221458958675678757729590468478054590055 5105125770509492259406243534194467467929924700774124 4472971359902313105333425385494964929687194812873389
88300001 500 10000 70640001 4415000 13245000
11 2000 0 9 2 0
1542 500 421729 1234 0 308
2108645 500 0 1686916 105432 316297
203714000000 0 10000 162971200000 0 40742800000
4921873955693701003 1190 0 3937499164554960803 585703000727550419 398671790411189781
115792089237316195423570985008687907853269984665640564039457584007913129636818 500 257517 92633671389852956338856788006950326282615987732512451231566067206330503709455 5789604461865809771178549250434395392663499233282028201972879200395656481840 17368813385597429313535647751303186177990497699846084605918637601186969445523
511 1186 0 409 60 42
595750001 500 791867 476600001 29787500 89362500
3 1472 360007 3 0 0
7 0 0 6 0 1
1831026 615 10000 1464821 112608 253597
900496000000 1418 10000 720396800000 127690332800 52408867200
9973309717530461280 1610 0 7978647774024369024 1605702864522404266 388959078983687990
115792089237316195423570985008687907853269984665640564039457584007913129636870 0 0 92633671389852956338856788006950326282615987732512451231566067206330503709496 0 23158417847463239084714197001737581570653996933128112807891516801582625927374
215679573337205118357336120696157045389097155380324579848828881993728 1304 10000 172543658669764094685868896556925636311277724304259663879063105594983 28124616363171547433796630138778878718738269061594325212287286211982 15011298304269476237670594000452530359081162014470590757478490186763
66519998 0 946037 53215999 0 13303999
5 0 608436 4 0 1
8436 500 410468 6749 0 1687
2052341 2000 576983 1641873 410468 0
576983000000 2000 10000 461586400000 115396600000 0
17899399735078468 2000 179794 14319519788062775 3579879947015693 0
115792089237316195423570985008687907853269984665640564039457584007913129620141 500 36683 92633671389852956338856788006950326282615987732512451231566067206330503696113 5789604461865809771178549250434395392663499233282028201972879200395656481007 17368813385597429313535647751303186177990497699846084605918637601186969443021
9444732965739290427392 500 766973 7555786372591432341914 472236648286964521369 1416709944860893564109
669729998 0 535762 535783999 0 133945999
6 0 0 5 0 1
9364 500 329761 7492 0 1872
1648807 1095 10000 1319046 180544 149217
744723000000 719 811573 595778400000 53545583700 95399016300
670214418884652873 2000 633022 536171535107722299 134042883776930574 0
115792089237316195423570985008687907853269984665640564039457584007913129626913 500 888749 92633671389852956338856788006950326282615987732512451231566067206330503701531 5789604461865809771178549250434395392663499233282028201972879200395656481345 17368813385597429313535647751303186177990497699846084605918637601186969444037
28948022309329048855892746252171976963317496166410141009864396001978282409984 1364 0 23158417847463239084714197001737581570653996933128112807891516801582625927988 3948510242992482263943770588796257657796506477098343233745503614669837720721 1841094218873327507234778661638137734866992756183684968227375585725818761275
90830001 22 10000 72664001 199826 17966174
11 0 10000 9 0 2
5337 0 0 4270 0 1067
2508992 111 514197 2007194 27849 473949
514197000000 0 0 411357600000 0 102839400000
2900214495421554768 653 147999 2320171596337243815 189384006551027526 390658892533283427
115792089237316195423570985008687907853269984665640564039457584007913129631936 2000 419052 92633671389852956338856788006950326282615987732512451231566067206330503705549 23158417847463239084714197001737581570653996933128112807891516801582625926387 0
93536104789177786765035829293842113257979682750463 500 357933 74828883831342229412028663435073690606383746200371 4676805239458889338251791464692105662898984137523 14030415718376668014755374394076316988696952412569
579329998 1020 762911 463463999 59091659 56774340
11 500 628221 9 0 2
8221 1475 501802 6577 0 1644
2509011 173 133279 2007209 43405 458397
133279000000 1282 930949 106623200000 17086367800 9569432200
3022435341047403585 0 0 2417948272837922868 0 604487068209480717
115792089237316195423570985008687907853269984665640564039457584007913129632975 1613 10000 92633671389852956338856788006950326282615987732512451231566067206330503706380 18677263993979102321821999881901359536732448526567822979564508300476387809798 4481153853484136762892197119836222033921548406560289828327008501106238116797
3618502788666131106986593281521497120414687020801267626233049500247285301248 500 0 2894802230932904885589274625217197696331749616641014100986439600197828240999 180925139433306555349329664076074856020734351040063381311652475012364265062 542775418299919666047988992228224568062203053120190143934957425037092795187
530449999 0 375148 424360000 0 106089999
8 1153 10000 7 0 1
1592 2000 0 1274 318 0
4935347 2000 0 3948278 987069 0
337112000000 2000 0 269689600000 67422400000 0
4863032797083919068 2000 55750 3890426237667135255 972606559416783813 0
115792089237316195423570985008687907853269984665640564039457584007913129624185 500 0 92633671389852956338856788006950326282615987732512451231566067206330503699348 5789604461865809771178549250434395392663499233282028201972879200395656481209 17368813385597429313535647751303186177990497699846084605918637601186969443628
93536104789177786765035829293842113257979682750464 0 10000 74828883831342229412028663435073690606383746200372 0 18707220957835557353007165858768422651595936550092
904630001 500 10000 723704001 45231500 135694500
8 1493 67158 7 0 1
7158 500 0 5727 357 1074
4927492 500 905233 3941994 246374 739124
905233000000 2000 209552 724186400000 181046600000 0
2634883766074810656 1481 10000 2107907012859848525 390226285755679458 136750467459282673
115792089237316195423570985008687907853269984665640564039457584007913129622252 1026 820289 92633671389852956338856788006950326282615987732512451231566067206330503697802 11880268355748641650458383061891379345745500426694721870448348119211887099243 11278149491714597434255813939846202224908496506433390937443168682370738825207
803469022129495137770981046170581301261101496891396417650687 412 178025 642775217703596110216784836936465041008881197513117134120550 33102923711735199676164419102227949611957381671925532407208 127590880714163827878031790131888310640262917706353751122929
780249999 500 483858 624200000 39012499 117037500
2 1714 3466 2 0 0
3466 2000 68466 2773 0 693
342332 775 0 273866 26530 41936
445455000000 2000 10000 356364000000 89091000000 0
464943534253869415 0 10000 371954827403095532 0 92988706850773883
115792089237316195423570985008687907853269984665640564039457584007913129622345 930 722535 92633671389852956338856788006950326282615987732512451231566067206330503697876 10768664299070406174392101605807975430354108573904572455669555312735921054878 12389753548392832910322095395929606140299888359223540352221961488846704869591
2722258935367507707706996859454145691648 500 0 2177807148294006166165597487563316553319 136112946768375385385349842972707284582 408338840305126156156049528918121853747
254639999 1028 10000 203712000 26176991 24751008
1 2000 250988 1 0 0
988 2000 126899 791 0 197
634497 1435 0 507598 91050 35849
647430000000 156 373621 517944000000 10099908000 119386092000
82707765162397407 500 164312 66166212129917926 4135388258119870 12406164774359611
115792089237316195423570985008687907853269984665640564039457584007913129635623 500 493161 92633671389852956338856788006950326282615987732512451231566067206330503708499 5789604461865809771178549250434395392663499233282028201972879200395656481781 17368813385597429313535647751303186177990497699846084605918637601186969445343
56539106072908298546665520023773392506479484700019806659891398441363832832 150 0 45231284858326638837332416019018714005183587760015845327913118753091066266 848086591093624478199982800356600887597192270500297099898370976620457492 10459734623488035231133121204398077613698704669503664232079908711652309074
78740001 920 534905 62992001 7244080 8503920
1 49 10000 1 0 0
5726 500 0 4581 286 859
852777 500 0 682222 42638 127917
553489000000 2000 0 442791200000 110697800000 0
4758689625758674110 705 10000 3806951700606939288 335487618615986524 616250306535748298
115792089237316195423570985008687907853269984665640564039457584007913129635284 2000 991742 92633671389852956338856788006950326282615987732512451231566067206330503708228 23158417847463239084714197001737581570653996933128112807891516801582625927056 0
1152921504606846976 500 0 922337203685477581 57646075230342348 172938225691027047
42460001 66 820526 33968001 280236 8211764
2 0 10000 2 0 0
4314 1108 0 3452 477 385
2929016 500 10000 2343213 146450 439353
271303000000 500 0 217042400000 13565150000 40695450000
282856699823781600 987 10000 226285359859025280 27917956272607243 28653383692149077
115792089237316195423570985008687907853269984665640564039457584007913129639812 199 10000 92633671389852956338856788006950326282615987732512451231566067206330503711850 2304262575822592288929062601672889366280072694846247224385205921757471279832 20854155271640646795785134400064692204373924238281865583506310879825154648130
1023 1735 10000 819 0 204
191029998 0 993648 152823999 0 38205999
8 1833 905297 7 0 1
5297 0 10000 4238 0 1059
2785452 968 908012 2228362 269631 287459
908012000000 500 731306 726409600000 45400600000 136201800000
43359300521188842 500 691307 34687440416951074 2167965026059442 6503895078178326
115792089237316195423570985008687907853269984665640564039457584007913129628628 2000 597596 92633671389852956338856788006950326282615987732512451231566067206330503702903 23158417847463239084714197001737581570653996933128112807891516801582625925725 0
34359738367 2000 0 27487790694 6871947673 0
354469998 2000 124805 283575999 70893999 0
1 1072 10000 1 0 0
1507 0 10000 1206 0 301
65675 492 318589 52540 0 13135
318589000000 2000 681551 254871200000 63717800000 0
3144259380828806281 2000 10000 2515407504663045025 628851876165761256 0
115792089237316195423570985008687907853269984665640564039457584007913129632426 0 564299 92633671389852956338856788006950326282615987732512451231566067206330503705941 0 23158417847463239084714197001737581570653996933128112807891516801582625926485
205688069665150755269371147819668813122841983204197482918576128 2000 0 164550455732120604215496918255735050498273586563357986334860903 41137613933030151053874229563933762624568396640839496583715225 0
668139998 500 10000 534511999 33406999 100221000
10 82 10000 8 0 2
540 500 697193 432 0 108
3485966 500 504632 2788773 174298 522895
504632000000 24 668305 403705600000 1211116800 99715283200
11581719612141881970 682 10000 9265375689713505576 789873277548076350 1526470644880300044
115792089237316195423570985008687907853269984665640564039457584007913129635487 1360 10000 92633671389852956338856788006950326282615987732512451231566067206330503708390 15747724136275002577605653961181555468044717914527116709366231425076185630426 7410693711188236507108543040556026102609279018600996098525285376506440296671
604462909807314587353087 500 0 483570327845851669882470 30223145490365729367654 90669436471097188102963
307950000 412 155970 246360000 12687540 48902460
6 85 10000 5 0 1
7535 2000 10000 6028 0 1507
4050866 214 10000 3240693 86688 723485
748972000000 500 10000 599177600000 37448600000 112345800000
1828327040840370256 500 10000 1462661632672296205 91416352042018512 274249056126055539
115792089237316195423570985008687907853269984665640564039457584007913129626681 500 10000 92633671389852956338856788006950326282615987732512451231566067206330503701345 5789604461865809771178549250434395392663499233282028201972879200395656481334 17368813385597429313535647751303186177990497699846084605918637601186969444002
3533694129556768659166595001485837031654967793751237916243212402585239552 0 10000 2826955303645414927333276001188669625323974235000990332994569922068191642 0 706738825911353731833319000297167406330993558750247583248642480517047910
779689999 291 12939 623752000 22688978 133249021
7 500 0 6 0 1
7647 0 390873 6118 0 1529
1954365 856 200631 1563492 167293 223580
200631000000 2000 52225 160504800000 40126200000 0
6730924271303741850 2000 0 5384739417042993480 1346184854260748370 0
115792089237316195423570985008687907853269984665640564039457584007913129638598 1489 427897 92633671389852956338856788006950326282615987732512451231566067206330503710879 17241442087436381498569719667793629479351900716713879985475234258778265003187 5916975760026857586144477333943952091302096216414232822416282542804360924532
28948022309329048855892746252171976963317496166410141009864396001978282409983 787 10000 23158417847463239084714197001737581570653996933128112807891516801582625927987 2278209355744196144958759130045934587013086948296478097476327965355690825665 3511395106121613626219790120388460805650412284985550104496551235039965656331
930630000 1831 223808 744504000 170398353 15727647
4 500 0 4 0 0
5758 673 10000 4607 0 1151
903436 500 348847 722749 45171 135516
348847000000 1392 0 279077600000 48559502400 21209897600
187068056427012618 968 26761 149654445141610095 18108187862134821 19305423423267702
115792089237316195423570985008687907853269984665640564039457584007913129633174 0 653831 92633671389852956338856788006950326282615987732512451231566067206330503706540 0 23158417847463239084714197001737581570653996933128112807891516801582625926634
268435455 500 398577 214748364 13421772 40265319
985770000 0 761307 788616000 0 197154000
7 2000 312171 6 0 1
2171 0 16011 1737 0 434
80055 1908 0 64044 15274 737
877935000000 500 305959 702348000000 43896750000 131690250000
11318798108056218339 2000 602799 9055038486444974672 2263759621611243667 0
115792089237316195423570985008687907853269984665640564039457584007913129637136 177 35033 92633671389852956338856788006950326282615987732512451231566067206330503709709 2049519979500496658997206434653775969002878728581837983498399236940062394577 21108897867962742425716990567083805601651118204546274824393117564642563532850
182687704666362864775460604089535377456991567872 1079 0 146150163733090291820368483271628301965593254298 19712003333500553109272199181260867227609390173 16825537599772019845819921636646208263788923401
642510001 2000 10000 514008001 128502000 0
2 0 0 2 0 0
4525 0 10000 3620 0 905
4640486 500 605620 3712389 232024 696073
605620000000 577 921222 484496000000 34944274000 86179726000
2876033150798726692 2000 644908 2300826520638981354 575206630159745338 0
115792089237316195423570985008687907853269984665640564039457584007913129635027 1172 282303 92633671389852956338856788006950326282615987732512451231566067206330503708022 13570832858613458103642519443018222800403242202813074105424428845727418793225 9587584988849780981071677558719358770250754730315038702467087955855207133780
1237940039285380274899124224 1099 10000 990352031428304219919299380 136049610317463292211413752 111538397539612762768411092
269040001 1982 10000 215232001 53323728 484272
5 627 0 4 0 1
4595 500 10000 3676 0 919
1059397 1988 0 847518 210608 1271
705805000000 0 10000 564644000000 0 141161000000
1890645811652161629 508 379920 1512516649321729304 96044807231929810 282084355098502515
115792089237316195423570985008687907853269984665640564039457584007913129620015 228 10000 92633671389852956338856788006950326282615987732512451231566067206330503696012 2640059634610809255657418458198084299054555650376604860099632915380419355336 20518358212852429829056778543539497271599441282751507947791883886202206568667
21778071482940061661655974875633165533184 155 459821 17422457186352049329324779900506532426548 337560107985570955755667610572314065764 4018054188602441376575527364554319040872
598210000 84 10000 478568000 5024964 114617036
2 107 0 2 0 0
1392 809 10000 1114 0 278
3975065 0 845637 3180052 0 795013
845637000000 2000 998832 676509600000 169127400000 0
3747824790049960272 2000 10000 2998259832039968218 749564958009992054 0
115792089237316195423570985008687907853269984665640564039457584007913129624917 500 91819 92633671389852956338856788006950326282615987732512451231566067206330503699934 5789604461865809771178549250434395392663499233282028201972879200395656481245 17368813385597429313535647751303186177990497699846084605918637601186969443738
1180591620717411303424 2000 889022 944473296573929042740 236118324143482260684 0
890220001 0 0 712176001 0 178044000
9 597 680141 8 0 1
141 0 10000 113 0 28
2620872 500 10000 2096698 131043 393131
248589000000 2000 945868 198871200000 49717800000 0
8185961893315539648 2000 513639 6548769514652431719 1637192378663107929 0
115792089237316195423570985008687907853269984665640564039457584007913129626296 0 399768 92633671389852956338856788006950326282615987732512451231566067206330503701037 0 23158417847463239084714197001737581570653996933128112807891516801582625925259
2199023255552 2000 814329 1759218604442 439804651110 0
143290000 0 307737 114632000 0 28658000
9 0 0 8 0 1
1373 1286 0 1099 176 98
2998446 1802 0 2398757 540319 59370
178958000000 500 0 143166400000 8947900000 26843700000
9380532677392348478 1400 24200 7504426141913878783 1313274574834928786 562831960643540909
115792089237316195423570985008687907853269984665640564039457584007913129635735 1531 800073 92633671389852956338856788006950326282615987732512451231566067206330503708588 17727768862233109519348717804830118692335634652309570354440956111611500147231 5430648985230129565365479196907462878318362280818542453450560689971125779916
3213876088517980551083924184682325205044405987565585670602752 1705 0 2571100870814384440867139347745860164035524790052468536482202 547965873092315683959809073488336447460071220879932356837769 94809344611280426256975763448128593548809976633184777282781
801509999 2000 102200 641208000 160301999 0
8 2000 658432 7 0 1
8432 603 902336 6746 0 1686
4511680 2000 542691 3609344 902336 0
542691000000 2000 965790 434152800000 108538200000 0
12846606392353171750 0 114097 10277285113882537400 0 2569321278470634350
115792089237316195423570985008687907853269984665640564039457584007913129625838 2000 0 92633671389852956338856788006950326282615987732512451231566067206330503700671 23158417847463239084714197001737581570653996933128112807891516801582625925167 0
67108863 500 222486 53687091 3355443 10066329
224860000 1964 0 179888000 44162504 809496
1 500 450707 1 0 0
707 2000 10000 566 0 141
4286371 2000 10000 3429097 857274 0
241386000000 608 0 193108800000 14676268800 33600931200
6275257655151963000 0 263130 5020206124121570400 0 1255051531030392600
115792089237316195423570985008687907853269984665640564039457584007913129636805 0 10000 92633671389852956338856788006950326282615987732512451231566067206330503709444 0 23158417847463239084714197001737581570653996933128112807891516801582625927361
11417981541647679048466287755595961091061972991 1312 835584 9134385233318143238773030204476768872849578393 1498039178264175491158776953534190095147330856 785557130065360318534480597585002123065063742
355840001 0 10000 284672001 0 71168000
0 0 0 0 0 0
1351 0 0 1081 0 270
4650827 500 0 3720662 232541 697624
609704000000 1148 10000 487763200000 69994019200 51946780800
8694121165929796100 0 964654 6955296932743836880 0 1738824233185959220
115792089237316195423570985008687907853269984665640564039457584007913129635281 0 10000 92633671389852956338856788006950326282615987732512451231566067206330503708225 0 23158417847463239084714197001737581570653996933128112807891516801582625927056
55213970774324510299478046898216203619608871777363092441300193790394368 2000 10000 44171176619459608239582437518572962895687097421890473953040155032315495 11042794154864902059895609379643240723921774355472618488260038758078873 0
316409999 2000 734168 253128000 63281999 0
8 2000 271531 7 0 1
1531 0 365775 1225 0 306
1828877 221 617649 1463102 40418 325357
617649000000 2000 10000 494119200000 123529800000 0
16922348191084348920 0 0 13537878552867479136 0 3384469638216869784
115792089237316195423570985008687907853269984665640564039457584007913129634037 0 444459 92633671389852956338856788006950326282615987732512451231566067206330503707230 0 23158417847463239084714197001737581570653996933128112807891516801582625926807
162259276829213363391578010288128 0 402848 129807421463370690713262408230503 0 32451855365842672678315602057625
28479999 500 0 22784000 1423999 4272000
10 1771 341063 8 0 2
1063 500 222180 851 0 212
1110901 500 216206 888721 55545 166635
216206000000 0 10000 172964800000 0 43241200000
10472250642511538530 0 10000 8377800514009230824 0 2094450128502307706
115792089237316195423570985008687907853269984665640564039457584007913129637025 0 10000 92633671389852956338856788006950326282615987732512451231566067206330503709620 0 23158417847463239084714197001737581570653996933128112807891516801582625927405
784637716923335095479473677900958302012794430558004314112 2000 10000 627710173538668076383578942320766641610235544446403451290 156927543384667019095894735580191660402558886111600862822 0
521959999 500 0 417568000 26097999 78294000
0 0 0 0 0 0
4052 138 536021 3242 0 810
2680106 2000 173072 2144085 536021 0
173072000000 332 207187 138457600000 5745990400 28868409600
1135680163773553953 1050 0 908544131018843163 119246417196223165 107889615558487625
115792089237316195423570985008687907853269984665640564039457584007913129630401 214 471985 92633671389852956338856788006950326282615987732512451231566067206330503704321 2477950709678566582064419079185921228059977671844708070444392297769340974090 20680467137784672502649777922551660342594019261283404737447124503813284951990
383123885216472214589586756787577295904684780545900543 2000 634650 306499108173177771671669405430061836723747824436720435 76624777043294442917917351357515459180936956109180108 0
346500000 2000 10000 277200000 69300000 0
8 2000 10000 7 0 1
783 0 228360 627 0 156
1141802 0 10000 913442 0 228360
756245000000 191 790918 604996000000 14444279500 136804720500
756577519891812136 500 531353 605262015913449709 37828875994590606 113486627983771821
115792089237316195423570985008687907853269984665640564039457584007913129628582 0 0 92633671389852956338856788006950326282615987732512451231566067206330503702866 0 23158417847463239084714197001737581570653996933128112807891516801582625925716
1645504557321206042154969182557350504982735865633579863348609024 500 545522 1316403645856964833723975346045880403986188692506863890678887220 82275227866060302107748459127867525249136793281678993167430451 246825683598180906323245377383602575747410379845036979502291353
455220001 1581 10000 364176001 71970282 19073718
11 0 816240 9 0 2
6240 2000 817669 4992 0 1248
4088347 500 0 3270678 204417 613252
456222000000 500 153748 364977600000 22811100000 68433300000
2648189280530588144 1781 775149 2118551424424470516 471642510862497748 57995345243619880
115792089237316195423570985008687907853269984665640564039457584007913129624786 786 10000 92633671389852956338856788006950326282615987732512451231566067206330503699829 9101258214053052960292679421682869557267020794719348333501366103021971988508 14057159633410186124421517580054712013386976138408764474390150698560653936449
25711008708143844408671393477458601640355247900524685364822015 2000 170363 20568806966515075526937114781966881312284198320419748291857612 5142201741628768881734278695491720328071049580104937072964403 0
703630001 2000 10000 562904001 140726000 0
9 611 10000 8 0 1
7685 2000 0 6148 1537 0
4294790 1968 437318 3435832 845214 13744
437318000000 0 152056 349854400000 0 87463600000
14199323203386643104 356 0 11359458562709314484 505495906040564494 2334368734636764126
115792089237316195423570985008687907853269984665640564039457584007913129620812 192 0 92633671389852956338856788006950326282615987732512451231566067206330503696650 2223208113356470952132562912166807830782783705580298829557585612951932088719 20935209734106768132581634089570773739871213227547813978333931188630693835443
2097152 2000 354285 1677722 419430 0
542849999 682 536827 434280000 37022369 71547630
3 500 0 3 0 0
118 646 0 95 7 16
3563922 500 421497 2851138 178196 534588
421497000000 0 10000 337197600000 0 84299400000
2370716452375622412 500 10000 1896573161900497930 118535822618781120 355607467856343362
115792089237316195423570985008687907853269984665640564039457584007913129620721 0 10000 92633671389852956338856788006950326282615987732512451231566067206330503696577 0 23158417847463239084714197001737581570653996933128112807891516801582625924144
17592186044415 2000 10000 14073748835532 3518437208883 0
370109999 1107 0 296088000 40971176 33050823
1 500 479579 1 0 0
9579 0 468610 7664 0 1915
2343050 500 0 1874440 117152 351458
202034000000 466 10000 161627200000 9414784400 30992015600
628639351879909221 2000 953984 502911481503927377 125727870375981844 0
115792089237316195423570985008687907853269984665640564039457584007913129625951 390 504627 92633671389852956338856788006950326282615987732512451231566067206330503700761 4515891480255331621519268415338828406277529401959981997538845776308612055412 18642526367207907463194928586398753164376467531168130810352671025274013869778
842498333348457493583344221469363458551160763204392890034487820288 0 10000 673998666678765994866675377175490766840928610563514312027590256231 0 168499666669691498716668844293872691710232152640878578006897564057
129969998 0 389159 103975999 0 25993999
7 500 10000 6 0 1
9366 2000 10000 7493 0 1873
3339376 500 10000 2671501 166968 500907
459944000000 0 556802 367955200000 0 91988800000
14142731064401722626 1481 0 11314184851521378101 2094538470637895120 734007742242449405
115792089237316195423570985008687907853269984665640564039457584007913129638896 307 10000 92633671389852956338856788006950326282615987732512451231566067206330503711117 3554817139585607199503629239766718771095388529235165316011347829042933079914 19603600707877631885210567761970862799558608403892947491880168972539692847865
191561942608236107294793378393788647952342390272950272 771 10000 153249554086588885835834702715030918361873912218360218 14769425775095003872428569474161104757125598290044465 23542962746552217586530106204596624833342879764545589
171959998 1542 10000 137567999 26516231 7875768
7 0 0 6 0 1
7219 684 10000 5776 0 1443
1329142 2000 701488 1063314 265828 0
701488000000 1069 650993 561190400000 74989067200 65308532800
9046187819895044478 2000 942428 7236950255916035583 1809237563979008895 0
115792089237316195423570985008687907853269984665640564039457584007913129637507 1400 232153 92633671389852956338856788006950326282615987732512451231566067206330503710006 16210892493224267359299937901216307099457797853189678965524061761107838149250 6947525354238971725414259100521274471196199079938433842367455040474787778251
50216813883093446110686315385661331328818843555712276103167 709 471944 40173451106474756888549052308529065063055074844569820882534 3560372104311325329247659760843388391213256008100000375714 6482990672307363892889603316288877874550512703042454844919
719440001 448 0 575552001 32230912 111657088
0 1574 435974 0 0 0
5974 2000 383325 4780 0 1194
1916627 2000 0 1533302 383325 0
449402000000 1058 915402 359521600000 47546731600 42333668400
1693972878217602198 371 929298 1355178302574081759 62846393781873041 275948181861647398
115792089237316195423570985008687907853269984665640564039457584007913129630637 500 0 92633671389852956338856788006950326282615987732512451231566067206330503704510 5789604461865809771178549250434395392663499233282028201972879200395656481531 17368813385597429313535647751303186177990497699846084605918637601186969444596
411376139330301510538742295639337626245683966408394965837152255 0 0 329100911464241208430993836511470100996547173126715972669721804 0 82275227866060302107748459127867525249136793281678993167430451
592050001 320 802997 473640001 18945600 99464400
9 2000 0 8 1 0
4544 500 927293 3636 0 908
4636467 500 83945 3709174 231823 695470
83945000000 220 479282 67156000000 1846790000 14942210000
643452013773804466 1289 362584 514761611019043573 82940964575443395 45749438179317498
115792089237316195423570985008687907853269984665640564039457584007913129637351 1074 102106 92633671389852956338856788006950326282615987732512451231566067206330503709881 12436070384087759388491523789933081303441196353089796577837744522449870123051 10722347463375479696222673211804500267212800580038316230053772279132755804419
28948022309329048855892746252171976963317496166410141009864396001978282409984 770 0 23158417847463239084714197001737581570653996933128112807891516801582625927988 2228997717818336761903741461417242226175447204813580857759558492152327745568 3560606744047473009274807789017153166488052028468447344213320708243328736428
93479998 1348 632515 74783999 12601103 6094896
11 0 0 9 0 2
6013 2000 0 4811 1202 0
3339470 421 75062 2671576 140591 527303
75062000000 500 10000 60049600000 3753100000 11259300000
2677798214272188690 1633 0 2142238571417750952 437284448390648413 98275194463789325
115792089237316195423570985008687907853269984665640564039457584007913129620888 639 10000 92633671389852956338856788006950326282615987732512451231566067206330503696711 7399114502264504887566185942055157311823952020134432042121339618105648982774 15759303345198734197148011059682424258830044912993680765770177183476976941403
22835963083295358096932575511191922182123945983 0 10000 18268770466636286477546060408953537745699156787 0 4567192616659071619386515102238384436424789196
128250001 1657 425935 102600001 21251025 4398975
7 500 0 6 0 1
4659 1809 728161 3728 0 931
3640805 500 0 2912644 182040 546121
718623000000 1803 855933 574898400000 129567726900 14156873100
100634844149152515 0 803371 80507875319322012 0 20126968829830503
115792089237316195423570985008687907853269984665640564039457584007913129636564 602 960048 92633671389852956338856788006950326282615987732512451231566067206330503709252 6970683772086434964498973297523012052766853076871561955175346557276370404121 16187734075376804120215223704214569517887143856256550852716170244306255523191
28948022309329048855892746252171976963317496166410141009864396001978282409984 1232 46891 23158417847463239084714197001737581570653996933128112807891516801582625927988 3566396348509338819045986338267587561880715527701729372415293587443724392910 2223208113356470952132562912166807830782783705580298829557585612951932089086
468910001 500 342305 375128001 23445500 70336500
9 2000 0 8 1 0
2070 2000 10000 1656 0 414
1389591 500 0 1111673 69479 208439
3202000000 933 0 2561600000 298746600 341653400
2688484664556779725 0 10000 2150787731645423780 0 537696932911355945
115792089237316195423570985008687907853269984665640564039457584007913129620235 0 718251 92633671389852956338856788006950326282615987732512451231566067206330503696188 0 23158417847463239084714197001737581570653996933128112807891516801582625924047
2417851639229258349412352 835 10000 1934281311383406679529882 201890611875643072175931 281679715970208597706539
22049998 780 0 17639999 1719899 2690100
5 2000 895789 4 0 1
5789 2000 10000 4632 0 1157
3838900 2000 249786 3071120 767780 0
249786000000 0 664465 199828800000 0 49957200000
12385946625109500450 0 947397 9908757300087600360 0 2477189325021900090
115792089237316195423570985008687907853269984665640564039457584007913129632538 500 0 92633671389852956338856788006950326282615987732512451231566067206330503706031 5789604461865809771178549250434395392663499233282028201972879200395656481626 17368813385597429313535647751303186177990497699846084605918637601186969444881
9444732965739290427391 500 420216 7555786372591432341913 472236648286964521369 1416709944860893564109
202159998 0 657185 161727999 0 40431999
5 600 10000 4 0 1
1252 1399 0 1002 175 75
1099265 415 10000 879412 45619 174234
38034000000 0 620733 30427200000 0 7606800000
9757533659838441288 2000 10000 7806026927870753031 1951506731967688257 0
115792089237316195423570985008687907853269984665640564039457584007913129635911 1344 894744 92633671389852956338856788006950326282615987732512451231566067206330503708729 15562456793495296664927940385167654815479485939062091806903099290663524623066 7595961053967942419786256616569926755174510994066021000988417510919101304116
5316911983139663491615228241121378304 0 0 4253529586511730793292182592897102644 0 1063382396627932698323045648224275660
543519999 267 10000 434816000 14511983 94192016
0 0 995594 0 0 0
5594 861 0 4476 481 637
3704360 0 149853 2963488 0 740872
149853000000 0 10000 119882400000 0 29970600000
7706809184918721003 2000 687627 6165447347934976803 1541361836983744200 0
115792089237316195423570985008687907853269984665640564039457584007913129632308 0 10000 92633671389852956338856788006950326282615987732512451231566067206330503705847 0 23158417847463239084714197001737581570653996933128112807891516801582625926461
9444732965739290427391 2000 308826 7555786372591432341913 1888946593147858085478 0
88259998 500 10000 70607999 4412999 13239000
10 931 474654 8 0 2
4654 2000 96970 3724 0 930
484852 500 655712 387882 0 96970
655712000000 2000 0 524569600000 131142400000 0
2465067138423953940 500 10000 1972053710739163152 123253356921197697 369760070763593091
115792089237316195423570985008687907853269984665640564039457584007913129637576 1426 72509 92633671389852956338856788006950326282615987732512451231566067206330503710061 16511951925241289467401222462238895659876299813320344432026651479528412286318 6646465922221949617312974539498685910777697119807768375864865322054213641197
4294967295 76 695363 3435973836 32641751 826351708
953630001 195 0 762904001 18595785 172130215
10 1422 0 8 1 1
8908 500 0 7127 445 1336
286862 2000 642428 229490 0 57372
642428000000 0 0 513942400000 0 128485600000
12497991741744966288 500 921266 9998393393395973031 624899587087248314 1874698761261744943
115792089237316195423570985008687907853269984665640564039457584007913129638669 933 812215 92633671389852956338856788006950326282615987732512451231566067206330503710936 10803401925841601033019172901310581802710089569304264624881392587938294995287 12355015921621638051695024100426999767943907363823848183010124213644330932446
13164036458569648337239753460458804039861886925068638906788872191 0 333605 10531229166855718669791802768367043231889509540054911125431097753 0 2632807291713929667447950692091760807972377385013727781357774438
336050000 1518 601624 268840000 51012390 16197610
8 1336 10000 7 0 1
5819 0 773413 4656 0 1163
3867067 2000 345827 3093654 773413 0
345827000000 2000 10000 276661600000 69165400000 0
5525952699322048968 646 169994 4420762159457639175 356976544376204363 748213995488205430
115792089237316195423570985008687907853269984665640564039457584007913129629941 500 161578 92633671389852956338856788006950326282615987732512451231566067206330503703953 5789604461865809771178549250434395392663499233282028201972879200395656481497 17368813385597429313535647751303186177990497699846084605918637601186969444491
383123885216472214589586756787577295904684780545900543 500 8365 306499108173177771671669405430061836723747824436720435 19156194260823610729479337839378864795234239027295027 57468582782470832188438013518136594385702717081885081
83650001 0 10000 66920001 0 16730000
10 2000 0 8 2 0
8312 282 853711 6650 0 1662
4268555 2000 10000 3414844 853711 0
852147000000 2000 901741 681717600000 170429400000 0
908138284685094713 1451 728253 726510627748075771 131770865107807242 49856791829211700
115792089237316195423570985008687907853269984665640564039457584007913129631682 0 301985 92633671389852956338856788006950326282615987732512451231566067206330503705346 0 23158417847463239084714197001737581570653996933128112807891516801582625926336
18446744073709551615 229 257989 14757395258967641292 422430439287948731 3266918375453961592
579890001 500 0 463912001 28994500 86983500
4 0 861078 4 0 0
1078 500 0 863 53 162
4835050 0 0 3868040 0 967010
299465000000 500 274910 239572000000 14973250000 44919750000
701756030190883150 0 0 561404824152706520 0 140351206038176630
115792089237316195423570985008687907853269984665640564039457584007913129625361 1913 578082 92633671389852956338856788006950326282615987732512451231566067206330503700289 22151026671098588184529129432161996772330548066537039900748235820713781697331 1007391176364650900185067569575584798323448866591072907143280980868844227741
411376139330301510538742295639337626245683966408394965837152256 500 263839 329100911464241208430993836511470100996547173126715972669721805 20568806966515075526937114781966881312284198320419748291857612 61706420899545226580811344345900643936852594961259244875572839
638389999 935 375308 510712000 59689464 67988535
4 1329 0 4 0 0
3245 2000 10000 2596 0 649
4976275 0 0 3981020 0 995255
14056000000 500 0 11244800000 702800000 2108400000
4662810176005053282 560 0 3730248140804042626 261117369856282983 671444665344727673
115792089237316195423570985008687907853269984665640564039457584007913129630489 41 520484 92633671389852956338856788006950326282615987732512451231566067206330503704392 474747565872996401236641038535620422198406937129126312561776094432443831485 22683670281590242683477555963201961148455589995998986495329740707150182094612
56539106072908298546665520023773392506479484700019806659891398441363832831 1251 0 45231284858326638837332416019018714005183587760015845327913118753091066265 7073042169720828148187856554974051402560583535972477813152413945014615487 4234779044860831561145247449780627098735313404031483518825865743258151079
442430000 550 0 353944000 24333650 64152350
5 0 0 4 0 1
1887 2000 996508 1510 0 377
4982542 2000 284668 3986034 996508 0
284668000000 0 281014 227734400000 0 56933600000
709611936612464508 500 10000 567689549289971607 35480596830623225 106441790491869676
115792089237316195423570985008687907853269984665640564039457584007913129625249 500 806518 92633671389852956338856788006950326282615987732512451231566067206330503700200 5789604461865809771178549250434395392663499233282028201972879200395656481262 17368813385597429313535647751303186177990497699846084605918637601186969443787
664613997892457936451903530140172288 500 933759 531691198313966349161522824112137831 33230699894622896822595176507008614 99692099683868690467785529521025843
337589999 500 0 270072000 16879499 50638500
6 500 838074 5 0 1
8074 422 569869 6460 0 1614
2849345 1157 0 2279476 329669 240200
797803000000 2000 928902 638242400000 159560600000 0
5906279969000289624 500 714276 4725023975200231700 295313998450014481 885941995350043443
115792089237316195423570985008687907853269984665640564039457584007913129625659 1293 380208 92633671389852956338856788006950326282615987732512451231566067206330503700528 14971917138384984068267728361623346485427809017267324930301865612223167660597 8186500709078255016446468640114235085226187915860787877589651189359458264534
41538374868278621028243970633760767 500 420595 33230699894622896822595176507008614 2076918743413931051412198531688038 6230756230241793154236595595064115
205949999 1290 576847 164760000 26567549 14622450
7 500 0 6 0 1
1817 2000 0 1454 363 0
229575 1425 10000 183660 32714 13201
388001000000 166 10000 310400800000 6440816600 71159383400
5131181037871397348 2000 430319 4104944830297117879 1026236207574279469 0
115792089237316195423570985008687907853269984665640564039457584007913129629616 815 436170 92633671389852956338856788006950326282615987732512451231566067206330503703693 9437055272841269927021035278208064490041503750249705969215793096644920064813 13721362574621969157693161723529517080612493182878406838675723704937705861110
1427247692705959881058285969449495136382746623 383 230402 1141798154164767904846628775559596109106197299 54663586630638263444532352629915663723459195 230785951910553712767124841259983363553090129
304020000 0 0 243216000 0 60804000
6 913 421338 5 0 1
1338 2000 0 1071 267 0
2103191 2000 10000 1682553 420638 0
865436000000 2000 219333 692348800000 173087200000 0
64818725637239773 2000 414874 51854980509791819 12963745127447954 0
115792089237316195423570985008687907853269984665640564039457584007913129625061 0 10000 92633671389852956338856788006950326282615987732512451231566067206330503700049 0 23158417847463239084714197001737581570653996933128112807891516801582625925012
12554203470773361527671578846415332832204710888928069025791 2000 0 10043362776618689222137263077132266265763768711142455220633 2510840694154672305534315769283066566440942177785613805158 0
296490000 500 0 237192000 14824500 44473500
5 62 10000 4 0 1
936 1668 832731 749 0 187
4163657 22 971553 3330926 9160 823571
971553000000 1461 750589 777242400000 141943893300 52366706700
4945753807807056558 500 517672 3956603046245645247 247287690390352827 741863071171058484
115792089237316195423570985008687907853269984665640564039457584007913129622263 1181 10000 92633671389852956338856788006950326282615987732512451231566067206330503697811 13675045738927042679523733329526041917471185189012150613059940671334540608389 9483372108536196405190463672211539653182811744115962194831576130248085316063
187072209578355573530071658587684226515959365500927 1495 456369 149657767662684458824057326870147381212767492400742 27967295331964158242745712958858791864135925142388 9447146583706956463268618758678053439055947957797
563689999 1444 0 450952000 81396835 31341164
2 1376 562003 2 0 0
2003 961 10000 1603 0 400
893972 0 10000 715178 0 178794
232215000000 1232 954199 185772000000 28608888000 17834112000
179655941937741389 2000 0 143724753550193112 35931188387548277 0
115792089237316195423570985008687907853269984665640564039457584007913129637594 501 583636 92633671389852956338856788006950326282615987732512451231566067206330503710076 5801183670789541390720906348935264183448826231748592258376824958796447794843 17357234176673697693993290652802317387205170701379520549514691842786178132675
26328072917139296674479506920917608079723773850137277813577744383 0 695717 21062458333711437339583605536734086463779019080109822250862195507 0 5265614583427859334895901384183521615944754770027455562715548876
957169998 1459 180739 765735999 139651102 51782897
7 500 29886 6 0 1
9886 2000 836620 7909 0 1977
4183100 193 309113 3346480 80733 755887
309113000000 500 960596 247290400000 15455650000 46366950000
3154263009514624268 231 281996 2523410407611699415 72863475519787820 557989126383137033
115792089237316195423570985008687907853269984665640564039457584007913129637939 1233 0 92633671389852956338856788006950326282615987732512451231566067206330503710352 14277164602961086895726302451571219038308189109273481546065120108175688884357 8881253244502152188987894550166362532345807823854631261826396693406937043230
151115727451828646838272 2000 514217 120892581961462917470618 30223145490365729367654 0
142169998 2000 363794 113735999 28433999 0
6 1324 10000 5 0 1
2283 500 0 1827 114 342
2711680 2000 553760 2169344 542336 0
553760000000 815 945965 443008000000 45131440000 65620560000
1576171188040484935 615 0 1260936950432387948 96934528064489823 218299709543607164
115792089237316195423570985008687907853269984665640564039457584007913129629997 1968 10000 92633671389852956338856788006950326282615987732512451231566067206330503703998 22787883161903827259358769849709780265523532982198063002965252532757303911183 370534685559411825355427152027801305130463950930049804926264268825322014816
226156424291633194186662080095093570025917938800079226639565593765455331327 1031 956572 180925139433306555349329664076074856020734351040063381311652475012364265062 23316727344467382320644860457804147069672139490288168266539212717218444659 21914557513859256516687555561214566935511448269727677061373906035872621606
565719999 2000 10000 452576000 113143999 0
1 772 448870 1 0 0
8870 0 0 7096 0 1774
296976 1359 60295 237581 40359 19036
60295000000 0 444607 48236000000 0 12059000000
2596623070176929378 220 401022 2077298456141543503 57125707543892446 462198906491493429
115792089237316195423570985008687907853269984665640564039457584007913129638913 500 919433 92633671389852956338856788006950326282615987732512451231566067206330503711131 5789604461865809771178549250434395392663499233282028201972879200395656481945 17368813385597429313535647751303186177990497699846084605918637601186969445837
309485009821345068724781056 714 723755 247588007857076054979824845 22097229701244037906949367 39799772263024975838006844
237549998 0 881460 190039999 0 47509999
8 500 0 7 0 1
3102 1265 10000 2482 0 620
1294766 500 759384 1035813 64738 194215
759384000000 2000 283573 607507200000 151876800000 0
7835311524003823769 475 10000 6268249219203059016 372177297390181629 1194885007410583124
115792089237316195423570985008687907853269984665640564039457584007913129629704 2000 336843 92633671389852956338856788006950326282615987732512451231566067206330503703764 23158417847463239084714197001737581570653996933128112807891516801582625925940 0
680564733841876926926749214863536422912 2000 7168 544451787073501541541399371890829138330 136112946768375385385349842972707284582 0
71680001 0 0 57344001 0 14336000
0 579 10000 0 0 0
5178 1197 0 4143 619 416
3155676 500 333855 2524541 157783 473352
333855000000 500 932963 267084000000 16692750000 50078250000
1704279715570579339 1538 37545 1363423772456463472 262118220254755102 78737722859360765
115792089237316195423570985008687907853269984665640564039457584007913129622390 500 659854 92633671389852956338856788006950326282615987732512451231566067206330503697912 5789604461865809771178549250434395392663499233282028201972879200395656481119 17368813385597429313535647751303186177990497699846084605918637601186969443359
25108406941546723055343157692830665664409421777856138051583 358 393378 20086725553237378444274526154264532531527537422284910441267 898880968507372685381285045403337830785857299647249742246 4122800419801971925687346493162795302096027055923977868070
933780000 0 504667 747024000 0 186756000
3 21 10000 3 0 0
4830 500 0 3864 241 725
3060175 500 370224 2448140 153008 459027
370224000000 500 0 296179200000 18511200000 55533600000
3459858323273862354 1185 741423 2767886658619089884 409993211307952688 281978453346819782
115792089237316195423570985008687907853269984665640564039457584007913129638512 1276 0 92633671389852956338856788006950326282615987732512451231566067206330503710810 14775070586681546536047657687108577042077250043335735971434787719409715341874 8383347260781692548666539314629004528576746889792376836456729082172910585828
33554432 1494 2312 26843546 5013032 1697854
23120000 1714 671431 18496000 3962768 661232
3 0 218163 3 0 0
8163 500 10000 6531 0 1632
2040807 2000 442594 1632646 408161 0
442594000000 0 0 354075200000 0 88518800000
15774497708765225472 1093 10000 12619598167012180378 1724152599568039144 1430746942185005950
115792089237316195423570985008687907853269984665640564039457584007913129631018 306 962422 92633671389852956338856788006950326282615987732512451231566067206330503704815 3543237930661875579961272141265849980310061530768601259607402070642141766709 19615179916801363504752924860471731590343935402359511548284114730940484159494
5846006549323611672814739330865132078623730171904 2000 0 4676805239458889338251791464692105662898984137524 1169201309864722334562947866173026415724746034380 0
890519999 695 0 712416000 61891139 116212860
0 0 109931 0 0 0
9931 2000 10000 7945 0 1986
4624615 1797 0 3699692 831043 93880
208613000000 1061 589784 166890400000 22133839300 19588760700
8648683244722291104 2000 170106 6918946595777832884 1729736648944458220 0
115792089237316195423570985008687907853269984665640564039457584007913129629829 383 706418 92633671389852956338856788006950326282615987732512451231566067206330503703864 4434837017789210284722768725832746870780240412694033602711225467503072864822 18723580829674028799991428275904834699873756520434079205180291334079553061143
9223372036854775807 125 596077 7378697629483820646 115292150460684697 1729382256910270464
960770000 2000 0 768616000 192154000 0
5 0 506794 4 0 1
6794 0 10000 5436 0 1358
1227501 546 0 982001 67021 178479
304092000000 1680 0 243273600000 51087456000 9730944000
1192243636103022420 2000 336209 953794908882417936 238448727220604484 0
115792089237316195423570985008687907853269984665640564039457584007913129623726 2000 541092 92633671389852956338856788006950326282615987732512451231566067206330503698981 23158417847463239084714197001737581570653996933128112807891516801582625924745 0
664613997892457936451903530140172287 2000 805367 531691198313966349161522824112137830 132922799578491587290380706028034457 0
53669998 500 646092 42935999 2683499 8050500
0 500 416718 0 0 0
6718 0 0 5375 0 1343
2389990 9 120446 1911992 2150 475848
120446000000 1654 147969 96356800000 19921768400 4167431600
6982128279379398474 2000 10000 5585702623503518780 1396425655875879694 0
115792089237316195423570985008687907853269984665640564039457584007913129632090 1986 10000 92633671389852956338856788006950326282615987732512451231566067206330503705672 22996308922530996411121197622725418499659418954596216018236276183971547544933 162108924932242673592999379012163070994577978531896789655240617611078381485
1809251394333065553493296640760748560207343510400633813116524750123642650624 1691 0 1447401115466452442794637312608598848165874808320507050493219800098914120500 305944410781721385095716461952642581531061787608747177798004335245907972220 55905868084891725602942866199507130510406914471379584825300614778820557904
542729998 2000 10000 434183999 108545999 0
3 0 10000 3 0 0
9179 235 0 7344 215 1620
1818982 1380 524516 1455186 251019 112777
524516000000 0 503715 419612800000 0 104903200000
70797819076413820 1270 592530 56638255261131056 8991323022704555 5168240792578209
115792089237316195423570985008687907853269984665640564039457584007913129627405 214 397705 92633671389852956338856788006950326282615987732512451231566067206330503701924 2477950709678566582064419079185921228059977671844708070444392297769340974026 20680467137784672502649777922551660342594019261283404737447124503813284951455
2854495385411919762116571938898990272765493247 500 10000 2283596308329535809693257551119192218212394598 142724769270595988105828596944949513638274662 428174307811787964317485790834848540914823987
784010000 1213 0 627208000 95100413 61701587
8 168 10000 7 0 1
3133 0 0 2507 0 626
2974292 500 0 2379434 148714 446144
730126000000 1814 429588 584100800000 132444856400 13580343600
7282918808438041184 846 646862 5826335046750432948 616134931193858284 840448830493749952
115792089237316195423570985008687907853269984665640564039457584007913129633073 733 498317 92633671389852956338856788006950326282615987732512451231566067206330503706459 8487560141095277124547753201136823645644689875991453344092240907780032402104 14670857706367961960166443800600757925009307057136659463799275893802593524510
1684996666696914987166688442938726917102321526408785780068975640575 2000 963782 1347997333357531989733350754350981533681857221127028624055180512460 336999333339382997433337688587745383420464305281757156013795128115 0
637819998 1351 348346 510255999 86169481 41394518
6 500 0 5 0 1
6038 0 869240 4831 0 1207
4346201 0 763263 3476961 0 869240
763263000000 500 10000 610610400000 38163150000 114489450000
1245846419797394710 0 193129 996677135837915768 0 249169283959478942
115792089237316195423570985008687907853269984665640564039457584007913129626806 0 0 92633671389852956338856788006950326282615987732512451231566067206330503701445 0 23158417847463239084714197001737581570653996933128112807891516801582625925361
9223372036854775807 2000 10000 7378697629483820646 1844674407370955161 0
722080001 500 0 577664001 36104000 108312000
1 2000 10000 1 0 0
9335 676 93272 7468 0 1867
466360 67 398778 373088 3124 90148
398778000000 343 682311 319022400000 13678085400 66077514600
6946919319188220738 1718 0 5557535455350576591 1193480739036536322 195903124801107825
115792089237316195423570985008687907853269984665640564039457584007913129621003 500 0 92633671389852956338856788006950326282615987732512451231566067206330503696803 5789604461865809771178549250434395392663499233282028201972879200395656481050 17368813385597429313535647751303186177990497699846084605918637601186969443150
1766847064778384329583297500742918515827483896875618958121606201292619776 2000 10000 1413477651822707463666638000594334812661987117500495166497284961034095821 353369412955676865916659500148583703165496779375123791624321240258523955 0
313799999 394 10000 251040000 12363719 50396280
8 1620 10000 7 0 1
9474 2000 560835 7580 0 1894
2804176 1939 539721 2243341 543729 17106
539721000000 500 861735 431776800000 26986050000 80958150000
822036994390472965 393 504548 657629595512378372 32306053879545587 132101344998549006
115792089237316195423570985008687907853269984665640564039457584007913129635387 0 852148 92633671389852956338856788006950326282615987732512451231566067206330503708310 0 23158417847463239084714197001737581570653996933128112807891516801582625927077
392318858461667547739736838950479151006397215279002157055 2000 0 313855086769334038191789471160383320805117772223201725644 78463771692333509547947367790095830201279443055800431411 0
544380001 410 350609 435504001 22319580 86556420
5 2000 365142 4 0 1
5142 1559 0 4114 801 227
1224670 0 10000 979736 0 244934
354308000000 500 0 283446400000 17715400000 53146200000
468315422737560234 500 355240 374652338190048188 23415771136878011 70247313410634035
115792089237316195423570985008687907853269984665640564039457584007913129624695 1685 0 92633671389852956338856788006950326282615987732512451231566067206330503699756 19510967036487778928871710973963912473275992416160435040648602905333362341761 3647450810975460155842486027773669097378004516967677767242913896249263583178
4503599627370495 500 705269 3602879701896396 225179981368524 675539944105575
52689999 0 10000 42152000 0 10537999
4 0 0 4 0 0
7849 2000 653635 6280 0 1569
3268177 500 838624 2614542 163408 490227
838624000000 124 10000 670899200000 10398937600 157325862400
3367549151644583 2000 221901 2694039321315667 673509830328916 0
115792089237316195423570985008687907853269984665640564039457584007913129638034 2000 551402 92633671389852956338856788006950326282615987732512451231566067206330503710428 23158417847463239084714197001737581570653996933128112807891516801582625927606 0
226156424291633194186662080095093570025917938800079226639565593765455331328 0 541079 180925139433306555349329664076074856020734351040063381311652475012364265063 0 45231284858326638837332416019018714005183587760015845327913118753091066265
410790000 2000 0 328632000 82158000 0
7 430 71902 6 0 1
1902 1979 0 1522 376 4
896121 500 10000 716897 44806 134418
933913000000 1104 133047 747130400000 103103995200 83678604800
4435473656433543775 0 66109 3548378925146835020 0 887094731286708755
115792089237316195423570985008687907853269984665640564039457584007913129633826 0 423119 92633671389852956338856788006950326282615987732512451231566067206330503707061 0 23158417847463239084714197001737581570653996933128112807891516801582625926765
348449143727040986586495598010130648530944 446 846356 278759314981632789269196478408104518824756 15540831810226028001757703671251826924480 54148996935182169315541415930774302781708
463559998 1436 536039 370847999 66567215 26144784
3 500 480599 3 0 0
599 500 28612 480 0 119
143061 1946 0 114449 27839 773
695895000000 934 10000 556716000000 64996593000 74182407000
5936657554292406008 500 0 4749326043433924807 296832877714620300 890498633143860901
115792089237316195423570985008687907853269984665640564039457584007913129628713 500 10000 92633671389852956338856788006950326282615987732512451231566067206330503702971 5789604461865809771178549250434395392663499233282028201972879200395656481435 17368813385597429313535647751303186177990497699846084605918637601186969444307
20282409603651670423947251286016 2000 10000 16225927682921336339157801028813 4056481920730334084789450257203 0
867359999 2000 619786 693888000 173471999 0
6 2000 10000 5 0 1
137 127 10000 110 0 27
1272917 0 0 1018334 0 254583
377184000000 2000 970559 301747200000 75436800000 0
1158529649322296163 500 621353 926823719457836931 57926482466114808 173779447398344424
115792089237316195423570985008687907853269984665640564039457584007913129638582 652 421142 92633671389852956338856788006950326282615987732512451231566067206330503710866 7549644218273015941616828222566451592033203000199764775372634477315936052435 15608773629190223143097368779171129978620793932928348032518882324266689875281
1606938044258990275541962092341162602522202993782792835301375 0 10000 1285550435407192220433569673872930082017762395026234268241100 0 321387608851798055108392418468232520504440598756558567060275
784640001 237 824467 627712001 18595968 138332032
11 500 10000 9 0 2
2967 2000 499928 2374 0 593
2499642 500 310311 1999714 124982 374946
310311000000 0 428204 248248800000 0 62062200000
2074548352834624480 0 10000 1659638682267699584 0 414909670566924896
115792089237316195423570985008687907853269984665640564039457584007913129633343 500 26458 92633671389852956338856788006950326282615987732512451231566067206330503706675 5789604461865809771178549250434395392663499233282028201972879200395656481667 17368813385597429313535647751303186177990497699846084605918637601186969445001
536870912 0 0 429496730 0 107374182
711089999 974 0 568872000 69260165 72957834
2 2000 94707 2 0 0
4707 719 724976 3766 0 941
3624881 1540 10000 2899905 558231 166745
462807000000 1513 188131 370245600000 70022699100 22538700900
233542254394501416 2000 0 186833803515601133 46708450878900283 0
115792089237316195423570985008687907853269984665640564039457584007913129621607 2000 10000 92633671389852956338856788006950326282615987732512451231566067206330503697286 23158417847463239084714197001737581570653996933128112807891516801582625924321 0
26328072917139296674479506920917608079723773850137277813577744383 500 0 21062458333711437339583605536734086463779019080109822250862195507 1316403645856964833723975346045880403986188692506863890678887219 3949210937570894501171926038137641211958566077520591672036661657
65610001 2000 185484 52488001 13122000 0
4 1929 140366 4 0 0
366 500 200015 293 0 73
1000077 2000 10000 800062 200015 0
24553000000 964 359595 19642400000 2366909200 2543690800
10915654345980081735 835 10000 8732523476784065388 911457137889336824 1271673731306679523
115792089237316195423570985008687907853269984665640564039457584007913129621174 500 0 92633671389852956338856788006950326282615987732512451231566067206330503696940 5789604461865809771178549250434395392663499233282028201972879200395656481058 17368813385597429313535647751303186177990497699846084605918637601186969443176
166153499473114484112975882535043071 1981 0 132922799578491587290380706028034457 32915008245623979302780522330192032 315691648998917519814654176816582
385940000 2000 10000 308752000 77188000 0
7 251 0 6 0 1
5589 784 0 4472 438 679
993955 2000 718246 795164 198791 0
718246000000 500 61154 574596800000 35912300000 107736900000
5629461484791896696 746 430900 4503569187833517357 419957826765475493 705934470192903846
115792089237316195423570985008687907853269984665640564039457584007913129629035 508 568538 92633671389852956338856788006950326282615987732512451231566067206330503703228 5882238133255662727517406038441345718946115221014540653204445267601986985154 17276179714207576357196790963296235851707881712113572154687071533980638940653
187072209578355573530071658587684226515959365500927 1780 10000 149657767662684458824057326870147381212767492400742 33298853304947292088352755228607792319840767059165 4115588610723822617661576488929052983351106041020
780580001 0 76972 624464001 0 156116000
8 500 0 7 0 1
2865 500 0 2292 143 430
4661632 0 10000 3729306 0 932326
426003000000 0 10000 340802400000 0 85200600000
64619957507498945 0 278052 51695966005999156 0 12923991501499789
115792089237316195423570985008687907853269984665640564039457584007913129621883 2000 226767 92633671389852956338856788006950326282615987732512451231566067206330503697507 23158417847463239084714197001737581570653996933128112807891516801582625924376 0
2097151 368 82465 1677721 77175 342255
824650000 78 169653 659720000 6432270 158497730
5 2000 10000 4 0 1
2332 0 0 1866 0 466
538871 500 609346 431097 0 107774
609346000000 0 811189 487476800000 0 121869200000
5782602799981823874 2000 196742 4626082239985459100 1156520559996364774 0
115792089237316195423570985008687907853269984665640564039457584007913129623193 0 751194 92633671389852956338856788006950326282615987732512451231566067206330503698555 0 23158417847463239084714197001737581570653996933128112807891516801582625924638
262143 500 738734 209715 0 52428
387339998 0 590110 309871999 0 77467999
6 2000 0 5 1 0
2244 1492 618408 1796 0 448
3092040 500 10000 2473632 154602 463806
593909000000 2000 73277 475127200000 118781800000 0
2498905775851201528 565 998759 1999124620680961223 141188176335592886 358592978834647419
115792089237316195423570985008687907853269984665640564039457584007913129621176 500 656189 92633671389852956338856788006950326282615987732512451231566067206330503696941 5789604461865809771178549250434395392663499233282028201972879200395656481058 17368813385597429313535647751303186177990497699846084605918637601186969443177
174224571863520493293247799005065324265471 500 721059 139379657490816394634598239204052259412377 8711228593176024664662389950253266213273 26133685779528073993987169850759798639821
210590001 908 934449 168472001 19121572 22996428
9 588 10000 8 0 1
611 2000 227218 489 0 122
1136092 715 10000 908874 81230 145988
932557000000 1035 10000 746045600000 96519649500 89991750500
9474468368500540140 500 683074 7579574694800432112 473723418425027007 1421170255275081021
115792089237316195423570985008687907853269984665640564039457584007913129636861 1764 733980 92633671389852956338856788006950326282615987732512451231566067206330503709489 20425724541462576872717921755532546945316825295018995496560317818995876067942 2732693306000662211996275246205034625337171638109117311331198982586749859430
52656145834278593348959013841835216159447547700274555627155488767 500 0 42124916667422874679167211073468172927558038160219644501724391014 2632807291713929667447950692091760807972377385013727781357774438 7898421875141789002343852076275282423917132155041183344073323315
36459998 2000 0 29167999 7291999 0
10 496 815212 8 0 2
5212 138 801667 4170 0 1042
4008336 500 881920 3206669 200416 601251
881920000000 0 0 705536000000 0 176384000000
12908680419535480950 0 10000 10326944335628384760 0 2581736083907096190
115792089237316195423570985008687907853269984665640564039457584007913129622991 2000 33620 92633671389852956338856788006950326282615987732512451231566067206330503698393 23158417847463239084714197001737581570653996933128112807891516801582625924598 0
11150372599265311570767859136324180752990207 1517 10000 8920298079412249256614287309059344602392166 1691511523308547765285484230980378220228614 538562996544514548868087596284457930369427
700909999 1991 10000 560728000 139551180 630819
5 2000 10000 4 0 1
5081 1953 768553 4065 0 1016
3842767 264 137917 3074214 101449 667104
137917000000 500 10000 110333600000 6895850000 20687550000
955026634939172130 895 32175 764021307951337704 85474883827055905 105530443160778521
115792089237316195423570985008687907853269984665640564039457584007913129627760 898 555215 92633671389852956338856788006950326282615987732512451231566067206330503702208 10398129613510994349036674453780174125223644622974522650743291043910599040572 12760288233952244735677522547957407445430352310153590157148225757672026884980
2658455991569831745807614120560689151 1945 269286 2126764793255865396646091296448551321 517069690360332274559580946449054039 14621507953634074601941877663083791
692860001 1408 641562 554288001 97554688 41017312
10 0 10000 8 0 2
1765 0 0 1412 0 353
4598491 1316 10000 3678793 605161 314537
487692000000 500 700485 390153600000 24384600000 73153800000
918648696031008260 2000 10000 734918956824806608 183729739206201652 0
115792089237316195423570985008687907853269984665640564039457584007913129632741 1918 993530 92633671389852956338856788006950326282615987732512451231566067206330503706193 22208922715717246282240914924666340726257183058869860182767964612717738263559 949495131745992802473282077071240844396813874258252625123552188864887662989
19807040628566084398385987583 500 0 15845632502852867518708790067 990352031428304219919299379 2971056094284912659757898137
274270001 671 10000 219416001 18403517 36450483
5 1839 0 4 0 1
8229 2000 142772 6584 0 1645
713862 1400 0 571090 99940 42832
810757000000 2000 246516 648605600000 162151400000 0
5971202870938000416 2000 0 4776962296750400333 1194240574187600083 0
115792089237316195423570985008687907853269984665640564039457584007913129633827 1125 810304 92633671389852956338856788006950326282615987732512451231566067206330503707062 13026610039198071985151735813477389633492873274884563454438978200890227083805 10131807808265167099562461188260191937161123658243549353452538600692398842960
680564733841876926926749214863536422912 500 0 544451787073501541541399371890829138330 34028236692093846346337460743176821145 102084710076281539039012382229530463437
142890001 1144 276278 114312001 16346616 12231384
2 74 749817 2 0 0
9817 2000 0 7854 1963 0
677880 500 10000 542304 33894 101682
295785000000 500 0 236628000000 14789250000 44367750000
3136847713951580580 0 54438 2509478171161264464 0 627369542790316116
115792089237316195423570985008687907853269984665640564039457584007913129625497 0 0 92633671389852956338856788006950326282615987732512451231566067206330503700398 0 23158417847463239084714197001737581570653996933128112807891516801582625925099
57896044618658097711785492504343953926634992332820282019728792003956564819967 2000 465087 46316835694926478169428394003475163141307993866256225615783033603165251855974 11579208923731619542357098500868790785326998466564056403945758400791312963993 0
650870001 500 0 520696001 32543500 97630500
1 2000 674520 1 0 0
4520 917 230155 3616 0 904
1150777 2000 0 920622 230155 0
640966000000 0 321889 512772800000 0 128193200000
573380479994813844 2000 0 458704383995851076 114676095998962768 0
115792089237316195423570985008687907853269984665640564039457584007913129624974 0 668552 92633671389852956338856788006950326282615987732512451231566067206330503699980 0 23158417847463239084714197001737581570653996933128112807891516801582625924994
158456325028528675187087900672 500 831952 126765060022822940149670320538 7922816251426433759354395033 23768448754279301278063185101
319520001 0 10000 255616001 0 63904000
5 1082 106658 4 0 1
6658 500 565175 5327 0 1331
2825877 0 589223 2260702 0 565175
589223000000 2000 16476 471378400000 117844600000 0
771913209855421268 1718 134593 617530567884337015 132614689453161373 21767952517922880
115792089237316195423570985008687907853269984665640564039457584007913129625342 500 10000 92633671389852956338856788006950326282615987732512451231566067206330503700274 5789604461865809771178549250434395392663499233282028201972879200395656481267 17368813385597429313535647751303186177990497699846084605918637601186969443801
576460752303423488 500 10000 461168601842738791 28823037615171174 86469112845513523
611240000 1761 0 488992000 107639364 14608636
8 204 10000 7 0 1
3926 0 35190 3141 0 785
175950 2000 411581 140760 0 35190
411581000000 2000 10000 329264800000 82316200000 0
4774727046074984970 500 749068 3819781636859987976 238736352303749248 716209056911247746
115792089237316195423570985008687907853269984665640564039457584007913129630867 500 10000 92633671389852956338856788006950326282615987732512451231566067206330503704694 5789604461865809771178549250434395392663499233282028201972879200395656481543 17368813385597429313535647751303186177990497699846084605918637601186969444630
392318858461667547739736838950479151006397215279002157056 1462 0 313855086769334038191789471160383320805117772223201725645 57357017107095795479549525854560051877135272873790115361 21106754585237714068397841935535778324144170182010316050
163279999 1983 0 130624000 32378423 277576
2 500 0 2 0 0
2680 652 10000 2144 0 536
4158791 314 0 3327033 130586 701172
421300000000 500 496694 337040000000 21065000000 63195000000
2064355623276905298 500 960267 1651484498621524239 103217781163845264 309653343491535795
115792089237316195423570985008687907853269984665640564039457584007913129639668 2000 447721 92633671389852956338856788006950326282615987732512451231566067206330503711735 23158417847463239084714197001737581570653996933128112807891516801582625927933 0
14474011154664524427946373126085988481658748083205070504932198000989141204992 262 362970 11579208923731619542357098500868790785326998466564056403945758400791312963994 379219092252210540012194975903452898219459199779972847229223587625915499570 2515583138680694345577079649313744798112290416861041253757216012571912741428
629699999 437 189044 503760000 27517889 98422110
4 1457 0 4 0 0
8847 2000 10000 7078 0 1769
2611402 0 0 2089122 0 522280
871549000000 0 252021 697239200000 0 174309800000
14338284494917966183 166 10000 11470627595934372947 238015522615638238 2629641376367954998
115792089237316195423570985008687907853269984665640564039457584007913129633126 500 0 92633671389852956338856788006950326282615987732512451231566067206330503706501 5789604461865809771178549250434395392663499233282028201972879200395656481656 17368813385597429313535647751303186177990497699846084605918637601186969444969
4951760157141521099596496896 1167 0 3961408125713216879677197517 577870410338415512322911187 412481621089888707596388192
501719998 500 10000 401375999 25085999 75258000
1 2000 0 1 0 0
5337 1279 10000 4270 0 1067
4513737 896 949738 3610990 404430 498317
949738000000 1840 265158 759790400000 174751792000 15195808000
673083221365226430 0 0 538466577092181144 0 134616644273045286
115792089237316195423570985008687907853269984665640564039457584007913129626966 2000 10000 92633671389852956338856788006950326282615987732512451231566067206330503701573 23158417847463239084714197001737581570653996933128112807891516801582625925393 0
12554203470773361527671578846415332832204710888928069025792 1638 30651 10043362776618689222137263077132266265763768711142455220634 2056378528512676618232604615042831517915131643606417706424 454462165641995687301711154240235048525810534179196098734
306510001 1590 0 245208001 48735090 12566910
0 516 267793 0 0 0
7793 1399 808444 6235 0 1558
4042222 2000 0 3233778 808444 0
535463000000 213 0 428370400000 11405361900 95687238100
11435446256714610840 0 10000 9148357005371688672 0 2287089251342922168
115792089237316195423570985008687907853269984665640564039457584007913129620809 1714 0 92633671389852956338856788006950326282615987732512451231566067206330503696648 19846764095275995895600066830489107406050475371690792676363029898956310417006 3311653752187243189114130171248474164603521561437320131528486902626315507155
36893488147419103232 1479 0 29514790517935282586 5456546897003285368 1922150732480535278
12510000 2000 1090 10008000 2502000 0
6 1784 793247 5 0 1
3247 1826 0 2598 592 57
2942075 2000 156980 2353660 588415 0
156980000000 2000 699216 125584000000 31396000000 0
9182244779806949232 500 0 7345795823845559386 459112238990347461 1377336716971042385
115792089237316195423570985008687907853269984665640564039457584007913129623272 1560 0 92633671389852956338856788006950326282615987732512451231566067206330503698618 18063565921021326486077073661355313625110117607839927990155383105234448221230 5094851926441912598637123340382267945543879325288184817736133696348177703424
53919893334301279589334030174039261347274288845081144962207220498431 0 0 43135914667441023671467224139231409077819431076064915969765776398745 0 10783978666860255917866806034807852269454857769016228992441444099686
366460000 304 859557 293168000 11140384 62151616
5 2000 714749 4 0 1
4749 2000 0 3800 949 0
3162971 612 0 2530377 193573 439021
23593000000 1908 10000 18874400000 4501544400 217055600
9607597340249799744 710 10000 7686077872199839796 682139411157735781 1239380056892224167
115792089237316195423570985008687907853269984665640564039457584007913129636423 1429 10000 92633671389852956338856788006950326282615987732512451231566067206330503709139 16546689552012484326028293757741502032232280808720036601238488754730786225044 6611728295450754758685903243996079538421716124408076206653028046851839702240
11972621413014756705924586149611790497021399392059392 0 10000 9578097130411805364739668919689432397617119513647514 0 2394524282602951341184917229922358099404279878411878
90559999 876 993876 72448000 7933055 10178944
4 0 764245 4 0 0
4245 812 122440 3396 0 849
612201 945 512681 489761 57852 64588
512681000000 0 699372 410144800000 0 102536200000
4942039213769606344 500 192896 3953631371015685076 247101960688480317 741305882065440951
115792089237316195423570985008687907853269984665640564039457584007913129627039 1156 10000 92633671389852956338856788006950326282615987732512451231566067206330503701632 13385565515833752190964805867004322147838010227348049202961296711314757784885 9772852331629486893749391134733259422815986705780063604930220090267868140522
47890485652059026823698344598447161988085597568237567 2000 587771 38312388521647221458958675678757729590468478054590054 9578097130411805364739668919689432397617119513647513 0
877709998 210 451146 702167999 18431909 157110090
6 2000 10000 5 0 1
6730 434 10000 5384 0 1346
690505 500 999361 552404 0 138101
999361000000 2000 10000 799488800000 199872200000 0
7297570162309913000 0 249007 5838056129847930400 0 1459514032461982600
115792089237316195423570985008687907853269984665640564039457584007913129630928 2000 64543 92633671389852956338856788006950326282615987732512451231566067206330503704743 23158417847463239084714197001737581570653996933128112807891516801582625926185 0
68719476735 2000 512955 54975581388 13743895347 0
129550000 500 543551 103640000 6477500 19432500
7 0 10000 6 0 1
2497 2000 0 1998 499 0
3630562 500 74865 2904450 181528 544584
74865000000 0 0 59892000000 0 14973000000
1695244290470418761 1737 702067 1356195432376335009 294463933254711738 44584924839372014
115792089237316195423570985008687907853269984665640564039457584007913129637868 0 10000 92633671389852956338856788006950326282615987732512451231566067206330503710295 0 23158417847463239084714197001737581570653996933128112807891516801582625927573
1237940039285380274899124224 500 71448 990352031428304219919299380 61897001964269013744956211 185691005892807041234868633
714480000 727 10000 571584000 51942696 90953304
2 0 118837 2 0 0
8837 251 0 7070 221 1546
269915 500 841281 215932 0 53983
841281000000 0 219748 673024800000 0 168256200000
4138177363478615872 1241 432026 3310541890782892698 513547810807696229 314087661888026945
115792089237316195423570985008687907853269984665640564039457584007913129627909 2000 623411 92633671389852956338856788006950326282615987732512451231566067206330503702328 23158417847463239084714197001737581570653996933128112807891516801582625925581 0
31 500 750468 25 0 6
504680000 969 819227 403744000 48903492 52032508
11 199 102558 9 0 2
2558 2000 0 2047 511 0
1399975 952 734639 1119980 133277 146718
734639000000 1573 719900 587711200000 115558714700 31369085300
1094955405470238300 500 0 875964324376190640 54747770273511915 164243310820535745
115792089237316195423570985008687907853269984665640564039457584007913129632148 0 304870 92633671389852956338856788006950326282615987732512451231566067206330503705719 0 23158417847463239084714197001737581570653996933128112807891516801582625926429
12855504354071922204335696738729300820177623950262342682411008 1587 0 10284403483257537763468557390983440656142099160209874145928807 2040168540991214053828075072436340040162188920906633783698626 530932329823170387039064275309520123873335869145834752783575
707439998 0 145321 565951999 0 141487999
9 2000 352463 8 0 1
2463 1066 10000 1971 0 492
3228191 521 18330 2582553 168188 477450
18330000000 206 0 14664000000 377598000 3288402000
13347540095565668489 500 10000 10678032076452534792 667377004778283424 2002131014334850273
115792089237316195423570985008687907853269984665640564039457584007913129622190 347 188257 92633671389852956338856788006950326282615987732512451231566067206330503697752 4017985496534871981197913179801470402508468467897727572169178165074585597889 19140432350928367103516283821936111168145528465230385235722338636508040326549
618970019642690137449562111 0 10000 495176015714152109959649689 0 123794003928538027489912422
909289999 830 10000 727432000 75471069 106386930
10 500 842163 8 0 2
2163 500 0 1731 108 324
2649212 0 0 2119370 0 529842
157996000000 716 294579 126396800000 11312513600 20286686400
97175153003004905 0 528426 77740122402403924 0 19435030600600981
115792089237316195423570985008687907853269984665640564039457584007913129631509 998 69744 92633671389852956338856788006950326282615987732512451231566067206330503705208 11556050505884156303272384303867053203756344469630928291137866883989730337224 11602367341579082781441812697870528366897652463497184516753649917592895589077
1237940039285380274899124223 500 260444 990352031428304219919299379 61897001964269013744956211 185691005892807041234868633
604440000 1684 756811 483552000 101787696 19100304
3 0 0 3 0 0
544 500 0 436 27 81
4267921 856 10000 3414337 365334 488250
868077000000 0 10000 694461600000 0 173615400000
1293297242802657820 104 0 1034637794242126256 13450291325147641 245209157235383923
115792089237316195423570985008687907853269984665640564039457584007913129626819 155 10000 92633671389852956338856788006950326282615987732512451231566067206330503701456 1794777383178401029065350267634662571725684762317428742611592552122653509215 21363640464284838055648846734102918998928312170810684065279924249459972416148
93536104789177786765035829293842113257979682750464 0 0 74828883831342229412028663435073690606383746200372 0 18707220957835557353007165858768422651595936550092
422479999 0 0 337984000 0 84495999
4 1449 41302 4 0 0
1302 1514 10000 1042 0 260
2736107 555 829062 2188886 151853 395368
829062000000 0 10000 663249600000 0 165812400000
305152601321747970 0 514912 244122081057398376 0 61030520264349594
115792089237316195423570985008687907853269984665640564039457584007913129625023 1515 0 92633671389852956338856788006950326282615987732512451231566067206330503700019 17542501519453403606671004228816218039770402676844545451977823977198839138190 5615916328009835478043192772921363530883594256283567355913692824383786786814
200867255532373784442745261542645325315275374222849104412671 1738 0 160693804425899027554196209234116260252220299378279283530137 34910729011526563736149126456111757539794860039931174346922 5262722094948193152399925852417307523260214804638646535612
140630001 500 0 112504001 7031500 21094500
2 2000 435474 2 0 0
5474 0 891964 4380 0 1094
4459822 100 10000 3567858 44598 847366
936151000000 2000 221211 748920800000 187230200000 0
7945367164047759337 500 368079 6356293731238207470 397268358202387966 1191805074607163901
115792089237316195423570985008687907853269984665640564039457584007913129631856 2000 10000 92633671389852956338856788006950326282615987732512451231566067206330503705485 23158417847463239084714197001737581570653996933128112807891516801582625926371 0
51422017416287688817342786954917203280710495801049370729644032 2000 406251 41137613933030151053874229563933762624568396640839496583715226 10284403483257537763468557390983440656142099160209874145928806 0
62510000 2000 680202 50008000 12502000 0
10 0 465091 8 0 2
5091 845 749103 4073 0 1018
3745517 856 0 2996414 320616 428487
941222000000 525 10000 752977600000 49414155000 138830245000
1461231811112803101 500 969149 1168985448890242481 73061590555640155 219184771666920465
115792089237316195423570985008687907853269984665640564039457584007913129630786 2000 0 92633671389852956338856788006950326282615987732512451231566067206330503704629 23158417847463239084714197001737581570653996933128112807891516801582625926157 0
158456325028528675187087900671 500 402936 126765060022822940149670320537 7922816251426433759354395033 23768448754279301278063185101
29360000 0 392652 23488000 0 5872000
8 0 10000 7 0 1
8136 0 0 6509 0 1627
3719392 296 0 2975514 110094 633784
440655000000 1822 905543 352524000000 80287341000 7843659000
3156682597090264110 0 10000 2525346077672211288 0 631336519418052822
115792089237316195423570985008687907853269984665640564039457584007913129638493 2000 0 92633671389852956338856788006950326282615987732512451231566067206330503710795 23158417847463239084714197001737581570653996933128112807891516801582625927698 0
43556142965880123323311949751266331066367 0 63238 34844914372704098658649559801013064853094 0 8711228593176024664662389950253266213273
632379999 1450 0 505904000 91695099 34780900
9 932 210241 8 0 1
241 561 0 193 13 35
4550421 1451 10000 3640337 660266 249818
367161000000 0 756041 293728800000 0 73432200000
2064500062778338602 500 455351 1651600050222670882 103225003138916930 309675009416750790
115792089237316195423570985008687907853269984665640564039457584007913129624584 1196 10000 92633671389852956338856788006950326282615987732512451231566067206330503699668 13848733872783016972659089807039073779251090166010611459119127047346410303100 9309683974680222112055107194698507791402906767117501348772389754236215621816
2787593149816327892691964784081045188247551 1731 37513 2230074519853062314153571827264836150598041 482532374233206358224979104124428922085651 74986255730059220313413852691780115563859
375130000 500 0 300104000 18756500 56269500
0 590 427872 0 0 0
7872 2000 745461 6298 0 1574
3727306 712 0 2981845 265384 480077
966010000000 0 0 772808000000 0 193202000000
12453071494377659990 500 0 9962457195502127992 622653574718882999 1867960724156648999
115792089237316195423570985008687907853269984665640564039457584007913129629805 0 10000 92633671389852956338856788006950326282615987732512451231566067206330503703844 0 23158417847463239084714197001737581570653996933128112807891516801582625925961
113078212145816597093331040047546785012958969400039613319782796882727665663 1249 0 90462569716653277674664832038037428010367175520031690655826237506182132531 14123468697012492976957046901938593448118575278064947703640871330652685441 8492173732150826441709161107570763554473218601942974960315688045892847691
383380001 500 0 306704001 19169000 57507000
11 2000 237228 9 0 2
7228 82 780473 5783 0 1445
3902365 1400 190952 3121892 546331 234142
190952000000 1319 10000 152761600000 25186568800 13003831200
5803572361390405836 1899 0 4642857889112324669 1102098391428038068 58616080850043099
115792089237316195423570985008687907853269984665640564039457584007913129636959 500 62760 92633671389852956338856788006950326282615987732512451231566067206330503709568 5789604461865809771178549250434395392663499233282028201972879200395656481847 17368813385597429313535647751303186177990497699846084605918637601186969445544
2097151 1832 0 1677721 384198 35232
791559999 1696 10000 633248000 134248575 24063424
8 1931 698087 7 0 1
8087 0 656234 6470 0 1617
3281171 1715 10000 2624937 562720 93514
248586000000 2000 10000 198868800000 49717200000 0
4098739456647475245 2000 789481 3278991565317980196 819747891329495049 0
115792089237316195423570985008687907853269984665640564039457584007913129630454 0 527842 92633671389852956338856788006950326282615987732512451231566067206330503704364 0 23158417847463239084714197001737581570653996933128112807891516801582625926090
26959946667150639794667015087019630673637144422540572481103610249215 2000 0 21567957333720511835733612069615704538909715538032457984882888199372 5391989333430127958933403017403926134727428884508114496220722049843 0
850200000 1209 762006 680160000 102789180 67250820
6 2000 10000 5 0 1
8207 986 10000 6566 0 1641
691482 1287 10000 553186 88993 49303
746141000000 982 813005 596912800000 73271046200 75957153800
1445360859975896940 929 0 1156288687980717552 134274023891760825 154798148103418563
115792089237316195423570985008687907853269984665640564039457584007913129620703 1233 0 92633671389852956338856788006950326282615987732512451231566067206330503696563 14277164602961086895726302451571219038308189109273481546065120108175688882232 8881253244502152188987894550166362532345807823854631261826396693406937041908
1645504557321206042154969182557350504982735865633579863348609023 160 10000 1316403645856964833723975346045880403986188692506863890678887219 26328072917139296674479506920917608079723773850137277813577744 302772838547101911756514329590552492916823399276578694856144060
638119999 500 6382 510496000 31905999 95718000
10 500 30160 8 0 2
160 0 897939 128 0 32
4489697 413 10000 3591758 185424 712515
960678000000 2000 10000 768542400000 192135600000 0
6591269035293284223 2000 819334 5273015228234627379 1318253807058656844 0
115792089237316195423570985008687907853269984665640564039457584007913129620601 500 568044 92633671389852956338856788006950326282615987732512451231566067206330503696481 5789604461865809771178549250434395392663499233282028201972879200395656481030 17368813385597429313535647751303186177990497699846084605918637601186969443090
25711008708143844408671393477458601640355247900524685364822016 1485 10000 20568806966515075526937114781966881312284198320419748291857613 3818084793159360894687701931402602343592754313227915776676069 1324116948469407987046576764089117984478295266877021296288334
827540001 500 10000 662032001 41377000 124131000
6 1060 106141 5 0 1
6141 819 591109 4913 0 1228
2955545 613 107589 2364436 181174 409935
107589000000 375 144647 86071200000 4034587500 17483212500
1888379200886357346 2 0 1510703360709085877 377675840177271 377298164337094198
115792089237316195423570985008687907853269984665640564039457584007913129632820 494 173901 92633671389852956338856788006950326282615987732512451231566067206330503706256 5720129208323420053924406659429182647951537242482643863549204649990908603861 17438288639139819030789790342308398922702459690645468944342312151591717322703
28948022309329048855892746252171976963317496166410141009864396001978282409983 2000 0 23158417847463239084714197001737581570653996933128112807891516801582625927987 5789604461865809771178549250434395392663499233282028201972879200395656481996 0
679010001 2000 602674 543208001 135802000 0
6 921 203010 5 0 1
3010 0 452767 2408 0 602
2263835 500 141703 1811068 113191 339576
141703000000 500 94152 113362400000 7085150000 21255450000
3700934979318568272 2000 802950 2960747983454854618 740186995863713654 0
115792089237316195423570985008687907853269984665640564039457584007913129636985 2000 10000 92633671389852956338856788006950326282615987732512451231566067206330503709588 23158417847463239084714197001737581570653996933128112807891516801582625927397 0
8191 1709 42960 6553 0 1638
429600000 2000 328744 343680000 85920000 0
0 500 627567 0 0 0
7567 1863 0 6054 1409 104
2255725 1178 184344 1804580 265724 185421
184344000000 2000 820071 147475200000 36868800000 0
348150966219845420 0 0 278520772975876336 0 69630193243969084
115792089237316195423570985008687907853269984665640564039457584007913129631040 0 960904 92633671389852956338856788006950326282615987732512451231566067206330503704832 0 23158417847463239084714197001737581570653996933128112807891516801582625926208
6739986666787659948666753771754907668409286105635143120275902562303 2000 10000 5391989333430127958933403017403926134727428884508114496220722049843 1347997333357531989733350754350981533681857221127028624055180512460 0
796079999 0 0 636864000 0 159215999
1 149 787715 1 0 0
7715 500 877924 6172 0 1543
4389621 500 595305 3511697 219481 658443
595305000000 2000 566636 476244000000 119061000000 0
919030236908640884 1740 0 735224189526912708 159911261222103513 23894786159624663
115792089237316195423570985008687907853269984665640564039457584007913129630119 500 537703 92633671389852956338856788006950326282615987732512451231566067206330503704096 5789604461865809771178549250434395392663499233282028201972879200395656481505 17368813385597429313535647751303186177990497699846084605918637601186969444518
696898287454081973172991196020261297061888 0 10000 557518629963265578538392956816209037649511 0 139379657490816394634598239204052259412377
519869999 880 578081 415896000 45748559 58225440
1 2000 0 1 0 0
194 0 515981 156 0 38
2579905 21 10000 2063924 5417 510564
149348000000 1714 10000 119478400000 25598247200 4271352800
779797812700856795 500 578030 623838250160685436 38989890635042839 116969671905128520
115792089237316195423570985008687907853269984665640564039457584007913129621905 1308 271053 92633671389852956338856788006950326282615987732512451231566067206330503697524 15145605272240958361403084839136378347207713994265785776361051988235037354545 8012812575222280723311112162601203223446282938862327031530464813347588569836
19342813113834066795298816 500 0 15474250491067253436239053 967140655691703339764940 2901421967075110019294823
293899999 0 779867 235120000 0 58779999
7 606 393935 6 0 1
3935 500 0 3148 196 591
4597997 1020 850295 3678398 468995 450604
850295000000 1294 262953 680236000000 110028173000 60030827000
1538789238525671037 1805 701874 1231031390820536830 277751457553883622 30006390151250585
115792089237316195423570985008687907853269984665640564039457584007913129638061 500 607062 92633671389852956338856788006950326282615987732512451231566067206330503710449 5789604461865809771178549250434395392663499233282028201972879200395656481903 17368813385597429313535647751303186177990497699846084605918637601186969445709
191561942608236107294793378393788647952342390272950272 1682 10000 153249554086588885835834702715030918361873912218360218 32220718746705313246984246245835250585583990043910235 6091669774941908211974429432922479004884488010679819
488209998 0 983954 390567999 0 97641999
6 500 515139 5 0 1
5139 0 211821 4112 0 1027
1059106 910 10000 847285 96378 115443
16033000000 2000 10000 12826400000 3206600000 0
1243462796713185530 500 10000 994770237370548424 62173139835659276 186519419506977830
115792089237316195423570985008687907853269984665640564039457584007913129638851 0 887983 92633671389852956338856788006950326282615987732512451231566067206330503711081 0 23158417847463239084714197001737581570653996933128112807891516801582625927770
3291009114642412084309938365114701009965471731267159726697218047 500 541661 2632807291713929667447950692091760807972377385013727781357774438 164550455732120604215496918255735050498273586563357986334860902 493651367196361812646490754767205151494820759690073959004582707
416609999 0 105578 333288000 0 83321999
10 699 10000 8 0 2
8289 500 858647 6632 0 1657
4293235 2000 373886 3434588 858647 0
373886000000 1529 10000 299108800000 57167169400 17610030600
15435645840452766600 0 346791 12348516672362213280 0 3087129168090553320
115792089237316195423570985008687907853269984665640564039457584007913129633144 500 10000 92633671389852956338856788006950326282615987732512451231566067206330503706516 5789604461865809771178549250434395392663499233282028201972879200395656481657 17368813385597429313535647751303186177990497699846084605918637601186969444971
3533694129556768659166595001485837031654967793751237916243212402585239551 1578 0 2826955303645414927333276001188669625323974235000990332994569922068191641 557616933644058094416488691234465083595153917853945343183178917127950801 149121892267295637416830309062702322735839640896302240065463563389097109
719359998 0 0 575487999 0 143871999
11 2000 871508 9 0 2
1508 1042 0 1207 157 144
2400940 416 10000 1920752 99879 380309
93762000000 1584 0 75009600000 14851900800 3900499200
1398644958622446333 343 308943 1118915966897957067 47973522080749909 231755469643739357
115792089237316195423570985008687907853269984665640564039457584007913129630992 2000 855638 92633671389852956338856788006950326282615987732512451231566067206330503704794 23158417847463239084714197001737581570653996933128112807891516801582625926198 0
16777215 500 10000 13421772 838860 2516583
621340000 1819 0 497072000 113021746 11246254
9 1544 355513 8 0 1
5513 500 36087 4411 0 1102
180437 500 10000 144350 9021 27066
173601000000 2000 10000 138880800000 34720200000 0
5400898276674815871 500 939815 4320718621339852697 270044913833740793 810134741501222381
115792089237316195423570985008687907853269984665640564039457584007913129620120 601 48828 92633671389852956338856788006950326282615987732512451231566067206330503696096 6959104563162703344956616199022143261981526078404997898771400798875579090169 16199313284300535739757580802715438308672470854723114909120116002707046833855
7 2000 10000 6 0 1
262280000 0 148019 209824000 0 52456000
11 0 0 9 0 2
3690 433 10000 2952 0 738
868630 119 980686 694904 0 173726
980686000000 367 810663 784548800000 35991176200 160146023800
4810093633320341202 1733 22715 3848074906656272962 833589226654415130 128429500009653110
115792089237316195423570985008687907853269984665640564039457584007913129637220 1655 10000 92633671389852956338856788006950326282615987732512451231566067206330503709776 19163590768775830342600998018937848749716182462163513348530230153309622954959 3994827078687408742113198982799732820937814470964599459361286648273002972485
215679573337205118357336120696157045389097155380324579848828881993727 500 10000 172543658669764094685868896556925636311277724304259663879063105594982 10783978666860255917866806034807852269454857769016228992441444099686 32351936000580767753600418104423556808364573307048686977324332299059
399200000 830 735931 319360000 33133600 46706400
3 2000 0 3 0 0
2243 2000 0 1795 448 0
3036987 500 0 2429590 151849 455548
903638000000 500 10000 722910400000 45181900000 135545700000
416088556800539910 2000 10000 332870845440431928 83217711360107982 0
115792089237316195423570985008687907853269984665640564039457584007913129625348 80 10000 92633671389852956338856788006950326282615987732512451231566067206330503700279 926336713898529563388567880069503262826159877325124512315660672063305037002 22232081133564709521325629121668078307827837055802988295575856129519320888067
309485009821345068724781055 2000 0 247588007857076054979824844 61897001964269013744956211 0
109680000 2000 10000 87744000 21936000 0
2 0 10000 2 0 0
2243 989 10000 1795 0 448
1739325 528 195517 1391460 91836 256029
195517000000 0 0 156413600000 0 39103400000
484675147332799042 500 493751 387740117866239234 24233757366639952 72701272099919856
115792089237316195423570985008687907853269984665640564039457584007913129626184 0 843918 92633671389852956338856788006950326282615987732512451231566067206330503700948 0 23158417847463239084714197001737581570653996933128112807891516801582625925236
6901746346790563787434755862277025452451108972170386555162524223799296 113 221723 5521397077432451029947804689821620361960887177736309244130019379039437 77989733718733370798012741243730387612697531385525368073336523728932 1302359535639379386688938431211674702877524263048551942959168321030927
217229998 500 157454 173783999 10861499 32584500
2 2000 614806 2 0 0
4806 1153 756760 3845 0 961
3783802 0 0 3027042 0 756760
662370000000 1723 0 529896000000 114126351000 18347649000
6831124548881234140 0 10000 5464899639104987312 0 1366224909776246828
115792089237316195423570985008687907853269984665640564039457584007913129627438 1948 59108 92633671389852956338856788006950326282615987732512451231566067206330503701951 22556298983429194868511627879692404449816993012866781874886337364741477651424 602118864034044216202569122045177120837003920261330933005179436841148274063
2417851639229258349412351 2000 10000 1934281311383406679529881 483570327845851669882470 0
259359999 0 10000 207488000 0 51871999
8 0 0 7 0 1
2805 500 10000 2244 0 561
4160405 1211 10000 3328324 503825 328256
469781000000 0 0 375824800000 0 93956200000
2280714949496746050 0 0 1824571959597396840 0 456142989899349210
115792089237316195423570985008687907853269984665640564039457584007913129637164 2000 10000 92633671389852956338856788006950326282615987732512451231566067206330503709732 23158417847463239084714197001737581570653996933128112807891516801582625927432 0
281474976710656 0 163099 225179981368525 0 56294995342131
630990000 1736 17175 504792000 109539864 16658136
3 1816 0 3 0 0
8460 563 30914 6768 0 1692
154571 0 541211 123657 0 30914
541211000000 1282 0 432968800000 69383250200 38858949800
1807792783806999028 516 0 1446234227045599223 93282107644441149 268276449116958656
115792089237316195423570985008687907853269984665640564039457584007913129635138 2000 10000 92633671389852956338856788006950326282615987732512451231566067206330503708111 23158417847463239084714197001737581570653996933128112807891516801582625927027 0
2923003274661805836407369665432566039311865085952 0 0 2338402619729444669125895732346052831449492068762 0 584600654932361167281473933086513207862373017190
403789999 548 60738 323032000 22127691 58630308
6 541 0 5 0 1
7326 0 10000 5861 0 1465
445750 1728 827219 356600 0 89150
827219000000 818 201693 661775200000 67666514200 97777285800
6886655467441607919 471 0 5509324373953286336 324361472516499732 1052969620971821851
115792089237316195423570985008687907853269984665640564039457584007913129627984 2000 245344 92633671389852956338856788006950326282615987732512451231566067206330503702388 23158417847463239084714197001737581570653996933128112807891516801582625925596 0
5575186299632655785383929568162090376495103 500 397668 4460149039706124628307143654529672301196083 278759314981632789269196478408104518824755 836277944944898367807589435224313556474265
976679999 500 10000 781344000 48833999 146502000
7 355 789855 6 0 1
9855 500 848546 7884 0 1971
4242730 2000 100595 3394184 848546 0
100595000000 1040 173035 80476000000 10461880000 9657120000
2529487507291539720 500 10000 2023590005833231776 126474375364576986 379423126093730958
115792089237316195423570985008687907853269984665640564039457584007913129623637 0 68954 92633671389852956338856788006950326282615987732512451231566067206330503698910 0 23158417847463239084714197001737581570653996933128112807891516801582625924727
13479973333575319897333507543509815336818572211270286240551805124608 0 732365 10783978666860255917866806034807852269454857769016228992441444099687 0 2695994666715063979466701508701963067363714442254057248110361024921
323650001 0 10000 258920001 0 64730000
1 0 827883 1 0 0
7883 1159 869721 6307 0 1576
4348607 2000 678162 3478886 869721 0
678162000000 1634 329938 542529600000 110811670800 24820729200
5315972964884456518 2000 876864 4252778371907565215 1063194592976891303 0
115792089237316195423570985008687907853269984665640564039457584007913129623071 1088 10000 92633671389852956338856788006950326282615987732512451231566067206330503698457 12598179309020002062084523168945244374435774331621693367492985140060948502990 10560238538443237022629673832792337196218222601506419440398531661521677421624
842498333348457493583344221469363458551160763204392890034487820287 500 111225 673998666678765994866675377175490766840928610563514312027590256230 42124916667422874679167211073468172927558038160219644501724391014 126374750002268624037501633220404518782674114480658933505173173043
112249999 0 321574 89800000 0 22449999
10 0 216888 8 0 2
6888 2000 0 5511 1377 0
3828835 2000 0 3063068 765767 0
53818000000 0 573722 43054400000 0 10763600000
5171937231892236012 2000 21578 4137549785513788810 1034387446378447202 0
115792089237316195423570985008687907853269984665640564039457584007913129638357 0 10000 92633671389852956338856788006950326282615987732512451231566067206330503710686 0 23158417847463239084714197001737581570653996933128112807891516801582625927671
392318858461667547739736838950479151006397215279002157055 2000 10000 313855086769334038191789471160383320805117772223201725644 78463771692333509547947367790095830201279443055800431411 0
733049998 2000 446268 586439999 146609999 0
0 500 51362 0 0 0
1362 1765 126585 1090 0 272
632927 1314 639921 506342 0 126585
639921000000 103 10000 511936800000 6591186300 121393013700
1721636539497427800 0 400143 1377309231597942240 0 344327307899485560
115792089237316195423570985008687907853269984665640564039457584007913129639792 500 837066 92633671389852956338856788006950326282615987732512451231566067206330503711834 5789604461865809771178549250434395392663499233282028201972879200395656481989 17368813385597429313535647751303186177990497699846084605918637601186969445969
421249166674228746791672110734681729275580381602196445017243910143 1172 696793 336999333339382997433337688587745383420464305281757156013795128115 49370402334219609123983971378104698671098020723777423356020986268 34879431000626140234350450768831647184018055596661865647427795760
967929998 1043 969629 774343999 100955098 92630901
5 0 0 4 0 1
3907 591 87877 3126 0 781
439387 2000 787315 351510 0 87877
787315000000 816 10000 629852000000 64244904000 93218096000
8347204727021998336 694 22058 6677763781617598669 579296008055326684 1090144937349072983
115792089237316195423570985008687907853269984665640564039457584007913129637877 2000 0 92633671389852956338856788006950326282615987732512451231566067206330503710302 23158417847463239084714197001737581570653996933128112807891516801582625927575 0
53919893334301279589334030174039261347274288845081144962207220498432 2000 174004 43135914667441023671467224139231409077819431076064915969765776398746 10783978666860255917866806034807852269454857769016228992441444099686 0
740040001 1739 949418 592032001 128692956 19315044
2 1037 0 2 0 0
8400 419 418017 6720 0 1680
2090087 2000 0 1672070 418017 0
446606000000 1012 10000 357284800000 45196527200 44124672800
21313909608999054 500 568864 17051127687199244 1065695480449952 3197086441349858
115792089237316195423570985008687907853269984665640564039457584007913129631071 940 0 92633671389852956338856788006950326282615987732512451231566067206330503704857 10884456388307722369815672590816663338207378558570213019709012896743834185320 12273961459155516714898524410920918232446618374557899788182503904838791740894
67108863 0 10000 53687091 0 13421772
684460001 500 0 547568001 34223000 102669000
8 1348 11112 7 0 1
1112 500 0 890 55 167
4546746 1348 10000 3637397 612901 296448
365667000000 905 15273 292533600000 33092863500 40040536500
102588121663766385 0 281227 82070497331013108 0 20517624332753277
115792089237316195423570985008687907853269984665640564039457584007913129638708 281 10000 92633671389852956338856788006950326282615987732512451231566067206330503710967 3253757707568585091402344678744130210676886569104499849508758110622358942847 19904660139894653993311852322993451359977110364023612958382758690960266984894
1393796574908163946345982392040522594123775 596 376351 1115037259926531157076785913632418075299020 83070275864526571202220550565615146609776 195689039117106218066975927842489372214979
763510000 2000 779321 610808000 152702000 0
5 500 97912 4 0 1
7912 2000 10000 6330 0 1582
950122 2000 10000 760098 190024 0
524209000000 2000 0 419367200000 104841800000 0
6440493505225083372 454 544925 5152394804180066698 292398405137218785 995700295907797889
115792089237316195423570985008687907853269984665640564039457584007913129635010 500 37545 92633671389852956338856788006950326282615987732512451231566067206330503708008 5789604461865809771178549250434395392663499233282028201972879200395656481750 17368813385597429313535647751303186177990497699846084605918637601186969445252
0 2000 523570 0 0 0
235699998 0 827751 188559999 0 47139999
3 2000 0 3 0 0
2514 652 0 2012 163 339
4016311 247 470058 3213049 99202 704060
470058000000 2000 347647 376046400000 94011600000 0
1684675582538791608 844 139296 1347740466031033287 142186619166274011 194748497341484310
115792089237316195423570985008687907853269984665640564039457584007913129620639 500 10000 92633671389852956338856788006950326282615987732512451231566067206330503696512 5789604461865809771178549250434395392663499233282028201972879200395656481031 17368813385597429313535647751303186177990497699846084605918637601186969443096
2923003274661805836407369665432566039311865085952 643 0 2338402619729444669125895732346052831449492068762 187949110560754115280993869487313996327752925026 396651544371607052000480063599199211534620092164
321550000 500 0 257240000 16077500 48232500
1 1214 10000 1 0 0
1644 1940 182801 1316 0 328
914007 124 824456 731206 11333 171468
824456000000 1783 262152 659564800000 147000504800 17890695200
6165499151538337312 2000 213155 4932399321230669850 1233099830307667462 0
115792089237316195423570985008687907853269984665640564039457584007913129626780 0 321412 92633671389852956338856788006950326282615987732512451231566067206330503701424 0 23158417847463239084714197001737581570653996933128112807891516801582625925356
158456325028528675187087900672 500 10000 126765060022822940149670320538 7922816251426433759354395033 23768448754279301278063185101
278020000 1751 161513 222416000 48681302 6922698
1 2000 0 1 0 0
9668 1398 435791 7735 0 1933
2178955 500 9623 1743164 108947 326844
9623000000 2000 418433 7698400000 1924600000 0
4100158257603208605 0 759595 3280126606082566884 0 820031651520641721
115792089237316195423570985008687907853269984665640564039457584007913129620340 1678 901707 92633671389852956338856788006950326282615987732512451231566067206330503696272 19429912574021657592075211284457830937778703426894486645820982596527823150293 3728505273441581492638985717279750632875293506233626162070534205054802773775
7237005577332262213973186563042994240829374041602535252466099000494570602496 2000 0 5789604461865809771178549250434395392663499233282028201972879200395656481997 1447401115466452442794637312608598848165874808320507050493219800098914120499 0
696869998 0 113812 557495999 0 139373999
0 2000 801493 0 0 0
1493 1417 596282 1195 0 298
2981411 0 332131 2385129 0 596282
332131000000 1513 962813 265704800000 50251420300 16174779700
5355253727791999383 2000 0 4284202982233599507 1071050745558399876 0
115792089237316195423570985008687907853269984665640564039457584007913129633381 2000 0 92633671389852956338856788006950326282615987732512451231566067206330503706705 23158417847463239084714197001737581570653996933128112807891516801582625926676 0
95780971304118053647396689196894323976171195136475135 1363 10000 76624777043294442917917351357515459180936956109180108 13054946388751290712140168737536696357952133897101560 6101247872072320017339169101842168437282105130193467
155389998 1654 527876 124311999 25701505 5376494
0 816 10000 0 0 0
7435 2000 0 5948 1487 0
3751056 500 10000 3000845 187552 562659
749326000000 1774 160241 599460800000 132930432400 16934767600
8779622521634663004 398 616039 7023698017307730404 349428976361059587 1406495527965873013
115792089237316195423570985008687907853269984665640564039457584007913129623896 291 911330 92633671389852956338856788006950326282615987732512451231566067206330503699117 3369549796805901286825915663752818118530156553770140413548215694630272072055 19788868050657337797888281337984763452123840379357972394343301106952353852724
11150372599265311570767859136324180752990207 88 10000 8920298079412249256614287309059344602392166 98123278873534741822757160399652790626313 2131951240979527572330814666865183359971728
307309998 0 787586 245847999 0 61461999
10 0 384144 8 0 2
4144 2000 807486 3316 0 828
4037432 2000 427317 3229946 807486 0
427317000000 500 390299 341853600000 21365850000 64097550000
10987728769226526171 339 0 8790183015381220937 372484005276779237 1825061748568525997
115792089237316195423570985008687907853269984665640564039457584007913129637691 0 10000 92633671389852956338856788006950326282615987732512451231566067206330503710153 0 23158417847463239084714197001737581570653996933128112807891516801582625927538
16 1211 236355 13 0 3
363550000 1415 74101 290840000 51442325 21267675
5 500 10000 4 0 1
7333 500 10000 5867 0 1466
37976 2000 393254 30381 0 7595
393254000000 1061 627263 314603200000 41724249400 36926550600
215480095199200481 500 10000 172384076159360385 10774004759960024 32322014279880072
115792089237316195423570985008687907853269984665640564039457584007913129632434 0 0 92633671389852956338856788006950326282615987732512451231566067206330503705948 0 23158417847463239084714197001737581570653996933128112807891516801582625926486
137438953472 2000 10000 109951162778 27487790694 0
197609998 1806 10000 158087999 35688365 3833634
1 2000 795682 1 0 0
5682 500 0 4546 284 852
3748682 2000 0 2998946 749736 0
182166000000 2000 823441 145732800000 36433200000 0
2348325917156745890 0 0 1878660733725396712 0 469665183431349178
115792089237316195423570985008687907853269984665640564039457584007913129628385 125 10000 92633671389852956338856788006950326282615987732512451231566067206330503702708 1447401115466452442794637312608598848165874808320507050493219800098914120354 21711016731996786641919559689128982722488122124807605757398297001483711805323
12855504354071922204335696738729300820177623950262342682411007 1996 0 10284403483257537763468557390983440656142099160209874145928806 2565958669072755671985405069050368443707453740472363599409236 5142201741628768881734278695491720328071049580104937072965
96589998 753 630646 77271999 7273226 12044773
2 500 12748 2 0 0
2748 0 179187 2199 0 549
895935 500 0 716748 44796 134391
424526000000 500 54548 339620800000 21226300000 63678900000
8661681475655621864 1941 506239 6929345180524497492 1681232374424756203 51103920706368169
115792089237316195423570985008687907853269984665640564039457584007913129633696 500 51896 92633671389852956338856788006950326282615987732512451231566067206330503706957 5789604461865809771178549250434395392663499233282028201972879200395656481684 17368813385597429313535647751303186177990497699846084605918637601186969445055
49039857307708443467467104868809893875799651909875269632 6 10000 39231885846166754773973683895047915100639721527900215706 29423914384625066080480262921285936325479791145925161 9778547547157063627412940710840692838834450590829128765
625649999 500 333596 500520000 31282499 93847500
4 500 0 4 0 0
9229 500 511965 7384 0 1845
2559826 1932 413067 2047861 494558 17407
413067000000 0 0 330453600000 0 82613400000
1630187564918996888 1489 10000 1304150051935197511 242734928416438636 83302584567360741
115792089237316195423570985008687907853269984665640564039457584007913129635139 335 217818 92633671389852956338856788006950326282615987732512451231566067206330503708112 3879034989450092546689627997791044913084544486298958895321829064265089842777 19279382858013146538024569003946536657569452446829153912569687737317536084250
1208925819614629174706176 1103 10000 967140655691703339764941 133344517903493597970091 108440646019432236971144
65199999 1883 303904 52160000 12277159 762840
0 500 10000 0 0 0
9799 1448 0 7840 1418 541
1531512 1472 0 1225210 225438 80864
926971000000 0 456948 741576800000 0 185394200000
2541807980602437708 2000 528415 2033446384481950167 508361596120487541 0
115792089237316195423570985008687907853269984665640564039457584007913129631520 500 0 92633671389852956338856788006950326282615987732512451231566067206330503705216 5789604461865809771178549250434395392663499233282028201972879200395656481576 17368813385597429313535647751303186177990497699846084605918637601186969444728
1766847064778384329583297500742918515827483896875618958121606201292619776 436 10000 1413477651822707463666638000594334812661987117500495166497284961034095821 77034532024337556769831771032391247290078297903776986574102030376358222 276334880931339309146827729116192455875418481471346805050219209882165733
197839999 724 194029 158272000 14323615 25244384
1 814 407765 1 0 0
7765 500 0 6212 388 1165
4979971 2000 10000 3983977 995994 0
518359000000 1357 540188 414687200000 70341316300 33330483700
3473907545318676556 500 0 2779126036254941245 173695377265933827 521086131797801484
115792089237316195423570985008687907853269984665640564039457584007913129630996 841 10000 92633671389852956338856788006950326282615987732512451231566067206330503704797 9738114704858292035122319839230653050460005710380371435718382815065494201966 13420303142604947049591877162506928520193991222747741372173133986517131724233
268435455 2000 10000 214748364 53687091 0
488999998 902 0 391199999 44107799 53692200
6 0 223391 5 0 1
3391 640 104772 2713 0 678
523860 0 0 419088 0 104772
954450000000 0 0 763560000000 0 190890000000
1448109515053909158 2000 0 1158487612043127327 289621903010781831 0
115792089237316195423570985008687907853269984665640564039457584007913129634625 500 10000 92633671389852956338856788006950326282615987732512451231566067206330503707700 5789604461865809771178549250434395392663499233282028201972879200395656481731 17368813385597429313535647751303186177990497699846084605918637601186969445194
8191 448 10000 6553 0 1638
346319998 1324 219576 277055999 45852767 23411232
0 2000 899816 0 0 0
9816 2000 4904 7853 1963 0
24521 0 615044 19617 0 4904
615044000000 2000 467382 492035200000 123008800000 0
1144789529558568924 500 10000 915831623646855140 57239476477928446 171718429433785338
115792089237316195423570985008687907853269984665640564039457584007913129632260 2000 549813 92633671389852956338856788006950326282615987732512451231566067206330503705808 23158417847463239084714197001737581570653996933128112807891516801582625926452 0
205688069665150755269371147819668813122841983204197482918576127 244 10000 164550455732120604215496918255735050498273586563357986334860902 5018788899829678428572656006799919040197344390182418583213257 36118825033200472625301573557133843584371052250657078000501968
774779998 500 10000 619823999 38738999 116217000
11 500 0 9 0 2
9858 961 528282 7887 0 1971
2641412 500 893662 2113130 132070 396212
893662000000 500 516517 714929600000 44683100000 134049300000
3272180258741529537 2000 519606 2617744206993223630 654436051748305907 0
115792089237316195423570985008687907853269984665640564039457584007913129620329 596 320416 92633671389852956338856788006950326282615987732512451231566067206330503696264 6901208518544045247244830706517799308054891086072177616751672006871622525371 16257209328919193837469366295219782262599105847055935191139844794711003398694
50216813883093446110686315385661331328818843555712276103167 0 601577 40173451106474756888549052308529065063055074844569820882534 0 10043362776618689222137263077132266265763768711142455220633
15769998 2000 10000 12615999 3153999 0
2 500 616418 2 0 0
6418 2000 379389 5135 0 1283
1896946 0 770878 1517557 0 379389
770878000000 169 0 616702400000 13027838200 141147761800
8895383048323697798 1099 0 7116306438658958239 977602597010774388 801474012653965171
115792089237316195423570985008687907853269984665640564039457584007913129629529 1555 10000 92633671389852956338856788006950326282615987732512451231566067206330503703624 18005669876402668388365288168850969671183482615507107708135654313230491657391 5152747971060570696348908832886611899470514317621005099755862488352134268514
9223372036854775808 500 10000 7378697629483820647 461168601842738790 1383505805528216371
507309998 500 135605 405847999 25365499 76096500
1 1473 423620 1 0 0
3620 1964 158961 2896 0 724
794805 0 10000 635844 0 158961
291971000000 2000 38834 233576800000 58394200000 0
8212014241531815582 1615 10000 6569611393225452466 1326240300007388216 316162548298974900
115792089237316195423570985008687907853269984665640564039457584007913129638262 2000 0 92633671389852956338856788006950326282615987732512451231566067206330503710610 23158417847463239084714197001737581570653996933128112807891516801582625927652 0
49039857307708443467467104868809893875799651909875269631 0 522839 39231885846166754773973683895047915100639721527900215705 0 9807971461541688693493420973761978775159930381975053926
228389999 797 788807 182712000 18202682 27475317
3 877 950482 3 0 0
482 1602 820630 386 0 96
4103152 1620 0 3282522 664710 155920
816679000000 1382 624519 653343200000 112865037800 50470762200
14293427347210020354 2000 0 11434741877768016284 2858685469442004070 0
115792089237316195423570985008687907853269984665640564039457584007913129630464 0 10000 92633671389852956338856788006950326282615987732512451231566067206330503704372 0 23158417847463239084714197001737581570653996933128112807891516801582625926092
28269553036454149273332760011886696253239742350009903329945699220681916416 500 246804 22615642429163319418666208009509357002591793880007922663956559376545533133 1413477651822707463666638000594334812661987117500495166497284961034095820 4240432955468122390999914001783004437985961352501485499491854883102287463
468039998 2000 10000 374431999 93607999 0
2 2000 66285 2 0 0
6285 0 0 5028 0 1257
831106 1004 378684 664885 83443 82778
378684000000 2000 10000 302947200000 75736800000 0
8548153775475494088 494 10000 6838523020380395271 422278796508489407 1287351958586609410
115792089237316195423570985008687907853269984665640564039457584007913129628097 500 0 92633671389852956338856788006950326282615987732512451231566067206330503702478 5789604461865809771178549250434395392663499233282028201972879200395656481404 17368813385597429313535647751303186177990497699846084605918637601186969444215
748288838313422294120286634350736906063837462003711 0 10000 598631070650737835296229307480589524851069969602969 0 149657767662684458824057326870147381212767492400742
256559998 500 526810 205247999 12827999 38484000
6 2000 380980 5 0 1
980 2000 383753 784 0 196
1918765 415 679858 1535012 79628 304125
679858000000 104 194705 543886400000 7070523200 128901076800
1478348957033450300 0 288840 1182679165626760240 0 295669791406690060
115792089237316195423570985008687907853269984665640564039457584007913129631095 1969 615915 92633671389852956338856788006950326282615987732512451231566067206330503704876 22799462370827558878901126948210649056308859980664627059369198291158095224362 358955476635680205813070053526932514345136952463485748522318510424530701857
43556142965880123323311949751266331066367 500 335732 34844914372704098658649559801013064853094 2177807148294006166165597487563316553318 6533421444882018498496792462689949659955
357320001 500 0 285856001 17866000 53598000
3 1169 10000 3 0 0
4810 2000 261223 3848 0 962
1306116 500 874517 1044893 65305 195918
874517000000 127 312582 699613600000 11106365900 163797034100
3307762545749354196 743 794377 2646210036599483357 245766757149177016 415785752000693823
115792089237316195423570985008687907853269984665640564039457584007913129625558 0 0 92633671389852956338856788006950326282615987732512451231566067206330503700447 0 23158417847463239084714197001737581570653996933128112807891516801582625925111
134217728 1752 198337 107374183 23514945 3328600
983370001 20 5007 786696001 1966740 194707260
3 2000 77068 3 0 0
7068 500 10000 5655 0 1413
3062411 500 438856 2449929 153120 459362
438856000000 500 10000 351084800000 21942800000 65828400000
794744864055550100 0 10000 635795891244440080 0 158948972811110020
115792089237316195423570985008687907853269984665640564039457584007913129639418 2000 10000 92633671389852956338856788006950326282615987732512451231566067206330503711535 23158417847463239084714197001737581570653996933128112807891516801582625927883 0
6129982163463555433433388108601236734474956488734408704 1710 10000 4903985730770844346746710486880989387579965190987526964 1048226949952267979117109366570811481595217559573583888 177769482740443107569568255149435865299773738173297852
672340000 2000 180075 537872000 134468000 0
3 1403 646792 3 0 0
6792 0 402958 5434 0 1358
2014791 2000 0 1611833 402958 0
309230000000 974 766978 247384000000 30119002000 31726998000
5218440911487335104 1291 10000 4174752729189868084 673700721673014961 369987460624452059
115792089237316195423570985008687907853269984665640564039457584007913129632108 0 10000 92633671389852956338856788006950326282615987732512451231566067206330503705687 0 23158417847463239084714197001737581570653996933128112807891516801582625926421
6427752177035961102167848369364650410088811975131171341205504 0 952726 5142201741628768881734278695491720328071049580104937072964404 0 1285550435407192220433569673872930082017762395026234268241100
527259999 779 338598 421808000 41073553 64378446
10 2000 10000 8 0 2
7984 475 0 6388 379 1217
170515 696 311403 136412 0 34103
311403000000 816 412797 249122400000 25410484800 36870115200
910067622177355977 2000 0 728054097741884782 182013524435471195 0
115792089237316195423570985008687907853269984665640564039457584007913129636998 2000 0 92633671389852956338856788006950326282615987732512451231566067206330503709599 23158417847463239084714197001737581570653996933128112807891516801582625927399 0
16383 0 0 13107 0 3276
749989998 2000 10000 599991999 149997999 0
4 0 995726 4 0 0
5726 500 840051 4581 0 1145
4200255 1223 10000 3360204 513691 326360
139333000000 2000 10000 111466400000 27866600000 0
10915823395045519329 500 509124 8732658716036415464 545791169752275966 1637373509256827899
115792089237316195423570985008687907853269984665640564039457584007913129630811 146 10000 92633671389852956338856788006950326282615987732512451231566067206330503704649 1690564502864816453184136381126843454657741776118352234976080726515531692609 21467853344598422631530060620610738115996255157009760572915436075067094233553
2097151 1625 813476 1677721 340787 78643
134760001 0 10000 107808001 0 26952000
6 500 356882 5 0 1
6882 1291 0 5506 888 488
259645 974 0 207716 25289 26640
699160000000 500 0 559328000000 34958000000 104874000000
312634201129368840 0 0 250107360903495072 0 62526840225873768
115792089237316195423570985008687907853269984665640564039457584007913129632347 500 0 92633671389852956338856788006950326282615987732512451231566067206330503705878 5789604461865809771178549250434395392663499233282028201972879200395656481617 17368813385597429313535647751303186177990497699846084605918637601186969444852
70368744177664 2000 372818 56294995342132 14073748835532 0
728179998 500 10000 582543999 36408999 109227000
10 1227 176334 8 0 2
6334 500 751852 5068 0 1266
3759262 916 401277 3007410 344348 407504
401277000000 500 103714 321021600000 20063850000 60191550000
10615373325984777570 0 0 8492298660787822056 0 2123074665196955514
115792089237316195423570985008687907853269984665640564039457584007913129629832 500 10000 92633671389852956338856788006950326282615987732512451231566067206330503703866 5789604461865809771178549250434395392663499233282028201972879200395656481491 17368813385597429313535647751303186177990497699846084605918637601186969444475
28948022309329048855892746252171976963317496166410141009864396001978282409983 710 384489 23158417847463239084714197001737581570653996933128112807891516801582625927987 2055309583962362468768384983904210364395542227815120011700372116140458051108 3734294877903447302410164266530185028267957005466908190272507084255198430888
844890000 0 10000 675912000 0 168978000
9 541 10000 8 0 1
9282 0 488 7426 0 1856
2441 0 790716 1953 0 488
790716000000 2000 949021 632572800000 158143200000 0
1490037497151255976 2000 10000 1192029997721004781 298007499430251195 0
115792089237316195423570985008687907853269984665640564039457584007913129623354 1486 0 92633671389852956338856788006950326282615987732512451231566067206330503698684 17206704460665186639942648372291023106995919721314187816263396983575891062030 5951713386798052444771548629446558463658077211813924991628119818006734862640
191561942608236107294793378393788647952342390272950271 1600 0 153249554086588885835834702715030918361873912218360217 30649910817317777167166940543006183672374782443672043 7662477704329444291791735135751545918093695610918011
635790000 0 10000 508632000 0 127158000
10 0 342711 8 0 2
2711 958 10000 2169 0 542
1004087 1443 10000 803270 144889 55928
156713000000 500 921431 125370400000 7835650000 23506950000
917410753566657102 500 0 733928602853325682 45870537678332855 137611613034998565
115792089237316195423570985008687907853269984665640564039457584007913129639441 2000 93475 92633671389852956338856788006950326282615987732512451231566067206330503711553 23158417847463239084714197001737581570653996933128112807891516801582625927888 0
1532495540865888858358347027150309183618739122183602175 0 428534 1225996432692711086686677621720247346894991297746881740 0 306499108173177771671669405430061836723747824436720435
285340001 0 458723 228272001 0 57068000
7 968 647320 6 0 1
7320 500 10000 5856 0 1464
2454145 0 319008 1963316 0 490829
319008000000 2000 0 255206400000 63801600000 0
14041347578178535392 2000 245760 11233078062542828314 2808269515635707078 0
115792089237316195423570985008687907853269984665640564039457584007913129634175 107 690877 92633671389852956338856788006950326282615987732512451231566067206330503707340 1238975354839283291032209539592960614029988835922354035222196148884670487085 21919442492623955793681987462144620956624008097205758772669320652697955439750
452312848583266388373324160190187140051835877600158453279131187530910662655 2000 753038 361850278866613110698659328152149712041468702080126762623304950024728530124 90462569716653277674664832038037428010367175520031690655826237506182132531 0
530380000 0 200653 424304000 0 106076000
1 500 56333 1 0 0
6333 1699 0 5067 1075 191
537590 0 10000 430072 0 107518
978023000000 533 773991 782418400000 52128625900 143475974100
5537360441461535852 500 10000 4429888353169228682 276868022073076792 830604066219230378
115792089237316195423570985008687907853269984665640564039457584007913129624471 775 60537 92633671389852956338856788006950326282615987732512451231566067206330503699577 8973886915892005145326751338173312858628423811587143713057962760613267545896 14184530931571233939387445663564268712025573121540969094833554040969358378998
9223372036854775808 980 0 7378697629483820647 903890459611768029 940783947759187132
31659999 2000 10000 25328000 6331999 0
8 500 481930 7 0 1
1930 0 10000 1544 0 386
489082 2000 10000 391266 97816 0
955931000000 531 854510 764744800000 50759936100 140426263900
227764075425312510 2000 469806 182211260340250008 45552815085062502 0
115792089237316195423570985008687907853269984665640564039457584007913129630129 640 0 92633671389852956338856788006950326282615987732512451231566067206330503704104 7410693711188236507108543040556026102609279018600996098525285376506440296328 15747724136275002577605653961181555468044717914527116709366231425076185629697
81129638414606681695789005144063 2000 0 64903710731685345356631204115251 16225927682921336339157801028812 0
804219998 409 797943 643375999 32892597 127951402
3 1811 239016 3 0 0
9016 872 10000 7213 0 1803
4453090 260 558316 3562472 115780 774838
558316000000 500 0 446652800000 27915800000 83747400000
245291393391220610 466 10000 196233114712976488 11430578932030880 37627699746213242
115792089237316195423570985008687907853269984665640564039457584007913129639389 2000 922651 92633671389852956338856788006950326282615987732512451231566067206330503711512 23158417847463239084714197001737581570653996933128112807891516801582625927877 0
107839786668602559178668060348078522694548577690162289924414440996864 2000 846566 86271829334882047342934448278462818155638862152129831939531552797492 21567957333720511835733612069615704538909715538032457984882888199372 0
465659999 1045 10000 372528000 48661469 44470530
7 1625 431306 6 0 1
1306 0 0 1045 0 261
3032636 0 0 2426109 0 606527
377487000000 2000 10000 301989600000 75497400000 0
5058400229747401860 0 970210 4046720183797921488 0 1011680045949480372
115792089237316195423570985008687907853269984665640564039457584007913129629725 2000 0 92633671389852956338856788006950326282615987732512451231566067206330503703780 23158417847463239084714197001737581570653996933128112807891516801582625925945 0
822752278660603021077484591278675252491367932816789931674304511 2000 0 658201822928482416861987673022940201993094346253431945339443609 164550455732120604215496918255735050498273586563357986334860902 0
976789998 2000 637398 781431999 195357999 0
10 1612 824142 8 0 2
4142 675 10000 3314 0 828
1481007 2000 10000 1184806 296201 0
434856000000 0 0 347884800000 0 86971200000
1328629610406371220 0 10000 1062903688325096976 0 265725922081274244
115792089237316195423570985008687907853269984665640564039457584007913129626507 0 432741 92633671389852956338856788006950326282615987732512451231566067206330503701206 0 23158417847463239084714197001737581570653996933128112807891516801582625925301
730750818665451459101842416358141509827966271487 2000 0 584600654932361167281473933086513207862373017190 146150163733090291820368483271628301965593254297 0
393160001 0 0 314528001 0 78632000
0 0 10000 0 0 0
7080 1157 195401 5664 0 1416
977005 1729 665953 781604 168924 26477
665953000000 0 0 532762400000 0 133190600000
5109433049287071399 500 881447 4087546439429657120 255471652464353569 766414957393060710
115792089237316195423570985008687907853269984665640564039457584007913129638488 551 0 92633671389852956338856788006950326282615987732512451231566067206330503710791 6380144116976122367838761273978703722715176155076795078574112878836013443080 16778273730487116716875435727758877847938820778051317729317403922746612484617
2596148429267413814265248164610048 1585 261181 2076918743413931051412198531688039 411489526038885089561041834090692 107740159814597673292007798831317
611810000 0 0 489448000 0 122362000
6 972 0 5 0 1
6634 0 10000 5308 0 1326
2340252 500 779804 1872202 117012 351038
779804000000 2000 870207 623843200000 155960800000 0
15765782466124021905 0 9496 12612625972899217524 0 3153156493224804381
115792089237316195423570985008687907853269984665640564039457584007913129630439 250 293503 92633671389852956338856788006950326282615987732512451231566067206330503704352 2894802230932904885589274625217197696331749616641014100986439600197828240760 20263615616530334199124922376520383874322247316487098706905077201384797685327
590295810358705651712 1478 720842 472236648286964521370 87245720771016695323 30813441300724435019
208419998 500 10000 166735999 10420999 31263000
10 0 10000 8 0 2
5481 2000 34671 4385 0 1096
173356 405 0 138685 7020 27651
368124000000 198 10000 294499200000 7288855200 66335944800
4031783885482431296 500 712140 3225427108385945037 201589194274121564 604767582822364695
115792089237316195423570985008687907853269984665640564039457584007913129627795 848 10000 92633671389852956338856788006950326282615987732512451231566067206330503702236 9819169167324413371918819528736734585957294699646319830546003123871033392437 13339248680138825712795377473000846984696702233481792977345513677711592533122
53919893334301279589334030174039261347274288845081144962207220498432 0 38337 43135914667441023671467224139231409077819431076064915969765776398746 0 10783978666860255917866806034807852269454857769016228992441444099686
383369999 500 64015 306696000 19168499 57505500
3 0 691845 3 0 0
1845 1144 185338 1476 0 369
926691 1648 862976 741353 152718 32620
862976000000 500 0 690380800000 43148800000 129446400000
10620201042644095944 2000 366258 8496160834115276756 2124040208528819188 0
115792089237316195423570985008687907853269984665640564039457584007913129633677 0 155873 92633671389852956338856788006950326282615987732512451231566067206330503706942 0 23158417847463239084714197001737581570653996933128112807891516801582625926735
12554203470773361527671578846415332832204710888928069025792 0 0 10043362776618689222137263077132266265763768711142455220634 0 2510840694154672305534315769283066566440942177785613805158
72300001 391 562866 57840001 2826930 11633070
6 2000 794320 5 0 1
4320 500 906610 3456 0 864
4533051 1566 329940 3626441 709875 196735
329940000000 2000 0 263952000000 65988000000 0
7713633145648387386 533 884999 6170906516518709909 411136646663059047 1131589982466618430
115792089237316195423570985008687907853269984665640564039457584007913129634936 123 524572 92633671389852956338856788006950326282615987732512451231566067206330503707949 1424242697618989203709923115606861266595220811387378937685328283297331494509 21734175149844249881004273886130720304058776121740733870206188518285294432478
295147905179352825856 519 547372 236118324143482260685 15318176278808411661 43711404757062153510
473720000 753 0 378976000 35671116 59072884
0 758 924782 0 0 0
4782 2000 10000 3826 0 956
2835945 500 740777 2268756 141797 425392
740777000000 0 0 592621600000 0 148155400000
6690799604547192640 0 10000 5352639683637754112 0 1338159920909438528
115792089237316195423570985008687907853269984665640564039457584007913129627972 0 41442 92633671389852956338856788006950326282615987732512451231566067206330503702378 0 23158417847463239084714197001737581570653996933128112807891516801582625925594
36893488147419103231 500 221052 29514790517935282585 1844674407370955161 5534023222112865485
210519999 338 0 168416000 7115575 34988424
2 500 0 2 0 0
9578 500 263527 7663 0 1915
1317636 500 0 1054109 65881 197646
669358000000 606 10000 535486400000 40563094800 93308505200
2573489418718261556 1228 10000 2058791534974609245 316024500618602519 198673383125049792
115792089237316195423570985008687907853269984665640564039457584007913129639535 500 10000 92633671389852956338856788006950326282615987732512451231566067206330503711628 5789604461865809771178549250434395392663499233282028201972879200395656481976 17368813385597429313535647751303186177990497699846084605918637601186969445931
140737488355328 912 145899 112589990684263 12835258938005 15312238733060
458989998 1136 640505 367191999 52141263 39656736
9 37 0 8 0 1
829 500 0 664 41 124
3373160 630 674741 2698528 212509 462123
674741000000 0 754561 539792800000 0 134948200000
1051527673272067666 2000 0 841222138617654133 210305534654413533 0
115792089237316195423570985008687907853269984665640564039457584007913129621578 2000 795626 92633671389852956338856788006950326282615987732512451231566067206330503697263 23158417847463239084714197001737581570653996933128112807891516801582625924315 0
67108864 693 0 53687092 4650644 8771128
112089999 2000 281542 89672000 22417999 0
10 0 0 8 0 2
385 1310 10000 308 0 77
2585837 0 8877 2068670 0 517167
8877000000 0 0 7101600000 0 1775400000
2041060904766802800 603 10000 1632848723813442240 123075972557438208 285136208395922352
115792089237316195423570985008687907853269984665640564039457584007913129634684 131 10000 92633671389852956338856788006950326282615987732512451231566067206330503707748 1516876369008842160048779903613811592877836799119891388916894350503661998214 21641541478454396924665417098123769977776160134008221418974622451078963928722
144115188075855871 500 0 115292150460684697 7205759403792793 21617278211378381
642690001 0 114887 514152001 0 128538000
3 127 0 3 0 0
9845 570 0 7876 561 1408
1299382 500 0 1039506 64969 194907
236851000000 500 133720 189480800000 11842550000 35527650000
2676087055282052520 2000 10000 2140869644225642016 535217411056410504 0
115792089237316195423570985008687907853269984665640564039457584007913129636034 1207 10000 92633671389852956338856788006950326282615987732512451231566067206330503708828 13976105170944064787625017890548630477889687149142816079562530389755114747069 9182312676519174297089179111188951092764309783985296728328986411827511180137
452312848583266388373324160190187140051835877600158453279131187530910662656 933 0 361850278866613110698659328152149712041468702080126762623304950024728530125 42200788772818754035231144145744460166836287380094783690942939796633964825 48261780943834523639433687892292967843530888139936906964883297709548167706
111119999 2000 10000 88896000 22223999 0
0 500 0 0 0 0
1987 1254 387437 1590 0 397
1937186 1558 10000 1549749 301813 85624
112353000000 407 0 89882400000 4572767100 17897832900
8388861837209709240 639 180743 6711089469767767392 536048271397700420 1141724096044241428
115792089237316195423570985008687907853269984665640564039457584007913129639192 108 10000 92633671389852956338856788006950326282615987732512451231566067206330503711354 1250554563763014910574566638093829404815315834388918091626141907285461800103 21907863283700224174139630363643752165838681098739194716265374894297164127735
374144419156711147060143317175368453031918731001855 500 308369 299315535325368917648114653740294762425534984801484 18707220957835557353007165858768422651595936550092 56121662873506672059021497576305267954787809650279
83690001 0 10000 66952001 0 16738000
6 0 8924 5 0 1
8924 816 0 7140 728 1056
1018781 1607 0 815025 163718 40038
690461000000 0 10000 552368800000 0 138092200000
13004173831703870 0 0 10403339065363096 0 2600834766340774
115792089237316195423570985008687907853269984665640564039457584007913129628442 17 10000 92633671389852956338856788006950326282615987732512451231566067206330503702754 196846551703437532220070674514769443350558973931588958867077892813452320368 22961571295759801552494126327222812127303437959196523849024438908769173605320
5708990770823839524233143877797980545530986496 500 470662 4567192616659071619386515102238384436424789197 285449538541191976211657193889899027276549324 856348615623575928634971581669697081829647975
706620001 500 10000 565296001 35331000 105993000
1 2000 10000 1 0 0
8057 0 949994 6446 0 1611
4749970 500 602652 3799976 237498 712496
602652000000 0 662891 482121600000 0 120530400000
4218352647895087042 500 157436 3374682118316069634 210917632394754352 632752897184263056
115792089237316195423570985008687907853269984665640564039457584007913129622499 500 0 92633671389852956338856788006950326282615987732512451231566067206330503698000 5789604461865809771178549250434395392663499233282028201972879200395656481124 17368813385597429313535647751303186177990497699846084605918637601186969443375
822752278660603021077484591278675252491367932816789931674304512 2000 338732 658201822928482416861987673022940201993094346253431945339443610 164550455732120604215496918255735050498273586563357986334860902 0
387320001 464 0 309856001 17971648 59492352
9 0 892759 8 0 1
2759 2000 618391 2208 0 551
3091957 0 629064 2473566 0 618391
629064000000 2000 740936 503251200000 125812800000 0
6614215794442408152 500 556655 5291372635553926522 330710789722120407 992132369166361223
115792089237316195423570985008687907853269984665640564039457584007913129623280 1254 0 92633671389852956338856788006950326282615987732512451231566067206330503698624 14520327990359450906115801520089463644800056077071326730547981034592306454759 8638089857103788178598395481648117925853940856056786077343535766990319469897
57896044618658097711785492504343953926634992332820282019728792003956564819967 882 255564 46316835694926478169428394003475163141307993866256225615783033603165251855974 5106431135365644218179480438883136736329206323754748874140079454748969017121 6472777788365975324177618061985654048997792142809307529805678946042343946872
555639999 500 648057 444512000 27781999 83346000
9 1308 0 8 1 0
6887 1155 811438 5510 0 1377
4057190 0 10000 3245752 0 811438
494666000000 934 480274 395732800000 46201804400 52731395600
2769684847896584862 898 0 2215747878317267890 248717699341113320 305219270238203652
115792089237316195423570985008687907853269984665640564039457584007913129635097 2000 10000 92633671389852956338856788006950326282615987732512451231566067206330503708078 23158417847463239084714197001737581570653996933128112807891516801582625927019 0
1645504557321206042154969182557350504982735865633579863348609024 2000 10000 1316403645856964833723975346045880403986188692506863890678887220 329100911464241208430993836511470100996547173126715972669721804 0
50559998 1582 456925 40447999 7998591 2113408
9 246 456761 8 0 1
6761 1573 10000 5409 0 1352
1789477 2000 244899 1431582 357895 0
244899000000 1173 0 195919200000 28726652700 20253147300
6533940084956665260 823 10000 5227152067965332208 537743268991933550 769044747999399502
115792089237316195423570985008687907853269984665640564039457584007913129623821 0 10000 92633671389852956338856788006950326282615987732512451231566067206330503699057 0 23158417847463239084714197001737581570653996933128112807891516801582625924764
7067388259113537318333190002971674063309935587502475832486424805170479103 0 0 5653910607290829854666552002377339250647948470001980665989139844136383283 0 1413477651822707463666638000594334812661987117500495166497284961034095820
900919998 2000 447182 720735999 180183999 0
6 109 0 5 0 1
2525 2000 368718 2020 0 505
1843592 961 10000 1474874 177169 191549
756303000000 2000 10000 605042400000 151260600000 0
637933250980458133 2000 90847 510346600784366507 127586650196091626 0
115792089237316195423570985008687907853269984665640564039457584007913129629088 1614 0 92633671389852956338856788006950326282615987732512451231566067206330503703271 18688843202902833941364356980402228327517775525034387035968454058877179122134 4469574644560405143349840021335353243136221408093725771923062742705446803683
16383 1132 10000 13107 1854 1422
598860001 0 0 479088001 0 119772000
11 500 961543 9 0 2
1543 1109 10000 1235 0 308
3044682 0 695024 2435746 0 608936
695024000000 2000 0 556019200000 139004800000 0
13413093220333542912 2000 26009 10730474576266834330 2682618644066708582 0
115792089237316195423570985008687907853269984665640564039457584007913129633926 500 111047 92633671389852956338856788006950326282615987732512451231566067206330503707141 5789604461865809771178549250434395392663499233282028201972879200395656481696 17368813385597429313535647751303186177990497699846084605918637601186969445089
26959946667150639794667015087019630673637144422540572481103610249216 273 824033 21567957333720511835733612069615704538909715538032457984882888199373 736006544013212466394409511875635917390294042735357628734128559803 4655982789416915492538993505528290217337134841772756867486593490040
240329999 2000 0 192264000 48065999 0
5 500 10000 4 0 1
3084 284 594926 2468 0 616
2974630 0 10000 2379704 0 594926
521251000000 529 0 417000800000 27574177900 76676022100
1238376147069441757 500 69970 990700917655553406 61918807353472087 185756422060416264
115792089237316195423570985008687907853269984665640564039457584007913129629965 500 45239 92633671389852956338856788006950326282615987732512451231566067206330503703972 5789604461865809771178549250434395392663499233282028201972879200395656481498 17368813385597429313535647751303186177990497699846084605918637601186969444495
18446744073709551616 2000 10000 14757395258967641293 3689348814741910323 0
704160001 2000 717357 563328001 140832000 0
5 1032 634480 4 0 1
4480 2000 625174 3584 0 896
3125872 500 0 2500698 156293 468881
223307000000 1647 10000 178645600000 36778662900 7882737100
366287113028594004 2000 0 293029690422875204 73257422605718800 0
115792089237316195423570985008687907853269984665640564039457584007913129626833 2000 10000 92633671389852956338856788006950326282615987732512451231566067206330503701467 23158417847463239084714197001737581570653996933128112807891516801582625925366 0
43556142965880123323311949751266331066368 0 10000 34844914372704098658649559801013064853095 0 8711228593176024664662389950253266213273
720639999 781 0 576512000 56281983 87846016
0 1837 0 0 0 0
2095 94 633268 1676 0 419
3166340 1074 638330 2533072 340064 293204
638330000000 429 10000 510664000000 27384357000 100281643000
1985586026137960904 1393 51186 1588468820910368724 276592133441017953 120525071786574227
115792089237316195423570985008687907853269984665640564039457584007913129628749 0 933734 92633671389852956338856788006950326282615987732512451231566067206330503703000 0 23158417847463239084714197001737581570653996933128112807891516801582625925749
16383 500 165462 13107 0 3276
654620000 500 0 523696000 32731000 98193000
3 277 691256 3 0 0
1256 2000 144673 1005 0 251
723367 0 10000 578694 0 144673
995503000000 0 10000 796402400000 0 199100600000
5342994769567580764 2000 10000 4274395815654064612 1068598953913516152 0
115792089237316195423570985008687907853269984665640564039457584007913129632022 253 59459 92633671389852956338856788006950326282615987732512451231566067206330503705618 2929539857704099744216345920719804068687730612040706270198276875400202179690 20228877989759139340497851081017777501966266321087406537693239926182423746714
41538374868278621028243970633760768 487 323329 33230699894622896822595176507008615 2022918856085168844075481369864149 6284756117570555361573312756888004
233290000 520 10000 186632000 12131080 34526920
7 2000 10000 6 0 1
3755 1536 599348 3004 0 751
2996741 2000 10000 2397393 599348 0
684842000000 500 252142 547873600000 34242100000 102726300000
555108013347380304 500 0 444086410677904244 27755400667369015 83266202002107045
115792089237316195423570985008687907853269984665640564039457584007913129621765 1211 991544 92633671389852956338856788006950326282615987732512451231566067206330503697412 14022422006638991265794446284552105641030995143009072305178313423358279997195 9135995840824247818919750717185475929623001790119040502713203378224345927158
95780971304118053647396689196894323976171195136475136 500 0 76624777043294442917917351357515459180936956109180109 4789048565205902682369834459844716198808559756823756 14367145695617708047109503379534148596425679270471271
768419998 1844 650900 614735999 141696647 11987352
8 2000 10000 7 0 1
7419 1088 0 5936 807 676
2003981 0 0 1603185 0 400796
980348000000 575 10000 784278400000 56370010000 139699590000
7721916251017057414 1486 0 6177533000813645932 1147476754901134731 396906495302276751
115792089237316195423570985008687907853269984665640564039457584007913129625409 2000 10000 92633671389852956338856788006950326282615987732512451231566067206330503700328 23158417847463239084714197001737581570653996933128112807891516801582625925081 0
91343852333181432387730302044767688728495783936 1363 515098 73075081866545145910184241635814150982796627149 12450167073012629234447640168701835973693975350 5818603393623657243098420240251701772005181437
150979998 0 10000 120783999 0 30195999
0 1327 0 0 0 0
3073 2000 594125 2459 0 614
2970626 213 10000 2376501 63274 530851
977753000000 819 0 782202400000 80077970700 115472629300
2551625387266244758 1122 10000 2041300309812995807 286292368451272661 224032709001976290
115792089237316195423570985008687907853269984665640564039457584007913129621583 0 0 92633671389852956338856788006950326282615987732512451231566067206330503697267 0 23158417847463239084714197001737581570653996933128112807891516801582625924316
13164036458569648337239753460458804039861886925068638906788872191 387 0 10531229166855718669791802768367043231889509540054911125431097753 509448210946645390651178458919755716342655024000156325692729353 2123359080767284276796772233172005091629722361013571455665045085
330379999 500 660943 264304000 16518999 49557000
11 2000 433257 9 0 2
3257 0 52555 2606 0 651
262776 500 348173 210221 0 52555
348173000000 500 0 278538400000 17408650000 52225950000
10947062650305075034 2000 0 8757650120244060028 2189412530061015006 0
115792089237316195423570985008687907853269984665640564039457584007913129632046 1241 0 92633671389852956338856788006950326282615987732512451231566067206330503705637 14369798274350939852065159239578169364590805097005993997296686175382019387336 8788619573112299232649037762159412206063191836122118810594830626200606539073
374144419156711147060143317175368453031918731001855 1654 10000 299315535325368917648114653740294762425534984801484 61883486928520023723747704660805942131479358107706 12945396902822205688280958774267748474904388092665
803960001 2000 51114 643168001 160792000 0
2 1351 366047 2 0 0
6047 500 10000 4838 0 1209
74531 2000 10000 59625 14906 0
717867000000 500 10000 574293600000 35893350000 107680050000
14164974824830701760 778 144555 11331979859864561408 1102035041371828596 1730959923594311756
115792089237316195423570985008687907853269984665640564039457584007913129635380 701 912067 92633671389852956338856788006950326282615987732512451231566067206330503708304 8117025455535865299192326049109022340514225925061403539165976638954710387440 15041392391927373785521870952628559230139771008066709268725540162627915539636
68719476736 857 0 54975581389 5889259156 7854636191
552469999 740 0 441976000 40882779 69611220
10 0 0 8 0 2
694 2000 10000 556 0 138
1953700 500 0 1562960 97685 293055
228227000000 2000 577170 182581600000 45645400000 0
3603190246060458740 500 348211 2882552196848366992 180159512303022937 540478536909068811
115792089237316195423570985008687907853269984665640564039457584007913129631724 2000 0 92633671389852956338856788006950326282615987732512451231566067206330503705380 23158417847463239084714197001737581570653996933128112807891516801582625926344 0
332306998946228968225951765070086144 500 522699 265845599156983174580761412056068916 16615349947311448411297588253504307 49846049841934345233892764760512921
226990000 44 0 181592000 998756 44399244
4 500 618047 4 0 0
8047 500 0 6438 402 1207
871795 2000 995705 697436 0 174359
995705000000 2000 504692 796564000000 199141000000 0
4472488030653781656 1825 970141 3577990424523025325 816229065594315152 78268540536441179
115792089237316195423570985008687907853269984665640564039457584007913129629794 1244 103190 92633671389852956338856788006950326282615987732512451231566067206330503703836 14404535901122134710692230535080775736946786092405686166508523450584393325946 8753881946341104374021966466656805833707210840722426641382993350998232600012
8191 1768 10000 6553 0 1638
10339999 500 0 8272000 516999 1551000
3 989 0 3 0 0
8354 70 323803 6684 0 1670
1619015 500 0 1295212 80950 242853
374109000000 283 0 299287200000 10587284700 64234515300
11097283120245378952 1378 897657 8877826496196303162 1529205613969813219 690251010079262571
115792089237316195423570985008687907853269984665640564039457584007913129622278 566 10000 92633671389852956338856788006950326282615987732512451231566067206330503697823 6553832250832096660974117751491735584495081132075255924633299254847883136620 16604585596631142423740079250245845986158915801052856883258217546734742787835
411376139330301510538742295639337626245683966408394965837152255 0 415758 329100911464241208430993836511470100996547173126715972669721804 0 82275227866060302107748459127867525249136793281678993167430451
157580000 2000 0 126064000 31516000 0
10 0 602610 8 0 2
2610 500 445722 2088 0 522
2228610 1296 569477 1782888 288827 156895
569477000000 285 10000 455581600000 16230094500 97665305500
10324306584899752880 0 0 8259445267919802304 0 2064861316979950576
115792089237316195423570985008687907853269984665640564039457584007913129634426 0 0 92633671389852956338856788006950326282615987732512451231566067206330503707541 0 23158417847463239084714197001737581570653996933128112807891516801582625926885
9903520314283042199192993791 0 10000 7922816251426433759354395033 0 1980704062856608439838598758
664320001 0 751905 531456001 0 132864000
5 723 10000 4 0 1
6375 510 0 5100 325 950
4007165 1425 10000 3205732 571021 230412
516055000000 500 10000 412844000000 25802750000 77408250000
17948339891971120600 0 0 14358671913576896480 0 3589667978394224120
115792089237316195423570985008687907853269984665640564039457584007913129637118 0 760601 92633671389852956338856788006950326282615987732512451231566067206330503709695 0 23158417847463239084714197001737581570653996933128112807891516801582625927423
1125899906842623 1874 761220 900719925474099 210993642542307 14186338826217
612199998 1683 88779 489759999 103033259 19406740
3 2000 959203 3 0 0
9203 1295 729283 7363 0 1840
3646415 0 541693 2917132 0 729283
541693000000 1936 744992 433354400000 104871764800 3466835200
407214928287801568 678 592093 325771942630241255 27609172137912946 53833813519647367
115792089237316195423570985008687907853269984665640564039457584007913129627842 2000 611673 92633671389852956338856788006950326282615987732512451231566067206330503702274 23158417847463239084714197001737581570653996933128112807891516801582625925568 0
302231454903657293676544 512 764333 241785163922925834941236 15474250491067253436239 44972040489664205299069
643330001 2000 10000 514664001 128666000 0
7 274 317073 6 0 1
7073 2000 757537 5659 0 1414
3787687 500 0 3030150 189384 568153
69376000000 563 0 55500800000 3905868800 9969331200
3668564006481336640 0 808724 2934851205185069312 0 733712801296267328
115792089237316195423570985008687907853269984665640564039457584007913129631211 2000 399455 92633671389852956338856788006950326282615987732512451231566067206330503704969 23158417847463239084714197001737581570653996933128112807891516801582625926242 0
32767 1173 10000 26214 3843 2710
680699999 485 801834 544560000 33013949 103126050
10 500 114811 8 0 2
4811 2000 0 3849 962 0
4621736 196 0 3697389 90586 833761
501170000000 2000 10000 400936000000 100234000000 0
1764904704792368048 500 158195 1411923763833894439 88245235239618402 264735705718855207
115792089237316195423570985008687907853269984665640564039457584007913129621740 1716 10000 92633671389852956338856788006950326282615987732512451231566067206330503697392 19869922513123459134684781027490844987621129368623920789170921415757893043090 3288495334339779950029415974246736583032867564504192018720595385824732881258
1461501637330902918203684832716283019655932542976 0 824223 1169201309864722334562947866173026415724746034381 0 292300327466180583640736966543256603931186508595
242229998 1050 969284 193783999 25434149 23011850
4 1371 0 4 0 0
3202 500 10000 2562 0 640
1492617 0 654501 1194094 0 298523
654501000000 500 823743 523600800000 32725050000 98175150000
12092155099935051053 2000 493201 9673724079948040843 2418431019987010210 0
115792089237316195423570985008687907853269984665640564039457584007913129626734 111 313658 92633671389852956338856788006950326282615987732512451231566067206330503701388 1285292190534209769201637933596435777171296829788610260837979182487835738856 21873125656929029315512559068141145793482700103339502547053537619094790186490
274877906943 124 10000 219902325555 3408486046 51567095342
158669999 1715 120195 126936000 27211904 4522095
11 500 463804 9 0 2
3804 500 10000 3044 0 760
1575577 2000 826789 1260462 315115 0
826789000000 500 165750 661431200000 41339450000 124018350000
85337975827712250 1599 0 68270380662169800 13645542334851188 3422052830691262
115792089237316195423570985008687907853269984665640564039457584007913129637497 1673 631545 92633671389852956338856788006950326282615987732512451231566067206330503709998 19372016529402999494363425791953486983852068434561666363801253804523866588353 3786401318060239590350771209784094586801928498566446444090262997058759339146
9223372036854775808 500 166164 7378697629483820647 461168601842738790 1383505805528216371
661639998 76 514819 529311999 5028463 127299536
3 381 523839 3 0 0
3839 1691 980853 3072 0 767
4904265 500 116974 3923412 245213 735640
116974000000 868 10000 93579200000 10153343200 13241456800
9590752285392190902 708 10000 7672601828313752722 679025261805767115 1239125195272671065
115792089237316195423570985008687907853269984665640564039457584007913129631942 355 375683 92633671389852956338856788006950326282615987732512451231566067206330503705554 4110619167924724937536769967808420728791084455630240023400744232280916101933 19047798679538514147177427033929160841862912477497872784490772569301709824455
1237940039285380274899124223 812 181740 990352031428304219919299379 100520731189972878321808886 147067276667103176658015958
817400000 500 0 653920000 40870000 122610000
8 1663 10000 7 0 1
2494 500 304258 1996 0 498
1521291 1485 591113 1217033 225911 78347
591113000000 500 218689 472890400000 29555650000 88666950000
5147461608913399350 0 674847 4117969287130719480 0 1029492321782679870
115792089237316195423570985008687907853269984665640564039457584007913129625088 2000 836777 92633671389852956338856788006950326282615987732512451231566067206330503700071 23158417847463239084714197001737581570653996933128112807891516801582625925017 0
68719476736 500 10000 54975581389 3435973836 10307921511
526339998 500 200697 421071999 26316999 78951000
5 0 949632 4 0 1
9632 1568 550471 7706 0 1926
2752356 2000 691473 2201885 550471 0
691473000000 0 222858 553178400000 0 138294600000
6545974838779230854 1975 369917 5236779871023384684 1292830030658898093 16364937096948077
115792089237316195423570985008687907853269984665640564039457584007913129630018 2000 0 92633671389852956338856788006950326282615987732512451231566067206330503704015 23158417847463239084714197001737581570653996933128112807891516801582625926003 0
2048 11 10000 1639 0 409
179050000 0 10000 143240000 0 35810000
10 2000 490834 8 0 2
834 1471 539640 668 0 166
2698201 165 0 2158561 44520 495120
223186000000 500 230441 178548800000 11159300000 33477900000
1378972684439259144 812 192027 1103178147551407316 111972581976467842 163821954911383986
115792089237316195423570985008687907853269984665640564039457584007913129627908 276 10000 92633671389852956338856788006950326282615987732512451231566067206330503702327 3195861662949926993690559186239786256750251576771679567489029318618402377730 19962556184513312091023637815497795313903745356356433240402487482964223547851
77371252455336267181195263 0 307414 61897001964269013744956211 0 15474250491067253436239052
74139999 1158 628717 59312000 8585411 6242588
5 2000 802179 4 0 1
2179 2000 0 1744 435 0
3641796 2000 0 2913437 728359 0
735737000000 1246 730259 588589600000 91672830200 55474569800
3275758042073761457 505 166359 2620606433659009166 165425781124724953 489725827290027338
115792089237316195423570985008687907853269984665640564039457584007913129633576 981 512328 92633671389852956338856788006950326282615987732512451231566067206330503706861 11359203954180718771052313629352283760405785495699339332270788991176278017053 11799213893282520313661883372385297810248211437428773475620727810406347909662
302231454903657293676544 329 737396 241785163922925834941236 9943414866330324961958 50502876114401133773350
373959998 39 341782 299167999 1458443 73333556
10 849 319045 8 0 2
9045 0 993980 7236 0 1809
4969900 92 979974 3975920 45723 948257
979974000000 0 347214 783979200000 0 195994800000
10610897354924498258 500 0 8488717883939598607 530544867746224912 1591634603238674739
115792089237316195423570985008687907853269984665640564039457584007913129622324 488 0 92633671389852956338856788006950326282615987732512451231566067206330503697860 5650653954781030336670264068423969903239575251683259525125530099586160725569 17507763892682208748043932933313611667414421681444853282765986701996465198895
1125899906842624 1942 10000 900719925474100 218649761908837 6530219459687
475969999 76 173797 380776000 3617371 91576628
9 0 0 8 0 1
3540 266 784825 2832 0 708
3924125 0 301502 3139300 0 784825
301502000000 1670 0 241201600000 50350834000 9949566000
5255855335002309050 0 10000 4204684268001847240 0 1051171067000461810
115792089237316195423570985008687907853269984665640564039457584007913129620032 854 0 92633671389852956338856788006950326282615987732512451231566067206330503696026 9888644420866803089172962119741947330669256690445704168969677674275781269550 13269773426596435995541234881995634239984740242682408638921839127306844654456
11150372599265311570767859136324180752990207 2000 0 8920298079412249256614287309059344602392166 2230074519853062314153571827264836150598041 0
299469999 2000 23982 239576000 59893999 0
10 486 894221 8 0 2
4221 1548 838680 3377 0 844
4193400 489 154958 3354720 205057 633623
154958000000 2000 271925 123966400000 30991600000 0
2320777649579872600 500 0 1856622119663898080 116038882478993630 348116647436980890
115792089237316195423570985008687907853269984665640564039457584007913129631774 738 370319 92633671389852956338856788006950326282615987732512451231566067206330503705420 8545456185713935222259538693641167599571324868324273626111969699783988966824 14612961661749303862454658308096413971082672064803839181779547101798636959530
441711766194596082395824375185729628956870974218904739530401550323154943 0 835184 353369412955676865916659500148583703165496779375123791624321240258523955 0 88342353238919216479164875037145925791374194843780947906080310064630988
351839998 500 125447 281471999 17591999 52776000
7 783 746841 6 0 1
6841 1185 298027 5473 0 1368
1490135 1641 687702 1192108 244531 53496
687702000000 0 0 550161600000 0 137540400000
5770929719268853560 0 0 4616743775415082848 0 1154185943853770712
115792089237316195423570985008687907853269984665640564039457584007913129626740 563 792375 92633671389852956338856788006950326282615987732512451231566067206330503701392 6519094624060901802347046455989129212139100136675563755421461979645509197985 16639323223402337282367150545748452358514896796452549052470054821937116727363
274877906944 500 10000 219902325556 13743895347 41231686041
761529998 2000 853518 609223999 152305999 0
6 1846 842005 5 0 1
2005 0 10000 1604 0 401
1567756 0 33937 1254205 0 313551
33937000000 1525 438386 27149600000 5175392500 1612007500
283554068268732120 0 0 226843254614985696 0 56710813653746424
115792089237316195423570985008687907853269984665640564039457584007913129627710 2000 10000 92633671389852956338856788006950326282615987732512451231566067206330503702168 23158417847463239084714197001737581570653996933128112807891516801582625925542 0
215679573337205118357336120696157045389097155380324579848828881993728 122 561420 172543658669764094685868896556925636311277724304259663879063105594983 2631290794713902443959500672493115953746985295639959874155712360323 40504623872727121227507723466738293124072445780424956095610064038422
614199998 1913 545606 491359999 117496459 5343540
2 970 10000 2 0 0
963 873 10000 771 0 192
360205 1089 204116 288164 39226 32815
204116000000 500 0 163292800000 10205800000 30617400000
3138932373152686344 2000 0 2511145898522149076 627786474630537268 0
115792089237316195423570985008687907853269984665640564039457584007913129639891 0 10000 92633671389852956338856788006950326282615987732512451231566067206330503711913 0 23158417847463239084714197001737581570653996933128112807891516801582625927978
680564733841876926926749214863536422912 0 0 544451787073501541541399371890829138330 0 136112946768375385385349842972707284582
618890001 783 114709 495112001 48459087 75318913
1 0 10000 1 0 0
254 0 471654 204 0 50
2358272 2000 47760 1886618 471654 0
47760000000 0 10000 38208000000 0 9552000000
1439342285569209610 0 0 1151473828455367688 0 287868457113841922
115792089237316195423570985008687907853269984665640564039457584007913129639341 2000 687330 92633671389852956338856788006950326282615987732512451231566067206330503711473 23158417847463239084714197001737581570653996933128112807891516801582625927868 0
12855504354071922204335696738729300820177623950262342682411008 500 935748 10284403483257537763468557390983440656142099160209874145928807 642775217703596110216784836936465041008881197513117134120550 1928325653110788330650354510809395123026643592539351402361651
357479998 500 10000 285983999 17873999 53622000
5 500 10000 4 0 1
6156 2000 10000 4925 0 1231
2762270 328 0 2209816 90602 461852
633889000000 0 56887 507111200000 0 126777800000
1893848110157926398 1791 138007 1515078488126341119 339188196529284617 39581425502300662
115792089237316195423570985008687907853269984665640564039457584007913129621928 1531 0 92633671389852956338856788006950326282615987732512451231566067206330503697543 17727768862233109519348717804830118692335634652309570354440956111611500145117 5430648985230129565365479196907462878318362280818542453450560689971125779268
2251799813685248 1936 519134 1801439850948199 435948443929464 14411518807585
191339998 500 10000 153071999 9566999 28701000
6 1007 10000 5 0 1
8756 2000 0 7005 1751 0
4950600 1032 620932 3960480 510901 479219
620932000000 500 0 496745600000 31046600000 93139800000
1151070220614516620 1399 60722 920856176491613296 161034723863970875 69179320258932449
115792089237316195423570985008687907853269984665640564039457584007913129639213 2000 265448 92633671389852956338856788006950326282615987732512451231566067206330503711371 23158417847463239084714197001737581570653996933128112807891516801582625927842 0
256 0 0 205 0 51
393979999 0 902728 315184000 0 78795999
0 1027 10000 0 0 0
9079 0 10000 7264 0 1815
823790 500 512644 659032 41189 123569
512644000000 1666 10000 410115200000 85406490400 17122309600
2559919777215373404 1777 10000 2047935821772298724 454897744411171853 57086211031902827
115792089237316195423570985008687907853269984665640564039457584007913129626741 2000 820971 92633671389852956338856788006950326282615987732512451231566067206330503701393 23158417847463239084714197001737581570653996933128112807891516801582625925348 0
21267647932558653966460912964485513215 587 0 17014118346046923173168730371588410572 1248410933641192987831255591015299625 3005118652870537805460927001881803018
469889998 2000 684184 375911999 93977999 0
8 500 687294 7 0 1
7294 2000 972314 5836 0 1458
4861572 2000 10000 3889258 972314 0
623173000000 2000 976944 498538400000 124634600000 0
7975772407863338784 2000 10000 6380617926290671028 1595154481572667756 0
115792089237316195423570985008687907853269984665640564039457584007913129634153 500 237542 92633671389852956338856788006950326282615987732512451231566067206330503707323 5789604461865809771178549250434395392663499233282028201972879200395656481707 17368813385597429313535647751303186177990497699846084605918637601186969445123
1569275433846670190958947355801916604025588861116008628224 500 10000 1255420347077336152767157884641533283220471088892806902580 78463771692333509547947367790095830201279443055800431411 235391315077000528643842103370287490603838329167401294233
559109999 2000 0 447288000 111821999 0
4 1537 0 4 0 0
2166 810 766912 1733 0 433
3834561 500 10000 3067649 191728 575184
307748000000 1222 908296 246198400000 37606805600 23942794400
2724047191682760096 2000 10000 2179237753346208077 544809438336552019 0
115792089237316195423570985008687907853269984665640564039457584007913129623590 1942 10000 92633671389852956338856788006950326282615987732512451231566067206330503698872 22486823729886805151257485288687191705105031022067397536462662814336729772901 671594117576433933456711713050389865548965911060715271428853987245896151817
21267647932558653966460912964485513215 500 913690 17014118346046923173168730371588410572 1063382396627932698323045648224275660 3190147189883798094969136944672826983
136899999 1744 382251 109520000 23875359 3504640
3 1851 163537 3 0 0
3537 1826 62054 2830 0 707
310270 536 58799 248216 16630 45424
58799000000 1099 756362 47039200000 6462010100 5297789900
4154514012788219626 1883 0 3323611210230575701 782294988608021755 48607813949622170
115792089237316195423570985008687907853269984665640564039457584007913129639708 1003 0 92633671389852956338856788006950326282615987732512451231566067206330503711767 11613946550502814400984169796371397157682979461963748573157595675993686902862 11544471296960424683730027205366184412971017471164364234733921125588939025079
4503599627370495 1610 0 3602879701896396 725079540006649 175640385467450
381219999 276 347750 304976000 10521671 65722328
6 2000 10000 5 0 1
3466 500 107195 2773 0 693
535975 2000 89235 428780 107195 0
89235000000 500 813232 71388000000 4461750000 13385250000
1537550263398736512 2000 10000 1230040210718989210 307510052679747302 0
115792089237316195423570985008687907853269984665640564039457584007913129636318 1666 10000 92633671389852956338856788006950326282615987732512451231566067206330503709055 19290962066936878157566926102447405448354779445295717968973633495718327397410 3867455780526360927147270899290176122299217487832394838917883305864298529853
49039857307708443467467104868809893875799651909875269631 0 10000 39231885846166754773973683895047915100639721527900215705 0 9807971461541688693493420973761978775159930381975053926
627279998 720 10000 501823999 45164159 80291840
11 0 747723 9 0 2
7723 2000 7864 6179 0 1544
39320 2000 0 31456 7864 0
931410000000 2000 95226 745128000000 186282000000 0
718141528936886772 500 0 574513223149509418 35907076446844338 107721229340533016
115792089237316195423570985008687907853269984665640564039457584007913129639688 789 0 92633671389852956338856788006950326282615987732512451231566067206330503711751 9135995840824247818919750717185475929623001790119040502713203378224345928571 14022422006638991265794446284552105641030995143009072305178313423358279999366
21778071482940061661655974875633165533184 2000 683168 17422457186352049329324779900506532426548 4355614296588012332331194975126633106636 0
831679999 2000 871927 665344000 166335999 0
3 1477 0 3 0 0
1433 215 10000 1147 0 286
2170307 1685 213469 1736246 365696 68365
213469000000 500 10000 170775200000 10673450000 32020350000
8858845511353690281 2000 202236 7087076409082952225 1771769102270738056 0
115792089237316195423570985008687907853269984665640564039457584007913129637699 2000 10000 92633671389852956338856788006950326282615987732512451231566067206330503710160 23158417847463239084714197001737581570653996933128112807891516801582625927539 0
87112285931760246646623899502532662132736 83 0 69689828745408197317299119602026129706189 723031973233610047166978365871021095701 16699425213118439282157801534635511330846
785180000 2000 0 628144000 157036000 0
10 1820 277077 8 0 2
7077 500 955212 5662 0 1415
4776061 164 10000 3820849 78327 876885
68254000000 2000 708636 54603200000 13650800000 0
936620008364828940 0 10000 749296006691863152 0 187324001672965788
115792089237316195423570985008687907853269984665640564039457584007913129637109 2000 10000 92633671389852956338856788006950326282615987732512451231566067206330503709688 23158417847463239084714197001737581570653996933128112807891516801582625927421 0
365375409332725729550921208179070754913983135743 0 590515 292300327466180583640736966543256603931186508595 0 73075081866545145910184241635814150982796627148
905149999 1690 0 724120000 152970349 28059650
2 500 10000 2 0 0
8501 2000 31924 6801 0 1700
159621 1806 0 127697 28827 3097
904793000000 2000 176872 723834400000 180958600000 0
7595304897266278920 0 0 6076243917813023136 0 1519060979453255784
115792089237316195423570985008687907853269984665640564039457584007913129630151 500 155864 92633671389852956338856788006950326282615987732512451231566067206330503704121 5789604461865809771178549250434395392663499233282028201972879200395656481507 17368813385597429313535647751303186177990497699846084605918637601186969444523
2993155353253689176481146537402947624255349848014848 0 534600 2394524282602951341184917229922358099404279878411879 0 598631070650737835296229307480589524851069969602969
345999998 500 605588 276799999 17299999 51900000
4 1038 10000 4 0 0
8716 500 235195 6973 0 1743
1175977 2000 119901 940782 235195 0
119901000000 500 10000 95920800000 5995050000 17985150000
3994183594179101232 504 473691 3195346875343280986 201306853146626702 597529865689193544
115792089237316195423570985008687907853269984665640564039457584007913129626244 500 10000 92633671389852956338856788006950326282615987732512451231566067206330503700996 5789604461865809771178549250434395392663499233282028201972879200395656481312 17368813385597429313535647751303186177990497699846084605918637601186969443936
52656145834278593348959013841835216159447547700274555627155488768 1997 10000 42124916667422874679167211073468172927558038160219644501724391015 10515432323105435091787115064214492667041675275744828758742951106 15796843750283578004687704152550564847834264310082366688146647
525940001 314 10000 420752001 16514516 88673484
1 812 10000 1 0 0
6134 0 10000 4908 0 1226
2936647 0 453570 2349318 0 587329
453570000000 679 911437 362856000000 30797403000 59916597000
2148093656764346452 2000 605301 1718474925411477162 429618731352869290 0
115792089237316195423570985008687907853269984665640564039457584007913129634634 1518 475187 92633671389852956338856788006950326282615987732512451231566067206330503707708 17577239146224598465298075524318824412126383672244237621189661252401213078537 5581178701238640619416121477418757158527613260883875186701855549181412848389
105312291668557186697918027683670432318895095400549111254310977536 2000 748922 84249833334845749358334422146936345855116076320439289003448782029 21062458333711437339583605536734086463779019080109822250862195507 0
489220001 2000 10000 391376001 97844000 0
11 0 10000 9 0 2
6911 2000 10000 5529 0 1382
333985 0 10000 267188 0 66797
417699000000 0 302784 334159200000 0 83539800000
17486538814060943616 1031 10000 13989231051248754893 1802862151729683286 1694445611082505437
115792089237316195423570985008687907853269984665640564039457584007913129625281 675 984755 92633671389852956338856788006950326282615987732512451231566067206330503700225 7815966023518843191091041488086433780095723964930738072663386920534136249706 15342451823944395893623155513651147790558272968197374735228129881048489675350
2199023255552 1920 10000 1759218604442 422212465065 17592186045
610300000 1784 0 488240000 108877520 13182480
8 1201 0 7 0 1
2764 0 519475 2212 0 552
2597375 24 64013 2077900 6233 513242
64013000000 0 0 51210400000 0 12802600000
173511950408317440 0 996069 138809560326653952 0 34702390081663488
115792089237316195423570985008687907853269984665640564039457584007913129623866 0 500025 92633671389852956338856788006950326282615987732512451231566067206330503699093 0 23158417847463239084714197001737581570653996933128112807891516801582625924773
16777215 841 10000 13421772 1410963 1944480
591839999 45 10000 473472000 2663279 115704720
10 500 335524 8 0 2
5524 1595 0 4420 881 223
3053805 0 10000 2443044 0 610761
862482000000 831 44928 689985600000 71672254200 100824145800
7492138725798740992 1231 10000 5993710980638992794 922282277145825016 576145468013923182
115792089237316195423570985008687907853269984665640564039457584007913129621773 1449 731262 92633671389852956338856788006950326282615987732512451231566067206330503697419 16778273730487116716875435727758877847938820778051317729317403922746612482194 6380144116976122367838761273978703722715176155076795078574112878836013442160
151115727451828646838272 2000 422433 120892581961462917470618 30223145490365729367654 0
224329999 0 509922 179464000 0 44865999
10 0 566960 8 0 2
6960 500 10000 5568 0 1392
3905237 1077 0 3124190 420594 360453
80650000000 2000 10000 64520000000 16130000000 0
2724807205899466070 0 10000 2179845764719572856 0 544961441179893214
115792089237316195423570985008687907853269984665640564039457584007913129622636 0 10000 92633671389852956338856788006950326282615987732512451231566067206330503698109 0 23158417847463239084714197001737581570653996933128112807891516801582625924527
34359738368 222 10000 27487790695 762786191 6109161482
739680001 2000 931460 591744001 147936000 0
4 500 298855 4 0 0
8855 0 939608 7084 0 1771
4698040 2000 455959 3758432 939608 0
455959000000 2000 897079 364767200000 91191800000 0
7893924871991861640 0 10000 6315139897593489312 0 1578784974398372328
115792089237316195423570985008687907853269984665640564039457584007913129622284 500 31573 92633671389852956338856788006950326282615987732512451231566067206330503697828 5789604461865809771178549250434395392663499233282028201972879200395656481114 17368813385597429313535647751303186177990497699846084605918637601186969443342
8589934591 0 10000 6871947673 0 1717986918
576930001 500 0 461544001 28846500 86539500
10 0 10000 8 0 2
9408 500 62635 7527 0 1881
313175 435 0 250540 13623 49012
88966000000 2000 559491 71172800000 17793200000 0
1863142639079448126 2000 758152 1490514111263558501 372628527815889625 0
115792089237316195423570985008687907853269984665640564039457584007913129621783 500 618783 92633671389852956338856788006950326282615987732512451231566067206330503697427 5789604461865809771178549250434395392663499233282028201972879200395656481089 17368813385597429313535647751303186177990497699846084605918637601186969443267
332306998946228968225951765070086144 1938 0 265845599156983174580761412056068916 64401096395779174042189452070582694 2060303393466619603000900943434534
385550001 500 838530 308440001 19277500 57832500
2 500 10000 2 0 0
9595 1241 686681 7676 0 1919
3433407 2000 726443 2746726 686681 0
726443000000 500 0 581154400000 36322150000 108966450000
995464330243570505 0 644023 796371464194856404 0 199092866048714101
115792089237316195423570985008687907853269984665640564039457584007913129635912 2000 826517 92633671389852956338856788006950326282615987732512451231566067206330503708730 23158417847463239084714197001737581570653996933128112807891516801582625927182 0
28948022309329048855892746252171976963317496166410141009864396001978282409984 500 0 23158417847463239084714197001737581570653996933128112807891516801582625927988 1447401115466452442794637312608598848165874808320507050493219800098914120499 4342203346399357328383911937825796544497624424961521151479659400296742361497
258150000 0 0 206520000 0 51630000
1 500 10000 1 0 0
3430 1781 10000 2744 0 686
331546 2000 10000 265237 66309 0
607858000000 739 820213 486286400000 44920706200 76650893800
1829876455284926271 500 0 1463901164227941017 91493822764246313 274481468292738941
115792089237316195423570985008687907853269984665640564039457584007913129629221 2000 0 92633671389852956338856788006950326282615987732512451231566067206330503703377 23158417847463239084714197001737581570653996933128112807891516801582625925844 0
9444732965739290427392 500 10000 7555786372591432341914 472236648286964521369 1416709944860893564109
258670000 296 0 206936000 7656632 44077368
0 2000 0 0 0 0
4771 500 0 3817 238 716
2665972 2000 10000 2132778 533194 0
262178000000 964 10000 209742400000 25273959200 27161640800
1538882026166915381 1677 709004 1231105620933532305 258070515788191709 49705889445191367
115792089237316195423570985008687907853269984665640564039457584007913129630931 1686 10000 92633671389852956338856788006950326282615987732512451231566067206330503704745 19522546245411510548414068072464781264061319414626999097052548663734153655774 3635871602051728536300128929272800306592677518501113710838968137848472270412
3064991081731777716716694054300618367237478244367204351 2000 10000 2451992865385422173373355243440494693789982595493763481 612998216346355543343338810860123673447495648873440870 0
369419998 1201 83920 295535999 44367341 29516658
8 2000 10000 7 0 1
8298 197 851519 6639 0 1659
4257596 0 764296 3406077 0 851519
764296000000 0 10000 611436800000 0 152859200000
9341476484111460150 500 4892 7473181187289168120 467073824205573007 1401221472616719023
115792089237316195423570985008687907853269984665640564039457584007913129635043 0 623278 92633671389852956338856788006950326282615987732512451231566067206330503708035 0 23158417847463239084714197001737581570653996933128112807891516801582625927008
411376139330301510538742295639337626245683966408394965837152256 711 0 329100911464241208430993836511470100996547173126715972669721805 29248843506384437399304577219956905226068130011636882071021525 53026384359675864708443881907910620023068663270042111096408926
417869999 500 0 334296000 20893499 62680500
7 46 855829 6 0 1
5829 679 10000 4664 0 1165
3481475 382 299826 2785180 132992 563303
299826000000 500 0 239860800000 14991300000 44973900000
4061351239597817440 0 95131 3249080991678253952 0 812270247919563488
115792089237316195423570985008687907853269984665640564039457584007913129624804 500 238304 92633671389852956338856788006950326282615987732512451231566067206330503699844 5789604461865809771178549250434395392663499233282028201972879200395656481240 17368813385597429313535647751303186177990497699846084605918637601186969443720
10141204801825835211973625643007 608 635788 8112963841460668169578900514406 616585251951010780887996439094 1411655708414156261506728689507
357879999 937 222777 286304000 33533355 38042644
9 2000 10000 8 0 1
1622 500 0 1298 81 243
2735557 0 440513 2188446 0 547111
440513000000 500 178311 352410400000 22025650000 66076950000
1977809659733532352 500 926196 1582247727786825882 98890482986676617 296671448960029853
115792089237316195423570985008687907853269984665640564039457584007913129633739 500 0 92633671389852956338856788006950326282615987732512451231566067206330503706992 5789604461865809771178549250434395392663499233282028201972879200395656481686 17368813385597429313535647751303186177990497699846084605918637601186969445061
46768052394588893382517914646921056628989841375231 2000 365483 37414441915671114706014331717536845303191873100185 9353610478917778676503582929384211325797968275046 0
654829999 2000 836939 523864000 130965999 0
11 320 0 9 0 2
7264 2000 594522 5812 0 1452
2972612 500 0 2378090 148630 445892
544516000000 925 348793 435612800000 50367730000 58535470000
7501604069153019957 1600 10000 6001283255322415966 1200256651064483193 300064162766120798
115792089237316195423570985008687907853269984665640564039457584007913129634767 1850 0 92633671389852956338856788006950326282615987732512451231566067206330503707814 21421536508903496153360632226607262952854947163143504347299653041463928982431 1736881338559742931353564775130318617799049769984608460591863760118696944522
8192 500 0 6554 409 1229
544760001 1927 10000 435808001 104975252 3976748
4 774 372187 4 0 0
2187 2000 0 1750 437 0
801835 0 758018 641468 0 160367
758018000000 500 362770 606414400000 37900900000 113702700000
2751375290887369960 730 616017 2201100232709895968 200850396234778007 349424661942695985
115792089237316195423570985008687907853269984665640564039457584007913129623918 1563 0 92633671389852956338856788006950326282615987732512451231566067206330503699135 18098303547792521344704144956857919997466098603239620159367220380436822160218 5060114299670717740010052044879661573187898329888492648524296421145803764565
98079714615416886934934209737619787751599303819750539263 500 10000 78463771692333509547947367790095830201279443055800431411 4903985730770844346746710486880989387579965190987526963 14711957192312533040240131460642968162739895572962580889
848089998 500 10000 678471999 42404499 127213500
9 2000 10000 8 0 1
900 1397 0 720 125 55
3254562 205 10000 2603650 66718 584194
498249000000 2000 457687 398599200000 99649800000 0
13672620876567735562 2000 10000 10938096701254188450 2734524175313547112 0
115792089237316195423570985008687907853269984665640564039457584007913129636797 99 250954 92633671389852956338856788006950326282615987732512451231566067206330503709438 1146341683449430334693352751586010287747372848189841583990630081678339983404 22012076164013808750020844250151571282906624084938271223900886719904285943955
26328072917139296674479506920917608079723773850137277813577744384 341 10000 21062458333711437339583605536734086463779019080109822250862195508 897787286474450016599751186003290435518580688289681173443001083 4367827296953409318296150198180231180426174081737774389272547793
258340001 1620 704693 206672001 41851080 9816920
1 585 0 1 0 0
1858 1911 0 1487 355 16
2053342 2000 0 1642674 410668 0
606163000000 885 0 484930400000 53645425500 67587174500
406360650824398186 82 17675 325088520659518549 3332157336760065 77939972828119572
115792089237316195423570985008687907853269984665640564039457584007913129622260 500 655553 92633671389852956338856788006950326282615987732512451231566067206330503697808 5789604461865809771178549250434395392663499233282028201972879200395656481113 17368813385597429313535647751303186177990497699846084605918637601186969443339
5575186299632655785383929568162090376495103 0 0 4460149039706124628307143654529672301196083 0 1115037259926531157076785913632418075299020
708210001 0 0 566568001 0 141642000
0 320 10000 0 0 0
6884 0 10000 5508 0 1376
3572670 548 131347 2858136 195782 518752
131347000000 500 0 105077600000 6567350000 19702050000
31268641819000300 1007 0 25014913455200240 3148752231173330 3104976132626730
115792089237316195423570985008687907853269984665640564039457584007913129621979 500 10000 92633671389852956338856788006950326282615987732512451231566067206330503697584 5789604461865809771178549250434395392663499233282028201972879200395656481098 17368813385597429313535647751303186177990497699846084605918637601186969443297
664613997892457936451903530140172287 1668 0 531691198313966349161522824112137830 110857614848461983800177508827380737 22065184730029603490203197200653720
975209998 500 15124 780167999 48760499 146281500
4 500 797733 4 0 0
7733 0 10000 6187 0 1546
690277 500 167001 552222 34513 103542
167001000000 816 447077 133600800000 13627281600 19772918400
3580256422748617230 0 0 2864205138198893784 0 716051284549723446
115792089237316195423570985008687907853269984665640564039457584007913129635551 775 932158 92633671389852956338856788006950326282615987732512451231566067206330503708441 8973886915892005145326751338173312858628423811587143713057962760613267546755 14184530931571233939387445663564268712025573121540969094833554040969358380355
87112285931760246646623899502532662132735 1775 10000 69689828745408197317299119602026129706188 15462430752887443779775742161699547528560 1960026433464605549549037738806984897987
998400000 639 59371 798720000 63797760 135882240
11 500 305313 9 0 2
5313 500 10000 4251 0 1062
827927 1375 0 662342 113839 51746
712817000000 0 438456 570253600000 0 142563400000
181059584542824624 692 10000 144847667634259700 12529323250363463 23682593658201461
115792089237316195423570985008687907853269984665640564039457584007913129633863 8 10000 92633671389852956338856788006950326282615987732512451231566067206330503707091 92633671389852956338856788006950326282615987732512451231566067206330503707 23065784176073386128375340213730631244371380945395600356659950734376295423065
5316911983139663491615228241121378304 905 10000 4253529586511730793292182592897102644 481180534474139545991178155821484736 582201862153793152331867492402790924
865480000 666 10000 692384000 57640968 115455032
4 0 10000 4 0 0
7689 1972 0 6152 1516 21
4405962 9 0 3524770 3965 877227
36950000000 500 677475 29560000000 1847500000 5542500000
4169158694643622225 2000 352573 3335326955714897780 833831738928724445 0
115792089237316195423570985008687907853269984665640564039457584007913129627362 381 3875 92633671389852956338856788006950326282615987732512451231566067206330503701890 4411678599941747045638054528831009289209586415760905489903333950701490238802 18746739247521492039076142472906572281444410517367207317988182850881135686670
25711008708143844408671393477458601640355247900524685364822016 2000 280872 20568806966515075526937114781966881312284198320419748291857613 5142201741628768881734278695491720328071049580104937072964403 0
808719998 0 0 646975999 0 161743999
8 500 857048 7 0 1
7048 0 0 5639 0 1409
2056335 500 0 1645068 102816 308451
592012000000 2000 10000 473609600000 118402400000 0
8505942395152604094 752 653665 6804753916122083276 639646868115475827 1061541610915044991
115792089237316195423570985008687907853269984665640564039457584007913129626270 0 0 92633671389852956338856788006950326282615987732512451231566067206330503701016 0 23158417847463239084714197001737581570653996933128112807891516801582625925254
2097151 500 435748 1677721 104857 314573
357479999 0 10000 285984000 0 71495999
6 0 967954 5 0 1
7954 500 10000 6364 0 1590
1058307 500 10000 846646 52915 158746
174507000000 889 930223 139605600000 15513672300 19387727700
7174219172999149557 497 414370 5739375338399319646 356558692898057732 1078285141701772179
115792089237316195423570985008687907853269984665640564039457584007913129625565 2000 0 92633671389852956338856788006950326282615987732512451231566067206330503700452 23158417847463239084714197001737581570653996933128112807891516801582625925113 0
178405961588244985132285746181186892047843328 126 550925 142724769270595988105828596944949513638274663 2247915116011886812666800401882954839802825 33433277201637110213790348834354423569765840
509249998 0 278059 407399999 0 101849999
11 225 931682 9 0 2
1682 695 324177 1346 0 336
1620886 1187 745935 1296709 192399 131778
745935000000 1152 608211 596748000000 85931712000 63255288000
4040912183799375313 863 0 3232729747039500251 348730721461886089 459451715297988973
115792089237316195423570985008687907853269984665640564039457584007913129627132 500 301375 92633671389852956338856788006950326282615987732512451231566067206330503701706 5789604461865809771178549250434395392663499233282028201972879200395656481356 17368813385597429313535647751303186177990497699846084605918637601186969444070
268435456 1325 279310 214748365 35567697 18119394
793099999 0 554111 634480000 0 158619999
3 1153 10000 3 0 0
2285 2000 473630 1828 0 457
2368150 0 0 1894520 0 473630
400412000000 500 435075 320329600000 20020600000 60061800000
9438035254240738725 9 10000 7550428203392590980 8494231728816664 1879112819119331081
115792089237316195423570985008687907853269984665640564039457584007913129633388 437 10000 92633671389852956338856788006950326282615987732512451231566067206330503706711 5060114299670717740010052044879661573187898329888492648524296421145803764979 18098303547792521344704144956857919997466098603239620159367220380436822161698
9007199254740991 2000 918885 7205759403792793 1801439850948198 0
188849999 1738 478801 151080000 32822129 4947870
9 1166 10000 8 0 1
9115 955 422122 7292 0 1823
2110610 0 10000 1688488 0 422122
442767000000 1088 0 354213600000 48173049600 40380350400
388906454569823248 1220 10000 311125163655858599 47446587457518436 30334703456446213
115792089237316195423570985008687907853269984665640564039457584007913129628668 1671 10000 92633671389852956338856788006950326282615987732512451231566067206330503702935 19348858111555536255278711594951749402281414437628538250993362287722283960950 3809559735907702829435485406785832168372582495499574556898154513860341964783
44601490397061246283071436545296723011960831 564 10000 35681192317648997026457149236237378409568665 2515524058394254290365229021154735177874590 6404774021017994966249058287904609424517576
376280000 0 724447 301024000 0 75256000
3 1315 0 3 0 0
9703 918 582189 7763 0 1940
2910945 0 0 2328756 0 582189
906074000000 1520 70369 724859200000 137723248000 43491552000
4048119336932088709 2000 794789 3238495469545670968 809623867386417741 0
115792089237316195423570985008687907853269984665640564039457584007913129625146 2000 10000 92633671389852956338856788006950326282615987732512451231566067206330503700117 23158417847463239084714197001737581570653996933128112807891516801582625925029 0
144115188075855872 0 10000 115292150460684698 0 28823037615171174
637890000 500 10000 510312000 31894500 95683500
5 1405 10000 4 0 1
6846 1267 732534 5477 0 1369
3662672 9 10000 2930138 3296 729238
94259000000 1506 768659 75407200000 14195405400 4656394600
1019818625708501031 1421 880385 815854900566800825 144916226713177996 59047498428522210
115792089237316195423570985008687907853269984665640564039457584007913129639550 2000 833191 92633671389852956338856788006950326282615987732512451231566067206330503711640 23158417847463239084714197001737581570653996933128112807891516801582625927910 0
25108406941546723055343157692830665664409421777856138051583 500 573373 20086725553237378444274526154264532531527537422284910441267 1255420347077336152767157884641533283220471088892806902579 3766261041232008458301473653924599849661413266678420707737
733729998 0 496 586983999 0 146745999
0 1551 0 0 0 0
5799 0 10000 4640 0 1159
976561 779 10000 781249 76074 119238
380629000000 2000 0 304503200000 76125800000 0
1327700607854605137 1414 10000 1062160486283684110 187736865950641166 77803255620279861
115792089237316195423570985008687907853269984665640564039457584007913129638697 93 0 92633671389852956338856788006950326282615987732512451231566067206330503710958 1076866429907040617439210160580797543035410857390457245566955531273592105639 22081551417556198467274986841156784027618586075737655562324561270309033822100
26328072917139296674479506920917608079723773850137277813577744384 500 841457 21062458333711437339583605536734086463779019080109822250862195508 1316403645856964833723975346045880403986188692506863890678887219 3949210937570894501171926038137641211958566077520591672036661657
414570000 500 0 331656000 20728500 62185500
0 1773 423740 0 0 0
3740 1628 596582 2992 0 748
2982912 2000 742634 2386330 596582 0
742634000000 500 775312 594107200000 37131700000 111395100000
2892163374545851376 1531 0 2313730699636681101 442790212642969845 135642462266200430
115792089237316195423570985008687907853269984665640564039457584007913129625303 12 0 92633671389852956338856788006950326282615987732512451231566067206330503700243 138950507084779434508285182010425489423923981598768676847349100809495755550 23019467340378459650205911819727156081230072951529344131044167700773130169510
40564819207303340847894502572031 1880 674761 32451855365842672678315602057625 7626186010973028079404166483541 486777830487640090174734030865
747610000 1883 779350 598088000 140774963 8747037
10 1718 897789 8 0 2
7789 2000 10000 6232 0 1557
3382936 783 10000 2706349 264883 411704
357067000000 932 558886 285653600000 33278644400 38134755600
11167895006091745880 0 10000 8934316004873396704 0 2233579001218349176
115792089237316195423570985008687907853269984665640564039457584007913129626428 2000 10000 92633671389852956338856788006950326282615987732512451231566067206330503701143 23158417847463239084714197001737581570653996933128112807891516801582625925285 0
17592186044416 0 527608 14073748835533 0 3518437208883
276080000 500 10000 220864000 13804000 41412000
6 0 696166 5 0 1
6166 500 0 4933 308 925
4286381 0 10000 3429105 0 857276
550619000000 2000 10000 440495200000 110123800000 0
1152648550539820862 656 694995 922118840431856690 75613744915412248 154915965192551924
115792089237316195423570985008687907853269984665640564039457584007913129624940 789 0 92633671389852956338856788006950326282615987732512451231566067206330503699952 9135995840824247818919750717185475929623001790119040502713203378224345927407 14022422006638991265794446284552105641030995143009072305178313423358279997581
5070602400912917605986812821504 90 10000 4056481920730334084789450257204 45635421608216258453881315393 968485058574367262743481248907
106429998 1676 10000 85143999 17837667 3448332
6 1396 106796 5 0 1
6796 175 10000 5437 0 1359
4373830 2000 769951 3499064 874766 0
769951000000 0 411395 615960800000 0 153990200000
4784759843614926525 0 0 3827807874891941220 0 956951968722985305
115792089237316195423570985008687907853269984665640564039457584007913129634169 238 10000 92633671389852956338856788006950326282615987732512451231566067206330503707336 2755851723848125451080989443206772206907825635042245424139090499388332485293 20402566123615113633633207558530809363746171298085867383752426302194293441540
93536104789177786765035829293842113257979682750463 0 0 74828883831342229412028663435073690606383746200371 0 18707220957835557353007165858768422651595936550092
316000000 2000 10000 252800000 63200000 0
9 1691 10000 8 0 1
8954 0 422914 7164 0 1790
2114571 2000 466911 1691657 422914 0
466911000000 116 912823 373528800000 5416167600 87966032400
10679787446322187011 500 712896 8543829957057749609 533989372316109350 1601968116948328052
115792089237316195423570985008687907853269984665640564039457584007913129627039 392 949421 92633671389852956338856788006950326282615987732512451231566067206330503701632 4539049898102794860603982612340565987848183398893110110346737293110194681379 18619367949360444224110214389397015582805813534235002697544779508472431244028
3138550867693340381917894711603833208051177722232017256448 0 854104 2510840694154672305534315769283066566440942177785613805159 0 627710173538668076383578942320766641610235544446403451289
541039998 500 992397 432831999 27051999 81156000
9 0 774647 8 0 1
4647 0 985867 3718 0 929
4929335 500 291507 3943468 246466 739401
291507000000 500 10000 233205600000 14575350000 43726050000
5544197804154205416 1914 10000 4435358243323364333 1061159459715114916 47680101115726167
115792089237316195423570985008687907853269984665640564039457584007913129628841 0 10000 92633671389852956338856788006950326282615987732512451231566067206330503703073 0 23158417847463239084714197001737581570653996933128112807891516801582625925768
191561942608236107294793378393788647952342390272950272 1884 10000 153249554086588885835834702715030918361873912218360218 36090269987391682614339072489389781274221306327423831 2222118534255538844619603189367948316247171727166223
748210000 500 956837 598568000 37410500 112231500
1 500 319174 1 0 0
9174 500 106104 7340 0 1834
530522 749 10000 424418 39736 66368
986237000000 500 0 788989600000 49311850000 147935550000
7152205904769233924 1437 0 5721764723815387140 1027771988515338914 402669192438507870
115792089237316195423570985008687907853269984665640564039457584007913129627489 0 915291 92633671389852956338856788006950326282615987732512451231566067206330503701992 0 23158417847463239084714197001737581570653996933128112807891516801582625925497
784637716923335095479473677900958302012794430558004314112 328 0 627710173538668076383578942320766641610235544446403451290 25736117115085391131726736635151432306019657322302541502 131191426269581627964167998945040228096539228789298321320
234119998 500 608525 187295999 11705999 35118000
1 715 358311 1 0 0
8311 638 10000 6649 0 1662
1959835 2000 0 1567868 391967 0
568454000000 2000 144731 454763200000 113690800000 0
8442546188030859663 1338 307790 6754036950424687731 1129612679958529022 558896557647642910
115792089237316195423570985008687907853269984665640564039457584007913129632145 1684 0 92633671389852956338856788006950326282615987732512451231566067206330503705716 19499387827564047309329353875463043682490665417693870984244657146932571030053 3659030019899191775384843126274537888163331515434241823646859654650054896376
316912650057057350374175801343 500 0 253530120045645880299340641075 15845632502852867518708790067 47536897508558602556126370201
352859998 561 0 282287999 19795445 50776554
7 500 10000 6 0 1
7086 2000 10000 5669 0 1417
3282836 2000 293546 2626269 656567 0
293546000000 0 10000 234836800000 0 58709200000
2693939172953997000 0 47271 2155151338363197600 0 538787834590799400
115792089237316195423570985008687907853269984665640564039457584007913129632664 500 10000 92633671389852956338856788006950326282615987732512451231566067206330503706132 5789604461865809771178549250434395392663499233282028201972879200395656481633 17368813385597429313535647751303186177990497699846084605918637601186969444899
110427941548649020598956093796432407239217743554726184882600387580788736 0 477116 88342353238919216479164875037145925791374194843780947906080310064630989 0 22085588309729804119791218759286481447843548710945236976520077516157747
771159999 1233 417763 616928000 95084027 59147972
7 1030 479091 6 0 1
9091 2000 586247 7273 0 1818
2931235 877 10000 2344988 257069 329178
729943000000 2000 10000 583954400000 145988600000 0
3438703768944852384 500 219954 2750963015155881908 171935188447242619 515805565341727857
115792089237316195423570985008687907853269984665640564039457584007913129619981 500 0 92633671389852956338856788006950326282615987732512451231566067206330503695985 5789604461865809771178549250434395392663499233282028201972879200395656480999 17368813385597429313535647751303186177990497699846084605918637601186969442997
365375409332725729550921208179070754913983135743 0 0 292300327466180583640736966543256603931186508595 0 73075081866545145910184241635814150982796627148
410400001 500 0 328320001 20520000 61560000
6 1011 10000 5 0 1
8499 0 10000 6800 0 1699
3687695 500 10000 2950156 184384 553155
218891000000 234 0 175112800000 5122049400 38656150600
8717376459571384 500 94489 6973901167657108 435868822978569 1307606468935707
115792089237316195423570985008687907853269984665640564039457584007913129625446 0 233971 92633671389852956338856788006950326282615987732512451231566067206330503700357 0 23158417847463239084714197001737581570653996933128112807891516801582625925089
26959946667150639794667015087019630673637144422540572481103610249216 1886 10000 21567957333720511835733612069615704538909715538032457984882888199373 5084645941424610665274199045411902345047965438091151969936140893002 307343392005517293659203971992023789679463446416962526284581156841
309699999 767 732480 247760000 23753989 38186010
0 1188 10000 0 0 0
9484 2000 0 7588 1896 0
3994830 2000 645002 3195864 798966 0
645002000000 0 487961 516001600000 0 129000400000
12947209338176463736 2000 302590 10357767470541170989 2589441867635292747 0
115792089237316195423570985008687907853269984665640564039457584007913129637345 0 964193 92633671389852956338856788006950326282615987732512451231566067206330503709876 0 23158417847463239084714197001737581570653996933128112807891516801582625927469
210624583337114373395836055367340864637790190801098222508621955072 0 10000 168499666669691498716668844293872691710232152640878578006897564058 0 42124916667422874679167211073468172927558038160219644501724391014
143519999 0 727093 114816000 0 28703999
9 1873 0 8 1 0
1010 573 10000 808 0 202
3959805 1472 10000 3167844 582883 209078
526659000000 736 628069 421327200000 38762102400 66569697600
6773078345643461215 0 44215 5418462676514768972 0 1354615669128692243
115792089237316195423570985008687907853269984665640564039457584007913129635720 2000 158693 92633671389852956338856788006950326282615987732512451231566067206330503708576 23158417847463239084714197001737581570653996933128112807891516801582625927144 0
12554203470773361527671578846415332832204710888928069025792 145 10000 10043362776618689222137263077132266265763768711142455220634 182035950326213742151237893273022326066968307889457000873 2328804743828458563383077876010044240373973869896156804285
41750001 500 892847 33400001 2087500 6262500
11 1811 45320 9 0 2
5320 679 10000 4256 0 1064
615946 500 190229 492757 30797 92392
190229000000 1280 0 152183200000 24349312000 13696488000
2319063601207310535 0 10000 1855250880965848428 0 463812720241462107
115792089237316195423570985008687907853269984665640564039457584007913129629448 2000 0 92633671389852956338856788006950326282615987732512451231566067206330503703559 23158417847463239084714197001737581570653996933128112807891516801582625925889 0
9223372036854775807 2000 717634 7378697629483820646 1844674407370955161 0
176340000 1005 10000 141072000 17722170 17545830
4 2000 10000 4 0 0
6696 500 963689 5357 0 1339
4818447 415 268152 3854758 199965 763724
268152000000 2000 102566 214521600000 53630400000 0
4359231440057943094 1321 214888 3487385152046354476 575854473231654282 295991814779934336
115792089237316195423570985008687907853269984665640564039457584007913129625047 269 10000 92633671389852956338856788006950326282615987732512451231566067206330503700038 3114807200483805656894059496733704721252962587505731172661409009812863186913 20043610646979433427820137505003876849401034345622381635230107791769762738096
7237005577332262213973186563042994240829374041602535252466099000494570602496 0 358842 5789604461865809771178549250434395392663499233282028201972879200395656481997 0 1447401115466452442794637312608598848165874808320507050493219800098914120499
588420000 2000 0 470736000 117684000 0
3 0 10000 3 0 0
8062 0 0 6450 0 1612
3575657 500 590058 2860526 178782 536349
590058000000 978 10000 472046400000 57707672400 60303927600
12010308337134912576 500 283709 9608246669707930061 600515416856745628 1801546250570236887
115792089237316195423570985008687907853269984665640564039457584007913129636226 914 265645 92633671389852956338856788006950326282615987732512451231566067206330503708981 10583396956290700261714388029794074777788876598439547553206423178323260048751 12575020891172538822999808971943506792865120334688565254685093623259365878494
3369993333393829974333376885877453834204643052817571560137951281151 500 586635 2695994666715063979466701508701963067363714442254057248110361024921 168499666669691498716668844293872691710232152640878578006897564057 505499000009074496150006532881618075130696457922635734020692692173
866350000 1402 10000 693080000 121462270 51807730
2 1620 0 2 0 0
7876 500 0 6301 393 1182
813486 500 10000 650789 40674 122023
433641000000 1570 141183 346912800000 68081637000 18646563000
329707542627590985 0 369409 263766034102072788 0 65941508525518197
115792089237316195423570985008687907853269984665640564039457584007913129630526 1271 335313 92633671389852956338856788006950326282615987732512451231566067206330503704421 14717174542062888438335872194604233088150615051002915689415058927405758776039 8441243305400350646378324807133348482503381882125197118476457874176867150066
3213876088517980551083924184682325205044405987565585670602751 2000 848830 2571100870814384440867139347745860164035524790052468536482201 642775217703596110216784836936465041008881197513117134120550 0
488300000 2000 10000 390640000 97660000 0
4 500 10000 4 0 0
1765 783 967290 1412 0 353
4836450 1215 10000 3869160 587628 379662
919531000000 0 28855 735624800000 0 183906200000
1163176288372216005 2000 113640 930541030697772804 232635257674443201 0
115792089237316195423570985008687907853269984665640564039457584007913129626295 1031 904390 92633671389852956338856788006950326282615987732512451231566067206330503701036 11938164400367299748170168554395723299672135419027542152468076911215843664471 11220253447095939336544028447341858270981861514100570655423439890366782260788
5986310706507378352962293074805895248510699696029695 1012 109556 4789048565205902682369834459844716198808559756823756 605814643498546689319784059170356599149282809238205 591447497802928981272674555790822450552857129967734
95559998 885 10000 76447999 8457059 10654940
7 0 327683 6 0 1
7683 2000 10000 6147 0 1536
3713082 1199 0 2970466 445198 297418
405120000000 0 10000 324096000000 0 81024000000
6352792873784211255 2000 522542 5082234299027369004 1270558574756842251 0
115792089237316195423570985008687907853269984665640564039457584007913129637393 2000 850300 92633671389852956338856788006950326282615987732512451231566067206330503709915 23158417847463239084714197001737581570653996933128112807891516801582625927478 0
524287 0 323471 419430 0 104857
234710001 500 0 187768001 11735500 35206500
5 2 338951 4 0 1
8951 1688 311964 7161 0 1790
1559822 344 89507 1247858 53657 258307
89507000000 0 620799 71605600000 0 17901400000
10143820498906133703 500 167680 8115056399124906963 507191024945306685 1521573074835920055
115792089237316195423570985008687907853269984665640564039457584007913129632255 799 10000 92633671389852956338856788006950326282615987732512451231566067206330503705804 9251787930061564014343321702194163837476271774784681066752660962232259057617 13906629917401675070370875299543417733177725158343431741138855839350366868834
2147483647 1418 211095 1717986918 304513181 124983548
110950000 936 0 88760000 10384920 11805080
11 500 10000 9 0 2
781 0 767197 625 0 156
3835987 0 0 3068790 0 767197
703784000000 382 10000 563027200000 26884548800 113872251200
6536718904588812588 500 10000 5229375123671050071 326835945229440629 980507835688321888
115792089237316195423570985008687907853269984665640564039457584007913129626654 0 367893 92633671389852956338856788006950326282615987732512451231566067206330503701324 0 23158417847463239084714197001737581570653996933128112807891516801582625925330
7067388259113537318333190002971674063309935587502475832486424805170479104 1674 0 5653910607290829854666552002377339250647948470001980665989139844136383284 1183080794575606147088976006497458238198083217347914454358227512385538202 230396857247101316577661994096876574463903900152580712139057448648557618
42000001 2000 10000 33600001 8400000 0
0 1823 0 0 0 0
1180 0 10000 944 0 236
2646037 1102 0 2116830 291593 237614
898491000000 902 423463 718792800000 81043888200 98654311800
11735459996503842512 1812 0 9388367997203074010 2126465351366496263 220626647934272239
115792089237316195423570985008687907853269984665640564039457584007913129637692 500 936989 92633671389852956338856788006950326282615987732512451231566067206330503710154 5789604461865809771178549250434395392663499233282028201972879200395656481884 17368813385597429313535647751303186177990497699846084605918637601186969445654
187072209578355573530071658587684226515959365500928 1500 10000 149657767662684458824057326870147381212767492400743 28060831436753336029510748788152633977393904825139 9353610478917778676503582929384211325797968275046
954130000 1752 989449 763304000 167163576 23662424
9 1627 606838 8 0 1
6838 1574 10000 5471 0 1367
962947 500 253933 770358 48147 144442
253933000000 0 842290 203146400000 0 50786600000
7057088023236246540 2000 10000 5645670418588997232 1411417604647249308 0
115792089237316195423570985008687907853269984665640564039457584007913129638873 500 10000 92633671389852956338856788006950326282615987732512451231566067206330503711099 5789604461865809771178549250434395392663499233282028201972879200395656481943 17368813385597429313535647751303186177990497699846084605918637601186969445831
178405961588244985132285746181186892047843328 1601 0 142724769270595988105828596944949513638274663 28562794450278022119678947963608021416859716 7118397867370974906778201272629356992708949
728270001 456 708140 582616001 33209112 112444888
4 167 228941 4 0 0
8941 500 38327 7153 0 1788
191635 112 0 153308 2146 36181
614077000000 2000 146303 491261600000 122815400000 0
938841412652270304 750 368579 751073130121816244 70413105948920272 117355176581533788
115792089237316195423570985008687907853269984665640564039457584007913129631356 1314 0 92633671389852956338856788006950326282615987732512451231566067206330503705085 15215080525783348078657227430141591091919675985065170114784726538639785233560 7943337321679891006056969571595990478734320948062942693106790262942840692711
1125899906842623 0 568365 900719925474099 0 225179981368524
683649998 2000 828218 546919999 136729999 0
10 0 689767 8 0 2
9767 0 10000 7814 0 1953
1443935 2000 331610 1155148 288787 0
331610000000 500 495215 265288000000 16580500000 49741500000
10979776711457573415 2000 549879 8783821369166058732 2195955342291514683 0
115792089237316195423570985008687907853269984665640564039457584007913129630056 0 553192 92633671389852956338856788006950326282615987732512451231566067206330503704045 0 23158417847463239084714197001737581570653996933128112807891516801582625926011
2923003274661805836407369665432566039311865085952 500 573644 2338402619729444669125895732346052831449492068762 146150163733090291820368483271628301965593254297 438450491199270875461105449814884905896779762893
736440001 688 906917 589152001 50667072 96620928
1 500 392114 1 0 0
2114 1089 716854 1692 0 422
3584271 0 600337 2867417 0 716854
600337000000 60 10000 480269600000 3602022000 116465378000
4712388328235487127 193 906772 3769910662588389702 90949094734944901 851528570912152524
115792089237316195423570985008687907853269984665640564039457584007913129633163 500 10000 92633671389852956338856788006950326282615987732512451231566067206330503706531 5789604461865809771178549250434395392663499233282028201972879200395656481658 17368813385597429313535647751303186177990497699846084605918637601186969444974
26959946667150639794667015087019630673637144422540572481103610249215 2000 194645 21567957333720511835733612069615704538909715538032457984882888199372 5391989333430127958933403017403926134727428884508114496220722049843 0
946449999 1126 10000 757160000 106570269 82719730
4 2000 0 4 0 0
4306 2000 0 3445 861 0
3381120 1094 319005 2704896 369894 306330
319005000000 255 538309 255204000000 8134627500 55666372500
458496606865196317 8 242745 366797285492157054 366797285492157 91332524087547106
115792089237316195423570985008687907853269984665640564039457584007913129637190 2000 760852 92633671389852956338856788006950326282615987732512451231566067206330503709752 23158417847463239084714197001737581570653996933128112807891516801582625927438 0
22300745198530623141535718272648361505980415 2000 0 17840596158824498513228574618118689204784332 4460149039706124628307143654529672301196083 0
722379999 873 257057 577904000 63063773 81412226
1 1468 339846 1 0 0
9846 500 177997 7877 0 1969
889985 2000 862987 711988 177997 0
862987000000 1422 0 690389600000 122716751400 49880648600
4603966681878435760 0 957465 3683173345502748608 0 920793336375687152
115792089237316195423570985008687907853269984665640564039457584007913129622470 1376 0 92633671389852956338856788006950326282615987732512451231566067206330503697976 15932991479054708490283367537195456120609949889992141611829363559488846636051 7225426368408530594430829464542125450044047043135971196062153242093779288443
73786976294838206463 500 286298 59029581035870565171 3689348814741910323 11068046444225730969
862980000 0 463818 690384000 0 172596000
10 1173 673445 8 0 2
3445 0 10000 2756 0 689
834860 1617 0 667888 134996 31976
590769000000 1024 0 472615200000 60494745600 57659054400
442542038671795942 500 321594 354033630937436754 22127101933589797 66381305800769391
115792089237316195423570985008687907853269984665640564039457584007913129638341 500 10000 92633671389852956338856788006950326282615987732512451231566067206330503710673 5789604461865809771178549250434395392663499233282028201972879200395656481917 17368813385597429313535647751303186177990497699846084605918637601186969445751
42535295865117307932921825928971026432 1717 0 34028236692093846346337460743176821146 7303310300040641772082677512004325238 1203748872982819814501687673789880048
332229999 417 641744 265784000 13853990 52592009
8 2000 792700 7 0 1
2700 1668 0 2160 450 90
247486 1931 0 197989 47789 1708
40683000000 2000 10000 32546400000 8136600000 0
1370367298656299333 2000 634319 1096293838925039467 274073459731259866 0
115792089237316195423570985008687907853269984665640564039457584007913129625616 0 0 92633671389852956338856788006950326282615987732512451231566067206330503700493 0 23158417847463239084714197001737581570653996933128112807891516801582625925123
140737488355328 715 10000 112589990684263 10062730417405 18084767253660
433320001 240 10000 346656001 10399680 76264320
0 1132 825944 0 0 0
5944 1812 931608 4756 0 1188
4658042 500 13705 3726434 232902 698706
13705000000 470 8518 10964000000 644135000 2096865000
3119468569197987076 500 109202 2495574855358389661 155973428459899353 467920285379698062
115792089237316195423570985008687907853269984665640564039457584007913129630733 2000 803543 92633671389852956338856788006950326282615987732512451231566067206330503704587 23158417847463239084714197001737581570653996933128112807891516801582625926146 0
649037107316853453566312041152511 1278 229297 519229685853482762853049632922009 82946942315093871365774678859290 46860479148276819347487729371212
292970000 512 10000 234376000 15000064 43593936
5 2000 10000 4 0 1
6545 2000 785261 5236 0 1309
3926305 500 77429 3141044 196315 588946
77429000000 2000 10000 61943200000 15485800000 0
1670922167263263178 500 774024 1336737733810610543 83546108363163158 250638325089489477
115792089237316195423570985008687907853269984665640564039457584007913129625911 500 515773 92633671389852956338856788006950326282615987732512451231566067206330503700729 5789604461865809771178549250434395392663499233282028201972879200395656481295 17368813385597429313535647751303186177990497699846084605918637601186969443887
1393796574908163946345982392040522594123776 224 10000 1115037259926531157076785913632418075299021 31221043277942872398150005581707706108372 247538271703689916871046472826396812716383
473899999 0 10000 379120000 0 94779999
4 2000 686293 4 0 0
6293 1107 10000 5035 0 1258
1688215 500 29054 1350572 84410 253233
29054000000 0 10000 23243200000 0 5810800000
2032195456005590610 507 0 1625756364804472488 103032309619483443 303406781581634679
115792089237316195423570985008687907853269984665640564039457584007913129639281 124 10000 92633671389852956338856788006950326282615987732512451231566067206330503711425 1435821906542720823252280214107730057380547809853942994089274041698122807527 21722595940920518261461916787629851513273449123274169813802242759884503120329
1099511627775 500 607906 879609302220 54975581388 164926744167
79060001 1371 10000 63248001 10839126 4972874
7 1704 524610 6 0 1
4610 2000 954822 3688 0 922
4774112 587 1852 3819290 280240 674582
1852000000 2000 692234 1481600000 370400000 0
1976646852148464414 2000 136352 1581317481718771532 395329370429692882 0
115792089237316195423570985008687907853269984665640564039457584007913129623583 500 173597 92633671389852956338856788006950326282615987732512451231566067206330503698867 5789604461865809771178549250434395392663499233282028201972879200395656481179 17368813385597429313535647751303186177990497699846084605918637601186969443537
4722366482869645213696 2000 222974 3777893186295716170957 944473296573929042739 0
229740000 500 758429 183792000 11487000 34461000
1 2000 832290 1 0 0
2290 500 412689 1832 0 458
2063446 0 10000 1650757 0 412689
491336000000 2000 359137 393068800000 98267200000 0
10914552725852213494 500 0 8731642180681770796 545727636292610674 1637182908877832024
115792089237316195423570985008687907853269984665640564039457584007913129632298 2000 10000 92633671389852956338856788006950326282615987732512451231566067206330503705839 23158417847463239084714197001737581570653996933128112807891516801582625926459 0
68719476735 2000 885378 54975581388 13743895347 0
853779998 500 0 683023999 42688999 128067000
7 874 324747 6 0 1
4747 992 10000 3798 0 949
541606 919 0 433285 49773 58548
124732000000 500 134149 99785600000 6236600000 18709800000
9624423709414012344 2000 197595 7699538967531209876 1924884741882802468 0
115792089237316195423570985008687907853269984665640564039457584007913129622340 500 925518 92633671389852956338856788006950326282615987732512451231566067206330503697872 5789604461865809771178549250434395392663499233282028201972879200395656481117 17368813385597429313535647751303186177990497699846084605918637601186969443351
421249166674228746791672110734681729275580381602196445017243910144 0 810679 336999333339382997433337688587745383420464305281757156013795128116 0 84249833334845749358334422146936345855116076320439289003448782028
106789999 2000 877418 85432000 21357999 0
2 500 0 2 0 0
1515 0 10000 1212 0 303
3969787 0 10000 3175830 0 793957
951666000000 500 785480 761332800000 47583300000 142749900000
1362022879402870800 0 939644 1089618303522296640 0 272404575880574160
115792089237316195423570985008687907853269984665640564039457584007913129620291 2000 962078 92633671389852956338856788006950326282615987732512451231566067206330503696233 23158417847463239084714197001737581570653996933128112807891516801582625924058 0
5708990770823839524233143877797980545530986496 2000 570865 4567192616659071619386515102238384436424789197 1141798154164767904846628775559596109106197299 0
708649999 2000 10000 566920000 141729999 0
4 1645 186435 4 0 0
6435 2000 662744 5148 0 1287
3313721 590 977012 2650977 195509 467235
977012000000 2000 442037 781609600000 195402400000 0
13811448993256420164 500 10000 11049159194605136132 690572449662821008 2071717348988463024
115792089237316195423570985008687907853269984665640564039457584007913129623160 940 0 92633671389852956338856788006950326282615987732512451231566067206330503698528 10884456388307722369815672590816663338207378558570213019709012896743834184577 12273961459155516714898524410920918232446618374557899788182503904838791740055
178405961588244985132285746181186892047843327 1322 166540 142724769270595988105828596944949513638274662 23585268121965987034488175645152907128724887 12095924195683009991968973591084471280843778
665399999 1814 330033 532320000 120703559 12376440
9 1798 823193 8 0 1
3193 500 10000 2555 0 638
4018165 2000 670041 3214532 803633 0
670041000000 195 0 536032800000 13065799500 120942400500
1247417501896824508 2000 10000 997934001517459607 249483500379364901 0
115792089237316195423570985008687907853269984665640564039457584007913129621610 1559 10000 92633671389852956338856788006950326282615987732512451231566067206330503697288 18051986712097594866534716562854444834324790609373363933751437346833656908008 5106431135365644218179480438883136736329206323754748874140079454748969016314
20769187434139310514121985316880383 2000 0 16615349947311448411297588253504307 4153837486827862102824397063376076 0
483889999 500 0 387112000 24194499 72583500
4 500 745476 4 0 0
5476 0 10000 4381 0 1095
3479201 2000 0 2783361 695840 0
502402000000 228 993760 401921600000 11454765600 89025634400
2086458898405152960 2000 209276 1669167118724122368 417291779681030592 0
115792089237316195423570985008687907853269984665640564039457584007913129630659 1397 10000 92633671389852956338856788006950326282615987732512451231566067206330503704528 16176154866453072500672866605713700727101816857789986796312224485905464209403 6982262981010166584041330396023880843552180075338126011579292315677161716728
576460752303423488 0 364550 461168601842738791 0 115292150460684697
645500000 0 587724 516400000 0 129100000
4 1933 0 4 0 0
690 2000 0 552 138 0
177977 2000 0 142382 35595 0
88426000000 0 623361 70740800000 0 17685200000
1871499887699991740 0 10000 1497199910159993392 0 374299977539998348
115792089237316195423570985008687907853269984665640564039457584007913129637655 292 108056 92633671389852956338856788006950326282615987732512451231566067206330503710124 3381129005729632906368272762253686909315483552236704469952161453031063385419 19777288841733606178345924239483894661338513380891408337939355348551562542112
1809251394333065553493296640760748560207343510400633813116524750123642650623 582 0 1447401115466452442794637312608598848165874808320507050493219800098914120499 105298431150184415213309864492275566204067392305316887923381740457196002266 256551847716428695485349463659874145837401309774809874699923209567532527858
551009998 0 10000 440807999 0 110201999
1 675 10000 1 0 0
8686 1039 0 6949 902 835
1475261 0 10000 1180209 0 295052
658631000000 1113 0 526904800000 73305630300 58420569700
10582718098461612399 2000 264875 8466174478769289920 2116543619692322479 0
115792089237316195423570985008687907853269984665640564039457584007913129635060 2000 0 92633671389852956338856788006950326282615987732512451231566067206330503708048 23158417847463239084714197001737581570653996933128112807891516801582625927012 0
13479973333575319897333507543509815336818572211270286240551805124607 500 0 10783978666860255917866806034807852269454857769016228992441444099686 673998666678765994866675377175490766840928610563514312027590256230 2021996000036297984600026131526472300522785831690542936082770768691
362709998 1394 116437 290167999 50561773 21980226
9 1733 41736 8 0 1
1736 714 565489 1389 0 347
2827445 503 607080 2261956 142220 423269
607080000000 2000 75301 485664000000 121416000000 0
5094428331629963506 2000 0 4075542665303970805 1018885666325992701 0
115792089237316195423570985008687907853269984665640564039457584007913129634037 650 172440 92633671389852956338856788006950326282615987732512451231566067206330503707230 7526485800425552702532114025564714010462549003266636662564742960514353426212 15631932047037686382182082976172867560191447929861476145326773841068272500595
110427941548649020598956093796432407239217743554726184882600387580788736 244 204866 88342353238919216479164875037145925791374194843780947906080310064630989 2694441773787036102614528688632950736636912942735318911135449456971245 19391146535942768017176690070653530711206635768209918065384628059186502
48660000 0 0 38928000 0 9732000
7 2000 362806 6 0 1
2806 867 367672 2245 0 561
1838361 129 43341 1470689 23714 343958
43341000000 239 10000 34672800000 1035849900 7632350100
2139087558859512410 0 0 1711270047087609928 0 427817511771902482
115792089237316195423570985008687907853269984665640564039457584007913129621306 2000 0 92633671389852956338856788006950326282615987732512451231566067206330503697045 23158417847463239084714197001737581570653996933128112807891516801582625924261 0
1461501637330902918203684832716283019655932542975 463 10000 1169201309864722334562947866173026415724746034380 67667525808420805112830607754763903810069676739 224632801657759778527906358788492700121116831856
637619998 1705 369437 510095999 108714209 18809790
9 500 10000 8 0 1
6660 642 205963 5328 0 1332
1029817 2000 0 823854 205963 0
608305000000 500 10000 486644000000 30415250000 91245750000
628953620448082923 791 10000 503162896358466339 49750231377443359 76040492712173225
115792089237316195423570985008687907853269984665640564039457584007913129633628 2000 10000 92633671389852956338856788006950326282615987732512451231566067206330503706903 23158417847463239084714197001737581570653996933128112807891516801582625926725 0
3138550867693340381917894711603833208051177722232017256447 2000 10000 2510840694154672305534315769283066566440942177785613805158 627710173538668076383578942320766641610235544446403451289 0
289669998 2000 0 231735999 57933999 0
2 500 10000 2 0 0
9445 1703 783919 7556 0 1889
3919596 892 813489 3135677 349627 434292
813489000000 1337 277019 650791200000 108763479300 53934320700
1516560707205791097 1506 0 1213248565764632878 228394042505192139 74918098935966080
115792089237316195423570985008687907853269984665640564039457584007913129621615 1439 10000 92633671389852956338856788006950326282615987732512451231566067206330503697292 16662481641249800521451864742750189940085550793385677165277946338738699352550 6495936206213438563262332258987391630568446139742435642613570462843926571773
32768 2000 119072 26215 0 6553
190719998 2000 501559 152575999 38143999 0
3 500 0 3 0 0
7928 1561 0 6343 1237 348
2988072 1253 10000 2390458 374405 223209
740688000000 0 0 592550400000 0 148137600000
13699371660852894100 701 0 10959497328682315280 960325953425787876 1779548378744790944
115792089237316195423570985008687907853269984665640564039457584007913129629527 1103 10000 92633671389852956338856788006950326282615987732512451231566067206330503703622 12771867442875976355219879646458276236215679308620154213552171516072818198136 10386550404587262729494317355279305334438317624507958594339345285509807727769
302231454903657293676544 500 0 241785163922925834941236 15111572745182864683827 45334718235548594051481
717910001 205 365780 574328001 14717155 128864845
8 1320 429210 7 0 1
9210 0 331838 7368 0 1842
1659190 2000 0 1327352 331838 0
54096000000 2000 467137 43276800000 10819200000 0
264518398004673956 841 0 211614718403739165 22245997272193079 30657682328741712
115792089237316195423570985008687907853269984665640564039457584007913129637926 1825 10000 92633671389852956338856788006950326282615987732512451231566067206330503710341 21132056285810205664801704764085543183221772201479402937201009081444146158921 2026361561653033419912492237652038387432224731648709870690507720138479768664
16383 57 10000 13107 93 3183
573950001 500 0 459160001 28697500 86092500
2 0 0 2 0 0
3187 1799 395404 2550 0 637
1977020 2000 98695 1581616 395404 0
98695000000 2000 444003 78956000000 19739000000 0
155495424597902290 0 4551 124396339678321832 0 31099084919580458
115792089237316195423570985008687907853269984665640564039457584007913129635384 1142 789913 92633671389852956338856788006950326282615987732512451231566067206330503708308 13223456590901509517371806487992159076843432248816152413306056093703679404360 9934961256561729567342390513745422493810564684311960394585460707878946522716
3533694129556768659166595001485837031654967793751237916243212402585239551 0 10000 2826955303645414927333276001188669625323974235000990332994569922068191641 0 706738825911353731833319000297167406330993558750247583248642480517047910
522429998 0 10000 417943999 0 104485999
8 0 0 7 0 1
7110 0 990152 5688 0 1422
4950760 2000 10000 3960608 990152 0
596859000000 193 0 477487200000 11519378700 107852421300
1982954643607793777 2000 0 1586363714886235022 396590928721558755 0
115792089237316195423570985008687907853269984665640564039457584007913129634577 2000 776504 92633671389852956338856788006950326282615987732512451231566067206330503707662 23158417847463239084714197001737581570653996933128112807891516801582625926915 0
1208925819614629174706175 1497 819965 967140655691703339764940 180976195196309987453514 60808968726615847487721
199650001 1020 633815 159720001 20364300 19565700
3 0 655646 3 0 0
5646 500 332439 4517 0 1129
1662196 500 0 1329757 83109 249330
296999000000 500 0 237599200000 14849950000 44549850000
3916003943951696740 1757 933746 3132803155161357392 688041892952313117 95158895838026231
115792089237316195423570985008687907853269984665640564039457584007913129626189 17 0 92633671389852956338856788006950326282615987732512451231566067206330503700952 196846551703437532220070674514769443350558973931588958867077892813452320364 22961571295759801552494126327222812127303437959196523849024438908769173604873
316912650057057350374175801343 500 10000 253530120045645880299340641075 15845632502852867518708790067 47536897508558602556126370201
777480001 436 793626 621984001 33898128 121597872
10 0 10000 8 0 2
1730 0 52924 1384 0 346
264622 500 31533 211698 13231 39693
31533000000 1431 10000 25226400000 4512372300 1794227700
7973643962925854950 0 276283 6378915170340683960 0 1594728792585170990
115792089237316195423570985008687907853269984665640564039457584007913129623652 2000 10000 92633671389852956338856788006950326282615987732512451231566067206330503698922 23158417847463239084714197001737581570653996933128112807891516801582625924730 0
8796093022208 0 0 7036874417767 0 1759218604441
496850001 500 0 397480001 24842500 74527500
5 0 663673 4 0 1
3673 1899 0 2939 697 37
4131676 0 0 3305341 0 826335
703015000000 1276 0 562412000000 89704714000 50898286000
9732309027857935672 2000 10000 7785847222286348538 1946461805571587134 0
115792089237316195423570985008687907853269984665640564039457584007913129633141 0 10000 92633671389852956338856788006950326282615987732512451231566067206330503706513 0 23158417847463239084714197001737581570653996933128112807891516801582625926628
50216813883093446110686315385661331328818843555712276103167 58 319113 40173451106474756888549052308529065063055074844569820882534 291257520521941987441980629236835721707149292623131201398 9752105256096747234695282447895430544056619418519324019235
191130001 0 0 152904001 0 38226000
7 2000 10000 6 0 1
257 500 10000 206 0 51
2018311 0 10000 1614649 0 403662
863301000000 500 0 690640800000 43165050000 129495150000
4568259512285296464 2000 0 3654607609828237172 913651902457059292 0
115792089237316195423570985008687907853269984665640564039457584007913129620440 2000 399563 92633671389852956338856788006950326282615987732512451231566067206330503696352 23158417847463239084714197001737581570653996933128112807891516801582625924088 0
25711008708143844408671393477458601640355247900524685364822015 21 10000 20568806966515075526937114781966881312284198320419748291857612 53993118287102073258209926302663063444746020591101839266126 5088208623341666808476068769189057264626303559513835233698277
662500001 2000 274985 530000001 132500000 0
1 830 600857 1 0 0
857 500 947417 686 0 171
4737087 1217 10000 3789670 576503 370914
728832000000 4 957102 583065600000 291532800 145474867200
878542987254201346 1578 343348 702834389803361077 138634083388712972 37074514062127297
115792089237316195423570985008687907853269984665640564039457584007913129636587 2000 947693 92633671389852956338856788006950326282615987732512451231566067206330503709270 23158417847463239084714197001737581570653996933128112807891516801582625927317 0
1180591620717411303424 500 0 944473296573929042740 59029581035870565171 177088743107611695513
824199998 500 694910 659359999 41209999 123630000
10 1050 10000 8 0 2
4135 0 0 3308 0 827
1401426 2000 788802 1121141 280285 0
788802000000 500 631043 631041600000 39440100000 118320300000
2233832836897228440 0 577184 1787066269517782752 0 446766567379445688
115792089237316195423570985008687907853269984665640564039457584007913129622751 500 10000 92633671389852956338856788006950326282615987732512451231566067206330503698201 5789604461865809771178549250434395392663499233282028201972879200395656481137 17368813385597429313535647751303186177990497699846084605918637601186969443413
1569275433846670190958947355801916604025588861116008628224 0 699484 1255420347077336152767157884641533283220471088892806902580 0 313855086769334038191789471160383320805117772223201725644
994840001 2000 362130 795872001 198968000 0
2 0 393027 2 0 0
3027 656 507497 2422 0 605
2537487 1245 0 2029990 315917 191580
79693000000 611 268850 63754400000 4869242300 11069357700
5394970026677934750 0 595601 4315976021342347800 0 1078994005335586950
115792089237316195423570985008687907853269984665640564039457584007913129624334 2000 249686 92633671389852956338856788006950326282615987732512451231566067206330503699468 23158417847463239084714197001737581570653996933128112807891516801582625924866 0
75557863725914323419135 1979 0 60446290980731458735308 14952901231358444604646 158671513824420079181
811810001 1511 176184 649448001 122664491 39697509
8 1295 0 7 1 0
3227 2000 0 2582 645 0
2645837 1698 990601 2116670 449263 79904
990601000000 0 0 792480800000 0 198120200000
519175935595368340 254 10000 415340748476294672 13187068764122355 90648118354951313
115792089237316195423570985008687907853269984665640564039457584007913129630787 2000 10000 92633671389852956338856788006950326282615987732512451231566067206330503704630 23158417847463239084714197001737581570653996933128112807891516801582625926157 0
100433627766186892221372630771322662657637687111424552206336 1436 10000 80346902212949513777098104617058130126110149689139641765069 14422268947224437722989109778761934357636771869200565696829 5664456606012940721285416375502598173890765553084344744438
567579999 500 10000 454064000 28378999 85137000
6 400 0 5 0 1
7858 1095 185550 6287 0 1571
927751 500 730866 742201 46387 139163
730866000000 824 0 584692800000 60223358400 85949841600
12542898174571685316 1377 0 10034318539657348253 1727157078638521068 781422556275815995
115792089237316195423570985008687907853269984665640564039457584007913129620521 1922 0 92633671389852956338856788006950326282615987732512451231566067206330503696417 22255239551412172760410343318669815889398491052736116408383747646320903513064 903178296051066324303853683067765681255505880391996399507769155261722411040
151115727451828646838271 262 0 120892581961462917470617 3959232059237910547162 26263913431127818820492
629590001 1422 131501 503672001 89527698 36390302
5 2000 0 4 1 0
9639 718 0 7712 692 1235
1128797 712 10000 903038 80370 145389
852903000000 2000 977039 682322400000 170580600000 0
3774603712502999304 2000 409417 3019682970002399444 754920742500599860 0
115792089237316195423570985008687907853269984665640564039457584007913129630518 500 10000 92633671389852956338856788006950326282615987732512451231566067206330503704415 5789604461865809771178549250434395392663499233282028201972879200395656481525 17368813385597429313535647751303186177990497699846084605918637601186969444578
302231454903657293676543 0 866991 241785163922925834941235 0 60446290980731458735308
669910000 164 0 535928000 10986524 122995476
10 44 348006 8 0 2
8006 0 356244 6405 0 1601
1781222 1782 10000 1424978 317413 38831
464830000000 2000 0 371864000000 92966000000 0
795810108625164270 0 0 636648086900131416 0 159162021725032854
115792089237316195423570985008687907853269984665640564039457584007913129633715 500 444532 92633671389852956338856788006950326282615987732512451231566067206330503706972 5789604461865809771178549250434395392663499233282028201972879200395656481685 17368813385597429313535647751303186177990497699846084605918637601186969445058
36028797018963967 500 328022 28823037615171174 1801439850948198 5404319552844595
280219999 2000 380234 224176000 56043999 0
2 0 155942 2 0 0
5942 500 0 4754 297 891
1555370 768 0 1244296 119452 191622
417184000000 2000 957762 333747200000 83436800000 0
12339764091402975510 0 724322 9871811273122380408 0 2467952818280595102
115792089237316195423570985008687907853269984665640564039457584007913129635613 0 135527 92633671389852956338856788006950326282615987732512451231566067206330503708491 0 23158417847463239084714197001737581570653996933128112807891516801582625927122
43556142965880123323311949751266331066367 1732 280968 34844914372704098658649559801013064853094 7543923961690437359597629696919328540694 1167304631485587305064760253333937672579
809679999 319 320422 647744000 25828791 136107208
10 2000 0 8 2 0
3557 1588 422572 2846 0 711
2112860 2000 0 1690288 422572 0
137822000000 500 426372 110257600000 6891100000 20673300000
2868730786796743368 843 0 2294984629437394695 241834005326965465 331912152032383208
115792089237316195423570985008687907853269984665640564039457584007913129630828 1560 824931 92633671389852956338856788006950326282615987732512451231566067206330503704663 18063565921021326486077073661355313625110117607839927990155383105234448222409 5094851926441912598637123340382267945543879325288184817736133696348177703756
618970019642690137449562112 0 0 495176015714152109959649690 0 123794003928538027489912422
563289999 2000 719459 450632000 112657999 0
11 2000 0 9 2 0
8951 500 792253 7161 0 1790
3961266 500 710905 3169013 198063 594190
710905000000 0 10000 568724000000 0 142181000000
7002323277404840980 0 10000 5601858621923872784 0 1400464655480968196
115792089237316195423570985008687907853269984665640564039457584007913129630886 1075 896701 92633671389852956338856788006950326282615987732512451231566067206330503704709 12447649593011491008033880888433950094226523351556360634241690280850661435320 10710768254451748076680316113303631476427473581571752173649826520731964490857
562949953421312 2000 665338 450359962737050 112589990684262 0
653380000 1759 10000 522704000 114929542 15746458
11 500 783202 9 0 2
3202 500 0 2562 160 480
2227830 2000 0 1782264 445566 0
110089000000 2000 639960 88071200000 22017800000 0
3133603150199410840 177 756296 2506882520159528672 55464775758529571 571255854281352597
115792089237316195423570985008687907853269984665640564039457584007913129623639 1065 10000 92633671389852956338856788006950326282615987732512451231566067206330503698912 12331857503774174812610309903425262186373253366890720070202232696842748304917 10826560343689064272103887098312319384280743566237392737689284104739877619810
170141183460469231731687303715884105728 0 10000 136112946768375385385349842972707284583 0 34028236692093846346337460743176821145
804000000 971 797028 643200000 78068400 82731600
0 1757 0 0 0 0
6967 0 962898 5574 0 1393
4814491 1056 964684 3851593 508410 454488
964684000000 500 0 771747200000 48234200000 144702600000
9790788126358151759 500 99547 7832630501086521408 489539406317907587 1468618218953722764
115792089237316195423570985008687907853269984665640564039457584007913129620388 33 10000 92633671389852956338856788006950326282615987732512451231566067206330503696311 382113894483143444897784250528670095915790949396613861330210027226113327747 22776303952980095639816412751208911474738205983731498946561306774356512596330
411376139330301510538742295639337626245683966408394965837152255 450 601276 329100911464241208430993836511470100996547173126715972669721804 18511926269863567974243403303770193181055778488377773462671851 63763301596196734133505055824097332068081014793301219704758600
12759999 0 994883 10208000 0 2551999
7 500 355350 6 0 1
5350 2000 226736 4280 0 1070
1133682 2000 373302 906946 226736 0
373302000000 1371 10000 298641600000 51179704200 23480695800
760074830725543338 1685 10000 608059864580434671 128072608977254052 23942357167854615
115792089237316195423570985008687907853269984665640564039457584007913129639824 2000 762317 92633671389852956338856788006950326282615987732512451231566067206330503711860 23158417847463239084714197001737581570653996933128112807891516801582625927964 0
67108863 548 987955 53687091 3677565 9744207
879549998 1339 837385 703639999 117771744 58138255
1 2000 508922 1 0 0
8922 0 893470 7138 0 1784
4467352 2000 65822 3573882 893470 0
65822000000 0 891651 52657600000 0 13164400000
8319159339385153043 569 346087 6655327471508122435 473360166411015208 1190471701466015400
115792089237316195423570985008687907853269984665640564039457584007913129633848 431 325640 92633671389852956338856788006950326282615987732512451231566067206330503707079 4990639046128328022755909453874448828475936339089108310100621870741055887218 18167778801334911061958287547863132742178060594039004497790894930841570039551
14474011154664524427946373126085988481658748083205070504932198000989141204992 1185 108694 11579208923731619542357098500868790785326998466564056403945758400791312963994 1715170321827746144711645215441189635076561647859800854834465463117213232791 1179631909105158740877629409776008061255187968781213246151974137080615008207
86940001 0 326266 69552001 0 17388000
10 500 0 8 0 2
4972 0 0 3978 0 994
4235366 0 0 3388293 0 847073
165587000000 2000 10000 132469600000 33117400000 0
15988955538647781888 1362 0 12791164430918225511 2177695744363827893 1020095363365728484
115792089237316195423570985008687907853269984665640564039457584007913129620889 0 677838 92633671389852956338856788006950326282615987732512451231566067206330503696712 0 23158417847463239084714197001737581570653996933128112807891516801582625924177
696898287454081973172991196020261297061887 500 130345 557518629963265578538392956816209037649510 34844914372704098658649559801013064853094 104534743118112295975948679403039194559283
303450001 432 78066 242760001 13109040 47580960
6 944 586093 5 0 1
6093 500 996430 4875 0 1218
4982150 2000 253625 3985720 996430 0
253625000000 500 0 202900000000 12681250000 38043750000
2884349666853343788 2000 10000 2307479733482675031 576869933370668757 0
115792089237316195423570985008687907853269984665640564039457584007913129623987 2000 10000 92633671389852956338856788006950326282615987732512451231566067206330503699190 23158417847463239084714197001737581570653996933128112807891516801582625924797 0
4194304 631 10000 3355444 264660 574200
170730000 464 0 136584000 7921872 26224128
9 0 547687 8 0 1
7687 91 10000 6150 0 1537
3090005 500 319618 2472004 154500 463501
319618000000 296 0 255694400000 9460692800 54462907200
584785350700568553 273 10000 467828280560454843 15964640074125521 100992430065988189
115792089237316195423570985008687907853269984665640564039457584007913129625552 0 0 92633671389852956338856788006950326282615987732512451231566067206330503700442 0 23158417847463239084714197001737581570653996933128112807891516801582625925110
12259964326927110866866776217202473468949912977468817407 2000 0 9807971461541688693493420973761978775159930381975053926 2451992865385422173373355243440494693789982595493763481 0
470549999 0 564495 376440000 0 94109999
11 841 870870 9 0 2
870 0 808197 696 0 174
4040985 0 0 3232788 0 808197
876300000000 2000 0 701040000000 175260000000 0
1164093520799994768 1979 0 931274816639995815 230374107766318964 2444596393679989
115792089237316195423570985008687907853269984665640564039457584007913129626985 500 131958 92633671389852956338856788006950326282615987732512451231566067206330503701588 5789604461865809771178549250434395392663499233282028201972879200395656481349 17368813385597429313535647751303186177990497699846084605918637601186969444048
401734511064747568885490523085290650630550748445698208825343 1702 0 321387608851798055108392418468232520504440598756558567060275 68375213783220036224310487029116468737319737385457835142073 11971688429729477552787617587941661388790412303681806622995
978070001 2000 0 782456001 195614000 0
6 0 401811 5 0 1
1811 0 10000 1449 0 362
1468202 500 782809 1174562 73410 220230
782809000000 1897 996087 626247200000 148498867300 8062932700
2058670045370107431 136 460304 1646936036296085945 27997912617033461 383736096456988025
115792089237316195423570985008687907853269984665640564039457584007913129639631 1715 10000 92633671389852956338856788006950326282615987732512451231566067206330503711705 19858343304199727515142423928989976196835802370157356732766975657357101733196 3300074543263511569571773072747605373818194562970756075124541144225524194730
2417851639229258349412351 258 10000 1934281311383406679529881 62380572292114865414838 421189755553736804467632
923840001 844 394069 739072001 77972096 106795904
1 1682 10000 1 0 0
7890 500 10000 6312 0 1578
3954682 500 0 3163746 197734 593202
930250000000 0 10000 744200000000 0 186050000000
3376966527279700740 0 999311 2701573221823760592 0 675393305455940148
115792089237316195423570985008687907853269984665640564039457584007913129620624 39 74907 92633671389852956338856788006950326282615987732512451231566067206330503696500 451589148025533162151926841533882840627752940195998199753884577630861205520 22706828699437705922562270160203698730026243992932114608137632223951764718604
22835963083295358096932575511191922182123945984 1319 10000 18268770466636286477546060408953537745699156788 3012063530686657732985406709926214535822148475 1555129085972413886401108392312169900602640721
402319999 500 10000 321856000 20115999 60348000
6 1174 784832 5 0 1
4832 2000 412648 3866 0 966
2063242 0 10000 1650594 0 412648
654117000000 500 762257 523293600000 32705850000 98117550000
13529345044641587483 82 10000 10823476035713269987 110940629366061017 2594928379562256479
115792089237316195423570985008687907853269984665640564039457584007913129626998 500 81928 92633671389852956338856788006950326282615987732512451231566067206330503701599 5789604461865809771178549250434395392663499233282028201972879200395656481349 17368813385597429313535647751303186177990497699846084605918637601186969444050
1048575 0 460915 838860 0 209715
609150000 500 52368 487320000 30457500 91372500
0 0 873900 0 0 0
3900 2000 10000 3120 0 780
3497911 2000 567504 2798329 699582 0
567504000000 973 0 454003200000 55218139200 58282660800
284854202969949217 2000 17968 227883362375959374 56970840593989843 0
115792089237316195423570985008687907853269984665640564039457584007913129621967 500 213439 92633671389852956338856788006950326282615987732512451231566067206330503697574 5789604461865809771178549250434395392663499233282028201972879200395656481098 17368813385597429313535647751303186177990497699846084605918637601186969443295
87112285931760246646623899502532662132736 0 576744 69689828745408197317299119602026129706189 0 17422457186352049329324779900506532426547
767439998 1425 20403 613951999 109360199 44127800
7 1729 981906 6 0 1
1906 346 0 1525 65 316
375332 615 413622 300266 0 75066
413622000000 500 597191 330897600000 20681100000 62043300000
5238985616513846202 500 427539 4191188493211076962 261949280825692310 785847842477076930
115792089237316195423570985008687907853269984665640564039457584007913129632396 2000 0 92633671389852956338856788006950326282615987732512451231566067206330503705917 23158417847463239084714197001737581570653996933128112807891516801582625926479 0
13164036458569648337239753460458804039861886925068638906788872192 0 0 10531229166855718669791802768367043231889509540054911125431097754 0 2632807291713929667447950692091760807972377385013727781357774438
637099999 2000 145094 509680000 127419999 0
2 500 241546 2 0 0
1546 1059 880369 1237 0 309
4401846 2000 15061 3521477 880369 0
15061000000 0 472933 12048800000 0 3012200000
10187719765894848468 2000 237741 8150175812715878775 2037543953178969693 0
115792089237316195423570985008687907853269984665640564039457584007913129622194 482 0 92633671389852956338856788006950326282615987732512451231566067206330503697756 5581178701238640619416121477418757158527613260883875186701855549181412847789 17577239146224598465298075524318824412126383672244237621189661252401213076649
137438953472 1721 819024 109951162778 23653243892 3834546802
190240000 500 292747 152192000 9512000 28536000
3 2000 10000 3 0 0
113 0 650853 91 0 22
3254267 0 321894 2603414 0 650853
321894000000 0 10000 257515200000 0 64378800000
9832907029513166748 2000 161858 7866325623610533399 1966581405902633349 0
115792089237316195423570985008687907853269984665640564039457584007913129638077 0 4742 92633671389852956338856788006950326282615987732512451231566067206330503710462 0 23158417847463239084714197001737581570653996933128112807891516801582625927615
288230376151711743 0 0 230584300921369395 0 57646075230342348
526300001 1604 484077 421040001 84418520 20841480
9 737 398346 8 0 1
8346 0 147145 6677 0 1669
735726 1579 12753 588581 116171 30974
12753000000 2000 0 10202400000 2550600000 0
8863468979295102146 500 10000 7090775183436081717 443173448964755107 1329520346894265322
115792089237316195423570985008687907853269984665640564039457584007913129620429 0 0 92633671389852956338856788006950326282615987732512451231566067206330503696344 0 23158417847463239084714197001737581570653996933128112807891516801582625924085
401734511064747568885490523085290650630550748445698208825343 0 207107 321387608851798055108392418468232520504440598756558567060275 0 80346902212949513777098104617058130126110149689139641765068
71069999 421 10000 56856000 2992046 11221953
9 1740 604909 8 0 1
4909 1020 997030 3928 0 981
4985150 500 0 3988120 249257 747773
348076000000 2000 0 278460800000 69615200000 0
11759379398545010657 500 0 9407503518836008526 587968969927250532 1763906909781751599
115792089237316195423570985008687907853269984665640564039457584007913129637937 140 10000 92633671389852956338856788006950326282615987732512451231566067206330503710350 1621089249322426735929993790121630709945779785318967896552406176110783814931 21537328598140812348784203211615950860708217147809144911339110625471842112656
25711008708143844408671393477458601640355247900524685364822016 2000 10000 20568806966515075526937114781966881312284198320419748291857613 5142201741628768881734278695491720328071049580104937072964403 0
366049999 2000 0 292840000 73209999 0
9 1195 10000 8 0 1
2048 0 10000 1639 0 409
2315545 2000 10000 1852436 463109 0
104115000000 2000 881493 83292000000 20823000000 0
9455060077690691994 390 476530 7564048062152553596 368747343029936987 1522264672508201411
115792089237316195423570985008687907853269984665640564039457584007913129623405 0 10000 92633671389852956338856788006950326282615987732512451231566067206330503698724 0 23158417847463239084714197001737581570653996933128112807891516801582625924681
1023 903 0 819 92 112
562649999 1937 10000 450120000 108985304 3544695
0 0 58540 0 0 0
8540 2000 607540 6832 0 1708
3037700 332 888370 2430160 100851 506689
888370000000 0 10000 710696000000 0 177674000000
2422788007131582316 500 0 1938230405705265853 121139400356579115 363418201069737348
115792089237316195423570985008687907853269984665640564039457584007913129624706 0 235151 92633671389852956338856788006950326282615987732512451231566067206330503699765 0 23158417847463239084714197001737581570653996933128112807891516801582625924941
340282366920938463463374607431768211456 0 10000 272225893536750770770699685945414569165 0 68056473384187692692674921486353642291
941899999 0 601130 753520000 0 188379999
2 500 0 2 0 0
1592 500 10000 1274 0 318
2375106 0 0 1900085 0 475021
761943000000 772 10000 609554400000 58821999600 93566600400
7685753730087611958 500 10000 6148602984070089567 384287686504380597 1152863059513141794
115792089237316195423570985008687907853269984665640564039457584007913129631444 1218 10000 92633671389852956338856788006950326282615987732512451231566067206330503705156 14103476469105112602590945974058187176528284132275020700005933732163819189109 9054941378358126482123251027679394394125712800853092107885583069418806737179
43556142965880123323311949751266331066368 1449 407302 34844914372704098658649559801013064853095 6311285115756029869547901518958491371516 2399943477419994795114488431294774841757
73020000 500 297092 58416000 3651000 10953000
0 2000 182321 0 0 0
2321 2000 10000 1857 0 464
2520751 3 941288 2016601 756 503394
941288000000 500 10000 753030400000 47064400000 141193200000
5971116165785966140 207 0 4776892932628772912 123602104631769499 1070621128525423729
115792089237316195423570985008687907853269984665640564039457584007913129630287 1504 10000 92633671389852956338856788006950326282615987732512451231566067206330503704230 17415130221292355791705076145306661341131805693712340831534420634790134696395 5743287626170883293009120856430920229522191239415771976357096166792491229662
8796093022208 500 10000 7036874417767 439804651110 1319413953331
24450001 500 402340 19560001 1222500 3667500
0 500 0 0 0 0
2849 637 0 2280 181 388
566241 500 121792 452993 28312 84936
121792000000 2000 637311 97433600000 24358400000 0
410887153822447557 500 731138 328709723057958046 20544357691122377 61633073073367134
115792089237316195423570985008687907853269984665640564039457584007913129628797 500 132412 92633671389852956338856788006950326282615987732512451231566067206330503703038 5789604461865809771178549250434395392663499233282028201972879200395656481439 17368813385597429313535647751303186177990497699846084605918637601186969444320
20282409603651670423947251286015 2000 787145 16225927682921336339157801028812 4056481920730334084789450257203 0
871449998 500 10000 697159999 43572499 130717500
7 2000 10000 6 0 1
2759 2000 10000 2208 0 551
2638026 2000 10000 2110421 527605 0
5349000000 0 752265 4279200000 0 1069800000
947719862838714530 500 0 758175890270971624 47385993141935726 142157979425807180
115792089237316195423570985008687907853269984665640564039457584007913129621512 500 845646 92633671389852956338856788006950326282615987732512451231566067206330503697210 5789604461865809771178549250434395392663499233282028201972879200395656481075 17368813385597429313535647751303186177990497699846084605918637601186969443227
158456325028528675187087900671 1413 752893 126765060022822940149670320537 22389878726531101803935520364 9301386279174633233482059770
528929999 385 10000 423144000 20363804 85422195
3 2000 0 3 0 0
9750 337 607747 7800 0 1950
3038735 500 10000 2430988 151936 455811
738580000000 0 10000 590864000000 0 147716000000
2101153720856955877 500 10000 1680922976685564702 105057686042847793 315173058128543382
115792089237316195423570985008687907853269984665640564039457584007913129631698 0 10000 92633671389852956338856788006950326282615987732512451231566067206330503705359 0 23158417847463239084714197001737581570653996933128112807891516801582625926339
431359146674410236714672241392314090778194310760649159697657763987455 2000 0 345087317339528189371737793113851272622555448608519327758126211189964 86271829334882047342934448278462818155638862152129831939531552797491 0
2910000 500 356563 2328000 145500 436500
11 0 734365 9 0 2
4365 487 10000 3492 0 873
350205 0 696966 280164 0 70041
696966000000 0 10000 557572800000 0 139393200000
4412724041341360944 1876 0 3530179233073088756 827827030155639313 54717778112632875
115792089237316195423570985008687907853269984665640564039457584007913129629144 1305 10000 92633671389852956338856788006950326282615987732512451231566067206330503703316 15110867645469763502776013543633771974851732998866093607149214713032663416603 8047550201993475581938183458103809595802263934262019200742302088549962509225
134217728 2000 830618 107374183 26843545 0
306180000 500 10000 244944000 15309000 45927000
5 1254 95376 4 0 1
5376 659 10000 4301 0 1075
4228905 930 0 3383124 393288 452493
394851000000 2000 10000 315880800000 78970200000 0
1214482104056128560 2000 0 971585683244902848 242896420811225712 0
115792089237316195423570985008687907853269984665640564039457584007913129635819 2000 10000 92633671389852956338856788006950326282615987732512451231566067206330503708656 23158417847463239084714197001737581570653996933128112807891516801582625927163 0
81129638414606681695789005144063 500 66788 64903710731685345356631204115251 4056481920730334084789450257203 12169445762191002254368350771609
667879999 725 260011 534304000 48421299 85154700
11 0 457639 9 0 2
7639 0 118370 6112 0 1527
591851 500 765969 473481 0 118370
765969000000 2000 10000 612775200000 153193800000 0
1122926256520357170 500 10000 898341005216285736 56146312826017858 168438938478053576
115792089237316195423570985008687907853269984665640564039457584007913129632904 500 0 92633671389852956338856788006950326282615987732512451231566067206330503706324 5789604461865809771178549250434395392663499233282028201972879200395656481645 17368813385597429313535647751303186177990497699846084605918637601186969444935
174224571863520493293247799005065324265472 1708 10000 139379657490816394634598239204052259412378 29757556874289300254486724070065157384542 5087357498414798404162835730947907468552
938100000 1449 656897 750480000 135930690 51689310
5 0 786968 4 0 1
6968 2000 158692 5575 0 1393
793460 0 10000 634768 0 158692
990822000000 2000 10000 792657600000 198164400000 0
106792686379219736 1234 763782 85434149103375789 13178217499195715 8180319776648232
115792089237316195423570985008687907853269984665640564039457584007913129636153 2000 468675 92633671389852956338856788006950326282615987732512451231566067206330503708923 23158417847463239084714197001737581570653996933128112807891516801582625927230 0
49039857307708443467467104868809893875799651909875269631 612 0 39231885846166754773973683895047915100639721527900215705 3001239267231756740208986817971165505198938696884366501 6806732194309931953284434155790813269960991685090687425
532420000 0 10000 425936000 0 106484000
3 2000 10000 3 0 0
2679 0 10000 2144 0 535
4228722 23 223325 3382978 9726 836018
223325000000 2000 0 178660000000 44665000000 0
6048587474567791272 500 0 4838869979654233018 302429373728389563 907288121185168691
115792089237316195423570985008687907853269984665640564039457584007913129623077 500 605953 92633671389852956338856788006950326282615987732512451231566067206330503698462 5789604461865809771178549250434395392663499233282028201972879200395656481153 17368813385597429313535647751303186177990497699846084605918637601186969443462
1 2000 10000 1 0 0
479189999 545 588892 383352000 26115854 69722145
4 1638 10000 4 0 0
6927 958 0 5542 663 722
1776870 2000 0 1421496 355374 0
814546000000 2000 138397 651636800000 162909200000 0
12838384643922287641 231 10000 10270707715137830113 296566685274604844 2271110243509852684
115792089237316195423570985008687907853269984665640564039457584007913129630237 0 0 92633671389852956338856788006950326282615987732512451231566067206330503704190 0 23158417847463239084714197001737581570653996933128112807891516801582625926047
4096 1015 10000 3277 0 819
947709998 1288 308021 758167999 122065047 67476952
9 312 0 8 0 1
4082 500 0 3266 204 612
1366086 1370 360319 1092869 187153 86064
360319000000 851 10000 288255200000 30663146900 41400653100
9516236522956793112 500 0 7612989218365434490 475811826147839655 1427435478443518967
115792089237316195423570985008687907853269984665640564039457584007913129638679 1744 0 92633671389852956338856788006950326282615987732512451231566067206330503710944 20194140362987944481870779785515171129610285325687714368481402650980049808985 2964277484475294602843417216222410441043711607440398439410114150602576118750
8192 1889 10000 6554 0 1638
220339999 0 0 176272000 0 44067999
3 1956 10000 3 0 0
2969 872 10000 2376 0 593
3827000 1271 10000 3061600 486411 278989
843167000000 1227 741851 674533600000 103456590900 65176809100
8062012937735537487 500 669010 6449610350188429990 403100646886776874 1209301940660330623
115792089237316195423570985008687907853269984665640564039457584007913129630925 500 10000 92633671389852956338856788006950326282615987732512451231566067206330503704740 5789604461865809771178549250434395392663499233282028201972879200395656481546 17368813385597429313535647751303186177990497699846084605918637601186969444639
36028797018963968 0 310052 28823037615171175 0 7205759403792793
100520001 0 846056 80416001 0 20104000
0 500 0 0 0 0
7603 500 0 6083 380 1140
984007 425 10000 787206 41820 154981
346876000000 500 645490 277500800000 17343800000 52031400000
9995925940689316060 68 10000 7996740752551452848 67972296396687349 1931212891741175863
115792089237316195423570985008687907853269984665640564039457584007913129629248 1476 809964 92633671389852956338856788006950326282615987732512451231566067206330503703399 17090912371427870444519077387282335199142649736648547252223939399567977933277 6067505476035368640195119614455246371511347196479565555667577402014647992572
147573952589676412927 0 10000 118059162071741130342 0 29514790517935282585
543390001 500 0 434712001 27169500 81508500
4 1497 10000 4 0 0
5695 2000 10000 4556 0 1139
4965576 500 10000 3972461 248278 744837
477148000000 500 636025 381718400000 23857400000 71572200000
7421040165539553300 500 10000 5936832132431642640 371052008276977665 1113156024830932995
115792089237316195423570985008687907853269984665640564039457584007913129634814 1497 305817 92633671389852956338856788006950326282615987732512451231566067206330503707852 17334075758826234454908576455800579805634516704446392436706800325984595506331 5824342088637004629805620545937001765019480228681720371184716475598030420631
105312291668557186697918027683670432318895095400549111254310977535 2000 45334 84249833334845749358334422146936345855116076320439289003448782028 21062458333711437339583605536734086463779019080109822250862195507 0
453339998 369 0 362671999 16728245 73939754
2 0 936710 2 0 0
6710 1009 0 5368 677 665
4138326 841 112698 3310661 348033 479632
112698000000 1993 983006 90158400000 22460711400 78888600
8936497399011835614 51 0 7149197919209468492 45576136734960361 1741723343067406761
115792089237316195423570985008687907853269984665640564039457584007913129634063 1481 378263 92633671389852956338856788006950326282615987732512451231566067206330503707251 17148808416046528542230862879786679153069284728981367534243668191571934498804 6009609431416710542483334121950902417584712204146745273647848610010691428008
178405961588244985132285746181186892047843327 2000 396539 142724769270595988105828596944949513638274662 35681192317648997026457149236237378409568665 0
965389999 1068 10000 772312000 103103651 89974348
2 0 684289 2 0 0
4289 523 16163 3432 0 857
80816 149 463690 64653 0 16163
463690000000 0 307375 370952000000 0 92738000000
1353172982957430375 500 502423 1082538386365944300 67658649147871518 202975947443614557
115792089237316195423570985008687907853269984665640564039457584007913129637512 2000 10000 92633671389852956338856788006950326282615987732512451231566067206330503710010 23158417847463239084714197001737581570653996933128112807891516801582625927502 0
6427752177035961102167848369364650410088811975131171341205503 1703 10000 5142201741628768881734278695491720328071049580104937072964403 1094646195749224175699184577302799964838124679364838479407297 190904239657968044734385096570130117179637715661395788833803
793790000 1512 10000 635032000 120021048 38736952
2 2000 0 2 0 0
5831 1687 10000 4665 0 1166
2963200 2000 874106 2370560 592640 0
874106000000 500 10000 699284800000 43705300000 131115900000
780530595267039205 0 847694 624424476213631364 0 156106119053407841
115792089237316195423570985008687907853269984665640564039457584007913129632241 653 10000 92633671389852956338856788006950326282615987732512451231566067206330503705793 7561223427196747561159185321067320382818529998666328831776580235716727364985 15597194420266491523555011680670261187835466934461783976114936565865898561463
3450873173395281893717377931138512726225554486085193277581262111899647 2000 753688 2760698538716225514973902344910810180980443588868154622065009689519718 690174634679056378743475586227702545245110897217038655516252422379929 0
536879998 681 0 429503999 36561527 70814472
11 1394 486334 9 0 2
6334 500 0 5068 316 950
4597612 1399 10000 3678090 643205 276317
350253000000 1084 0 280202400000 37967425200 32083174800
10887403388776128389 500 10000 8709922711020902712 544370169438806419 1633110508316419258
115792089237316195423570985008687907853269984665640564039457584007913129631845 1326 556048 92633671389852956338856788006950326282615987732512451231566067206330503705476 15354031032868127513165512612152016581343599966663938791632075639449280989182 7804386814595111571548684389585564989310396966464174016259441162133344937187
2147483647 0 0 1717986918 0 429496729
684130000 1870 579019 547304000 127932310 8893690
11 1699 846528 9 0 2
6528 0 0 5223 0 1305
1883481 0 184147 1506785 0 376696
184147000000 217 94620 147317600000 3995989900 32833410100
14721230430202417380 705 10000 11776984344161933904 1037846745329270425 1906399340711213051
115792089237316195423570985008687907853269984665640564039457584007913129621086 1293 0 92633671389852956338856788006950326282615987732512451231566067206330503696869 14971917138384984068267728361623346485427809017267324930301865612223167660006 8186500709078255016446468640114235085226187915860787877589651189359458264211
31 1575 10000 25 0 6
763340000 0 0 610672000 0 152668000
2 0 0 2 0 0
3054 1345 10000 2444 0 610
4793711 1886 619506 3834969 904093 54649
619506000000 500 249658 495604800000 30975300000 92925900000
2808725559980608876 500 539317 2246980447984487101 140436277999030443 421308833997091332
115792089237316195423570985008687907853269984665640564039457584007913129620618 789 788063 92633671389852956338856788006950326282615987732512451231566067206330503696495 9135995840824247818919750717185475929623001790119040502713203378224345927066 14022422006638991265794446284552105641030995143009072305178313423358279997057
1125899906842623 500 0 900719925474099 56294995342131 168884986026393
819840001 500 131000 655872001 40992000 122976000
4 500 289363 4 0 0
9363 500 489568 7491 0 1872
2447842 0 182452 1958274 0 489568
182452000000 500 83666 145961600000 9122600000 27367800000
4864294762672608594 616 0 3891435810138086876 299640557380632689 673218395153889029
115792089237316195423570985008687907853269984665640564039457584007913129632900 0 0 92633671389852956338856788006950326282615987732512451231566067206330503706320 0 23158417847463239084714197001737581570653996933128112807891516801582625926580
5070602400912917605986812821504 2000 713349 4056481920730334084789450257204 1014120480182583521197362564300 0
133490000 0 0 106792000 0 26698000
2 966 627221 2 0 0
7221 882 122823 5777 0 1444
614116 2000 263184 491293 122823 0
263184000000 0 0 210547200000 0 52636800000
12315041254682814235 0 10000 9852033003746251388 0 2463008250936562847
115792089237316195423570985008687907853269984665640564039457584007913129628547 500 104949 92633671389852956338856788006950326282615987732512451231566067206330503702838 5789604461865809771178549250434395392663499233282028201972879200395656481427 17368813385597429313535647751303186177990497699846084605918637601186969444282
83076749736557242056487941267521536 0 10000 66461399789245793645190353014017229 0 16615349947311448411297588253504307
784790000 0 10000 627832000 0 156958000
8 500 0 7 0 1
1872 1078 454449 1498 0 374
2272245 2000 6631 1817796 454449 0
6631000000 0 0 5304800000 0 1326200000
962896196547852870 2000 529684 770316957238282296 192579239309570574 0
115792089237316195423570985008687907853269984665640564039457584007913129630251 327 0 92633671389852956338856788006950326282615987732512451231566067206330503704201 3786401318060239590350771209784094586801928498566446444090262997058759338909 19372016529402999494363425791953486983852068434561666363801253804523866587141
302231454903657293676543 793 12403 241785163922925834941235 23966954373860023388549 36479336606871435346759
124030000 500 10000 99224000 6201500 18604500
10 0 0 8 0 2
389 1748 560310 312 0 77
2801551 500 0 2241241 140077 420233
123369000000 500 0 98695200000 6168450000 18505350000
1245850705741328150 0 0 996680564593062520 0 249170141148265630
115792089237316195423570985008687907853269984665640564039457584007913129629921 0 10000 92633671389852956338856788006950326282615987732512451231566067206330503703937 0 23158417847463239084714197001737581570653996933128112807891516801582625925984
748288838313422294120286634350736906063837462003712 2000 688551 598631070650737835296229307480589524851069969602970 149657767662684458824057326870147381212767492400742 0
885510001 500 376876 708408001 44275500 132826500
8 1025 966710 7 0 1
6710 2000 0 5368 1342 0
2808005 2000 565209 2246404 561601 0
565209000000 500 0 452167200000 28260450000 84781350000
9908656410195266268 1518 0 7926925128156213015 1504134043067641419 477597238971411834
115792089237316195423570985008687907853269984665640564039457584007913129628023 695 10000 92633671389852956338856788006950326282615987732512451231566067206330503702419 8047550201993475581938183458103809595802263934262019200742302088549962509147 15110867645469763502776013543633771974851732998866093607149214713032663416457
95780971304118053647396689196894323976171195136475136 2000 10000 76624777043294442917917351357515459180936956109180109 19156194260823610729479337839378864795234239027295027 0
775960000 0 10000 620768000 0 155192000
7 1095 700741 6 0 1
741 500 10000 593 0 148
3397761 1177 0 2718209 399916 279636
902332000000 2000 128950 721865600000 180466400000 0
7603560766357870200 2000 0 6082848613086296160 1520712153271574040 0
115792089237316195423570985008687907853269984665640564039457584007913129625421 2000 863475 92633671389852956338856788006950326282615987732512451231566067206330503700337 23158417847463239084714197001737581570653996933128112807891516801582625925084 0
295147905179352825856 500 629773 236118324143482260685 14757395258967641292 44272185776902923879
297729999 2000 832361 238184000 59545999 0
5 649 0 4 0 1
6162 500 0 4930 308 924
1768301 500 747173 1414641 88415 265245
747173000000 703 0 597738400000 52526261900 96908338100
1587260930713989048 500 0 1269808744571191239 79363046535699452 238089139607098357
115792089237316195423570985008687907853269984665640564039457584007913129636547 2000 10000 92633671389852956338856788006950326282615987732512451231566067206330503709238 23158417847463239084714197001737581570653996933128112807891516801582625927309 0
3369993333393829974333376885877453834204643052817571560137951281151 1966 393500 2695994666715063979466701508701963067363714442254057248110361024921 662540689345226972953941895763507423804632824183934568723121221874 11457977333539021912733481411983343036295786379579743304469034356
934999999 2000 10000 748000000 186999999 0
5 0 10000 4 0 1
5484 2000 10000 4388 0 1096
396417 1437 10000 317134 56965 22318
359435000000 0 488786 287548000000 0 71887000000
12769945581002280596 2000 0 10215956464801824477 2553989116200456119 0
115792089237316195423570985008687907853269984665640564039457584007913129636209 2000 805662 92633671389852956338856788006950326282615987732512451231566067206330503708968 23158417847463239084714197001737581570653996933128112807891516801582625927241 0
680564733841876926926749214863536422911 2000 701783 544451787073501541541399371890829138329 136112946768375385385349842972707284582 0
17830000 1691 836132 14264000 3015053 550947
0 161 10000 0 0 0
6053 0 382363 4843 0 1210
1911816 500 54889 1529453 95590 286773
54889000000 471 118991 43911200000 2585271900 8392528100
5055892619399786493 959 724544 4044714095519829195 484860102200439524 526318421679517774
115792089237316195423570985008687907853269984665640564039457584007913129635391 1951 154382 92633671389852956338856788006950326282615987732512451231566067206330503708313 22591036610200389727138699175195010822172974008266474044098174639943851591864 567381237262849357575497826542570748481022924861638763793342161638774335214
28948022309329048855892746252171976963317496166410141009864396001978282409983 500 10000 23158417847463239084714197001737581570653996933128112807891516801582625927987 1447401115466452442794637312608598848165874808320507050493219800098914120499 4342203346399357328383911937825796544497624424961521151479659400296742361497
340290000 500 980780 272232000 17014500 51043500
4 1191 197655 4 0 0
7655 2000 718239 6124 0 1531
3591197 2000 0 2872958 718239 0
370517000000 1944 10000 296413600000 72028504800 2074895200
7712767169898282960 2000 380862 6170213735918626368 1542553433979656592 0
115792089237316195423570985008687907853269984665640564039457584007913129639073 366 680101 92633671389852956338856788006950326282615987732512451231566067206330503711259 4237990466085772752502698051317977427429681438762444643844147574689620544790 18920427381377466332211498950419604143224315494365668164047369226893005383024
8796093022208 0 10000 7036874417767 0 1759218604441
859770001 2000 0 687816001 171954000 0
7 2000 506704 6 0 1
6704 46 10000 5364 0 1340
1403872 424 0 1123098 59524 221250
285780000000 500 321640 228624000000 14289000000 42867000000
7384859237354906280 500 0 5907887389883925024 369242961867745314 1107728885603235942
115792089237316195423570985008687907853269984665640564039457584007913129637985 2000 0 92633671389852956338856788006950326282615987732512451231566067206330503710388 23158417847463239084714197001737581570653996933128112807891516801582625927597 0
93536104789177786765035829293842113257979682750463 500 614578 74828883831342229412028663435073690606383746200371 4676805239458889338251791464692105662898984137523 14030415718376668014755374394076316988696952412569
145779999 2000 0 116624000 29155999 0
1 2000 156481 1 0 0
6481 1628 978703 5185 0 1296
4893517 1301 10000 3914814 636646 342057
918727000000 1719 0 734981600000 157929171300 25816228700
16414538776413808400 500 10000 13131631021131046720 820726938820690420 2462180816462071260
115792089237316195423570985008687907853269984665640564039457584007913129631199 2000 902724 92633671389852956338856788006950326282615987732512451231566067206330503704960 23158417847463239084714197001737581570653996933128112807891516801582625926239 0
28269553036454149273332760011886696253239742350009903329945699220681916416 2000 0 22615642429163319418666208009509357002591793880007922663956559376545533133 5653910607290829854666552002377339250647948470001980665989139844136383283 0
736809999 500 943978 589448000 36840499 110521500
2 500 721264 2 0 0
1264 500 10000 1012 0 252
1432556 492 0 1146045 70481 216030
960387000000 0 923599 768309600000 0 192077400000
5950885338068757723 500 0 4760708270455006179 297544266903437886 892632800710313658
115792089237316195423570985008687907853269984665640564039457584007913129621464 323 0 92633671389852956338856788006950326282615987732512451231566067206330503697172 3740084482365313112181342815780619423660620504700190218474479963455594086773 19418333365097925972532854185956962146993376428427922589417036838127031837519
25711008708143844408671393477458601640355247900524685364822016 2000 412365 20568806966515075526937114781966881312284198320419748291857613 5142201741628768881734278695491720328071049580104937072964403 0
123649998 2000 601484 98919999 24729999 0
4 1498 585159 4 0 0
5159 29 0 4128 14 1017
1321296 305 0 1057037 40299 223960
458614000000 0 0 366891200000 0 91722800000
5988232585417687605 2000 10000 4790586068334150084 1197646517083537521 0
115792089237316195423570985008687907853269984665640564039457584007913129620439 0 0 92633671389852956338856788006950326282615987732512451231566067206330503696352 0 23158417847463239084714197001737581570653996933128112807891516801582625924087
107839786668602559178668060348078522694548577690162289924414440996863 2000 0 86271829334882047342934448278462818155638862152129831939531552797491 21567957333720511835733612069615704538909715538032457984882888199372 0
849249999 500 10000 679400000 42462499 127387500
9 2000 0 8 1 0
8462 751 594719 6770 0 1692
2973595 0 10000 2378876 0 594719
863513000000 2000 402916 690810400000 172702600000 0
7735787445354847900 0 10000 6188629956283878320 0 1547157489070969580
115792089237316195423570985008687907853269984665640564039457584007913129637146 550 329473 92633671389852956338856788006950326282615987732512451231566067206330503709717 6368564908052390748296404175477834931929849156610231022170167120435222130043 16789852939410848336417792826259746638724147776517881785721349681147403797386
441711766194596082395824375185729628956870974218904739530401550323154944 268 62899 353369412955676865916659500148583703165496779375123791624321240258523956 11837875334015175008208093254977554056044142109066647019414761548660552 76504477904904041470956781782168371735330052734714300886665548515970436
628989998 0 299026 503191999 0 125797999
10 1730 954441 8 0 2
4441 259 206545 3553 0 888
1032725 2000 831329 826180 206545 0
831329000000 1821 586603 665063200000 151385010900 14880789100
4366092063107010093 2000 256386 3492873650485608075 873218412621402018 0
115792089237316195423570985008687907853269984665640564039457584007913129623549 1280 454211 92633671389852956338856788006950326282615987732512451231566067206330503698840 14821387422376473014217086081112052205218558037201992197050570753012880591814 8337030425086766070497110920625529365435438895926120610840946048569745332895
25108406941546723055343157692830665664409421777856138051584 2000 0 20086725553237378444274526154264532531527537422284910441268 5021681388309344611068631538566133132881884355571227610316 0
340970001 1578 10000 272776001 53805066 14388934
2 1912 609383 2 0 0
9383 116 10000 7507 0 1876
1058512 500 345957 846810 52925 158777
345957000000 500 10000 276765600000 17297850000 51893550000
3705069957675562270 1414 870004 2964055966140449816 523896892015324504 217117099519787950
115792089237316195423570985008687907853269984665640564039457584007913129629931 0 226271 92633671389852956338856788006950326282615987732512451231566067206330503703945 0 23158417847463239084714197001737581570653996933128112807891516801582625925986
4611686018427387903 0 999169 3689348814741910323 0 922337203685477580
991689998 500 0 793351999 49584499 148753500
8 500 0 7 0 1
4325 0 401540 3460 0 865
2007700 1399 0 1606160 280877 120663
311601000000 2000 570869 249280800000 62320200000 0
6680698767153825177 1419 0 5344559013723060142 947991155059127792 388148598371637243
115792089237316195423570985008687907853269984665640564039457584007913129621124 0 0 92633671389852956338856788006950326282615987732512451231566067206330503696900 0 23158417847463239084714197001737581570653996933128112807891516801582625924224
21778071482940061661655974875633165533183 2000 0 17422457186352049329324779900506532426547 4355614296588012332331194975126633106636 0
370409999 0 260214 296328000 0 74081999
6 2000 777591 5 0 1
7591 2000 10000 6073 0 1518
2770090 0 98878 2216072 0 554018
98878000000 500 0 79102400000 4943900000 14831700000
77971023532350081 307 0 62376818825880065 2393710422443147 13200494284026869
115792089237316195423570985008687907853269984665640564039457584007913129623013 2000 42407 92633671389852956338856788006950326282615987732512451231566067206330503698411 23158417847463239084714197001737581570653996933128112807891516801582625924602 0
1329227995784915872903807060280344576 2000 0 1063382396627932698323045648224275661 265845599156983174580761412056068915 0
490230000 0 0 392184000 0 98046000
9 0 431 8 0 1
431 0 184172 345 0 86
920860 2000 10000 736688 184172 0
946558000000 1649 935400 757246400000 156087414200 33224185800
163376482438245200 1579 10000 130701185950596160 25797146576998917 6878149910650123
115792089237316195423570985008687907853269984665640564039457584007913129626481 2000 0 92633671389852956338856788006950326282615987732512451231566067206330503701185 23158417847463239084714197001737581570653996933128112807891516801582625925296 0
22835963083295358096932575511191922182123945984 492 0 18268770466636286477546060408953537745699156788 1123529383698131618369082715150642571360498142 3443663232960940001017432387087741865064291054
302910001 500 301007 242328001 15145500 45436500
3 500 607283 3 0 0
7283 1065 10000 5827 0 1456
4813806 1811 0 3851045 871780 90981
710645000000 2000 676019 568516000000 142129000000 0
9322500765264659727 467 10000 7458000612211727782 435360785737859609 1429139367315072336
115792089237316195423570985008687907853269984665640564039457584007913129635608 1308 57662 92633671389852956338856788006950326282615987732512451231566067206330503708487 15145605272240958361403084839136378347207713994265785776361051988235037356337 8012812575222280723311112162601203223446282938862327031530464813347588570784
79228162514264337593543950336 500 984284 63382530011411470074835160269 3961408125713216879677197516 11884224377139650639031592551
842839999 500 98072 674272000 42141999 126426000
0 2000 636066 0 0 0
6066 500 704417 4853 0 1213
3522086 1512 0 2817669 532539 171878
228571000000 0 0 182856800000 0 45714200000
9204950482533905760 0 10000 7363960386027124608 0 1840990096506781152
115792089237316195423570985008687907853269984665640564039457584007913129622443 1249 719371 92633671389852956338856788006950326282615987732512451231566067206330503697955 14462431945740792808404016027585119690873421084738506448528252242588349889843 8695985901722446276310180974152461879780575848389606359363264558994276034645
383123885216472214589586756787577295904684780545900544 0 10000 306499108173177771671669405430061836723747824436720436 0 76624777043294442917917351357515459180936956109180108
739839998 500 596573 591871999 36991999 110976000
9 500 10000 8 0 1
8477 556 0 6782 471 1224
1466746 1635 66807 1173397 239812 53537
66807000000 826 885277 53445600000 5518258200 7843141800
2368020268117470186 1302 0 1894416214493976149 308316238908894618 165287814714599419
115792089237316195423570985008687907853269984665640564039457584007913129628007 2000 209468 92633671389852956338856788006950326282615987732512451231566067206330503702406 23158417847463239084714197001737581570653996933128112807891516801582625925601 0
633825300114114700748351602687 500 0 507060240091291760598681282150 31691265005705735037417580134 95073795017117205112252740403
18490001 0 992781 14792001 0 3698000
5 2000 829748 4 0 1
9748 1496 10000 7799 0 1949
999641 0 10000 799713 0 199928
955941000000 500 298126 764752800000 47797050000 143391150000
1177072772553034284 618 10000 941658218042427428 72743097343777518 162671457166829338
115792089237316195423570985008687907853269984665640564039457584007913129637987 1819 10000 92633671389852956338856788006950326282615987732512451231566067206330503710390 21062581032267815947547562173080330438509810210680018598777334531039398281149 2095836815195423137166634828657251132144186722448094209114182270543227646448
45671926166590716193865151022383844364247891968 918 376506 36537540933272572955092120817907075491398313575 4192682822093027746596820863854836912637956482 4941702411225115492176209340621931960211621911
765059998 500 0 612047999 38252999 114759000
2 1664 509210 2 0 0
9210 0 10000 7368 0 1842
874357 2000 10000 699486 174871 0
344966000000 0 932746 275972800000 0 68993200000
9759079675426345368 1575 963389 7807263740341076295 1537055048879649395 414760886205619678
115792089237316195423570985008687907853269984665640564039457584007913129636546 500 75695 92633671389852956338856788006950326282615987732512451231566067206330503709237 5789604461865809771178549250434395392663499233282028201972879200395656481827 17368813385597429313535647751303186177990497699846084605918637601186969445482
2658455991569831745807614120560689152 1366 10000 2126764793255865396646091296448551322 363145088448439016477320088868590138 168546109865527332684202735243547692
770349998 1954 0 616279999 150526389 3543610
9 0 10000 8 0 1
9022 1743 10000 7218 0 1804
1974642 2000 10000 1579714 394928 0
964816000000 564 444670 771852800000 54415622400 138547577600
534718369271174020 2000 0 427774695416939216 106943673854234804 0
115792089237316195423570985008687907853269984665640564039457584007913129624001 500 382284 92633671389852956338856788006950326282615987732512451231566067206330503699201 5789604461865809771178549250434395392663499233282028201972879200395656481200 17368813385597429313535647751303186177990497699846084605918637601186969443600
26328072917139296674479506920917608079723773850137277813577744384 0 137581 21062458333711437339583605536734086463779019080109822250862195508 0 5265614583427859334895901384183521615944754770027455562715548876
375810001 161 10000 300648001 6050541 69111459
6 2000 43577 5 0 1
3577 0 0 2862 0 715
1930765 2000 10000 1544612 386153 0
738279000000 0 0 590623200000 0 147655800000
11894825075179687680 0 0 9515860060143750144 0 2378965015035937536
115792089237316195423570985008687907853269984665640564039457584007913129621307 2000 0 92633671389852956338856788006950326282615987732512451231566067206330503697046 23158417847463239084714197001737581570653996933128112807891516801582625924261 0
356811923176489970264571492362373784095686655 0 487503 285449538541191976211657193889899027276549324 0 71362384635297994052914298472474756819137331
875029999 1817 505641 700024000 158992950 16013049
1 189 10000 1 0 0
4070 1295 10000 3256 0 814
2576735 0 549190 2061388 0 515347
549190000000 356 0 439352000000 19551164000 90286836000
10312007758251504750 500 215486 8249606206601203800 515600387912575237 1546801163737725713
115792089237316195423570985008687907853269984665640564039457584007913129624449 1958 589962 92633671389852956338856788006950326282615987732512451231566067206330503699560 22672091072666511063935198864701092357670262997532422438925794948749390780467 486326774796728020778998137036489212983733935595690368965721852833235144422
196159429230833773869868419475239575503198607639501078528 2000 0 156927543384667019095894735580191660402558886111600862823 39231885846166754773973683895047915100639721527900215705 0
830940001 239 0 664752001 19859466 146328534
1 1087 0 1 0 0
1508 60 0 1207 9 292
2977026 0 0 2381621 0 595405
836062000000 500 184591 668849600000 41803100000 125409300000
938322800297179854 1840 10000 750658240237743884 172651395254681093 15013164804754877
115792089237316195423570985008687907853269984665640564039457584007913129639640 0 10000 92633671389852956338856788006950326282615987732512451231566067206330503711712 0 23158417847463239084714197001737581570653996933128112807891516801582625927928
166153499473114484112975882535043071 1130 470295 132922799578491587290380706028034457 18775345440461936704766274726459867 14455354454160960117828901780548747
702949999 1238 91091 562360000 87025209 53564790
3 2000 974658 3 0 0
4658 0 59080 3727 0 931
295401 179 369335 236321 0 59080
369335000000 374 799041 295468000000 13813129000 60053871000
6289212744568247564 74 0 5031370195654598052 46540174309805031 1211302374603844481
115792089237316195423570985008687907853269984665640564039457584007913129629850 555 0 92633671389852956338856788006950326282615987732512451231566067206330503703880 6426460952671048846008189667982178885856484148943051304189895912439178694456 16731956894792190238706007333755402684797512784185061503701620889143447231514
590295810358705651712 1125 598012 472236648286964521370 66408278665354385817 51650883406386744525
980120001 500 0 784096001 49006000 147018000
10 338 10000 8 0 2
5952 1101 0 4762 655 535
1673300 2000 0 1338640 334660 0
856169000000 2000 28519 684935200000 171233800000 0
13486651338062392839 2000 10000 10789321070449914272 2697330267612478567 0
115792089237316195423570985008687907853269984665640564039457584007913129639006 2000 624307 92633671389852956338856788006950326282615987732512451231566067206330503711205 23158417847463239084714197001737581570653996933128112807891516801582625927801 0
44601490397061246283071436545296723011960831 0 10000 35681192317648997026457149236237378409568665 0 8920298079412249256614287309059344602392166
425610000 414 432019 340488000 17620254 67501746
3 0 0 3 0 0
937 893 432475 750 0 187
2162375 149 10000 1729900 32219 400256
852993000000 500 75267 682394400000 42649650000 127948950000
1016703685261539138 1151 0 813362948209231311 117022594173603154 86318142878704673
115792089237316195423570985008687907853269984665640564039457584007913129624016 500 10000 92633671389852956338856788006950326282615987732512451231566067206330503699213 5789604461865809771178549250434395392663499233282028201972879200395656481200 17368813385597429313535647751303186177990497699846084605918637601186969443603
348449143727040986586495598010130648530943 2000 685895 278759314981632789269196478408104518824755 69689828745408197317299119602026129706188 0
858950000 2000 0 687160000 171790000 0
8 2000 647571 7 0 1
7571 0 4934 6057 0 1514
24671 1316 832445 19737 0 4934
832445000000 1204 10000 665956000000 100226378000 66262622000
73923979208749770 0 0 59139183366999816 0 14784795841749954
115792089237316195423570985008687907853269984665640564039457584007913129636574 500 10000 92633671389852956338856788006950326282615987732512451231566067206330503709260 5789604461865809771178549250434395392663499233282028201972879200395656481828 17368813385597429313535647751303186177990497699846084605918637601186969445486
18889465931478580854783 2000 397775 15111572745182864683827 3777893186295716170956 0
977750001 2000 0 782200001 195550000 0
4 500 863017 4 0 0
3017 1556 992566 2414 0 603
4962832 49 484171 3970266 24317 968249
484171000000 2000 0 387336800000 96834200000 0
104473043385708525 650 10000 83578434708566820 6790747820071054 14103860857070651
115792089237316195423570985008687907853269984665640564039457584007913129627667 500 746492 92633671389852956338856788006950326282615987732512451231566067206330503702134 5789604461865809771178549250434395392663499233282028201972879200395656481383 17368813385597429313535647751303186177990497699846084605918637601186969444150
383123885216472214589586756787577295904684780545900543 1584 743351 306499108173177771671669405430061836723747824436720435 60686823418289198790990542275152243671302069238470646 15937953625005244126926809082363215509634886870709462
433510001 894 974476 346808001 38755794 47946206
0 0 0 0 0 0
3309 2000 745682 2648 0 661
3728412 2000 792401 2982730 745682 0
792401000000 0 0 633920800000 0 158480200000
7652033302828298648 1185 0 6121626642262638919 906765946385153389 623640714180506340
115792089237316195423570985008687907853269984665640564039457584007913129639127 654 783318 92633671389852956338856788006950326282615987732512451231566067206330503711302 7572802636120479180701542419568189173603856997132892888180525994117518678398 15585615211342759904012654582169392397050139935995219919710990807465107249427
85070591730234615865843651857942052863 1344 343557 68056473384187692692674921486353642291 11433487528543532372369386809707411904 5580630817503390800799343561880998668
435570001 2000 34199 348456001 87114000 0
3 473 0 3 0 0
5160 0 425619 4128 0 1032
2128096 1483 0 1702477 315596 110023
574830000000 568 115574 459864000000 32650344000 82315656000
640721236703295402 1375 0 512576989362636322 88099170046703117 40045077293955963
115792089237316195423570985008687907853269984665640564039457584007913129632591 0 517198 92633671389852956338856788006950326282615987732512451231566067206330503706073 0 23158417847463239084714197001737581570653996933128112807891516801582625926518
1298074214633706907132624082305024 41 929671 1038459371706965525706099265844020 5322104279998198319243758737450 254292738646743183107281057723554
296709999 0 505984 237368000 0 59341999
0 691 938840 0 0 0
8840 2000 927867 7072 0 1768
4639335 0 10000 3711468 0 927867
857185000000 2000 10000 685748000000 171437000000 0
261727517142832680 946 214917 209382013714266144 24759423121711971 27586080306854565
115792089237316195423570985008687907853269984665640564039457584007913129625018 120 293095 92633671389852956338856788006950326282615987732512451231566067206330503700015 1389505070847794345082851820104254894239239815987686768473491008094957555500 21768912776615444739631345181633326676414757117140426039418025793487668369503
562949953421312 2000 10000 450359962737050 112589990684262 0
10670000 0 0 8536000 0 2134000
2 2000 188511 2 0 0
8511 1708 0 6809 1453 249
3854246 0 385566 3083397 0 770849
385566000000 1786 885442 308452800000 68862087600 8251112400
4825340282724196612 2000 478147 3860272226179357290 965068056544839322 0
115792089237316195423570985008687907853269984665640564039457584007913129621788 500 992220 92633671389852956338856788006950326282615987732512451231566067206330503697431 5789604461865809771178549250434395392663499233282028201972879200395656481089 17368813385597429313535647751303186177990497699846084605918637601186969443268
56539106072908298546665520023773392506479484700019806659891398441363832832 917 0 45231284858326638837332416019018714005183587760015845327913118753091066266 5184636026885690976729228186180020092844168746991816270712041237073063470 6123185187695968732603875818574658408451728193012145061266238451199703096
320810001 0 946621 256648001 0 64162000
9 1405 580263 8 0 1
263 500 749410 211 0 52
3747051 500 10000 2997641 187352 562058
542073000000 0 10000 433658400000 0 108414600000
9752163839814773636 750 10000 7801731071851818909 731412287986108022 1219020479976846705
115792089237316195423570985008687907853269984665640564039457584007913129636739 1082 10000 92633671389852956338856788006950326282615987732512451231566067206330503709392 12528704055477612344830380577940031629723812340822309029069310589656200626695 10629713791985626739883816423797549940930184592305803778822206211926425300652
1073741824 500 900975 858993460 53687091 161061273
9750001 1650 10000 7800001 1608750 341250
10 2000 592225 8 0 2
2225 0 111702 1780 0 445
558510 500 728924 446808 0 111702
728924000000 0 10000 583139200000 0 145784800000
2576848202627327178 34 10000 2061478562101861743 8761283888932912 506608356636532523
115792089237316195423570985008687907853269984665640564039457584007913129631304 500 0 92633671389852956338856788006950326282615987732512451231566067206330503705044 5789604461865809771178549250434395392663499233282028201972879200395656481565 17368813385597429313535647751303186177990497699846084605918637601186969444695
21267647932558653966460912964485513216 500 954896 17014118346046923173168730371588410573 1063382396627932698323045648224275660 3190147189883798094969136944672826983
548960000 2000 0 439168000 109792000 0
8 652 799883 7 0 1
9883 1648 569260 7907 0 1976
2846301 733 0 2277041 208633 360627
940748000000 500 798367 752598400000 47037400000 141112200000
3037650105377261563 851 10000 2430120084301809251 258504023967604959 349025997107847353
115792089237316195423570985008687907853269984665640564039457584007913129634105 434 437436 92633671389852956338856788006950326282615987732512451231566067206330503707284 5025376672899522881382980749377055200831917334488800479312459145943429826120 18133041174563716203331216252360526369822079598639312328579057655639196100701
107839786668602559178668060348078522694548577690162289924414440996864 500 10000 86271829334882047342934448278462818155638862152129831939531552797492 5391989333430127958933403017403926134727428884508114496220722049843 16175968000290383876800209052211778404182286653524343488662166149529
829939998 0 10000 663951999 0 165987999
5 500 10000 4 0 1
5566 2000 932418 4453 0 1113
4662092 0 971747 3729674 0 932418
971747000000 2000 15183 777397600000 194349400000 0
7542845556658339377 949 364895 6034276445326671502 715816043326876406 792753068004791469
115792089237316195423570985008687907853269984665640564039457584007913129635040 2000 982068 92633671389852956338856788006950326282615987732512451231566067206330503708032 23158417847463239084714197001737581570653996933128112807891516801582625927008 0
11692013098647223345629478661730264157247460343807 12 10000 9353610478917778676503582929384211325797968275046 14030415718376668014755374394076316988696952412 2324372204011068001111140357951976514460795116349
901600000 522 659836 721280000 47063520 133256480
0 447 77810 0 0 0
7810 1276 945188 6248 0 1562
4725942 0 0 3780754 0 945188
784385000000 0 10000 627508000000 0 156877000000
1875159875578320110 2000 85154 1500127900462656088 375031975115664022 0
115792089237316195423570985008687907853269984665640564039457584007913129634781 1493 563239 92633671389852956338856788006950326282615987732512451231566067206330503707825 17287758923131307976739148061797104642493208710580136211091017292381430254472 5870658924331931107975048939940476928160788222547976596800499509201195672484
441711766194596082395824375185729628956870974218904739530401550323154943 2000 998963 353369412955676865916659500148583703165496779375123791624321240258523955 88342353238919216479164875037145925791374194843780947906080310064630988 0
989630000 2000 642499 791704000 197926000 0
7 2000 568468 6 0 1
8468 500 194245 6775 0 1693
971225 0 0 776980 0 194245
880353000000 0 415370 704282400000 0 176070600000
3456058304634644780 1860 798635 2764846643707715824 642826844662043929 48384816264885027
115792089237316195423570985008687907853269984665640564039457584007913129621300 500 712945 92633671389852956338856788006950326282615987732512451231566067206330503697040 5789604461865809771178549250434395392663499233282028201972879200395656481065 17368813385597429313535647751303186177990497699846084605918637601186969443195
26959946667150639794667015087019630673637144422540572481103610249215 500 320925 21567957333720511835733612069615704538909715538032457984882888199372 1347997333357531989733350754350981533681857221127028624055180512460 4043992000072595969200052263052944601045571663381085872165541537383
209249998 507 50267 167399999 10608974 31241025
7 1704 198429 6 0 1
8429 1875 338964 6744 0 1685
1694821 2000 238479 1355857 338964 0
238479000000 500 534532 190783200000 11923950000 35771850000
2317300095779253092 2000 0 1853840076623402474 463460019155850618 0
115792089237316195423570985008687907853269984665640564039457584007913129623455 2000 0 92633671389852956338856788006950326282615987732512451231566067206330503698764 23158417847463239084714197001737581570653996933128112807891516801582625924691 0
115792089237316195423570985008687907853269984665640564039457584007913129639936 2000 211042 92633671389852956338856788006950326282615987732512451231566067206330503711949 23158417847463239084714197001737581570653996933128112807891516801582625927987 0
110420000 0 10000 88336000 0 22084000
4 381 0 4 0 0
2381 2000 0 1905 476 0
201656 0 0 161325 0 40331
332784000000 1347 10000 266227200000 44826004800 21730795200
6109030327396455270 2000 10000 4887224261917164216 1221806065479291054 0
115792089237316195423570985008687907853269984665640564039457584007913129624274 500 893612 92633671389852956338856788006950326282615987732512451231566067206330503699420 5789604461865809771178549250434395392663499233282028201972879200395656481213 17368813385597429313535647751303186177990497699846084605918637601186969443641
309485009821345068724781055 0 703506 247588007857076054979824844 0 61897001964269013744956211
35060000 0 10000 28048000 0 7012000
4 673 686426 4 0 0
6426 0 10000 5141 0 1285
4183472 0 0 3346778 0 836694
631639000000 0 10000 505311200000 0 126327800000
9174850004219120694 114 10000 7339880003375296556 104593290048097975 1730376710795726163
115792089237316195423570985008687907853269984665640564039457584007913129620138 403 10000 92633671389852956338856788006950326282615987732512451231566067206330503696111 4666421196263842675569910695850122686486780382025314730790140635518899123691 18491996651199396409144286305887458884167216551102798077101376166063726800336
11692013098647223345629478661730264157247460343807 965 688690 9353610478917778676503582929384211325797968275046 1128279264019457052853244690856970491174379923177 1210123355709987616272651041489082340275112145584
886899999 740 575933 709520000 65630599 111749400
9 73 713200 8 0 1
3200 0 790896 2560 0 640
3954481 0 850710 3163585 0 790896
850710000000 2000 317633 680568000000 170142000000 0
4481959248453283758 2000 10000 3585567398762627007 896391849690656751 0
115792089237316195423570985008687907853269984665640564039457584007913129638439 725 0 92633671389852956338856788006950326282615987732512451231566067206330503710752 8394926469705424168208896413129873319362073888258940892860674840573701898786 14763491377757814916505300588607708251291923044869171915030841961008924028901
512 1074 386869 410 0 102
868690001 2000 405191 694952001 173738000 0
3 0 467601 3 0 0
7601 1929 10000 6081 0 1520
1726170 2000 10000 1380936 345234 0
823112000000 500 562206 658489600000 41155600000 123466800000
20030921153558218 824 10000 16024736922846575 1650547903053197 2355636327658446
115792089237316195423570985008687907853269984665640564039457584007913129620365 0 0 92633671389852956338856788006950326282615987732512451231566067206330503696292 0 23158417847463239084714197001737581570653996933128112807891516801582625924073
748288838313422294120286634350736906063837462003712 500 566037 598631070650737835296229307480589524851069969602970 37414441915671114706014331717536845303191873100185 112243325747013344118042995152610535909575619300557
660369998 2000 10000 528295999 132073999 0
5 2000 96941 4 0 1
6941 603 10000 5553 0 1388
2639486 622 10000 2111589 164176 363721
880710000000 500 646528 704568000000 44035500000 132106500000
4916133318368560896 500 966859 3932906654694848717 245806665918428044 737419997755284135
115792089237316195423570985008687907853269984665640564039457584007913129633076 1397 125606 92633671389852956338856788006950326282615987732512451231566067206330503706461 16176154866453072500672866605713700727101816857789986796312224485905464209740 6982262981010166584041330396023880843552180075338126011579292315677161716875
39614081257132168796771975167 2000 441392 31691265005705735037417580134 7922816251426433759354395033 0
413920000 0 0 331136000 0 82784000
8 375 308807 7 0 1
8807 500 605749 7046 0 1761
3028746 866 10000 2422997 262289 343460
799166000000 801 0 639332800000 64013196600 95820003400
81360872490680674 2000 404862 65088697992544540 16272174498136134 0
115792089237316195423570985008687907853269984665640564039457584007913129635073 500 172885 92633671389852956338856788006950326282615987732512451231566067206330503708059 5789604461865809771178549250434395392663499233282028201972879200395656481753 17368813385597429313535647751303186177990497699846084605918637601186969445261
1048575 805 174713 838860 84410 125305
747130000 1561 415410 597704000 116626993 32799007
10 0 786245 8 0 2
6245 0 416266 4996 0 1249
2081330 0 421284 1665064 0 416266
421284000000 0 290118 337027200000 0 84256800000
4346128679722036074 1053 238433 3476902943777628860 457647349974730398 411578385969676816
115792089237316195423570985008687907853269984665640564039457584007913129621502 500 302624 92633671389852956338856788006950326282615987732512451231566067206330503697202 5789604461865809771178549250434395392663499233282028201972879200395656481075 17368813385597429313535647751303186177990497699846084605918637601186969443225
511 2000 553616 409 0 102
536159999 954 723129 428928000 51149663 56082336
5 1962 0 4 0 1
9362 0 913307 7490 0 1872
4566535 500 597870 3653228 228326 684981
597870000000 2000 0 478296000000 119574000000 0
10280132695680456000 0 777269 8224106156544364800 0 2056026539136091200
115792089237316195423570985008687907853269984665640564039457584007913129622666 2000 81314 92633671389852956338856788006950326282615987732512451231566067206330503698133 23158417847463239084714197001737581570653996933128112807891516801582625924533 0
17592186044416 0 832614 14073748835533 0 3518437208883
326140001 2000 727757 260912001 65228000 0
1 701 74155 1 0 0
4155 500 401569 3324 0 831
2007847 0 10000 1606278 0 401569
466646000000 337 0 373316800000 15725970200 77603229800
1162266173195950348 565 319740 929812938556760279 65668038785571194 166785195853618875
115792089237316195423570985008687907853269984665640564039457584007913129620195 2000 10000 92633671389852956338856788006950326282615987732512451231566067206330503696156 23158417847463239084714197001737581570653996933128112807891516801582625924039 0
2199023255552 500 766185 1759218604442 109951162777 329853488333
661849998 500 10000 529479999 33092499 99277500
4 1316 968516 4 0 0
8516 925 781673 6813 0 1703
3908365 2000 0 3126692 781673 0
995602000000 2000 0 796481600000 199120400000 0
6289394611019556837 2000 0 5031515688815645470 1257878922203911367 0
115792089237316195423570985008687907853269984665640564039457584007913129637430 807 0 92633671389852956338856788006950326282615987732512451231566067206330503709944 9344421601451416970682178490201114163758887762517193517984227029438589561740 13813996246011822114032018511536467406895109170610919289907289772144036365746
107839786668602559178668060348078522694548577690162289924414440996863 0 699370 86271829334882047342934448278462818155638862152129831939531552797491 0 21567957333720511835733612069615704538909715538032457984882888199372
993699998 2000 297754 794959999 198739999 0
6 0 733481 5 0 1
3481 500 0 2785 174 522
3199786 623 742216 2559829 199346 440611
742216000000 500 254806 593772800000 37110800000 111332400000
5042845217927659526 2000 10000 4034276174342127621 1008569043585531905 0
115792089237316195423570985008687907853269984665640564039457584007913129620577 500 833680 92633671389852956338856788006950326282615987732512451231566067206330503696462 5789604461865809771178549250434395392663499233282028201972879200395656481028 17368813385597429313535647751303186177990497699846084605918637601186969443087
6739986666787659948666753771754907668409286105635143120275902562304 500 861565 5391989333430127958933403017403926134727428884508114496220722049844 336999333339382997433337688587745383420464305281757156013795128115 1010998000018148992300013065763236150261392915845271468041385384345
615649998 467 0 492519999 28750854 94379145
7 2000 396552 6 0 1
6552 2000 0 5242 1310 0
2808500 2000 10000 2246800 561700 0
488791000000 500 10000 391032800000 24439550000 73318650000
637503621967993018 2000 842829 510002897574394415 127500724393598603 0
115792089237316195423570985008687907853269984665640564039457584007913129637106 500 0 92633671389852956338856788006950326282615987732512451231566067206330503709685 5789604461865809771178549250434395392663499233282028201972879200395656481855 17368813385597429313535647751303186177990497699846084605918637601186969445566
1073741823 500 57849 858993459 53687091 161061273
578489999 2000 10000 462792000 115697999 0
4 795 232181 4 0 0
2181 411 10000 1745 0 436
3912141 699 629577 3129713 273458 508970
629577000000 0 535776 503661600000 0 125915400000
354497340027331200 0 91902 283597872021864960 0 70899468005466240
115792089237316195423570985008687907853269984665640564039457584007913129628033 500 0 92633671389852956338856788006950326282615987732512451231566067206330503702427 5789604461865809771178549250434395392663499233282028201972879200395656481401 17368813385597429313535647751303186177990497699846084605918637601186969444205
3618502788666131106986593281521497120414687020801267626233049500247285301247 500 667877 2894802230932904885589274625217197696331749616641014100986439600197828240998 180925139433306555349329664076074856020734351040063381311652475012364265062 542775418299919666047988992228224568062203053120190143934957425037092795187
678769998 1944 10000 543015999 131952887 3801112
4 998 458802 4 0 0
8802 2000 0 7042 1760 0
2213365 0 931665 1770692 0 442673
931665000000 1386 235651 745332000000 129128769000 57204231000
5645723231376678005 0 632891 4516578585101342404 0 1129144646275335601
115792089237316195423570985008687907853269984665640564039457584007913129627044 0 0 92633671389852956338856788006950326282615987732512451231566067206330503701636 0 23158417847463239084714197001737581570653996933128112807891516801582625925408
131071 1257 133667 104857 0 26214
336670001 911 10000 269336001 30670637 36663363
6 2000 901873 5 0 1
1873 500 592398 1499 0 374
2961992 1148 870935 2369594 340036 252362
870935000000 2000 223894 696748000000 174187000000 0
1971026901311166634 2000 0 1576821521048933308 394205380262233326 0
115792089237316195423570985008687907853269984665640564039457584007913129633045 506 683790 92633671389852956338856788006950326282615987732512451231566067206330503706436 5859079715408199488432691841439608137375461224081412540396553750800404359432 17299338132055039596281505160297973433278535709046700267494963050782221567177
220855883097298041197912187592864814478435487109452369765200775161577471 2000 0 176684706477838432958329750074291851582748389687561895812160620129261977 44171176619459608239582437518572962895687097421890473953040155032315494 0
148200001 1013 0 118560001 15012660 14627340
5 61 601932 4 0 1
1932 500 669715 1546 0 386
3348577 500 303352 2678862 167428 502287
303352000000 0 360765 242681600000 0 60670400000
7313388562771654020 1611 384100 5850710850217323216 1178186897462513462 284490815091817342
115792089237316195423570985008687907853269984665640564039457584007913129635835 272 10000 92633671389852956338856788006950326282615987732512451231566067206330503708668 3149544827255000515521130792236311093608943582905423341873246285015237126094 20008873020208238569193066209501270477045053350222689466018270516567388801073
562949953421311 0 29375 450359962737049 0 112589990684262
293750001 500 0 235000001 14687500 44062500
11 538 953285 9 0 2
3285 2000 814455 2628 0 657
4072277 500 0 3257822 203613 610842
245763000000 0 82826 196610400000 0 49152600000
1953916029941060462 500 10000 1563132823952848370 97695801497053023 293087404491159069
115792089237316195423570985008687907853269984665640564039457584007913129632414 1453 10000 92633671389852956338856788006950326282615987732512451231566067206330503705932 16824590566182043195044864121762353011080128771917573954933186956349777735589 6333827281281195889669332879975228559573868161210538852958329845232848190893
18014398509481984 0 10000 14411518807585588 0 3602879701896396
167289999 2000 481561 133832000 33457999 0
9 1737 751620 8 0 1
1620 0 10000 1296 0 324
701551 1791 553310 561241 125647 14663
553310000000 2000 929336 442648000000 110662000000 0
738541652283475976 2000 0 590833321826780781 147708330456695195 0
115792089237316195423570985008687907853269984665640564039457584007913129633369 0 833742 92633671389852956338856788006950326282615987732512451231566067206330503706696 0 23158417847463239084714197001737581570653996933128112807891516801582625926673
93536104789177786765035829293842113257979682750464 0 441507 74828883831342229412028663435073690606383746200372 0 18707220957835557353007165858768422651595936550092
415070000 691 0 332056000 28681337 54332663
9 500 10000 8 0 1
3303 0 0 2643 0 660
103511 1831 953031 82809 0 20702
953031000000 2000 70037 762424800000 190606200000 0
4989719940122039912 2000 10000 3991775952097631930 997943988024407982 0
115792089237316195423570985008687907853269984665640564039457584007913129639489 500 10000 92633671389852956338856788006950326282615987732512451231566067206330503711592 5789604461865809771178549250434395392663499233282028201972879200395656481974 17368813385597429313535647751303186177990497699846084605918637601186969445923
47890485652059026823698344598447161988085597568237568 500 10000 38312388521647221458958675678757729590468478054590055 2394524282602951341184917229922358099404279878411878 7183572847808854023554751689767074298212839635235635
543870001 2000 0 435096001 108774000 0
5 2000 10000 4 0 1
6180 1308 214510 4944 0 1236
1072551 717 0 858041 76901 137609
263475000000 500 10000 210780000000 13173750000 39521250000
309905033356118916 500 0 247924026684895133 15495251667805945 46485755003417838
115792089237316195423570985008687907853269984665640564039457584007913129631106 978 197839 92633671389852956338856788006950326282615987732512451231566067206330503704885 11324466327409523912425242333849677388049804500299647163058951715973904077922 11833951520053715172288954667887904182604192432828465644832565085608721848299
2993155353253689176481146537402947624255349848014848 0 10000 2394524282602951341184917229922358099404279878411879 0 598631070650737835296229307480589524851069969602969
739489999 789 624702 591592000 58345760 89552239
2 70 786433 2 0 0
6433 500 438017 5147 0 1286
2190087 0 500589 1752070 0 438017
500589000000 2000 0 400471200000 100117800000 0
2484775243955077920 2000 10000 1987820195164062336 496955048791015584 0
115792089237316195423570985008687907853269984665640564039457584007913129620867 1667 158059 92633671389852956338856788006950326282615987732512451231566067206330503696694 19302541275860609777109283200948274239140106443762282025377579254119118707798 3855876571602629307604913800789307331513890489365830782513937547463507216375
226156424291633194186662080095093570025917938800079226639565593765455331327 2000 0 180925139433306555349329664076074856020734351040063381311652475012364265062 45231284858326638837332416019018714005183587760015845327913118753091066265 0
18740001 2000 10000 14992001 3748000 0
1 2000 562477 1 0 0
2477 0 585234 1982 0 495
2926172 1954 967111 2340938 571774 13460
967111000000 2000 0 773688800000 193422200000 0
889018316288129772 610 0 711214653030503818 54230117293575916 123573545964050038
115792089237316195423570985008687907853269984665640564039457584007913129636507 0 10000 92633671389852956338856788006950326282615987732512451231566067206330503709206 0 23158417847463239084714197001737581570653996933128112807891516801582625927301
536870911 2000 10000 429496729 107374182 0
187349999 1608 937398 149880000 30125879 7344120
2 0 10000 2 0 0
3341 1677 993797 2673 0 668
4968986 0 0 3975189 0 993797
120371000000 715 0 96296800000 8606526500 15467673500
964301866107671119 500 738565 771441492886136896 48215093305383555 144645279916150668
115792089237316195423570985008687907853269984665640564039457584007913129621370 1089 169331 92633671389852956338856788006950326282615987732512451231566067206330503697096 12609758517943733681626880267446113165221101330088257423896930898461739815767 10548659329519505403087316734291468405432895603039855383994585903120886108507
4 1417 10000 4 0 0
756150000 0 0 604920000 0 151230000
1 0 732242 1 0 0
2242 2000 603651 1794 0 448
3018255 500 440854 2414604 150912 452739
440854000000 0 139542 352683200000 0 88170800000
3084143349856806904 500 924748 2467314679885445524 154207167492840345 462621502478521035
115792089237316195423570985008687907853269984665640564039457584007913129635187 893 260111 92633671389852956338856788006950326282615987732512451231566067206330503708150 10340233568892336251324888961275830171297009630641702368723562251906642476422 12818184278570902833389308040461751399356987302486410439167954549675983450615
13479973333575319897333507543509815336818572211270286240551805124608 500 798930 10783978666860255917866806034807852269454857769016228992441444099687 673998666678765994866675377175490766840928610563514312027590256230 2021996000036297984600026131526472300522785831690542936082770768691
989300001 2000 695390 791440001 197860000 0
2 379 0 2 0 0
8965 500 0 7172 448 1345
4043646 2000 10000 3234917 808729 0
846903000000 0 970879 677522400000 0 169380600000
200822966226719518 500 456484 160658372981375615 10041148311335975 30123444934007928
115792089237316195423570985008687907853269984665640564039457584007913129623451 500 713107 92633671389852956338856788006950326282615987732512451231566067206330503698761 5789604461865809771178549250434395392663499233282028201972879200395656481172 17368813385597429313535647751303186177990497699846084605918637601186969443518
25711008708143844408671393477458601640355247900524685364822015 175 0 20568806966515075526937114781966881312284198320419748291857612 449942652392517277151749385855525528706216838259181993884385 4692259089236251604582529309636194799364832741845755079080018
147429999 0 696497 117944000 0 29485999
5 1852 0 4 0 1
9069 440 10000 7256 0 1813
3417635 1620 10000 2734108 553656 129871
117390000000 509 226168 93912000000 5975151000 17502849000
7613634366389095440 0 0 6090907493111276352 0 1522726873277819088
115792089237316195423570985008687907853269984665640564039457584007913129622167 424 0 92633671389852956338856788006950326282615987732512451231566067206330503697734 4909584583662206685959409764368367292978647349823159915273001561935516695979 18248833263801032398754787237369214277675349583304952892618515239647109228454
226156424291633194186662080095093570025917938800079226639565593765455331327 2000 396090 180925139433306555349329664076074856020734351040063381311652475012364265062 45231284858326638837332416019018714005183587760015845327913118753091066265 0
960899999 357 112919 768720000 34304129 157875870
7 2000 225990 6 0 1
5990 1597 0 4792 956 242
1115581 851 117986 892465 94935 128181
117986000000 2000 706500 94388800000 23597200000 0
3826531435768303000 500 10000 3061225148614642400 191326571788415150 573979715365245450
115792089237316195423570985008687907853269984665640564039457584007913129637227 560 10000 92633671389852956338856788006950326282615987732512451231566067206330503709782 6484356997289706943719975160486522839783119141275871586209624704443135259684 16674060850173532140994221841251058730870877791852241221681892097139490667761
102844034832575377634685573909834406561420991602098741459288063 0 10000 82275227866060302107748459127867525249136793281678993167430451 0 20568806966515075526937114781966881312284198320419748291857612
888430000 0 918878 710744000 0 177686000
10 1733 479473 8 0 2
9473 1281 130269 7579 0 1894
651347 0 566566 521078 0 130269
566566000000 1892 0 453252800000 107194287200 6118912800
4338160417859327562 2000 10000 3470528334287462050 867632083571865512 0
115792089237316195423570985008687907853269984665640564039457584007913129634069 2000 325175 92633671389852956338856788006950326282615987732512451231566067206330503707256 23158417847463239084714197001737581570653996933128112807891516801582625926813 0
98079714615416886934934209737619787751599303819750539263 0 0 78463771692333509547947367790095830201279443055800431411 0 19615942923083377386986841947523957550319860763950107852
761249998 2000 0 608999999 152249999 0
5 418 0 4 0 1
3079 2000 0 2464 615 0
4794692 500 361374 3835754 239734 719204
361374000000 2000 442249 289099200000 72274800000 0
4231033652513962764 2000 0 3384826922011170212 846206730502792552 0
115792089237316195423570985008687907853269984665640564039457584007913129620446 500 834059 92633671389852956338856788006950326282615987732512451231566067206330503696357 5789604461865809771178549250434395392663499233282028201972879200395656481022 17368813385597429313535647751303186177990497699846084605918637601186969443067
32768 2000 10000 26215 6553 0
676330001 368 10000 541064001 24888944 110377056
4 1884 466549 4 0 0
6549 500 978020 5240 0 1309
4890101 0 0 3912081 0 978020
380909000000 0 401091 304727200000 0 76181800000
5875663712667190520 0 0 4700530970133752416 0 1175132742533438104
115792089237316195423570985008687907853269984665640564039457584007913129620872 2000 416399 92633671389852956338856788006950326282615987732512451231566067206330503696698 23158417847463239084714197001737581570653996933128112807891516801582625924174 0
1298074214633706907132624082305023 2000 0 1038459371706965525706099265844019 259614842926741381426524816461004 0
439110000 489 10000 351288000 21472479 66349521
9 717 552873 8 0 1
2873 2000 10000 2299 0 574
485347 1804 823180 388278 0 97069
823180000000 1333 126534 658544000000 109729894000 54906106000
5879528343720845994 2000 373085 4703622674976676796 1175905668744169198 0
115792089237316195423570985008687907853269984665640564039457584007913129626850 500 10000 92633671389852956338856788006950326282615987732512451231566067206330503701480 5789604461865809771178549250434395392663499233282028201972879200395656481342 17368813385597429313535647751303186177990497699846084605918637601186969444028
19807040628566084398385987584 29 0 15845632502852867518708790068 57440417822841644755319363 3903967707890375234921878153
769749998 500 551580 615799999 38487499 115462500
4 2000 0 4 0 0
2979 500 10000 2384 0 595
3003117 500 440420 2402494 150155 450468
440420000000 2000 0 352336000000 88084000000 0
9660711552209328358 1971 677709 7728569241767462687 1904126246940458619 28016063501407052
115792089237316195423570985008687907853269984665640564039457584007913129622226 0 965888 92633671389852956338856788006950326282615987732512451231566067206330503697781 0 23158417847463239084714197001737581570653996933128112807891516801582625924445
2048 2000 0 1639 409 0
125480000 1977 0 100384000 24807396 288604
1 500 10000 1 0 0
4943 500 838989 3955 0 988
4194947 1983 0 3355958 831857 7132
420280000000 0 946283 336224000000 0 84056000000
745833474265631727 896 582533 596666779412505382 66826679294200602 82340015558925743
115792089237316195423570985008687907853269984665640564039457584007913129637402 2000 662671 92633671389852956338856788006950326282615987732512451231566067206330503709922 23158417847463239084714197001737581570653996933128112807891516801582625927480 0
12259964326927110866866776217202473468949912977468817407 645 10000 9807971461541688693493420973761978775159930381975053926 790767699086798650912907066009559538747269387046738722 1661225166298623522460448177430935155042713208447024759
1449999 0 614808 1160000 0 289999
4 1 0 4 0 0
265 863 10000 212 0 53
4571327 0 702363 3657062 0 914265
702363000000 1019 191254 561890400000 71570789700 68901810300
1279140225669716092 474 728029 1023312180535772874 60631246696744542 195196798437198676
115792089237316195423570985008687907853269984665640564039457584007913129631906 105 0 92633671389852956338856788006950326282615987732512451231566067206330503705525 1215816936991820051947495342591223032459334838989225922414304632083087861135 21942600910471419032766701659146358538194662094138886885477212169499538065246
549755813888 2000 31446 439804651111 109951162777 0
314460000 983 861187 251568000 30911418 31980582
7 1420 905754 6 0 1
5754 2000 0 4604 1150 0
1955565 1576 715809 1564452 308197 82916
715809000000 500 0 572647200000 35790450000 107371350000
11470355806911766926 500 879846 9176284645529413541 573517790345588346 1720553371036765039
115792089237316195423570985008687907853269984665640564039457584007913129620089 2000 956839 92633671389852956338856788006950326282615987732512451231566067206330503696072 23158417847463239084714197001737581570653996933128112807891516801582625924017 0
274877906944 500 0 219902325556 13743895347 41231686041
995489999 408 0 796392000 40615991 158482008
7 500 10000 6 0 1
3246 0 0 2597 0 649
2612485 0 490319 2089988 0 522497
490319000000 500 661988 392255200000 24515950000 73547850000
9540827543313324316 500 432476 7632662034650659453 477041377165666215 1431124131496998648
115792089237316195423570985008687907853269984665640564039457584007913129627459 0 10000 92633671389852956338856788006950326282615987732512451231566067206330503701968 0 23158417847463239084714197001737581570653996933128112807891516801582625925491
5192296858534827628530496329220095 219 176469 4153837486827862102824397063376076 113711301201912725064817869609920 924748070505052800641281396234099
764689998 500 0 611751999 38234499 114703500
9 257 10000 8 0 1
10 1696 590930 8 0 2
2954650 2000 0 2363720 590930 0
766386000000 130 10000 613108800000 9963018000 143314182000
2307216114750474358 1628 554114 1845772891800379487 375614783481377225 85828439468717646
115792089237316195423570985008687907853269984665640564039457584007913129625821 1476 444867 92633671389852956338856788006950326282615987732512451231566067206330503700657 17090912371427870444519077387282335199142649736648547252223939399567977932771 6067505476035368640195119614455246371511347196479565555667577402014647992393
562949953421312 2000 0 450359962737050 112589990684262 0
541960000 0 288905 433568000 0 108392000
9 500 978636 8 0 1
8636 392 10000 6909 0 1727
3829455 2000 0 3063564 765891 0
43283000000 0 10000 34626400000 0 8656600000
3742798908117616670 0 10000 2994239126494093336 0 748559781623523334
115792089237316195423570985008687907853269984665640564039457584007913129622493 744 132597 92633671389852956338856788006950326282615987732512451231566067206330503697995 8614931439256324939513681284646380344283286859123657964535644250188736843913 14543486408206914145200515717091201226370710074004454843355872551393889080585
392318858461667547739736838950479151006397215279002157056 1037 938884 313855086769334038191789471160383320805117772223201725645 40683465622474924700610710199164687959363391224432523686 37780306069858584847336657590931142241916051831367907725
388840001 435 10000 311072001 16914540 60853460
11 694 10000 9 0 2
5983 0 10000 4787 0 1196
3624066 1614 853071 2899253 584924 139889
853071000000 0 960284 682456800000 0 170614200000
1205889112374779964 2000 614081 964711289899823972 241177822474955992 0
115792089237316195423570985008687907853269984665640564039457584007913129625854 0 0 92633671389852956338856788006950326282615987732512451231566067206330503700684 0 23158417847463239084714197001737581570653996933128112807891516801582625925170
49039857307708443467467104868809893875799651909875269632 500 10000 39231885846166754773973683895047915100639721527900215706 2451992865385422173373355243440494693789982595493763481 7355978596156266520120065730321484081369947786481290445
328719999 500 0 262976000 16435999 49308000
2 2000 0 2 0 0
686 0 771552 549 0 137
3857761 679 893937 3086209 261941 509611
893937000000 500 172641 715149600000 44696850000 134090550000
2048221513725548205 0 0 1638577210980438564 0 409644302745109641
115792089237316195423570985008687907853269984665640564039457584007913129637593 0 989157 92633671389852956338856788006950326282615987732512451231566067206330503710075 0 23158417847463239084714197001737581570653996933128112807891516801582625927518
324518553658426726783156020576255 404 438486 259614842926741381426524816461004 13110549567800439762039503231280 51793161163884905594591700883971
384859999 522 385421 307888000 20089691 56882308
1 899 15412 1 0 0
5412 1223 705427 4330 0 1082
3527136 500 694746 2821709 176356 529071
694746000000 0 399704 555796800000 0 138949200000
3935559208385565096 655 146847 3148447366708452077 257779128149254513 529332713527858506
115792089237316195423570985008687907853269984665640564039457584007913129633088 0 0 92633671389852956338856788006950326282615987732512451231566067206330503706471 0 23158417847463239084714197001737581570653996933128112807891516801582625926617
3213876088517980551083924184682325205044405987565585670602752 0 476778 2571100870814384440867139347745860164035524790052468536482202 0 642775217703596110216784836936465041008881197513117134120550
767780001 0 190496 614224001 0 153556000
8 2000 117858 7 0 1
7858 142 10000 6287 0 1571
2475655 2000 207388 1980524 495131 0
207388000000 1688 193562 165910400000 35007094400 6470505600
3595105609913137710 0 131746 2876084487930510168 0 719021121982627542
115792089237316195423570985008687907853269984665640564039457584007913129628189 500 10000 92633671389852956338856788006950326282615987732512451231566067206330503702552 5789604461865809771178549250434395392663499233282028201972879200395656481409 17368813385597429313535647751303186177990497699846084605918637601186969444228
113078212145816597093331040047546785012958969400039613319782796882727665663 500 10000 90462569716653277674664832038037428010367175520031690655826237506182132531 5653910607290829854666552002377339250647948470001980665989139844136383283 16961731821872489563999656007132017751943845410005941997967419532409149849
280180000 500 10000 224144000 14009000 42027000
5 2000 0 4 1 0
2070 0 977961 1656 0 414
4889806 500 10000 3911845 244490 733471
23111000000 1801 10000 18488800000 4162291100 459908900
3470346712906395066 506 0 2776277370325116053 175599543673063590 518469798908215423
115792089237316195423570985008687907853269984665640564039457584007913129638623 2000 0 92633671389852956338856788006950326282615987732512451231566067206330503710899 23158417847463239084714197001737581570653996933128112807891516801582625927724 0
590295810358705651711 117 10000 472236648286964521369 6906460981196856125 111152701090544274217
998490000 2000 898461 798792000 199698000 0
5 1992 0 4 0 1
1133 1232 10000 907 0 226
4401650 2000 257950 3521320 880330 0
257950000000 500 205569 206360000000 12897500000 38692500000
3993483689539448718 500 846201 3194786951631558975 199674184476972435 599022553430917308
115792089237316195423570985008687907853269984665640564039457584007913129633734 14 226148 92633671389852956338856788006950326282615987732512451231566067206330503706988 162108924932242673592999379012163070994577978531896789655240617611078381487 22996308922530996411121197622725418499659418954596216018236276183971547545259
392318858461667547739736838950479151006397215279002157056 2000 183134 313855086769334038191789471160383320805117772223201725645 78463771692333509547947367790095830201279443055800431411 0
831339999 2000 10000 665072000 166267999 0
2 1648 295866 2 0 0
5866 1897 0 4693 1112 61
557347 1694 10000 445878 94414 17055
755303000000 2000 0 604242400000 151060600000 0
4534044523535489025 8 0 3627235618828391220 3627235618828391 903181669088269414
115792089237316195423570985008687907853269984665640564039457584007913129621298 0 10000 92633671389852956338856788006950326282615987732512451231566067206330503697039 0 23158417847463239084714197001737581570653996933128112807891516801582625924259
215679573337205118357336120696157045389097155380324579848828881993727 0 0 172543658669764094685868896556925636311277724304259663879063105594982 0 43135914667441023671467224139231409077819431076064915969765776398745
668479998 344 0 534783999 22995711 110700288
3 228 845880 3 0 0
5880 500 10000 4704 0 1176
3141921 0 0 2513537 0 628384
741900000000 500 447486 593520000000 37095000000 111285000000
5438342173955381600 0 369762 4350673739164305280 0 1087668434791076320
115792089237316195423570985008687907853269984665640564039457584007913129630173 0 495675 92633671389852956338856788006950326282615987732512451231566067206330503704139 0 23158417847463239084714197001737581570653996933128112807891516801582625926034
57896044618658097711785492504343953926634992332820282019728792003956564819968 0 10000 46316835694926478169428394003475163141307993866256225615783033603165251855975 0 11579208923731619542357098500868790785326998466564056403945758400791312963993
752440000 1896 0 601952000 142662624 7825376
4 2000 0 4 0 0
4281 2000 10000 3425 0 856
806347 1284 420037 645078 103534 57735
420037000000 2000 908725 336029600000 84007400000 0
16752823017553797900 1000 325996 13402258414043038320 1675282301755379790 1675282301755379790
115792089237316195423570985008687907853269984665640564039457584007913129633939 1964 10000 92633671389852956338856788006950326282615987732512451231566067206330503707152 22741566326208900781189341455706305102382224988331806777349469499154138660105 416851521254338303524855546031276468271771944796306030542047302428487266682
73786976294838206464 579 10000 59029581035870565172 4272265927471132154 10485129331496509138
809650001 998 10000 647720001 80803070 81126930
0 500 259289 0 0 0
9289 2000 0 7432 1857 0
879190 2000 0 703352 175838 0
956479000000 1470 36735 765183200000 140602413000 50693387000
3144173949934481610 2000 10000 2515339159947585288 628834789986896322 0
115792089237316195423570985008687907853269984665640564039457584007913129622984 500 895975 92633671389852956338856788006950326282615987732512451231566067206330503698388 5789604461865809771178549250434395392663499233282028201972879200395656481149 17368813385597429313535647751303186177990497699846084605918637601186969443447
13479973333575319897333507543509815336818572211270286240551805124607 0 342057 10783978666860255917866806034807852269454857769016228992441444099686 0 2695994666715063979466701508701963067363714442254057248110361024921
420570000 2000 675763 336456000 84114000 0
7 0 104146 6 0 1
4146 1602 748770 3317 0 829
3743850 950 10000 2995080 355665 393105
938554000000 1127 523933 750843200000 105775035800 81935764200
8378589794448794121 500 824066 6702871835559035297 418929489722439706 1256788469167319118
115792089237316195423570985008687907853269984665640564039457584007913129635869 2000 325881 92633671389852956338856788006950326282615987732512451231566067206330503708696 23158417847463239084714197001737581570653996933128112807891516801582625927173 0
10384593717069655257060992658440192 500 717469 8307674973655724205648794126752154 519229685853482762853049632922009 1557689057560448288559148898766029
174690000 419 922693 139752000 7319511 27618489
5 0 529481 4 0 1
9481 563 0 7585 533 1363
2830770 500 0 2264616 141538 424616
868623000000 0 949583 694898400000 0 173724600000
8253733556050351904 1429 516742 6602986844840281524 1179458525159595287 471288186050475093
115792089237316195423570985008687907853269984665640564039457584007913129623193 2000 10000 92633671389852956338856788006950326282615987732512451231566067206330503698555 23158417847463239084714197001737581570653996933128112807891516801582625924638 0
50216813883093446110686315385661331328818843555712276103167 0 0 40173451106474756888549052308529065063055074844569820882534 0 10043362776618689222137263077132266265763768711142455220633
490001 1311 10000 392001 64239 33761
5 500 10000 4 0 1
1752 2000 10000 1402 0 350
2035400 2000 926866 1628320 407080 0
926866000000 0 0 741492800000 0 185373200000
4861306540911251012 500 480025 3889045232729000810 243065327045562550 729195981136687652
115792089237316195423570985008687907853269984665640564039457584007913129639910 500 0 92633671389852956338856788006950326282615987732512451231566067206330503711928 5789604461865809771178549250434395392663499233282028201972879200395656481995 17368813385597429313535647751303186177990497699846084605918637601186969445987
3064991081731777716716694054300618367237478244367204352 2000 0 2451992865385422173373355243440494693789982595493763482 612998216346355543343338810860123673447495648873440870 0
515389999 2000 10000 412312000 103077999 0
1 1134 0 1 0 0
4775 500 346569 3820 0 955
1732845 500 314260 1386276 86642 259927
314260000000 500 0 251408000000 15713000000 47139000000
2279408352583181540 1314 95498 1823526682066545232 299514257529430054 156367412987206254
115792089237316195423570985008687907853269984665640564039457584007913129624437 111 10000 92633671389852956338856788006950326282615987732512451231566067206330503699550 1285292190534209769201637933596435777171296829788610260837979182487835738831 21873125656929029315512559068141145793482700103339502547053537619094790186056
89202980794122492566142873090593446023921664 0 419088 71362384635297994052914298472474756819137332 0 17840596158824498513228574618118689204784332
190879998 1050 643454 152703999 20042399 18133600
2 2000 0 2 0 0
1521 2000 320327 1217 0 304
1601637 0 61480 1281310 0 320327
61480000000 1848 538779 49184000000 11361504000 934496000
2534838954591852784 2000 10000 2027871163673482228 506967790918370556 0
115792089237316195423570985008687907853269984665640564039457584007913129625975 2000 10000 92633671389852956338856788006950326282615987732512451231566067206330503700780 23158417847463239084714197001737581570653996933128112807891516801582625925195 0
1152921504606846975 2000 654354 922337203685477580 230584300921369395 0
543539999 861 10000 434832000 46798793 61909206
6 1072 10000 5 0 1
6468 595 0 5175 384 909
3390681 0 10000 2712545 0 678136
325932000000 0 10000 260745600000 0 65186400000
151803463618106215 753 934214 121442770894484972 11430800810443397 18929891913177846
115792089237316195423570985008687907853269984665640564039457584007913129625721 0 0 92633671389852956338856788006950326282615987732512451231566067206330503700577 0 23158417847463239084714197001737581570653996933128112807891516801582625925144
25108406941546723055343157692830665664409421777856138051584 0 0 20086725553237378444274526154264532531527537422284910441268 0 5021681388309344611068631538566133132881884355571227610316
913490000 0 838776 730792000 0 182698000
0 1715 0 0 0 0
1627 500 436862 1302 0 325
2184311 1699 360272 1747449 371114 65748
360272000000 500 0 288217600000 18013600000 54040800000
9681290396956333030 0 153599 7745032317565066424 0 1936258079391266606
115792089237316195423570985008687907853269984665640564039457584007913129626336 0 240957 92633671389852956338856788006950326282615987732512451231566067206330503701069 0 23158417847463239084714197001737581570653996933128112807891516801582625925267
131072 621 10000 104858 8139 18075
417329999 0 322257 333864000 0 83465999
1 780 10000 1 0 0
1662 1155 737844 1330 0 332
3689221 1851 661376 2951377 682874 54970
661376000000 0 10000 529100800000 0 132275200000
490086923173149220 2000 850656 392069538538519376 98017384634629844 0
115792089237316195423570985008687907853269984665640564039457584007913129629279 0 0 92633671389852956338856788006950326282615987732512451231566067206330503703424 0 23158417847463239084714197001737581570653996933128112807891516801582625925855
4398046511103 0 0 3518437208883 0 879609302220
815949999 20 912166 652760000 1631899 161558100
10 2000 910625 8 0 2
625 500 10000 500 0 125
1116067 0 0 892854 0 223213
271038000000 0 0 216830400000 0 54207600000
9610362113833636850 0 0 7688289691066909480 0 1922072422766727370
115792089237316195423570985008687907853269984665640564039457584007913129631814 0 528377 92633671389852956338856788006950326282615987732512451231566067206330503705452 0 23158417847463239084714197001737581570653996933128112807891516801582625926362
55213970774324510299478046898216203619608871777363092441300193790394368 215 37785 44171176619459608239582437518572962895687097421890473953040155032315495 1187100371647976971438778008311648377821590743213306487487954166493478 9855693783216925088456831371331592346100183612259312000772084591585395
377850001 1163 0 302280001 43943955 31626045
3 2000 386435 3 0 0
6435 372 524313 5148 0 1287
2621566 2000 0 2097253 524313 0
776912000000 500 10000 621529600000 38845600000 116536800000
6113206529934645492 869 0 4890565223947716394 531237647451320693 691403658535608405
115792089237316195423570985008687907853269984665640564039457584007913129632089 2000 0 92633671389852956338856788006950326282615987732512451231566067206330503705672 23158417847463239084714197001737581570653996933128112807891516801582625926417 0
1361129467683753853853498429727072845824 2000 579530 1088903574147003083082798743781658276660 272225893536750770770699685945414569164 0
795300000 500 27369 636240000 39765000 119295000
1 2000 0 1 0 0
9835 500 631212 7868 0 1967
3156062 500 33081 2524850 157803 473409
33081000000 1664 10000 26464800000 5504678400 1111521600
8353350520865120700 0 10000 6682680416692096560 0 1670670104173024140
115792089237316195423570985008687907853269984665640564039457584007913129634225 440 10000 92633671389852956338856788006950326282615987732512451231566067206330503707380 5094851926441912598637123340382267945543879325288184817736133696348177703905 18063565921021326486077073661355313625110117607839927990155383105234448222940
51422017416287688817342786954917203280710495801049370729644031 1462 0 41137613933030151053874229563933762624568396640839496583715225 7517898946261260105095515452808895119639874486113418000673957 2766504536996277658373041938174545536502224674096456145254849
471120001 2000 153056 376896001 94224000 0
4 1041 10000 4 0 0
8919 500 366705 7136 0 1783
1833526 1258 0 1466821 230657 136048
399494000000 2000 0 319595200000 79898800000 0
5656979159448484704 2000 931800 4525583327558787764 1131395831889696940 0
115792089237316195423570985008687907853269984665640564039457584007913129628135 500 117886 92633671389852956338856788006950326282615987732512451231566067206330503702508 5789604461865809771178549250434395392663499233282028201972879200395656481406 17368813385597429313535647751303186177990497699846084605918637601186969444221
5986310706507378352962293074805895248510699696029696 0 773120 4789048565205902682369834459844716198808559756823757 0 1197262141301475670592458614961179049702139939205939
731200000 1238 642080 584960000 90522560 55717440
0 1844 0 0 0 0
9543 2000 519318 7635 0 1908
2596591 500 989129 2077273 129829 389489
989129000000 2000 10000 791303200000 197825800000 0
30922646755438560 0 0 24738117404350848 0 6184529351087712
115792089237316195423570985008687907853269984665640564039457584007913129630543 0 729269 92633671389852956338856788006950326282615987732512451231566067206330503704435 0 23158417847463239084714197001737581570653996933128112807891516801582625926108
2047 500 824479 1638 0 409
244790001 1183 0 195832001 28958657 19999343
3 1911 375998 3 0 0
5998 1076 0 4799 645 554
1700632 1476 558987 1360506 251013 89113
558987000000 734 0 447189600000 41029645800 70767754200
3127122253174838688 2000 0 2501697802539870951 625424450634967737 0
115792089237316195423570985008687907853269984665640564039457584007913129634163 73 10000 92633671389852956338856788006950326282615987732512451231566067206330503707331 845282251432408226592068190563421727328870888059176117488040363257765846329 22313135596030830858122128811174159843325126045068936690403476438324860080503
4398046511103 1067 0 3518437208883 469271562734 410337739486
640029998 0 10000 512023999 0 128005999
3 598 528102 3 0 0
8102 500 796491 6482 0 1620
3982455 753 10000 3185964 299878 496613
436781000000 500 10000 349424800000 21839050000 65517150000
5456923199056153608 2000 0 4365538559244922887 1091384639811230721 0
115792089237316195423570985008687907853269984665640564039457584007913129634939 2000 111985 92633671389852956338856788006950326282615987732512451231566067206330503707952 23158417847463239084714197001737581570653996933128112807891516801582625926987 0
680564733841876926926749214863536422912 500 440336 544451787073501541541399371890829138330 34028236692093846346337460743176821145 102084710076281539039012382229530463437
403360000 2000 10000 322688000 80672000 0
8 2000 0 7 1 0
5882 637 10000 4706 0 1176
4521502 680 10000 3617202 307462 596838
417178000000 0 10000 333742400000 0 83435600000
5495406784294184694 500 10000 4396325427435347756 274770339214709234 824311017644127704
115792089237316195423570985008687907853269984665640564039457584007913129623198 1032 984147 92633671389852956338856788006950326282615987732512451231566067206330503698559 11949743609291031367712525652896592090457462417494106208872022669616634977114 11208674238172207717001671348840989480196534515634006599019494131965990947525
64 0 351883 52 0 12
518830000 1360 10000 415064000 70560880 33205120
1 500 0 1 0 0
2504 1218 810527 2004 0 500
4052635 500 683736 3242108 202631 607896
683736000000 1015 153438 546988800000 69399204000 67347996000
2964482697803471162 798 614052 2371586158242776930 236565719284716998 356330820275977234
115792089237316195423570985008687907853269984665640564039457584007913129625883 2000 0 92633671389852956338856788006950326282615987732512451231566067206330503700707 23158417847463239084714197001737581570653996933128112807891516801582625925176 0
65535 2000 10000 52428 13107 0
118770001 2000 10000 95016001 23754000 0
3 850 0 3 0 0
9240 1278 597159 7392 0 1848
2985796 0 59423 2388637 0 597159
59423000000 2000 0 47538400000 11884600000 0
13846323482545336068 250 0 11077058786036268855 346158087063633401 2423106609445433812
115792089237316195423570985008687907853269984665640564039457584007913129625005 500 955360 92633671389852956338856788006950326282615987732512451231566067206330503700004 5789604461865809771178549250434395392663499233282028201972879200395656481250 17368813385597429313535647751303186177990497699846084605918637601186969443751
16384 0 938686 13108 0 3276
386860000 2000 10000 309488000 77372000 0
10 2000 10000 8 0 2
278 2000 978245 223 0 55
4891225 1460 10000 3912980 714118 264127
891439000000 497 10000 713151200000 44304518300 133983281700
2666387138864650708 500 0 2133109711091720567 133319356943232535 399958070829697606
115792089237316195423570985008687907853269984665640564039457584007913129626778 1710 0 92633671389852956338856788006950326282615987732512451231566067206330503701423 19800447259581069417430638436485632242909167377824536450747246865353145166179 3357970587882169667283558565251949327744829555303576357144269936229480759176
196159429230833773869868419475239575503198607639501078527 1285 416473 156927543384667019095894735580191660402558886111600862822 25206486656162139942278091902568285452161021081675888590 14025399190004614831695591992479629648478700446224327115
164729998 0 48842 131783999 0 32945999
2 1333 469581 2 0 0
9581 595 726102 7665 0 1916
3630510 500 10000 2904408 181525 544577
890139000000 500 624379 712111200000 44506950000 133520850000
13570738023878740081 908 10000 10856590419102992065 1232223012568189599 1481924592207558417
115792089237316195423570985008687907853269984665640564039457584007913129622004 500 253642 92633671389852956338856788006950326282615987732512451231566067206330503697604 5789604461865809771178549250434395392663499233282028201972879200395656481100 17368813385597429313535647751303186177990497699846084605918637601186969443300
1809251394333065553493296640760748560207343510400633813116524750123642650624 2000 0 1447401115466452442794637312608598848165874808320507050493219800098914120500 361850278866613110698659328152149712041468702080126762623304950024728530124 0
709789998 855 10000 567831999 60687044 81270955
8 1548 0 7 1 0
3809 0 331692 3048 0 761
1658461 1551 10000 1326769 257227 74465
567304000000 1142 313669 453843200000 64786116800 48674683200
1096342691388596454 2000 10000 877074153110877164 219268538277719290 0
115792089237316195423570985008687907853269984665640564039457584007913129623396 105 0 92633671389852956338856788006950326282615987732512451231566067206330503698717 1215816936991820051947495342591223032459334838989225922414304632083087861045 21942600910471419032766701659146358538194662094138886885477212169499538063634
6427752177035961102167848369364650410088811975131171341205503 500 28558 5142201741628768881734278695491720328071049580104937072964403 321387608851798055108392418468232520504440598756558567060275 964162826555394165325177255404697561513321796269675701180825
285579999 0 10000 228464000 0 57115999
10 500 0 8 0 2
5226 500 211827 4181 0 1045
1059136 0 10000 847309 0 211827
902593000000 1363 643546 722074400000 123023425900 57495174100
1288048399069318348 1387 10000 1030438719255454679 178652312950914454 78957366862949215
115792089237316195423570985008687907853269984665640564039457584007913129620029 500 10000 92633671389852956338856788006950326282615987732512451231566067206330503696024 5789604461865809771178549250434395392663499233282028201972879200395656481001 17368813385597429313535647751303186177990497699846084605918637601186969443004
174224571863520493293247799005065324265471 1576 123878 139379657490816394634598239204052259412377 27457792525690829743015853123198295104238 7387121847013268915633706677814769748856
238780000 1005 927765 191024000 23997390 23758610
9 2000 305862 8 0 1
5862 1564 0 4690 916 256
962602 1338 845747 770082 128796 63724
845747000000 1246 904651 676597600000 105380076200 63769323800
5093734211336999277 500 10000 4074987369069599422 254686710566849963 764060131700549892
115792089237316195423570985008687907853269984665640564039457584007913129631922 2000 0 92633671389852956338856788006950326282615987732512451231566067206330503705538 23158417847463239084714197001737581570653996933128112807891516801582625926384 0
822752278660603021077484591278675252491367932816789931674304512 2000 0 658201822928482416861987673022940201993094346253431945339443610 164550455732120604215496918255735050498273586563357986334860902 0
86579999 500 0 69264000 4328999 12987000
7 2000 276223 6 0 1
6223 0 364692 4979 0 1244
1823461 0 0 1458769 0 364692
598372000000 1429 10000 478697600000 85507358800 34167041200
886704092558578000 0 0 709363274046862400 0 177340818511715600
115792089237316195423570985008687907853269984665640564039457584007913129635683 500 0 92633671389852956338856788006950326282615987732512451231566067206330503708547 5789604461865809771178549250434395392663499233282028201972879200395656481784 17368813385597429313535647751303186177990497699846084605918637601186969445352
7237005577332262213973186563042994240829374041602535252466099000494570602496 159 72179 5789604461865809771178549250434395392663499233282028201972879200395656481997 115068388679582969202173666352383608429187047261480310514210974107863672579 1332332726786869473592463646256215239736687761059026739979008825991050447920
721789998 2000 897512 577431999 144357999 0
0 2000 242617 0 0 0
2617 2000 457115 2094 0 523
2285577 1516 380739 1828462 346493 110622
380739000000 425 941718 304591200000 16181407500 59966392500
7939876864654742774 132 0 6351901491723794220 104806374613442604 1483168998317505950
115792089237316195423570985008687907853269984665640564039457584007913129626303 489 10000 92633671389852956338856788006950326282615987732512451231566067206330503701043 5662233163704761956212621166924838694024902250149823581529475857986952038726 17496184683758477128501575834812742876629094682978289226362040943595673886534
24519928653854221733733552434404946937899825954937634816 1018 755645 19615942923083377386986841947523957550319860763950107853 2496128736962359772494075637822423598278202282212651224 2407856993808484574252634849058565789301762908774875739
556449998 687 0 445159999 38228114 73061885
11 1558 0 9 1 1
1269 500 611785 1016 0 253
3058927 788 10000 2447142 241043 370742
458080000000 500 0 366464000000 22904000000 68712000000
681175749082668300 0 943560 544940599266134640 0 136235149816533660
115792089237316195423570985008687907853269984665640564039457584007913129636375 62 0 92633671389852956338856788006950326282615987732512451231566067206330503709100 717910953271360411626140107053865028690273904926971497044637020849061403745 22440506894191878673088056894683716541963723028201141310846879780733564523530
27606985387162255149739023449108101809804435888681546220650096895197183 991 10000 22085588309729804119791218759286481447843548710945236976520077516157747 2735852251867779485339137223806612889351619596568341230466424602314040 2785544825564671544608667466015007472609267581167968013663594776725396
943329998 224 20535 754663999 21130591 167535408
11 1243 411227 9 0 2
1227 500 0 982 61 184
12381 500 10000 9905 619 1857
289951000000 2000 920779 231960800000 57990200000 0
1142855807047695381 1564 399660 914284645638156305 178742648222259557 49828513187279519
115792089237316195423570985008687907853269984665640564039457584007913129620275 103 251141 92633671389852956338856788006950326282615987732512451231566067206330503696220 1192658519144356812862781145589485450888680842056097809606413115281505235088 21965759328318882271851415856148096119765316091072014998285103686301120688967
10141204801825835211973625643008 500 10000 8112963841460668169578900514407 507060240091291760598681282150 1521180720273875281796043846451
521900001 0 10000 417520001 0 104380000
3 1623 60300 3 0 0
300 830 534957 240 0 60
2674786 1390 44811 2139829 371795 163162
44811000000 0 759143 35848800000 0 8962200000
1439760420180009690 0 482987 1151808336144007752 0 287952084036001938
115792089237316195423570985008687907853269984665640564039457584007913129636948 1752 876821 92633671389852956338856788006950326282615987732512451231566067206330503709559 20286774034377797438209636573522121455892901313420226819712968718186380312393 2871643813085441646504560428215460114761095619707885988178548083396245614996
50216813883093446110686315385661331328818843555712276103167 2000 98219 40173451106474756888549052308529065063055074844569820882534 10043362776618689222137263077132266265763768711142455220633 0
982190000 2000 482179 785752000 196438000 0
11 193 72686 9 0 2
2686 0 0 2149 0 537
1987436 500 0 1589949 99371 298116
409806000000 1912 10000 327844800000 78354907200 3606292800
862223325243796692 390 917688 689778660195037354 33626709684508070 138817955364251268
115792089237316195423570985008687907853269984665640564039457584007913129622247 500 0 92633671389852956338856788006950326282615987732512451231566067206330503697798 5789604461865809771178549250434395392663499233282028201972879200395656481112 17368813385597429313535647751303186177990497699846084605918637601186969443337
22300745198530623141535718272648361505980415 500 115072 17840596158824498513228574618118689204784332 1115037259926531157076785913632418075299020 3345111779779593471230357740897254225897063
150720001 2000 37554 120576001 30144000 0
2 0 10000 2 0 0
5599 702 10000 4480 0 1119
3696537 132 10000 2957230 48794 690513
343467000000 1129 0 274773600000 38777424300 29915975700
2253699461020698210 41 566088 1802959568816558568 9240167790184862 441499724413954780
115792089237316195423570985008687907853269984665640564039457584007913129633847 0 10000 92633671389852956338856788006950326282615987732512451231566067206330503707078 0 23158417847463239084714197001737581570653996933128112807891516801582625926769
1073741824 1291 10000 858993460 138620069 76128295
156789999 522 731881 125432000 8184437 23173562
1 1530 556053 1 0 0
6053 0 0 4843 0 1210
4706126 0 10000 3764901 0 941225
837907000000 2000 58887 670325600000 167581400000 0
2261195032682066091 877 10000 1808956026145652873 198306804366217196 253932202170196022
115792089237316195423570985008687907853269984665640564039457584007913129639082 0 0 92633671389852956338856788006950326282615987732512451231566067206330503711266 0 23158417847463239084714197001737581570653996933128112807891516801582625927816
26959946667150639794667015087019630673637144422540572481103610249215 605 10000 21567957333720511835733612069615704538909715538032457984882888199372 1631076773362613707577354412764687655755047237563704635106768420077 3760912560067514251356048604639238478972381646944409861113953629766
903670001 2000 10000 722936001 180734000 0
6 2000 212948 5 0 1
2948 500 29304 2359 0 589
146521 1516 0 117217 22212 7092
621930000000 500 685920 497544000000 31096500000 93289500000
16674761229415587360 571 0 13339808983532469888 952128866199630038 2382823379683487434
115792089237316195423570985008687907853269984665640564039457584007913129631502 500 604043 92633671389852956338856788006950326282615987732512451231566067206330503705202 5789604461865809771178549250434395392663499233282028201972879200395656481575 17368813385597429313535647751303186177990497699846084605918637601186969444725
19807040628566084398385987583 0 290540 15845632502852867518708790067 0 3961408125713216879677197516
905399999 500 637364 724320000 45269999 135810000
0 2000 284595 0 0 0
4595 500 13567 3676 0 919
67837 1925 313158 54270 0 13567
313158000000 2000 606561 250526400000 62631600000 0
2015095715683248200 0 175965 1612076572546598560 0 403019143136649640
115792089237316195423570985008687907853269984665640564039457584007913129623970 0 457082 92633671389852956338856788006950326282615987732512451231566067206330503699176 0 23158417847463239084714197001737581570653996933128112807891516801582625924794
1180591620717411303424 129 172628 944473296573929042740 15229631907254605814 220888692236227654870
726279999 977 0 581024000 70957555 74298444
9 458 0 8 0 1
8861 1463 10000 7089 0 1772
3944651 2000 400855 3155721 788930 0
400855000000 2000 10000 320684000000 80171000000 0
12337100460046327224 1761 754551 9869680368037061780 2172563391014158224 294856700995107220
115792089237316195423570985008687907853269984665640564039457584007913129625384 0 0 92633671389852956338856788006950326282615987732512451231566067206330503700308 0 23158417847463239084714197001737581570653996933128112807891516801582625925076
348449143727040986586495598010130648530943 0 10000 278759314981632789269196478408104518824755 0 69689828745408197317299119602026129706188
867609999 500 0 694088000 43380499 130141500
4 2000 245994 4 0 0
5994 2000 834625 4796 0 1198
4173127 0 0 3338502 0 834625
988463000000 672 0 790770400000 66424713600 131267886400
4535171963452006137 2000 10000 3628137570761604910 907034392690401227 0
115792089237316195423570985008687907853269984665640564039457584007913129620774 0 152708 92633671389852956338856788006950326282615987732512451231566067206330503696620 0 23158417847463239084714197001737581570653996933128112807891516801582625924154
170141183460469231731687303715884105728 1960 987254 136112946768375385385349842972707284583 33347671958251969419410711528313284722 680564733841876926926749214863536423
872540000 123 952718 698032000 10732242 163775758
10 500 863358 8 0 2
3358 0 631052 2687 0 671
3155261 0 301218 2524209 0 631052
301218000000 2000 35003 240974400000 60243600000 0
15480621627768569558 2000 0 12384497302214855647 3096124325553713911 0
115792089237316195423570985008687907853269984665640564039457584007913129630749 827 391618 92633671389852956338856788006950326282615987732512451231566067206330503704600 9576005779926049361529320460218489979465427731848474646063142197454415820462 13582412067537189723184876541519091591188569201279638161828374604128210105687
1 1639 10000 1 0 0
865369999 500 0 692296000 43268499 129805500
1 1261 715659 1 0 0
5659 308 10000 4528 0 1131
1278576 1415 10000 1022861 180918 74797
980269000000 1225 10000 784215200000 120082952500 75970847500
10102842722191092984 1694 177581 8082274177752874388 1711421557139171151 309146987299047445
115792089237316195423570985008687907853269984665640564039457584007913129622354 1546 10000 92633671389852956338856788006950326282615987732512451231566067206330503697884 17901456996089083812484074282343150554115539629308031200500142487623369839615 5256960851374155272230122719394431016538457303820081607391374313959256084855
137438953472 0 641772 109951162778 0 27487790694
417720000 0 0 334176000 0 83544000
1 1373 689496 1 0 0
9496 1584 814411 7597 0 1899
4072056 0 198821 3257645 0 814411
198821000000 500 802984 159056800000 9941050000 29823150000
7615416105519673512 1476 37964 6092332884415738810 1124035417174703810 399047803929230892
115792089237316195423570985008687907853269984665640564039457584007913129621971 500 222428 92633671389852956338856788006950326282615987732512451231566067206330503697577 5789604461865809771178549250434395392663499233282028201972879200395656481098 17368813385597429313535647751303186177990497699846084605918637601186969443296
2475880078570760549798248447 2000 0 1980704062856608439838598758 495176015714152109959649689 0
798370001 0 10000 638696001 0 159674000
10 0 0 8 0 2
8585 1957 10000 6868 0 1717
154150 0 0 123320 0 30830
890905000000 500 10000 712724000000 44545250000 133635750000
4573826557088609788 500 0 3659061245670887831 228691327854430489 686073983563291468
115792089237316195423570985008687907853269984665640564039457584007913129620194 1563 10000 92633671389852956338856788006950326282615987732512451231566067206330503696156 18098303547792521344704144956857919997466098603239620159367220380436822159636 5060114299670717740010052044879661573187898329888492648524296421145803764402
411376139330301510538742295639337626245683966408394965837152255 316 597904 329100911464241208430993836511470100996547173126715972669721804 12999486002837527733024256542203068989363613338505280920454011 69275741863222774374724202585664456259773179943173712246976440
979039999 1629 260539 783232000 159485615 36322384
3 2000 0 3 0 0
8931 500 10000 7145 0 1786
3390927 2000 264934 2712742 678185 0
264934000000 94 0 211947200000 2490379600 50496420400
286914954682437158 400 10000 229531963745949727 11476598187297486 45906392749189945
115792089237316195423570985008687907853269984665640564039457584007913129639870 1111 578449 92633671389852956338856788006950326282615987732512451231566067206330503711896 12864501114265829311558736434465226562498295296352666664783737583279148702989 10293916733197409773155460567272355008155701636775446143107779218303477224985
332306998946228968225951765070086143 437 683343 265845599156983174580761412056068915 14521815853950205911474092133562764 51939583935295587733716260880454464
833430001 500 0 666744001 41671500 125014500
7 500 731647 6 0 1
1647 500 211298 1318 0 329
1056491 720 33839 845193 76067 135231
33839000000 500 891425 27071200000 1691950000 5075850000
2034289659167803275 215 0 1627431727334242620 43737227672107770 363120704161452885
115792089237316195423570985008687907853269984665640564039457584007913129628921 500 0 92633671389852956338856788006950326282615987732512451231566067206330503703137 5789604461865809771178549250434395392663499233282028201972879200395656481446 17368813385597429313535647751303186177990497699846084605918637601186969444338
13479973333575319897333507543509815336818572211270286240551805124608 698 0 10783978666860255917866806034807852269454857769016228992441444099687 940902138683557328833878826536985110509936340346665979590515997697 1755092528031506650632822682164977956853778101907391268519845027224
425800000 1430 677666 340640000 60889400 24270600
6 0 237108 5 0 1
7108 0 662215 5687 0 1421
3311076 2000 0 2648861 662215 0
193769000000 646 810984 155015200000 12517477400 26236322600
25824992447940264 2000 10000 20659993958352212 5164998489588052 0
115792089237316195423570985008687907853269984665640564039457584007913129636769 2000 911568 92633671389852956338856788006950326282615987732512451231566067206330503709416 23158417847463239084714197001737581570653996933128112807891516801582625927353 0
27606985387162255149739023449108101809804435888681546220650096895197183 2000 402220 22085588309729804119791218759286481447843548710945236976520077516157747 5521397077432451029947804689821620361960887177736309244130019379039436 0
22199998 500 255813 17759999 1109999 3330000
9 2000 0 8 1 0
831 1401 807888 665 0 166
4039441 937 0 3231553 378495 429393
426817000000 2000 10000 341453600000 85363400000 0
148810765347545208 2000 674541 119048612278036167 29762153069509041 0
115792089237316195423570985008687907853269984665640564039457584007913129625394 1419 722493 92633671389852956338856788006950326282615987732512451231566067206330503700316 16430897462775168130604722772732814124379010824054396037199031170722873093843 6727520384688070954109474229004767446274986109073716770692485630859752831235
100433627766186892221372630771322662657637687111424552206336 416 59013 80346902212949513777098104617058130126110149689139641765069 4178038915073374716409101440087022766557727783835261371783 15908686638164003727865424714177509764969809638449649069484
590130000 500 10000 472104000 29506500 88519500
9 541 260559 8 0 1
559 2000 10000 448 0 111
3198936 2000 0 2559149 639787 0
759805000000 500 719392 607844000000 37990250000 113970750000
13598372485917095520 0 10000 10878697988733676416 0 2719674497183419104
115792089237316195423570985008687907853269984665640564039457584007913129636006 500 8017 92633671389852956338856788006950326282615987732512451231566067206330503708805 5789604461865809771178549250434395392663499233282028201972879200395656481800 17368813385597429313535647751303186177990497699846084605918637601186969445401
10889035741470030830827987437816582766591 1803 715307 8711228593176024664662389950253266213273 1963293144187046558798286135038329872816 214514004106959607367311352524986680502
153069999 723 10000 122456000 11066960 19547039
6 2000 0 5 1 0
5600 556 10000 4480 0 1120
2235695 1525 11684 1788556 340943 106196
11684000000 1323 471561 9347200000 1545793200 791006800
237605255899214637 500 0 190084204719371710 11880262794960731 35640788384882196
115792089237316195423570985008687907853269984665640564039457584007913129628486 1702 10000 92633671389852956338856788006950326282615987732512451231566067206330503702789 19707813588191216461091781648478681916626551390092023999515680798146814662768 3450604259272022623622415353258899654027445543036088808375836003435811262929
205688069665150755269371147819668813122841983204197482918576127 0 573979 164550455732120604215496918255735050498273586563357986334860902 0 41137613933030151053874229563933762624568396640839496583715225
739790001 2000 81230 591832001 147958000 0
10 1368 10000 8 0 2
388 105 695976 311 0 77
3479880 500 216079 2783904 173994 521982
216079000000 500 0 172863200000 10803950000 32411850000
2306408083206425884 2000 0 1845126466565140708 461281616641285176 0
115792089237316195423570985008687907853269984665640564039457584007913129636688 2000 319867 92633671389852956338856788006950326282615987732512451231566067206330503709351 23158417847463239084714197001737581570653996933128112807891516801582625927337 0
102844034832575377634685573909834406561420991602098741459288063 500 10000 82275227866060302107748459127867525249136793281678993167430451 5142201741628768881734278695491720328071049580104937072964403 15426605224886306645202836086475160984213148740314811218893209
114499998 0 31505 91599999 0 22899999
1 98 745395 1 0 0
5395 0 0 4316 0 1079
479832 2000 0 383866 95966 0
100970000000 500 306407 80776000000 5048500000 15145500000
6265714152513923928 1693 0 5012571322011139143 1060785406020607321 192357424482177464
115792089237316195423570985008687907853269984665640564039457584007913129626413 2000 404992 92633671389852956338856788006950326282615987732512451231566067206330503701131 23158417847463239084714197001737581570653996933128112807891516801582625925282 0
441711766194596082395824375185729628956870974218904739530401550323154943 0 0 353369412955676865916659500148583703165496779375123791624321240258523955 0 88342353238919216479164875037145925791374194843780947906080310064630988
203249998 1942 21929 162599999 39471149 1178850
5 500 413787 4 0 1
3787 494 10000 3030 0 757
1922512 759 935496 1538010 145918 238584
935496000000 500 569396 748396800000 46774800000 140324400000
2863996321124107708 231 999886 2291197056899286167 66158315017966888 506640949206854653
115792089237316195423570985008687907853269984665640564039457584007913129620049 0 0 92633671389852956338856788006950326282615987732512451231566067206330503696040 0 23158417847463239084714197001737581570653996933128112807891516801582625924009
23384026197294446691258957323460528314494920687616 500 768849 18707220957835557353007165858768422651595936550093 1169201309864722334562947866173026415724746034380 3507603929594167003688843598519079247174238103143
688489999 1582 511871 550792000 108919117 28778882
11 2000 204084 9 0 2
4084 566 743252 3268 0 816
3716260 0 132762 2973008 0 743252
132762000000 500 753164 106209600000 6638100000 19914300000
3678415869275668420 0 10000 2942732695420534736 0 735683173855133684
115792089237316195423570985008687907853269984665640564039457584007913129636608 2000 10000 92633671389852956338856788006950326282615987732512451231566067206330503709287 23158417847463239084714197001737581570653996933128112807891516801582625927321 0
2361183241434822606848 500 0 1888946593147858085479 118059162071741130342 354177486215223391027
839619998 0 10000 671695999 0 167923999
4 500 0 4 0 0
9604 1269 795712 7684 0 1920
3978561 131 44129 3182849 52119 743593
44129000000 2000 0 35303200000 8825800000 0
4909120254945879872 2000 0 3927296203956703898 981824050989175974 0
115792089237316195423570985008687907853269984665640564039457584007913129637203 1227 10000 92633671389852956338856788006950326282615987732512451231566067206330503709763 14207689349418697178472159860566006293596227118474097207641445557770941006484 8950728498044541906242037141171575277057769814654015600250071243811684920956
98079714615416886934934209737619787751599303819750539263 500 0 78463771692333509547947367790095830201279443055800431411 4903985730770844346746710486880989387579965190987526963 14711957192312533040240131460642968162739895572962580889
348519999 500 675126 278816000 17425999 52278000
10 2000 685938 8 0 2
5938 579 565902 4751 0 1187
2829510 500 0 2263608 141475 424427
325550000000 1218 10000 260440000000 39651990000 25458010000
647853405459900160 0 215692 518282724367920128 0 129570681091980032
115792089237316195423570985008687907853269984665640564039457584007913129624243 33 234881 92633671389852956338856788006950326282615987732512451231566067206330503699395 382113894483143444897784250528670095915790949396613861330210027226113327760 22776303952980095639816412751208911474738205983731498946561306774356512597088
1267650600228229401496703205375 500 0 1014120480182583521197362564300 63382530011411470074835160268 190147590034234410224505480807
209499999 1660 832910 167600000 34776999 7123000
10 0 0 8 0 2
3024 888 677860 2420 0 604
3389302 1412 829643 2711442 478569 199291
829643000000 1163 0 663714400000 96487480900 69441119100
2535853194371328839 500 0 2028682555497063072 126792659718566441 380377979155699326
115792089237316195423570985008687907853269984665640564039457584007913129627782 586 265825 92633671389852956338856788006950326282615987732512451231566067206330503702226 6785416429306729051821259721509111400201621101406537052712214422863709396188 16373001418156510032892937280228470170452375831721575755179302378718916529368
7237005577332262213973186563042994240829374041602535252466099000494570602495 1563 10000 5789604461865809771178549250434395392663499233282028201972879200395656481996 1131143971737032584044009059803619999841631162702476259960451273777301385169 316257143729419858750628252804978848324243645618030790532768526321612735330
834870001 316 0 667896001 26381892 140592108
2 0 63171 2 0 0
3171 2000 10000 2537 0 634
4236331 244 950041 3389065 103366 743900
950041000000 829 573915 760032800000 78758398900 111249801100
5542653390359231480 500 307251 4434122712287385184 277132669517961574 831398008553884722
115792089237316195423570985008687907853269984665640564039457584007913129632684 1366 0 92633671389852956338856788006950326282615987732512451231566067206330503706148 15817199389817392294859796552186768212756679905326501047789905975480933507824 7341218457645846789854400449550813357897317027801611760101610826101692418712
1361129467683753853853498429727072845824 0 900147 1088903574147003083082798743781658276660 0 272225893536750770770699685945414569164
1469998 2000 0 1175999 293999 0
3 2000 389705 3 0 0
9705 2000 399851 7764 0 1941
1999256 777 10000 1599405 155342 244509
240269000000 1961 10000 192215200000 47116750900 937049100
12172344741844338285 0 0 9737875793475470628 0 2434468948368867657
115792089237316195423570985008687907853269984665640564039457584007913129630689 1746 10000 92633671389852956338856788006950326282615987732512451231566067206330503704552 20217298780835407720955493982516908711180939322620842481289294167781632433518 2941119066627831363758703019220672859473057610507270326602222633800993492619
87112285931760246646623899502532662132735 739 10000 69689828745408197317299119602026129706188 6437597930357082227185506173237163731609 10984859255994967102139273727269368694938
858599998 1890 0 686879999 162275399 9444600
9 716 802400 8 0 1
2400 0 0 1920 0 480
1717806 2000 124870 1374245 343561 0
124870000000 0 10000 99896000000 0 24974000000
3005488996987525727 2000 764262 2404391197590020582 601097799397505145 0
115792089237316195423570985008687907853269984665640564039457584007913129635673 0 16203 92633671389852956338856788006950326282615987732512451231566067206330503708539 0 23158417847463239084714197001737581570653996933128112807891516801582625927134
68719476736 175 0 54975581389 1202590842 12541304505
88989999 2000 10000 71192000 17797999 0
0 2000 10000 0 0 0
5855 1467 445681 4684 0 1171
2228407 500 299376 1782726 111420 334261
299376000000 2000 0 239500800000 59875200000 0
16153237647623105325 0 10000 12922590118098484260 0 3230647529524621065
115792089237316195423570985008687907853269984665640564039457584007913129621605 936 10000 92633671389852956338856788006950326282615987732512451231566067206330503697284 10838139552612795891646244196813188175066070564703956794093229863140668932582 12320278294850443193067952804924393395587926368424156013798286938441956991739
57896044618658097711785492504343953926634992332820282019728792003956564819968 500 0 46316835694926478169428394003475163141307993866256225615783033603165251855975 2894802230932904885589274625217197696331749616641014100986439600197828240998 8684406692798714656767823875651593088995248849923042302959318800593484722995
741190000 1792 10000 592952000 132821248 15416752
5 500 245110 4 0 1
5110 0 924766 4088 0 1022
4623830 0 10000 3699064 0 924766
26410000000 2000 120996 21128000000 5282000000 0
2481663551936565408 256 10000 1985330841549252327 63530586929576074 432802123457737007
115792089237316195423570985008687907853269984665640564039457584007913129622140 500 797786 92633671389852956338856788006950326282615987732512451231566067206330503697712 5789604461865809771178549250434395392663499233282028201972879200395656481107 17368813385597429313535647751303186177990497699846084605918637601186969443321
162259276829213363391578010288128 0 10000 129807421463370690713262408230503 0 32451855365842672678315602057625
999010000 500 10000 799208000 49950500 149851500
1 0 361723 1 0 0
1723 1489 210499 1379 0 344
1052495 500 10000 841996 52624 157875
288106000000 2000 610869 230484800000 57621200000 0
2778468146626263528 500 317890 2222774517301010823 138923407331313176 416770221993939529
115792089237316195423570985008687907853269984665640564039457584007913129622045 435 84551 92633671389852956338856788006950326282615987732512451231566067206330503697636 5036955881823254500925337847877923991617244332955364535716404904344221138558 18121461965639984583788859153859657579036752600172748272175111897238404785851
748288838313422294120286634350736906063837462003712 0 10000 598631070650737835296229307480589524851069969602970 0 149657767662684458824057326870147381212767492400742
483139999 500 10000 386512000 24156999 72471000
10 2000 364695 8 0 2
4695 470 913559 3756 0 939
4567797 1077 10000 3654238 491951 421608
773453000000 2000 389196 618762400000 154690600000 0
13246661095681389088 1397 10000 10597328876545111271 1850558555066690055 798773664069587762
115792089237316195423570985008687907853269984665640564039457584007913129628183 1379 10000 92633671389852956338856788006950326282615987732512451231566067206330503702547 15967729105825903348910438832698062492965930885391833781041200834691220575726 7190688741637335735803758169039519077688066047736279026850315966891405349910
1 0 0 1 0 0
101709999 228 191448 81368000 2318987 18023012
8 2000 0 7 1 0
9878 1283 933167 7903 0 1975
4665835 1093 0 3732668 509975 423192
525007000000 2000 0 420005600000 105001400000 0
6978287885797660971 2000 585357 5582630308638128777 1395657577159532194 0
115792089237316195423570985008687907853269984665640564039457584007913129634578 1571 823339 92633671389852956338856788006950326282615987732512451231566067206330503707663 18190937219182374301043001744864870323748714590972132610598786447643152665592 4967480628280864783671195256872711246905282342155980197292730353939473261323
200867255532373784442745261542645325315275374222849104412671 0 10000 160693804425899027554196209234116260252220299378279283530137 0 40173451106474756888549052308529065063055074844569820882534
526560001 2000 892128 421248001 105312000 0
4 357 10000 4 0 0
8949 1953 0 7160 1747 42
4552560 2000 99038 3642048 910512 0
99038000000 285 105294 79230400000 2822583000 16985017000
679854609116462136 662 900266 543883687293169709 45006375123509793 90964546699782634
115792089237316195423570985008687907853269984665640564039457584007913129639669 0 10000 92633671389852956338856788006950326282615987732512451231566067206330503711736 0 23158417847463239084714197001737581570653996933128112807891516801582625927933
2993155353253689176481146537402947624255349848014847 2000 0 2394524282602951341184917229922358099404279878411878 598631070650737835296229307480589524851069969602969 0
67300001 2000 0 53840001 13460000 0
2 2000 10000 2 0 0
2477 101 0 1982 25 470
4347255 2000 968578 3477804 869451 0
968578000000 0 0 774862400000 0 193715600000
8739525712805968847 312 63451 6991620570244775078 272673202239546228 1475231940321647541
115792089237316195423570985008687907853269984665640564039457584007913129636484 2000 68636 92633671389852956338856788006950326282615987732512451231566067206330503709188 23158417847463239084714197001737581570653996933128112807891516801582625927296 0
374144419156711147060143317175368453031918731001856 584 0 299315535325368917648114653740294762425534984801485 21850034078751930988312369723041517657064053890508 52978849752590298423716293712032172949319692309863
920810001 1742 10000 736648001 160405102 23756898
4 0 826045 4 0 0
6045 320 10000 4836 0 1209
1769015 0 0 1415212 0 353803
824136000000 500 10000 659308800000 41206800000 123620400000
1972359177522118686 2000 269108 1577887342017694949 394471835504423737 0
115792089237316195423570985008687907853269984665640564039457584007913129630827 0 10000 92633671389852956338856788006950326282615987732512451231566067206330503704662 0 23158417847463239084714197001737581570653996933128112807891516801582625926165
6901746346790563787434755862277025452451108972170386555162524223799295 500 0 5521397077432451029947804689821620361960887177736309244130019379039436 345087317339528189371737793113851272622555448608519327758126211189964 1035261952018584568115213379341553817867666345825557983274378633569895
381359999 2000 10000 305088000 76271999 0
9 2000 87686 8 0 1
7686 500 442157 6149 0 1537
2210785 500 294641 1768628 110539 331618
294641000000 0 688940 235712800000 0 58928200000
4795894443978679260 372 301125 3836715555182943408 178407273316006868 780771615479728984
115792089237316195423570985008687907853269984665640564039457584007913129638810 1662 0 92633671389852956338856788006950326282615987732512451231566067206330503711048 19244645231241951679397497708443930285213471451429461743357850462115162145970 3913772616221287405316699293293651285440525481698651064533666339467463781792
13164036458569648337239753460458804039861886925068638906788872191 2000 0 10531229166855718669791802768367043231889509540054911125431097753 2632807291713929667447950692091760807972377385013727781357774438 0
61790000 0 0 49432000 0 12358000
7 500 10000 6 0 1
4916 917 152515 3933 0 983
762576 500 877903 610061 0 152515
877903000000 500 926458 702322400000 43895150000 131685450000
4515391744116641958 2000 10000 3612313395293313567 903078348823328391 0
115792089237316195423570985008687907853269984665640564039457584007913129620730 2000 121608 92633671389852956338856788006950326282615987732512451231566067206330503696584 23158417847463239084714197001737581570653996933128112807891516801582625924146 0
549755813888 0 84105 439804651111 0 109951162777
841049998 1422 10000 672839999 119597309 48612690
8 0 819100 7 0 1
9100 776 10000 7280 0 1820
3316296 2000 558993 2653037 663259 0
558993000000 2000 642894 447194400000 111798600000 0
4760805679491788458 500 10000 3808644543593430767 238040283974589422 714120851923768269
115792089237316195423570985008687907853269984665640564039457584007913129629712 295 0 92633671389852956338856788006950326282615987732512451231566067206330503703770 3415866632500827764995344057756293281671464547636396639163998728233437324076 19742551214962411319718852943981288288982532385491716168727518073349188601866
1361129467683753853853498429727072845824 1174 0 1088903574147003083082798743781658276660 159796599506072702442400715649958352099 112429294030678068328298970295456217065
857650001 500 10000 686120001 42882500 128647500
1 0 10000 1 0 0
8237 0 936691 6590 0 1647
4683456 713 10000 3746765 333930 602761
726764000000 1489 10000 581411200000 108215159600 37137640400
2012735609402586948 1997 10000 1610188487522069559 401943301197696613 603820682820776
115792089237316195423570985008687907853269984665640564039457584007913129634184 781 10000 92633671389852956338856788006950326282615987732512451231566067206330503707348 9043362169434394862580893929178525603340385802386528051481637311018015424429 14115055678028844222133303072559055967313611130741584756409879490564610502407
748288838313422294120286634350736906063837462003711 2000 688874 598631070650737835296229307480589524851069969602969 149657767662684458824057326870147381212767492400742 0
888740001 1088 208128 710992001 96694912 81053088
8 0 484586 7 0 1
4586 1217 0 3669 558 359
2042765 2000 0 1634212 408553 0
656732000000 592 52117 525385600000 38878534400 92467865600
2962469179523056349 500 599230 2369975343618445080 148123458976152817 444370376928458452
115792089237316195423570985008687907853269984665640564039457584007913129620705 712 795274 92633671389852956338856788006950326282615987732512451231566067206330503696564 8244396753696913114158254132618579039152822908193608159609379981363414828994 14914021093766325970555942869119002531501174024934504648282136820219211095147
302231454903657293676543 0 10000 241785163922925834941235 0 60446290980731458735308
402639999 1854 10000 322112000 74649455 5878544
0 0 729891 0 0 0
9891 985 613107 7913 0 1978
3065536 2000 851886 2452429 613107 0
851886000000 2000 0 681508800000 170377200000 0
1040041657539557292 696 994854 832033326031645834 72386899364753187 135621432143158271
115792089237316195423570985008687907853269984665640564039457584007913129625081 2000 416490 92633671389852956338856788006950326282615987732512451231566067206330503700065 23158417847463239084714197001737581570653996933128112807891516801582625925016 0
11150372599265311570767859136324180752990207 1990 305744 8920298079412249256614287309059344602392166 2218924147253797002582803968128511969845051 11150372599265311570767859136324180752990
57439999 1609 0 45952000 9242095 2245904
0 419 10000 0 0 0
9805 1415 476049 7844 0 1961
2380245 0 10000 1904196 0 476049
450900000000 1206 315200 360720000000 54378540000 35801460000
728724761472614400 500 10000 582979809178091520 36436238073630720 109308714220892160
115792089237316195423570985008687907853269984665640564039457584007913129620137 2000 10000 92633671389852956338856788006950326282615987732512451231566067206330503696110 23158417847463239084714197001737581570653996933128112807891516801582625924027 0
604462909807314587353088 2000 0 483570327845851669882471 120892581961462917470617 0
87769999 1295 0 70216000 11366214 6187785
0 2000 633534 0 0 0
3534 1795 15366 2828 0 706
76832 500 10000 61466 3841 11525
589668000000 670 63431 471734400000 39507756000 78425844000
5484109921816540085 0 373664 4387287937453232068 0 1096821984363308017
115792089237316195423570985008687907853269984665640564039457584007913129626271 2000 10000 92633671389852956338856788006950326282615987732512451231566067206330503701017 23158417847463239084714197001737581570653996933128112807891516801582625925254 0
604462909807314587353088 0 10000 483570327845851669882471 0 120892581961462917470617
722779999 1466 818777 578224000 105959547 38596452
1 0 0 1 0 0
667 501 10000 534 0 133
3530866 77 10000 2824693 27187 678986
616657000000 0 422835 493325600000 0 123331400000
223932723443055810 2000 10000 179146178754444648 44786544688611162 0
115792089237316195423570985008687907853269984665640564039457584007913129637100 2000 529435 92633671389852956338856788006950326282615987732512451231566067206330503709680 23158417847463239084714197001737581570653996933128112807891516801582625927420 0
226156424291633194186662080095093570025917938800079226639565593765455331328 2000 10000 180925139433306555349329664076074856020734351040063381311652475012364265063 45231284858326638837332416019018714005183587760015845327913118753091066265 0
346770000 0 10000 277416000 0 69354000
5 2000 0 4 1 0
7641 2000 696125 6113 0 1528
3480627 0 0 2784502 0 696125
479682000000 500 298866 383745600000 23984100000 71952300000
5129496124964065514 1468 670800 4103596899971252412 753010031144724817 272889193848088285
115792089237316195423570985008687907853269984665640564039457584007913129629135 0 860765 92633671389852956338856788006950326282615987732512451231566067206330503703308 0 23158417847463239084714197001737581570653996933128112807891516801582625925827
98079714615416886934934209737619787751599303819750539263 2000 0 78463771692333509547947367790095830201279443055800431411 19615942923083377386986841947523957550319860763950107852 0
780480001 18 0 624384001 1404864 154691136
5 1215 399950 4 0 1
9950 1673 577473 7960 0 1990
2887366 1594 10000 2309893 460246 117227
505095000000 500 10000 404076000000 25254750000 75764250000
6450463448063358750 0 0 5160370758450687000 0 1290092689612671750
115792089237316195423570985008687907853269984665640564039457584007913129625612 921 10000 92633671389852956338856788006950326282615987732512451231566067206330503700490 10664451418756821598510887719300156313286165587705495948034043487128799238518 12493966428706417486203309282437425257367831345422616859857473314453826686604
63 768 10000 51 0 12
281090000 764 994511 224872000 21475276 34742724
3 0 954835 3 0 0
4835 1359 429521 3868 0 967
2147607 0 96085 1718086 0 429521
96085000000 500 103781 76868000000 4804250000 14412750000
9833204839610242587 500 10000 7866563871688194070 491660241980512129 1474980725941536388
115792089237316195423570985008687907853269984665640564039457584007913129624039 0 0 92633671389852956338856788006950326282615987732512451231566067206330503699232 0 23158417847463239084714197001737581570653996933128112807891516801582625924807
220855883097298041197912187592864814478435487109452369765200775161577471 2000 10000 176684706477838432958329750074291851582748389687561895812160620129261977 44171176619459608239582437518572962895687097421890473953040155032315494 0
513289998 356 778248 410631999 18273123 84384876
4 2000 476810 4 0 0
6810 1248 924238 5448 0 1362
4621191 500 301785 3696953 231059 693179
301785000000 1937 38065 241428000000 58455754500 1901245500
2864298178309826035 715 454263 2291438542647860828 204797319749152561 368062315912812646
115792089237316195423570985008687907853269984665640564039457584007913129625672 1505 404721 92633671389852956338856788006950326282615987732512451231566067206330503700538 17426709430216087411247433243807530131917132692178904887938366393190926008663 5731708417247151673466763757930051438736864240949207919953150408391699916471
4835703278458516698824703 0 407247 3868562622766813359059763 0 967140655691703339764940
72469998 500 10000 57975999 3623499 10870500
4 841 10000 4 0 0
5606 2000 0 4485 1121 0
152221 500 432433 121777 0 30444
432433000000 0 359754 345946400000 0 86486600000
992511788712879524 2000 125479 794009430970303620 198502357742575904 0
115792089237316195423570985008687907853269984665640564039457584007913129634456 1760 10000 92633671389852956338856788006950326282615987732512451231566067206330503707565 20379407705767650394548493361529071782175517301152739270944534785392710815664 2779010141695588690165703640208509788478479631975373536946982016189915111227
4194304 317 10000 3355444 132959 705901
966819998 0 895604 773455999 0 193363999
8 0 10000 7 0 1
8715 500 559898 6972 0 1743
2799491 1481 503022 2239593 414604 145294
503022000000 0 0 402417600000 0 100604400000
15132640869864406720 0 0 12106112695891525376 0 3026528173972881344
115792089237316195423570985008687907853269984665640564039457584007913129628401 1169 885927 92633671389852956338856788006950326282615987732512451231566067206330503702721 13536095231842263245015448147515616428047261207413381936212591570525044853560 9622322615620975839698748854221965142606735725714730871678925231057581072120
18014398509481983 1385 0 14411518807585587 2494994193563254 1107885508333142
589789999 500 0 471832000 29489499 88468500
9 2000 439030 8 0 1
9030 2000 726759 7224 0 1806
3633795 1961 916968 2907036 712587 14172
916968000000 129 0 733574400000 11828887200 171564712800
2610558747854618960 0 10000 2088446998283695168 0 522111749570923792
115792089237316195423570985008687907853269984665640564039457584007913129635241 1703 669911 92633671389852956338856788006950326282615987732512451231566067206330503708193 19719392797114948080634138746979550707411878388558588055919626556547605976881 3439025050348291004080058254758030863242118544569524751971890245035019950167
803469022129495137770981046170581301261101496891396417650688 907 0 642775217703596110216784836936465041008881197513117134120551 72874640307145208995827980887671724024381905768049655080917 87819164118753818558368228346444536227838393610229628449220
512849999 500 0 410280000 25642499 76927500
7 222 50784 6 0 1
784 500 9784 628 0 156
48921 2000 993158 39137 0 9784
993158000000 0 987845 794526400000 0 198631600000
669022240633092775 0 59782 535217792506474220 0 133804448126618555
115792089237316195423570985008687907853269984665640564039457584007913129620153 500 10000 92633671389852956338856788006950326282615987732512451231566067206330503696123 5789604461865809771178549250434395392663499233282028201972879200395656481007 17368813385597429313535647751303186177990497699846084605918637601186969443023
24519928653854221733733552434404946937899825954937634815 299 314926 19615942923083377386986841947523957550319860763950107852 733145866750241229838633217788707913443204796052635280 4170839864020603116908077269092281474136760394934891683
149260001 0 0 119408001 0 29852000
10 2000 0 8 2 0
5389 0 0 4312 0 1077
563535 2000 0 450828 112707 0
111366000000 977 118587 89092800000 10880458200 11392741800
10376014626437861417 2000 308585 8300811701150289134 2075202925287572283 0
115792089237316195423570985008687907853269984665640564039457584007913129631350 884 0 92633671389852956338856788006950326282615987732512451231566067206330503705080 10236020688578751675443675074768011054229066644442625861088050426299520659411 12922397158884487409270521926969570516424930288685486946803466375283105266859
1 0 506873 1 0 0
68730000 500 653192 54984000 3436500 10309500
0 640 939242 0 0 0
9242 1644 174689 7394 0 1848
873445 1060 0 698756 92585 82104
426908000000 500 0 341526400000 21345400000 64036200000
9631142399117358000 0 854464 7704913919293886400 0 1926228479823471600
115792089237316195423570985008687907853269984665640564039457584007913129625471 760 600966 92633671389852956338856788006950326282615987732512451231566067206330503700377 8800198782036030852191394860660280996848518834588682866998776384601397851535 14358219065427208232522802141077300573805478098539429940892740416981228073559
7067388259113537318333190002971674063309935587502475832486424805170479103 493 709510 5653910607290829854666552002377339250647948470001980665989139844136383283 348422241174297389793826267146503531321179824463872058541580742894904619 1065055410648410073872811733447831281340807293036623107955704218139191201
95099999 0 10000 76080000 0 19019999
6 1913 843455 5 0 1
3455 0 377932 2764 0 691
1889660 1186 109965 1511728 224113 153819
109965000000 0 10000 87972000000 0 21993000000
13405316356257427848 23 524597 10724253085005942279 30832227619392084 2650231043632093485
115792089237316195423570985008687907853269984665640564039457584007913129635338 336 10000 92633671389852956338856788006950326282615987732512451231566067206330503708271 3890614198373824166231985096291913703869871484765522951725774822665881155747 19267803649089414918482211905445667866784125448362589856165741978916744771320
25711008708143844408671393477458601640355247900524685364822015 0 452357 20568806966515075526937114781966881312284198320419748291857612 0 5142201741628768881734278695491720328071049580104937072964403
523570001 2000 10000 418856001 104714000 0
8 2000 10000 7 0 1
7848 1019 10000 6279 0 1569
2549740 1824 0 2039792 465072 44876
246078000000 2000 548140 196862400000 49215600000 0
200663447405297800 0 852770 160530757924238240 0 40132689481059560
115792089237316195423570985008687907853269984665640564039457584007913129627165 0 535029 92633671389852956338856788006950326282615987732512451231566067206330503701732 0 23158417847463239084714197001737581570653996933128112807891516801582625925433
4503599627370495 2000 573802 3602879701896396 900719925474099 0
738020001 2000 576352 590416001 147604000 0
0 500 10000 0 0 0
1429 882 49011 1144 0 285
245057 500 0 196046 12252 36759
146103000000 500 270501 116882400000 7305150000 21915450000
7540294824986076829 1332 477605 6032235859988861464 1004367270688145433 503691694309069932
115792089237316195423570985008687907853269984665640564039457584007913129622330 483 10000 92633671389852956338856788006950326282615987732512451231566067206330503697864 5592757910162372238958478575919625949312940259350439243105801307582204160758 17565659937300866845755718425817955621341056673777673564785715494000421763708
2658455991569831745807614120560689152 500 10000 2126764793255865396646091296448551322 132922799578491587290380706028034457 398768398735474761871142118084103373
33159998 500 10000 26527999 1657999 4974000
9 1967 0 8 1 0
4859 0 0 3888 0 971
388570 500 684345 310856 0 77714
684345000000 0 179908 547476000000 0 136869000000
3616745912714237292 1848 397940 2893396730171389834 668374644669591051 54974537873256407
115792089237316195423570985008687907853269984665640564039457584007913129621995 1045 0 92633671389852956338856788006950326282615987732512451231566067206330503697596 12100273325299542421763167933407886370666713397559438942123317528826922045498 11058144522163696662951029068329695199987283535568673865768199272755703878901
95780971304118053647396689196894323976171195136475135 0 514049 76624777043294442917917351357515459180936956109180108 0 19156194260823610729479337839378864795234239027295027
140490000 2000 0 112392000 28098000 0
3 0 0 3 0 0
7478 573 10000 5983 0 1495
4900982 2000 889983 3920786 980196 0
889983000000 1188 0 711986400000 105729980400 72266619600
6009134696547212684 36 236075 4807307757237770148 21632884907569965 1180194054401872571
115792089237316195423570985008687907853269984665640564039457584007913129623860 0 425245 92633671389852956338856788006950326282615987732512451231566067206330503699088 0 23158417847463239084714197001737581570653996933128112807891516801582625924772
748288838313422294120286634350736906063837462003712 2000 10000 598631070650737835296229307480589524851069969602970 149657767662684458824057326870147381212767492400742 0
540360001 0 10000 432288001 0 108072000
4 500 10000 4 0 0
8310 0 121139 6648 0 1662
605697 0 0 484558 0 121139
946172000000 1864 10000 756937600000 176366460800 12867939200
5084842831905652296 195 822689 4067874265524521837 99154435222160219 917814131158970240
115792089237316195423570985008687907853269984665640564039457584007913129637246 0 151704 92633671389852956338856788006950326282615987732512451231566067206330503709797 0 23158417847463239084714197001737581570653996933128112807891516801582625927449
4294967296 0 928986 3435973837 0 858993459
289859999 500 10000 231888000 14492999 43479000
2 1033 126437 2 0 0
6437 2000 0 5150 1287 0
3896330 1721 0 3117064 670558 108708
295785000000 212 91221 236628000000 6270642000 52886358000
761789379636271530 0 0 609431503709017224 0 152357875927254306
115792089237316195423570985008687907853269984665640564039457584007913129619954 1866 573824 92633671389852956338856788006950326282615987732512451231566067206330503695964 21606803851683202066038345802621163605420179138608529249762785175876589987083 1551613995780037018675851199116417965233817794519583558128731625706035936907
2596148429267413814265248164610047 0 307332 2076918743413931051412198531688038 0 519229685853482762853049632922009
73320001 500 215934 58656001 3666000 10998000
2 500 10000 2 0 0
7281 0 417112 5825 0 1456
2085562 2000 514886 1668450 417112 0
514886000000 0 708077 411908800000 0 102977200000
4099925151299034540 0 0 3279940121039227632 0 819985030259806908
115792089237316195423570985008687907853269984665640564039457584007913129629322 286 131553 92633671389852956338856788006950326282615987732512451231566067206330503703458 3311653752187243189114130171248474164603521561437320131528486902626315507398 19846764095275995895600066830489107406050475371690792676363029898956310418466
9903520314283042199192993792 562 10000 7922816251426433759354395034 556577841662706971594646251 1424126221193901468243952507
391549998 63 0 313239999 2466764 75843235
4 500 905193 4 0 0
5193 214 348132 4155 0 1038
1740661 0 0 1392529 0 348132
301648000000 384 361927 241318400000 11583283200 48746316800
5731580220244369290 0 10000 4585264176195495432 0 1146316044048873858
115792089237316195423570985008687907853269984665640564039457584007913129620386 0 0 92633671389852956338856788006950326282615987732512451231566067206330503696309 0 23158417847463239084714197001737581570653996933128112807891516801582625924077
134217727 227 451358 107374182 3046742 23796803
513579998 205 0 410863999 10528389 92187610
5 80 93883 4 0 1
3883 2000 10000 3107 0 776
2845057 500 0 2276046 142252 426759
790871000000 2000 0 632696800000 158174200000 0
3032614044992116050 2000 0 2426091235993692840 606522808998423210 0
115792089237316195423570985008687907853269984665640564039457584007913129630710 0 0 92633671389852956338856788006950326282615987732512451231566067206330503704568 0 23158417847463239084714197001737581570653996933128112807891516801582625926142
9903520314283042199192993791 1662 185470 7922816251426433759354395033 1645965076233841613505875568 334738986622766826332723190
854700001 1406 10000 683760001 120170820 50769180
5 1368 0 4 0 1
8786 1760 337917 7029 0 1757
1689586 0 0 1351669 0 337917
621369000000 2000 0 497095200000 124273800000 0
427582648669243809 500 27984 342066118935395048 21379132433462190 64137397300386571
115792089237316195423570985008687907853269984665640564039457584007913129631951 1144 464234 92633671389852956338856788006950326282615987732512451231566067206330503705561 13246615008748972756456520684993896658414086245749280526113947610505262029895 9911802838714266328257676316743684912239910687378832281777569191077363896495
1048575 500 0 838860 52428 157287
4150001 210 209251 3320001 87150 742850
3 1382 117190 3 0 0
7190 0 0 5752 0 1438
3341387 261 981028 2673110 87210 581067
981028000000 0 860528 784822400000 0 196205600000
1153802237149570176 500 185929 923041789719656141 57690111857478508 173070335572435527
115792089237316195423570985008687907853269984665640564039457584007913129634006 2000 321254 92633671389852956338856788006950326282615987732512451231566067206330503707205 23158417847463239084714197001737581570653996933128112807891516801582625926801 0
766247770432944429179173513575154591809369561091801087 752 10000 612998216346355543343338810860123673447495648873440870 57621832336557421074273848220851625304064590994103441 95627721750031464761560854494179293057809321224256776
762130000 2000 10000 609704000 152426000 0
3 500 10000 3 0 0
4663 0 158588 3731 0 932
792942 500 10000 634354 39647 118941
431210000000 807 2125 344968000000 34798647000 51443353000
3275102417917949250 500 10000 2620081934334359400 163755120895897462 491265362687692388
115792089237316195423570985008687907853269984665640564039457584007913129620486 1173 59350 92633671389852956338856788006950326282615987732512451231566067206330503696389 13582412067537189723184876541519091591188569201279638161828374604128210104483 9576005779926049361529320460218489979465427731848474646063142197454415819614
696898287454081973172991196020261297061887 0 10000 557518629963265578538392956816209037649510 0 139379657490816394634598239204052259412377
615610000 500 0 492488000 30780500 92341500
2 41 10000 2 0 0
56 2000 0 45 11 0
1722591 2000 10000 1378073 344518 0
171213000000 2000 946158 136970400000 34242600000 0
3278826561517538658 2000 0 2623061249214030927 655765312303507731 0
115792089237316195423570985008687907853269984665640564039457584007913129637689 66 0 92633671389852956338856788006950326282615987732512451231566067206330503710152 764227788966286889795568501057340191831581898793227722660420054452226655608 22394190058496952194918628500680241378822415034334885085231096747130399271929
730750818665451459101842416358141509827966271488 32 412709 584600654932361167281473933086513207862373017191 2338402619729444669125895732346052831449492068 143811761113360847151242587539282249134143762229
127089999 1879 10000 101672000 23880210 1537789
11 0 10000 9 0 2
7104 781 742050 5684 0 1420
3710252 500 589697 2968202 185512 556538
589697000000 0 168335 471757600000 0 117939400000
1468219684971776040 633 290734 1174575747977420832 92938306058713423 200705630935641785
115792089237316195423570985008687907853269984665640564039457584007913129629201 1174 786548 92633671389852956338856788006950326282615987732512451231566067206330503703361 13593991276460921342727233640019960381973896199746202218232320362529001418468 9564426571002317741986963361717621188680100733381910589659196439053624507372
9223372036854775808 1818 0 7378697629483820647 1676809036300198241 167865371070756920
148219999 500 998172 118576000 7410999 22233000
4 1011 774085 4 0 0
4085 1944 10000 3268 0 817
1252420 500 541083 1001936 62621 187863
541083000000 114 894580 432866400000 6168346200 102048253800
384526184728592540 575 10000 307620947782874032 22110255621894071 54794981323824437
115792089237316195423570985008687907853269984665640564039457584007913129635835 408 10000 92633671389852956338856788006950326282615987732512451231566067206330503708668 4724317240882500773281696188354466640413415374358135012809869427522855689142 18434100606580738311432500813383114930240581558769977795081647374059770238025
44601490397061246283071436545296723011960831 500 0 35681192317648997026457149236237378409568665 2230074519853062314153571827264836150598041 6690223559559186942460715481794508451794125
432999998 754 913409 346399999 32648199 53951800
9 500 10000 8 0 1
3440 1382 816199 2752 0 688
4080995 760 258903 3264796 310155 506044
258903000000 1220 423675 207122400000 31586166000 20194434000
1308493915185179025 407 975177 1046795132148143220 53255702348036786 208443080688999019
115792089237316195423570985008687907853269984665640564039457584007913129624758 1552 257847 92633671389852956338856788006950326282615987732512451231566067206330503699807 17970932249631473529738216873348363298827501620107415538923817038028117717762 5187485597831765554975980128389218271826495313020697268967699763554508207189
3138550867693340381917894711603833208051177722232017256448 0 0 2510840694154672305534315769283066566440942177785613805159 0 627710173538668076383578942320766641610235544446403451289
2219998 326 272031 1775999 72371 371628
3 0 0 3 0 0
8235 2000 658002 6588 0 1647
3290010 1130 10000 2632008 371771 286231
447361000000 0 584649 357888800000 0 89472200000
672550792361066490 0 10000 538040633888853192 0 134510158472213298
115792089237316195423570985008687907853269984665640564039457584007913129638886 500 10000 92633671389852956338856788006950326282615987732512451231566067206330503711109 5789604461865809771178549250434395392663499233282028201972879200395656481944 17368813385597429313535647751303186177990497699846084605918637601186969445833
37778931862957161709568 751 252623 30223145490365729367655 2837197782908082844388 4718588589683349497525
526229999 500 10000 420984000 26311499 78934500
8 441 721612 7 0 1
1612 696 0 1290 112 210
3636581 2000 0 2909265 727316 0
656733000000 0 0 525386400000 0 131346600000
377380406969786079 500 993488 301904325575828864 18869020348489303 56607061045467912
115792089237316195423570985008687907853269984665640564039457584007913129626447 500 10000 92633671389852956338856788006950326282615987732512451231566067206330503701158 5789604461865809771178549250434395392663499233282028201972879200395656481322 17368813385597429313535647751303186177990497699846084605918637601186969443967
2658455991569831745807614120560689151 0 233779 2126764793255865396646091296448551321 0 531691198313966349161522824112137830
337789999 1542 512398 270232000 52087217 15470782
10 2000 10000 8 0 2
4218 500 0 3375 210 633
3659296 1569 526302 2927437 574143 157716
526302000000 500 10000 421041600000 26315100000 78945300000
1314421799020966656 431 189631 1051537439216773325 56651579537803662 206232780266389669
115792089237316195423570985008687907853269984665640564039457584007913129630304 500 537476 92633671389852956338856788006950326282615987732512451231566067206330503704244 5789604461865809771178549250434395392663499233282028201972879200395656481515 17368813385597429313535647751303186177990497699846084605918637601186969444545
19342813113834066795298816 330 988128 15474250491067253436239053 638312832756524204244860 3230249790010289154814903
881280001 500 525486 705024001 44064000 132192000
10 469 387217 8 0 2
7217 500 472759 5774 0 1443
2363797 614 0 1891038 145137 327622
361607000000 0 596964 289285600000 0 72321400000
7317809032089064008 500 10000 5854247225671251207 365890451604453200 1097671354813359601
115792089237316195423570985008687907853269984665640564039457584007913129639256 500 973453 92633671389852956338856788006950326282615987732512451231566067206330503711405 5789604461865809771178549250434395392663499233282028201972879200395656481962 17368813385597429313535647751303186177990497699846084605918637601186969445889
67108864 500 0 53687092 3355443 10066329
616789998 2000 0 493431999 123357999 0
2 1091 0 2 0 0
4113 1340 10000 3291 0 822
4808696 2000 10000 3846957 961739 0
60103000000 756 638605 48082400000 4543786800 7476813200
941880281360921325 0 178872 753504225088737060 0 188376056272184265
115792089237316195423570985008687907853269984665640564039457584007913129621063 653 10000 92633671389852956338856788006950326282615987732512451231566067206330503696851 7561223427196747561159185321067320382818529998666328831776580235716727364255 15597194420266491523555011680670261187835466934461783976114936565865898559957
1208925819614629174706176 0 745752 967140655691703339764941 0 241785163922925834941235
457520001 181 0 366016001 8281112 83222888
9 1130 9147 8 0 1
9147 0 10000 7318 0 1829
3980176 1288 829682 3184141 512646 283389
829682000000 2000 615561 663745600000 165936400000 0
1301014692439047828 56 145307 1040811753951238263 7285682277658667 252917256210150898
115792089237316195423570985008687907853269984665640564039457584007913129634628 2000 58845 92633671389852956338856788006950326282615987732512451231566067206330503707703 23158417847463239084714197001737581570653996933128112807891516801582625926925 0
680564733841876926926749214863536422911 1713 715929 544451787073501541541399371890829138329 116580738907113517582552140506123789244 19532207861261867802797702466583495338
159289998 2000 784017 127431999 31857999 0
9 500 10000 8 0 1
9294 500 0 7436 464 1394
3103941 366 0 2483153 113604 507184
777171000000 2000 10000 621736800000 155434200000 0
7477560847525843542 2000 10000 5982048678020674834 1495512169505168708 0
115792089237316195423570985008687907853269984665640564039457584007913129633809 2000 293319 92633671389852956338856788006950326282615987732512451231566067206330503707048 23158417847463239084714197001737581570653996933128112807891516801582625926761 0
3450873173395281893717377931138512726225554486085193277581262111899647 0 808026 2760698538716225514973902344910810180980443588868154622065009689519718 0 690174634679056378743475586227702545245110897217038655516252422379929
80259998 1931 911275 64207999 15498205 553794
11 2000 0 9 2 0
9011 711 0 7209 640 1162
2550441 500 10000 2040353 127522 382566
705429000000 0 590269 564343200000 0 141085800000
2103545985365767800 0 573465 1682836788292614240 0 420709197073153560
115792089237316195423570985008687907853269984665640564039457584007913129626470 500 446577 92633671389852956338856788006950326282615987732512451231566067206330503701176 5789604461865809771178549250434395392663499233282028201972879200395656481323 17368813385597429313535647751303186177990497699846084605918637601186969443971
196159429230833773869868419475239575503198607639501078527 1267 10000 156927543384667019095894735580191660402558886111600862822 24853399683546639149312328747512854216255263587924786649 14378486162620115624661355147535060884384457939975429056
125390000 2000 965099 100312000 25078000 0
11 0 463161 9 0 2
3161 0 486236 2529 0 632
2431182 2000 178346 1944946 486236 0
178346000000 500 336891 142676800000 8917300000 26751900000
3683471115506443527 500 71964 2946776892405154822 184173555775322176 552520667325966529
115792089237316195423570985008687907853269984665640564039457584007913129627971 500 10000 92633671389852956338856788006950326282615987732512451231566067206330503702377 5789604461865809771178549250434395392663499233282028201972879200395656481398 17368813385597429313535647751303186177990497699846084605918637601186969444196
12259964326927110866866776217202473468949912977468817408 2000 10000 9807971461541688693493420973761978775159930381975053927 2451992865385422173373355243440494693789982595493763481 0
999630000 500 10000 799704000 49981500 149944500
10 2000 938060 8 0 2
8060 2000 0 6448 1612 0
3829595 500 95411 3063676 191479 574440
95411000000 500 475826 76328800000 4770550000 14311650000
3397210998076769606 2000 10000 2717768798461415685 679442199615353921 0
115792089237316195423570985008687907853269984665640564039457584007913129620472 1734 562499 92633671389852956338856788006950326282615987732512451231566067206330503696378 20078348273750628286447208800506483221757015341022073804441945066972136676189 3080069573712610798266988201231098348896981592106039003449571734610489247905
39614081257132168796771975167 2000 409006 31691265005705735037417580134 7922816251426433759354395033 0
90060001 2000 0 72048001 18012000 0
7 2000 223545 6 0 1
3545 1386 926411 2836 0 709
4632057 500 0 3705646 231602 694809
1369000000 2000 0 1095200000 273800000 0
4853087023214377500 0 0 3882469618571502000 0 970617404642875500
115792089237316195423570985008687907853269984665640564039457584007913129626792 2000 461627 92633671389852956338856788006950326282615987732512451231566067206330503701434 23158417847463239084714197001737581570653996933128112807891516801582625925358 0
50216813883093446110686315385661331328818843555712276103168 2000 651633 40173451106474756888549052308529065063055074844569820882535 10043362776618689222137263077132266265763768711142455220633 0
516329998 1549 0 413063999 79979516 23286483
2 2000 10000 2 0 0
6440 2000 222312 5152 0 1288
1111562 2000 0 889250 222312 0
102159000000 500 0 81727200000 5107950000 15323850000
9570508813642851648 2000 0 7656407050914281319 1914101762728570329 0
115792089237316195423570985008687907853269984665640564039457584007913129622494 0 0 92633671389852956338856788006950326282615987732512451231566067206330503697996 0 23158417847463239084714197001737581570653996933128112807891516801582625924498
215679573337205118357336120696157045389097155380324579848828881993728 0 968807 172543658669764094685868896556925636311277724304259663879063105594983 0 43135914667441023671467224139231409077819431076064915969765776398745
688069998 1565 17606 550455999 107682954 29931045
10 0 223714 8 0 2
3714 1640 304860 2972 0 742
1524302 128 10000 1219442 19511 285349
472045000000 1230 774027 377636000000 58061535000 36347465000
8505563736105117495 0 11644 6804450988884093996 0 1701112747221023499
115792089237316195423570985008687907853269984665640564039457584007913129628291 0 600831 92633671389852956338856788006950326282615987732512451231566067206330503702633 0 23158417847463239084714197001737581570653996933128112807891516801582625925658
1427247692705959881058285969449495136382746623 2000 10000 1141798154164767904846628775559596109106197299 285449538541191976211657193889899027276549324 0
636749999 0 776975 509400000 0 127349999
11 500 0 9 0 2
1199 1662 0 960 199 40
1241600 2000 341416 993280 248320 0
341416000000 0 10000 273132800000 0 68283200000
2683668168354214601 365 817208 2146934534683371681 97953888144928832 438779745525914088
115792089237316195423570985008687907853269984665640564039457584007913129622727 500 832051 92633671389852956338856788006950326282615987732512451231566067206330503698182 5789604461865809771178549250434395392663499233282028201972879200395656481136 17368813385597429313535647751303186177990497699846084605918637601186969443409
55213970774324510299478046898216203619608871777363092441300193790394368 2000 10000 44171176619459608239582437518572962895687097421890473953040155032315495 11042794154864902059895609379643240723921774355472618488260038758078873 0
115339999 836 0 92272000 9642423 13425576
2 1989 10000 2 0 0
4792 0 564426 3834 0 958
2822131 0 31755 2257705 0 564426
31755000000 2000 0 25404000000 6351000000 0
1183798074383554784 1131 732261 947038459506843828 133887562212780046 102872052663930910
115792089237316195423570985008687907853269984665640564039457584007913129627674 724 924754 92633671389852956338856788006950326282615987732512451231566067206330503702140 8383347260781692548666539314629004528576746889792376836456729082172910585043 14775070586681546536047657687108577042077250043335735971434787719409715340491
38685626227668133590597632 0 0 30948500982134506872478106 0 7737125245533626718119526
820169999 0 862092 656136000 0 164033999
8 0 10000 7 0 1
9900 979 10000 7920 0 1980
504196 400 0 403357 20167 80672
602807000000 500 0 482245600000 30140350000 90421050000
4525320509423160720 1033 10000 3620256407538528576 467465608623412502 437598493261219642
115792089237316195423570985008687907853269984665640564039457584007913129627848 0 0 92633671389852956338856788006950326282615987732512451231566067206330503702279 0 23158417847463239084714197001737581570653996933128112807891516801582625925569
2 0 308498 2 0 0
84979999 500 268672 67984000 4248999 12747000
0 415 627143 0 0 0
7143 1728 10000 5715 0 1428
4110341 107 508437 3288273 43980 778088
508437000000 0 462188 406749600000 0 101687400000
55308078922075044 1821 10000 44246463137660036 10071601171709865 990014612705143
115792089237316195423570985008687907853269984665640564039457584007913129639585 1059 10000 92633671389852956338856788006950326282615987732512451231566067206330503711668 12262382250231785095356167312420049441661291376091335731778558146438000428832 10896035597231453989358029689317532128992705557036777076112958655144625499085
255 2000 0 204 51 0
252520001 2000 365995 202016001 50504000 0
7 1855 0 6 1 0
2106 2000 55835 1685 0 421
279176 393 0 223341 10971 44864
433907000000 2000 467663 347125600000 86781400000 0
2471248270457727600 0 10000 1976998616366182080 0 494249654091545520
115792089237316195423570985008687907853269984665640564039457584007913129637905 500 0 92633671389852956338856788006950326282615987732512451231566067206330503710324 5789604461865809771178549250434395392663499233282028201972879200395656481895 17368813385597429313535647751303186177990497699846084605918637601186969445686
67108864 0 774404 53687092 0 13421772
744040000 2000 786668 595232000 148808000 0
8 0 748760 7 0 1
8760 0 10000 7008 0 1752
4818316 2000 10000 3854653 963663 0
709642000000 1186 10000 567713600000 84163541200 57764858800
5304734068061952060 1643 0 4243787254449561648 871567807382578723 189379006229811689
115792089237316195423570985008687907853269984665640564039457584007913129625918 2000 0 92633671389852956338856788006950326282615987732512451231566067206330503700735 23158417847463239084714197001737581570653996933128112807891516801582625925183 0
23384026197294446691258957323460528314494920687615 2000 356995 18707220957835557353007165858768422651595936550092 4676805239458889338251791464692105662898984137523 0
569950000 465 578676 455960000 26502675 87487325
4 500 0 4 0 0
1661 2000 10000 1329 0 332
3954440 500 184530 3163552 197722 593166
184530000000 2000 83328 147624000000 36906000000 0
1663933967952927744 338 0 1331147174362342196 56240968116808957 276545825473776591
115792089237316195423570985008687907853269984665640564039457584007913129639363 1893 25855 92633671389852956338856788006950326282615987732512451231566067206330503711491 21919442492623955793681987462144620956624008097205758772669320652697955440731 1238975354839283291032209539592960614029988835922354035222196148884670487141
9223372036854775807 1850 851258 7378697629483820646 1706323826818133524 138350580552821637
512580001 0 884167 410064001 0 102516000
7 500 0 6 0 1
8655 2000 0 6924 1731 0
546335 2000 0 437068 109267 0
828335000000 1137 0 662668000000 94181689500 71485310500
643780259330080063 2000 728596 515024207464064051 128756051866016012 0
115792089237316195423570985008687907853269984665640564039457584007913129631339 984 0 92633671389852956338856788006950326282615987732512451231566067206330503705072 11393941580951913629679384924854890132761766491099031501482626266378651955723 11764476266511325455034812076882691437892230442029081306408890535203973970544
91343852333181432387730302044767688728495783936 1983 0 73075081866545145910184241635814150982796627149 18113485917669878042486918895477432674860713954 155284548966408435059141513476105070838442833
144210000 0 10000 115368000 0 28842000
3 500 269761 3 0 0
9761 0 10000 7809 0 1952
937177 600 0 749742 56230 131205
866776000000 1651 63679 693420800000 143104717600 30250482400
5452354988147137357 844 10000 4361883990517709886 460178760999618392 630292236629809079
115792089237316195423570985008687907853269984665640564039457584007913129629085 0 310627 92633671389852956338856788006950326282615987732512451231566067206330503703268 0 23158417847463239084714197001737581570653996933128112807891516801582625925817
83076749736557242056487941267521536 965 0 66461399789245793645190353014017229 8016906349577773858451086332315828 8598443597733674552846501921188479
459339998 500 889171 367471999 22966999 68901000
11 283 410451 9 0 2
451 2000 296342 361 0 90
1481710 500 0 1185368 74085 222257
703359000000 500 0 562687200000 35167950000 105503850000
7074592098586142970 0 10000 5659673678868914376 0 1414918419717228594
115792089237316195423570985008687907853269984665640564039457584007913129624758 0 0 92633671389852956338856788006950326282615987732512451231566067206330503699807 0 23158417847463239084714197001737581570653996933128112807891516801582625924951
6427752177035961102167848369364650410088811975131171341205503 500 0 5142201741628768881734278695491720328071049580104937072964403 321387608851798055108392418468232520504440598756558567060275 964162826555394165325177255404697561513321796269675701180825
267090001 1402 0 213672001 37446018 15971982
7 0 917712 6 0 1
7712 2000 10000 6170 0 1542
557176 500 554084 445741 27858 83577
554084000000 500 0 443267200000 27704200000 83112600000
3625070151425696270 0 0 2900056121140557016 0 725014030285139254
115792089237316195423570985008687907853269984665640564039457584007913129627979 760 432201 92633671389852956338856788006950326282615987732512451231566067206330503702384 8800198782036030852191394860660280996848518834588682866998776384601397851726 14358219065427208232522802141077300573805478098539429940892740416981228073869
21267647932558653966460912964485513216 0 0 17014118346046923173168730371588410573 0 4253529586511730793292182592897102643
144060000 935 618181 115248000 13469610 15342390
5 403 169420 4 0 1
9420 2000 0 7536 1884 0
825100 2000 10000 660080 165020 0
5077000000 2000 645294 4061600000 1015400000 0
3543538143941149134 2000 624331 2834830515152919308 708707628788229826 0
115792089237316195423570985008687907853269984665640564039457584007913129635604 1818 10000 92633671389852956338856788006950326282615987732512451231566067206330503708484 21051001823344084328005205074579461647724483212213454542373388772638606967752 2107416024119154756708991927158119922929513720914658265518128028944018959368
8 500 10000 7 0 1
698940000 0 671579 559152000 0 139788000
7 2000 381705 6 0 1
1705 1547 457057 1364 0 341
2285287 500 10000 1828230 114264 342793
906817000000 500 259974 725453600000 45340850000 136022550000
508566243909077816 1124 784118 406852995127262253 57162845815380346 44550402966435217
115792089237316195423570985008687907853269984665640564039457584007913129635817 0 10000 92633671389852956338856788006950326282615987732512451231566067206330503708654 0 23158417847463239084714197001737581570653996933128112807891516801582625927163
401734511064747568885490523085290650630550748445698208825344 500 278497 321387608851798055108392418468232520504440598756558567060276 20086725553237378444274526154264532531527537422284910441267 60260176659712135332823578462793597594582612266854731323801
784970001 784 664986 627976001 61541648 95452352
2 559 469041 2 0 0
9041 547 0 7233 494 1314
4593767 1069 58918 3675014 491073 427680
58918000000 500 0 47134400000 2945900000 8837700000
577233224083124349 500 10000 461786579266499480 28861661204156217 86584983612468652
115792089237316195423570985008687907853269984665640564039457584007913129622238 2000 10000 92633671389852956338856788006950326282615987732512451231566067206330503697791 23158417847463239084714197001737581570653996933128112807891516801582625924447 0
2596148429267413814265248164610047 908 109826 2076918743413931051412198531688038 235730277377481174335284533346592 283499408476001588517765099575417
98260001 669 742397 78608001 6573594 13078406
9 2000 134746 8 0 1
4746 0 10000 3797 0 949
2503827 557 0 2003062 139463 361302
853630000000 22 0 682904000000 1877986000 168848014000
15237511393812620328 186 263830 12190009115050096263 283417711924914738 2764084566837609327
115792089237316195423570985008687907853269984665640564039457584007913129636105 233 0 92633671389852956338856788006950326282615987732512451231566067206330503708884 2697955679229467353369203950702428252981190642709425142119361707384375920521 20460462168233771731344993051035153317672806290418687665772155094198250006700
158456325028528675187087900672 2000 0 126765060022822940149670320538 31691265005705735037417580134 0
215420000 1322 10000 172336000 28478524 14605476
9 500 0 8 0 1
756 0 0 605 0 151
1545675 0 791988 1236540 0 309135
791988000000 500 554354 633590400000 39599400000 118798200000
1771830294221734952 1334 833508 1417464235377387962 236362161249179442 118003897595167548
115792089237316195423570985008687907853269984665640564039457584007913129626427 0 0 92633671389852956338856788006950326282615987732512451231566067206330503701142 0 23158417847463239084714197001737581570653996933128112807891516801582625925285
16383 0 0 13107 0 3276
384109999 513 10000 307288000 19704842 57117157
9 875 583554 8 0 1
3554 635 10000 2844 0 710
3690652 500 0 2952522 184532 553598
4421000000 2000 9669 3536800000 884200000 0
2532911323401794664 2000 386126 2026329058721435732 506582264680358932 0
115792089237316195423570985008687907853269984665640564039457584007913129633809 103 385233 92633671389852956338856788006950326282615987732512451231566067206330503707048 1192658519144356812862781145589485450888680842056097809606413115281505235228 21965759328318882271851415856148096119765316091072014998285103686301120691533
2475880078570760549798248447 0 438229 1980704062856608439838598758 0 495176015714152109959649689
382290001 1812 10000 305832001 69270948 7187052
0 0 966548 0 0 0
6548 2000 10000 5239 0 1309
1705181 809 258382 1364145 137949 203087
258382000000 2000 0 206705600000 51676400000 0
1187785153368083584 200 73230 950228122694466868 23755703067361671 213801327606255045
115792089237316195423570985008687907853269984665640564039457584007913129626705 0 838248 92633671389852956338856788006950326282615987732512451231566067206330503701364 0 23158417847463239084714197001737581570653996933128112807891516801582625925341
2475880078570760549798248447 0 173762 1980704062856608439838598758 0 495176015714152109959649689
737620000 500 554514 590096000 36881000 110643000
10 1549 0 8 1 1
5954 1938 929092 4764 0 1190
4645461 500 452669 3716369 232273 696819
452669000000 2000 0 362135200000 90533800000 0
4075476084002394190 1902 10000 3260380867201915352 775155551177255374 39939665623223464
115792089237316195423570985008687907853269984665640564039457584007913129624183 1897 10000 92633671389852956338856788006950326282615987732512451231566067206330503699347 21965759328318882271851415856148096119765316091072014998285103686301120689707 1192658519144356812862781145589485450888680842056097809606413115281505235129
25108406941546723055343157692830665664409421777856138051583 500 0 20086725553237378444274526154264532531527537422284910441267 1255420347077336152767157884641533283220471088892806902579 3766261041232008458301473653924599849661413266678420707737
199999998 78 0 159999999 1559999 38440000
3 0 979476 3 0 0
9476 2000 10000 7581 0 1895
1771822 1832 10000 1417458 324597 29767
66321000000 0 0 53056800000 0 13264200000
5490218373205754442 1456 0 4392174698564603554 799375795138757846 298667879502393042
115792089237316195423570985008687907853269984665640564039457584007913129621649 0 565667 92633671389852956338856788006950326282615987732512451231566067206330503697320 0 23158417847463239084714197001737581570653996933128112807891516801582625924329
73786976294838206463 1926 69149 59029581035870565171 14211371634385838564 546023624581802728
691489999 2000 837212 553192000 138297999 0
4 1085 0 4 0 0
4457 500 10000 3566 0 891
1053930 659 826348 843144 69453 141333
826348000000 212 0 661078400000 17518577600 147751022400
683755978268303874 500 10000 547004782614643100 34187798913415193 102563396740245581
115792089237316195423570985008687907853269984665640564039457584007913129636120 1617 10000 92633671389852956338856788006950326282615987732512451231566067206330503708896 18723580829674028799991428275904834699873756520434079205180291334079553062160 4434837017789210284722768725832746870780240412694033602711225467503072865064
18014398509481984 0 314950 14411518807585588 0 3602879701896396
149499998 2000 864557 119599999 29899999 0
1 870 301076 1 0 0
1076 2000 10000 861 0 215
1610352 0 0 1288282 0 322070
568166000000 1891 515725 454532800000 107440190600 6193009400
8615322665183771350 2000 668392 6892258132147017080 1723064533036754270 0
115792089237316195423570985008687907853269984665640564039457584007913129631543 0 0 92633671389852956338856788006950326282615987732512451231566067206330503705235 0 23158417847463239084714197001737581570653996933128112807891516801582625926308
34359738367 500 0 27487790694 1717986918 5153960755
884229999 2000 0 707384000 176845999 0
8 2000 494826 7 0 1
4826 626 403571 3861 0 965
2017857 1969 772888 1614286 397316 6255
772888000000 500 231559 618310400000 38644400000 115933200000
1357803101304809159 2000 0 1086242481043847328 271560620260961831 0
115792089237316195423570985008687907853269984665640564039457584007913129633516 0 439739 92633671389852956338856788006950326282615987732512451231566067206330503706813 0 23158417847463239084714197001737581570653996933128112807891516801582625926703
2199023255552 1732 967536 1759218604442 380870827861 58933823249
675359998 0 914124 540287999 0 135071999
0 0 10000 0 0 0
6268 398 0 5015 249 1004
3115427 2000 10000 2492342 623085 0
320210000000 0 0 256168000000 0 64042000000
859283690645329467 500 710994 687426952516263574 42964184532266473 128892553596799420
115792089237316195423570985008687907853269984665640564039457584007913129628941 1471 595319 92633671389852956338856788006950326282615987732512451231566067206330503703153 17033016326809212346807291894777991245216014744315726970204210607564021368417 6125401520654026737906905106959590325437982188812385837687306194018604557371
16383 424 181982 13107 0 3276
819819999 2000 0 655856000 163963999 0
7 500 817936 6 0 1
7936 500 32441 6349 0 1587
162205 775 878648 129764 0 32441
878648000000 1926 623132 702918400000 169227604800 6501995200
3601556230194549104 500 0 2881244984155639284 180077811509727455 540233434529182365
115792089237316195423570985008687907853269984665640564039457584007913129634676 489 10000 92633671389852956338856788006950326282615987732512451231566067206330503707741 5662233163704761956212621166924838694024902250149823581529475857986952039135 17496184683758477128501575834812742876629094682978289226362040943595673887800
220855883097298041197912187592864814478435487109452369765200775161577472 948 10000 176684706477838432958329750074291851582748389687561895812160620129261978 20937137717623854305562075383803584412555684177976084653741033485317544 23234038901835753934020362134769378483131413243914389299299121546997950
110649999 1954 114145 88520000 21621009 508990
9 0 0 8 0 1
6082 0 0 4866 0 1216
2138966 0 10000 1711173 0 427793
742972000000 215 623170 594377600000 15973898000 132620502000
402743556223091070 2000 625364 322194844978472856 80548711244618214 0
115792089237316195423570985008687907853269984665640564039457584007913129634571 2000 911427 92633671389852956338856788006950326282615987732512451231566067206330503707657 23158417847463239084714197001737581570653996933128112807891516801582625926914 0
2047 1222 10000 1638 0 409
130219998 507 859646 104175999 6602153 19441846
10 1979 0 8 1 1
6161 199 730958 4929 0 1232
3654792 2000 10000 2923834 730958 0
435614000000 1631 159254 348491200000 71048643400 16074156600
310262369263015928 500 10000 248209895410412743 15513118463150796 46539355389452389
115792089237316195423570985008687907853269984665640564039457584007913129628872 500 210938 92633671389852956338856788006950326282615987732512451231566067206330503703098 5789604461865809771178549250434395392663499233282028201972879200395656481443 17368813385597429313535647751303186177990497699846084605918637601186969444331
332306998946228968225951765070086143 770 0 265845599156983174580761412056068915 25587638918859630553398285910396633 40873760870386163091792067103620595
96169999 1529 10000 76936000 14704392 4529607
8 2000 454974 7 0 1
4974 500 620313 3980 0 994
3101567 1339 10000 2481254 415299 205014
608832000000 500 10306 487065600000 30441600000 91324800000
1800717757987263418 765 0 1440574206389810735 137754908486025651 222388643111427032
115792089237316195423570985008687907853269984665640564039457584007913129625644 500 352214 92633671389852956338856788006950326282615987732512451231566067206330503700516 5789604461865809771178549250434395392663499233282028201972879200395656481282 17368813385597429313535647751303186177990497699846084605918637601186969443846
33554431 2000 0 26843545 6710886 0
28499999 500 159873 22800000 1424999 4275000
1 2 0 1 0 0
9461 2000 10000 7569 0 1892
4749960 500 75498 3799968 237498 712494
75498000000 1119 793760 60398400000 8448226200 6651373800
4631061916790874240 1408 0 3704849533432699392 652053517884155092 274158865474019756
115792089237316195423570985008687907853269984665640564039457584007913129625497 366 10000 92633671389852956338856788006950326282615987732512451231566067206330503700398 4237990466085772752502698051317977427429681438762444643844147574689620544293 18920427381377466332211498950419604143224315494365668164047369226893005380806
20282409603651670423947251286015 500 455496 16225927682921336339157801028812 1014120480182583521197362564300 3042361440547750563592087692903
554959999 500 10000 443968000 27747999 83244000
3 500 10000 3 0 0
7698 500 0 6159 384 1155
2835286 1102 911494 2268229 312448 254609
911494000000 345 10000 729195200000 31446543000 150852257000
14232919131758946388 2000 440568 11386335305407157111 2846583826351789277 0
115792089237316195423570985008687907853269984665640564039457584007913129639367 638 10000 92633671389852956338856788006950326282615987732512451231566067206330503711494 7387535293340773268023828843554288521038625021667867985717393859704857670991 15770882554122465816690368158183293049615371911460244822174122941877768256882
332306998946228968225951765070086143 579 429401 265845599156983174580761412056068915 19240575238986657260282607197557987 47220824550259136384907745816459241
294010000 0 762005 235208000 0 58802000
5 968 304447 4 0 1
4447 1180 10000 3558 0 889
1512486 500 10000 1209989 75624 226873
173570000000 1211 671177 138856000000 21019327000 13694673000
11690682536972728158 1721 87427 9352546029578182527 2011966464613006515 326170042781539116
115792089237316195423570985008687907853269984665640564039457584007913129632508 2000 10000 92633671389852956338856788006950326282615987732512451231566067206330503706007 23158417847463239084714197001737581570653996933128112807891516801582625926501 0
590295810358705651712 0 359906 472236648286964521370 0 118059162071741130342
599059998 2000 88250 479247999 119811999 0
6 775 295369 5 0 1
5369 2000 164365 4296 0 1073
821825 2000 10000 657460 164365 0
998163000000 929 202223 798530400000 92729342700 106903257300
992411594241843622 363 416448 793929275393474898 36024540870978923 162457777977389801
115792089237316195423570985008687907853269984665640564039457584007913129623487 1048 10000 92633671389852956338856788006950326282615987732512451231566067206330503698790 12135010952070737280390239228910492743022694392959131111335154804029295984541 11023406895392501804323957772827088827631302540168981696556361997553329940156
562949953421311 1992 0 450359962737049 112139630721525 450359962737
938409998 1086 0 750727999 101911325 85770674
10 1663 870356 8 0 2
356 2000 0 285 71 0
3320161 1408 329672 2656129 467478 196554
329672000000 1412 349744 263737600000 46549686400 19384713600
2186369046701538128 500 0 1749095237361230503 109318452335076906 327955357005230719
115792089237316195423570985008687907853269984665640564039457584007913129630465 450 382011 92633671389852956338856788006950326282615987732512451231566067206330503704372 5210644015679228794060694325390955853397149309953825381775591280356090833370 17947773831784010290653502676346625717256847623174287426115925521226535092723
1152921504606846975 0 10000 922337203685477580 0 230584300921369395
403870000 500 0 323096000 20193500 60580500
6 0 615019 5 0 1
5019 1472 0 4016 738 265
3299166 223 0 2639333 73571 586262
189034000000 500 10000 151227200000 9451700000 28355100000
26782880559880944 937 933616 21426304447904756 2509555908460844 2847020203515344
115792089237316195423570985008687907853269984665640564039457584007913129626319 775 4564 92633671389852956338856788006950326282615987732512451231566067206330503701056 8973886915892005145326751338173312858628423811587143713057962760613267546039 14184530931571233939387445663564268712025573121540969094833554040969358379224
44601490397061246283071436545296723011960831 1332 0 35681192317648997026457149236237378409568665 5940918520888558004905115347833523505193182 2979379558523691251709171961225821097198984
256809998 500 0 205447999 12840499 38521500
8 2000 705031 7 0 1
5031 500 0 4025 251 755
1991411 500 10000 1593129 99570 298712
339677000000 0 10000 271741600000 0 67935400000
3801421380046373044 1123 657098 3041137104037098436 426899620979207692 333384655030066916
115792089237316195423570985008687907853269984665640564039457584007913129622837 500 10000 92633671389852956338856788006950326282615987732512451231566067206330503698270 5789604461865809771178549250434395392663499233282028201972879200395656481141 17368813385597429313535647751303186177990497699846084605918637601186969443426
2199023255552 500 0 1759218604442 109951162777 329853488333
313730001 1821 10000 250984001 57130233 5615767
0 1676 514366 0 0 0
4366 2000 0 3493 873 0
3824142 1912 500847 3059314 731175 33653
500847000000 0 10124 400677600000 0 100169400000
2764258118816357892 944 383049 2211406495053086314 260945966416264185 291905657347007393
115792089237316195423570985008687907853269984665640564039457584007913129636886 500 351129 92633671389852956338856788006950326282615987732512451231566067206330503709509 5789604461865809771178549250434395392663499233282028201972879200395656481844 17368813385597429313535647751303186177990497699846084605918637601186969445533
842498333348457493583344221469363458551160763204392890034487820288 0 0 673998666678765994866675377175490766840928610563514312027590256231 0 168499666669691498716668844293872691710232152640878578006897564057
458390001 0 442418 366712001 0 91678000
6 277 634036 5 0 1
4036 500 0 3229 201 606
486837 2000 755424 389470 0 97367
755424000000 0 287881 604339200000 0 151084800000
1722884216307303576 2000 880426 1378307373045842861 344576843261460715 0
115792089237316195423570985008687907853269984665640564039457584007913129639509 500 306157 92633671389852956338856788006950326282615987732512451231566067206330503711608 5789604461865809771178549250434395392663499233282028201972879200395656481975 17368813385597429313535647751303186177990497699846084605918637601186969445926
1809251394333065553493296640760748560207343510400633813116524750123642650623 25 569239 1447401115466452442794637312608598848165874808320507050493219800098914120499 4523128485832663883733241601901871400518358776001584532791311875309106626 357327150380780446814926086550247840640950343304125178090513638149419423498
692390001 500 538868 553912001 34619500 103858500
0 145 10000 0 0 0
7331 448 0 5865 328 1138
529010 235 959362 423208 0 105802
959362000000 936 0 767489600000 89796283200 102076116800
4093342296810107237 500 562341 3274673837448085790 204667114840505361 614001344521516086
115792089237316195423570985008687907853269984665640564039457584007913129637594 500 866189 92633671389852956338856788006950326282615987732512451231566067206330503710076 5789604461865809771178549250434395392663499233282028201972879200395656481879 17368813385597429313535647751303186177990497699846084605918637601186969445639
75557863725914323419135 240 985070 60446290980731458735308 1813388729421943762059 13298184015760920921768
850700001 0 668356 680560001 0 170140000
8 1783 405293 7 0 1
5293 500 468327 4235 0 1058
2341636 146 498550 1873309 34187 434140
498550000000 151 10000 398840000000 7528105000 92181895000
3953843142792100714 1595 155 3163074514233680572 630637981275340063 160130647283080079
115792089237316195423570985008687907853269984665640564039457584007913129639780 500 10000 92633671389852956338856788006950326282615987732512451231566067206330503711824 5789604461865809771178549250434395392663499233282028201972879200395656481989 17368813385597429313535647751303186177990497699846084605918637601186969445967
200867255532373784442745261542645325315275374222849104412672 500 668365 160693804425899027554196209234116260252220299378279283530138 10043362776618689222137263077132266265763768711142455220633 30130088329856067666411789231396798797291306133427365661901
683650000 500 10000 546920000 34182500 102547500
10 730 298259 8 0 2
8259 0 0 6608 0 1651
3881032 896 10000 3104826 347740 428466
598578000000 1784 10000 478862400000 106786315200 12929284800
16159844896350591392 1473 10000 12927875917080473114 2380345153232442112 851623826037676166
115792089237316195423570985008687907853269984665640564039457584007913129622218 1125 929388 92633671389852956338856788006950326282615987732512451231566067206330503697775 13026610039198071985151735813477389633492873274884563454438978200890227082499 10131807808265167099562461188260191937161123658243549353452538600692398841944
16777216 1635 778402 13421773 2743074 612369
784020000 0 948580 627216000 0 156804000
0 0 0 0 0 0
3430 0 3775 2744 0 686
18876 2000 973459 15101 0 3775
973459000000 2000 0 778767200000 194691800000 0
8520810993108602583 500 901638 6816648794486882067 426040549655430129 1278121648966290387
115792089237316195423570985008687907853269984665640564039457584007913129638297 172 22600 92633671389852956338856788006950326282615987732512451231566067206330503710638 1991623934881838561285420942149432015076243736249017701478670444936105829778 21166793912581400523428776059588149555577753196879095106412846356646520097881
12259964326927110866866776217202473468949912977468817407 500 0 9807971461541688693493420973761978775159930381975053926 612998216346355543343338810860123673447495648873440870 1838994649039066630030016432580371020342486946620322611
106119999 500 10000 84896000 5305999 15918000
5 649 421920 4 0 1
1920 1680 0 1536 322 62
2214465 0 843489 1771572 0 442893
843489000000 1596 531038 674791200000 134620844400 34076955600
2968623707439432468 2000 10000 2374898965951545975 593724741487886493 0
115792089237316195423570985008687907853269984665640564039457584007913129634492 927 336851 92633671389852956338856788006950326282615987732512451231566067206330503707594 10733926672299211315765030310305369057998127578504880286457718037533547117117 12424491175164027768949166691432212512655869354623232521433798764049078809781
10384593717069655257060992658440191 2000 342383 8307674973655724205648794126752153 2076918743413931051412198531688038 0
423830001 2000 357059 339064001 84766000 0
7 829 10000 6 0 1
1900 0 581893 1520 0 380
2909466 2000 0 2327573 581893 0
72073000000 2000 0 57658400000 14414600000 0
4496452276693673084 935 10000 3597161821354938468 420418287870858433 478872167467876183
115792089237316195423570985008687907853269984665640564039457584007913129632811 1063 10000 92633671389852956338856788006950326282615987732512451231566067206330503706249 12308699085926711573525595706423524604802599369957591957394341180041165679967 10849718761536527511188601295314056965851397563170520850497175621541460246595
79228162514264337593543950335 0 817297 63382530011411470074835160268 0 15845632502852867518708790067
172970001 500 972403 138376001 8648500 25945500
7 500 0 6 0 1
7836 2000 200206 6269 0 1567
1001031 504 10000 800825 50451 149755
620984000000 500 259288 496787200000 31049200000 93147600000
14484376220993840320 0 0 11587500976795072256 0 2896875244198768064
115792089237316195423570985008687907853269984665640564039457584007913129628741 2000 10000 92633671389852956338856788006950326282615987732512451231566067206330503702993 23158417847463239084714197001737581570653996933128112807891516801582625925748 0
22300745198530623141535718272648361505980416 1798 10000 17840596158824498513228574618118689204784333 4009673986695806040848122145422175398775278 450475053010318587459021509107496902420805
672879999 500 874217 538304000 33643999 100932000
9 2000 0 8 1 0
2748 2000 383212 2199 0 549
1916060 1473 10000 1532848 282235 100977
187160000000 0 4886 149728000000 0 37432000000
10289237221488857320 0 601319 8231389777191085856 0 2057847444297771464
115792089237316195423570985008687907853269984665640564039457584007913129638616 0 10000 92633671389852956338856788006950326282615987732512451231566067206330503710893 0 23158417847463239084714197001737581570653996933128112807891516801582625927723
56539106072908298546665520023773392506479484700019806659891398441363832832 0 10000 45231284858326638837332416019018714005183587760015845327913118753091066266 0 11307821214581659709333104004754678501295896940003961331978279688272766566
320209999 500 0 256168000 16010499 48031500
10 1459 291458 8 0 2
1458 1438 272455 1167 0 291
1362276 1636 0 1089821 222868 49587
257306000000 500 737647 205844800000 12865300000 38595900000
2916873256744054209 500 0 2333498605395243368 145843662837202710 437530988511608131
115792089237316195423570985008687907853269984665640564039457584007913129626767 500 373102 92633671389852956338856788006950326282615987732512451231566067206330503701414 5789604461865809771178549250434395392663499233282028201972879200395656481338 17368813385597429313535647751303186177990497699846084605918637601186969444015
4398046511103 2000 974315 3518437208883 879609302220 0
743150000 500 0 594520000 37157500 111472500
7 500 668575 6 0 1
8575 1331 10000 6860 0 1715
4305030 0 842250 3444024 0 861006
842250000000 1833 955571 673800000000 154384425000 14065575000
1125396457962608465 0 10000 900317166370086772 0 225079291592521693
115792089237316195423570985008687907853269984665640564039457584007913129625126 0 804364 92633671389852956338856788006950326282615987732512451231566067206330503700101 0 23158417847463239084714197001737581570653996933128112807891516801582625925025
131071 334 10000 104857 4377 21837
1360000 1259 0 1088000 171224 100776
0 1622 456770 0 0 0
6770 2000 319764 5416 0 1354
1598822 2000 422814 1279058 319764 0
422814000000 500 10000 338251200000 21140700000 63422100000
1052697827249939181 107 98676 842158261799951345 11263866751574349 199275698698413487
115792089237316195423570985008687907853269984665640564039457584007913129621259 1882 354944 92633671389852956338856788006950326282615987732512451231566067206330503697008 21792071194462907978716059378635064257985411114073554152225917310289250994720 1366346653000331105998137623102517312668585819054558655665599491293374929531
7067388259113537318333190002971674063309935587502475832486424805170479103 0 129902 5653910607290829854666552002377339250647948470001980665989139844136383283 0 1413477651822707463666638000594334812661987117500495166497284961034095820
299019998 500 10000 239215999 14950999 44853000
1 1587 430246 1 0 0
246 500 365575 197 0 49
1827877 0 10000 1462302 0 365575
234948000000 227 10000 187958400000 5333319600 41656280400
70278343654294722 432 283992 56222674923435778 3036024445865531 11019644284993413
115792089237316195423570985008687907853269984665640564039457584007913129635943 640 386097 92633671389852956338856788006950326282615987732512451231566067206330503708755 7410693711188236507108543040556026102609279018600996098525285376506440296700 15747724136275002577605653961181555468044717914527116709366231425076185630488
134217727 436 10000 107374182 5851892 20991653
403859998 2000 10000 323087999 80771999 0
1 2000 0 1 0 0
1334 792 330083 1068 0 266
1650417 0 0 1320334 0 330083
564616000000 0 95820 451692800000 0 112923200000
5242870853513072460 1835 0 4194296682810457968 962066801619648796 86507369082965696
115792089237316195423570985008687907853269984665640564039457584007913129626174 641 362471 92633671389852956338856788006950326282615987732512451231566067206330503700940 7422272920111968126650900139056894893394606017067560154929231134907231609037 15736144927351270958063296862680686677259390916060552652962285666675394316197
618970019642690137449562111 2000 0 495176015714152109959649689 123794003928538027489912422 0
422349998 2000 736694 337879999 84469999 0
10 2000 0 8 2 0
5811 0 772022 4649 0 1162
3860111 0 10000 3088089 0 772022
264749000000 952 371933 211799200000 25204104800 27745695200
407359969566118163 2000 506830 325887975652894531 81471993913223632 0
115792089237316195423570985008687907853269984665640564039457584007913129633105 0 795540 92633671389852956338856788006950326282615987732512451231566067206330503706484 0 23158417847463239084714197001737581570653996933128112807891516801582625926621
226156424291633194186662080095093570025917938800079226639565593765455331328 776 633024 180925139433306555349329664076074856020734351040063381311652475012364265063 17549738525030735868884977415379261034011232050886147987230290076199333711 27681546333295902968447438603639452971172355709129697340682828676891732554
330239999 500 921315 264192000 16511999 49536000
11 1468 0 9 1 1
2885 195 10000 2308 0 577
2206200 500 0 1764960 110310 330930
67532000000 0 0 54025600000 0 13506400000
5742331989407507637 454 957493 4593865591526006110 260701872319100846 887764525562400681
115792089237316195423570985008687907853269984665640564039457584007913129622442 500 0 92633671389852956338856788006950326282615987732512451231566067206330503697954 5789604461865809771178549250434395392663499233282028201972879200395656481122 17368813385597429313535647751303186177990497699846084605918637601186969443366
196159429230833773869868419475239575503198607639501078527 2000 74996 156927543384667019095894735580191660402558886111600862822 39231885846166754773973683895047915100639721527900215705 0
749959998 1489 0 599967999 111669043 38322956
5 363 935133 4 0 1
5133 500 579003 4107 0 1026
2895017 2000 901579 2316014 579003 0
901579000000 0 572321 721263200000 0 180315800000
2888447108473436488 253 633192 2310757686778749191 73077711844377943 504611709850309354
115792089237316195423570985008687907853269984665640564039457584007913129626743 917 948341 92633671389852956338856788006950326282615987732512451231566067206330503701395 10618134583061895120341459325296681150144857593839239722418260453525633986772 12540283264401343964372737676440900420509139339288873085473256348056991938576
215679573337205118357336120696157045389097155380324579848828881993728 770 10000 172543658669764094685868896556925636311277724304259663879063105594983 16607327146964794113514881293604092494960480964284992648359823913517 26528587520476229557952342845627316582858950111779923321405952485228
884120000 0 253080 707296000 0 176824000
4 0 44334 4 0 0
4334 97 10000 3468 0 866
4172967 133 712912 3338374 55500 779093
712912000000 500 10000 570329600000 35645600000 106936800000
1143828385200346912 748 257582 915062708160277530 85558363212985949 143207313827083433
115792089237316195423570985008687907853269984665640564039457584007913129622353 2000 0 92633671389852956338856788006950326282615987732512451231566067206330503697883 23158417847463239084714197001737581570653996933128112807891516801582625924470 0
55213970774324510299478046898216203619608871777363092441300193790394368 231 10000 44171176619459608239582437518572962895687097421890473953040155032315495 1275442724886896187917942883348794303612964938057087435394034476558109 9767351429978005871977666496294446420308809417415531052866004281520764
194879999 500 474644 155904000 9743999 29232000
4 0 10000 4 0 0
6223 226 10000 4979 0 1244
906766 0 0 725413 0 181353
884332000000 2000 0 707465600000 176866400000 0
3750522685045567101 1502 120933 3000418148036453681 563328507293844178 186776029715269242
115792089237316195423570985008687907853269984665640564039457584007913129639002 1728 0 92633671389852956338856788006950326282615987732512451231566067206330503711202 20008873020208238569193066209501270477045053350222689466018270516567388801619 3149544827255000515521130792236311093608943582905423341873246285015237126181
8388608 0 10000 6710887 0 1677721
133289999 0 10000 106632000 0 26657999
9 835 185510 8 0 1
5510 973 14656 4408 0 1102
73280 500 0 58624 3664 10992
113207000000 1953 863874 90565600000 22109327100 532072900
412487228423280972 227 423043 329989782738624778 9363460085208478 73133985599447716
115792089237316195423570985008687907853269984665640564039457584007913129636892 87 0 92633671389852956338856788006950326282615987732512451231566067206330503709514 1007391176364650900185067569575584798323448866591072907143280980868844227840 22151026671098588184529129432161996772330548066537039900748235820713781699538
421249166674228746791672110734681729275580381602196445017243910144 1028 0 336999333339382997433337688587745383420464305281757156013795128116 43304414334110715170183892983525281769529663228705794547772673962 40945419000735034188150529163411064085586413091733494455676108066
85939999 2000 634084 68752000 17187999 0
8 0 495107 7 0 1
5107 130 10000 4086 0 1021
892016 1273 317262 713613 113553 64850
317262000000 0 10000 253809600000 0 63452400000
269422064626147874 888 830916 215537651700918300 23924679338801931 29959733586427643
115792089237316195423570985008687907853269984665640564039457584007913129629019 500 10000 92633671389852956338856788006950326282615987732512451231566067206330503703216 5789604461865809771178549250434395392663499233282028201972879200395656481450 17368813385597429313535647751303186177990497699846084605918637601186969444353
2535301200456458802993406410751 500 414268 2028240960365167042394725128601 126765060022822940149670320537 380295180068468820449010961613
142680001 345 574543 114144001 4922460 23613540
11 1951 722295 9 0 2
2295 1491 0 1836 342 117
232672 500 10000 186138 11633 34901
256107000000 0 0 204885600000 0 51221400000
2819299453623830970 0 0 2255439562899064776 0 563859890724766194
115792089237316195423570985008687907853269984665640564039457584007913129620691 1352 0 92633671389852956338856788006950326282615987732512451231566067206330503696553 15655090464885149621266797173174605141762101926794604258134665357869855124717 7503327382578089463447399828562976428891895006333508549756851443712770799421
21267647932558653966460912964485513215 0 902055 17014118346046923173168730371588410572 0 4253529586511730793292182592897102643
20550000 500 0 16440000 1027500 3082500
4 2000 0 4 0 0
4907 0 51643 3926 0 981
258216 1619 10000 206573 41805 9838
355533000000 500 0 284426400000 17776650000 53329950000
596662181257303620 1426 0 477329745005842896 85084027047291496 34248409204169228
115792089237316195423570985008687907853269984665640564039457584007913129638788 570 683454 92633671389852956338856788006950326282615987732512451231566067206330503711031 6600149086527023139143546145495210747636389125941512150249082288451048389410 16558268760936215945570650856242370823017607807186600657642434513131577538347
524287 2000 10000 419430 104857 0
171529999 2000 295014 137224000 34305999 0
10 500 92985 8 0 2
2985 500 935752 2388 0 597
4678761 0 10000 3743009 0 935752
522988000000 2000 335048 418390400000 104597600000 0
1751777455162639920 0 10000 1401421964130111936 0 350355491032527984
115792089237316195423570985008687907853269984665640564039457584007913129631992 1652 991771 92633671389852956338856788006950326282615987732512451231566067206330503705594 19128853142004635483973926723435242377360201466763821179318392878107249015205 4029564705458603600740270278302339193293795466364291628573123923475376911193
2923003274661805836407369665432566039311865085952 0 439348 2338402619729444669125895732346052831449492068762 0 584600654932361167281473933086513207862373017190
393479998 2000 0 314783999 78695999 0
5 388 10000 4 0 1
6995 2000 910646 5596 0 1399
4553232 863 0 3642586 392943 517703
759257000000 0 369009 607405600000 0 151851400000
7741540404395377074 2000 223694 6193232323516301660 1548308080879075414 0
115792089237316195423570985008687907853269984665640564039457584007913129636241 500 0 92633671389852956338856788006950326282615987732512451231566067206330503708993 5789604461865809771178549250434395392663499233282028201972879200395656481812 17368813385597429313535647751303186177990497699846084605918637601186969445436
28948022309329048855892746252171976963317496166410141009864396001978282409983 2000 10000 23158417847463239084714197001737581570653996933128112807891516801582625927987 5789604461865809771178549250434395392663499233282028201972879200395656481996 0
825890000 1669 0 660712000 137841041 27336959
4 1443 10000 4 0 0
2604 0 105668 2084 0 520
528342 0 0 422674 0 105668
382248000000 0 0 305798400000 0 76449600000
683655760672374588 134 0 546924608537899671 9160987193009819 127570164941465098
115792089237316195423570985008687907853269984665640564039457584007913129634654 0 0 92633671389852956338856788006950326282615987732512451231566067206330503707724 0 23158417847463239084714197001737581570653996933128112807891516801582625926930
26959946667150639794667015087019630673637144422540572481103610249215 500 10000 21567957333720511835733612069615704538909715538032457984882888199372 1347997333357531989733350754350981533681857221127028624055180512460 4043992000072595969200052263052944601045571663381085872165541537383
747359999 1665 10000 597888000 124435439 25036560
10 1049 10000 8 0 2
9747 0 291027 7798 0 1949
1455137 500 10000 1164110 72756 218271
625768000000 500 903292 500614400000 31288400000 93865200000
4823644308919710460 0 10000 3858915447135768368 0 964728861783942092
115792089237316195423570985008687907853269984665640564039457584007913129620147 500 0 92633671389852956338856788006950326282615987732512451231566067206330503696118 5789604461865809771178549250434395392663499233282028201972879200395656481007 17368813385597429313535647751303186177990497699846084605918637601186969443022
7067388259113537318333190002971674063309935587502475832486424805170479103 0 0 5653910607290829854666552002377339250647948470001980665989139844136383283 0 1413477651822707463666638000594334812661987117500495166497284961034095820
368439998 0 313381 294751999 0 73687999
9 0 690176 8 0 1
176 1190 0 141 20 15
99476 500 0 79581 4973 14922
550800000000 2000 0 440640000000 110160000000 0
1264321848963854801 1366 953127 1011457479171083841 172706364568462565 80158005224308395
115792089237316195423570985008687907853269984665640564039457584007913129626808 1199 912385 92633671389852956338856788006950326282615987732512451231566067206330503701447 13883471499554211831286161102541680151607071161410303628330964322548784242254 9274946347909027253428035899195901419046925771717809179560552479033841683107
1024 2000 10000 820 0 204
300559999 139 555784 240448000 4177783 55934216
4 292 0 4 0 0
5001 0 669880 4001 0 1000
3349401 701 10000 2679521 234793 435087
727088000000 942 606145 581670400000 68491689600 76925910400
4077854588904313620 2000 898481 3262283671123450896 815570917780862724 0
115792089237316195423570985008687907853269984665640564039457584007913129621454 2000 0 92633671389852956338856788006950326282615987732512451231566067206330503697164 23158417847463239084714197001737581570653996933128112807891516801582625924290 0
182687704666362864775460604089535377456991567872 1576 709411 146150163733090291820368483271628301965593254298 28791582255418787488612591204510775487221871096 7745958677853785466479529613396300004176442478
94110001 0 336960 75288001 0 18822000
4 1057 922896 4 0 0
2896 930 138095 2317 0 579
690477 2000 0 552382 138095 0
643061000000 1909 651559 514448800000 122760344900 5851855100
1505845969575667656 45 10000 1204676775660534125 6776306863090504 294392887052043027
115792089237316195423570985008687907853269984665640564039457584007913129625159 2000 124359 92633671389852956338856788006950326282615987732512451231566067206330503700128 23158417847463239084714197001737581570653996933128112807891516801582625925031 0
2535301200456458802993406410751 723 0 2028240960365167042394725128601 183302276793001971456423283497 323757963298289789142257998653
319229999 0 392682 255384000 0 63845999
10 188 66720 8 0 2
6720 2000 706524 5376 0 1344
3532622 0 0 2826098 0 706524
341098000000 2000 0 272878400000 68219600000 0
1283643913385335102 1563 640679 1026915130708268082 200633543662127876 56095239014939144
115792089237316195423570985008687907853269984665640564039457584007913129639256 355 10000 92633671389852956338856788006950326282615987732512451231566067206330503711405 4110619167924724937536769967808420728791084455630240023400744232280916102193 19047798679538514147177427033929160841862912477497872784490772569301709825658
5192296858534827628530496329220095 2000 409029 4153837486827862102824397063376076 1038459371706965525706099265844019 0
90289999 1237 195363 72232000 11168872 6889127
11 1787 827374 9 0 2
7374 1333 443721 5900 0 1474
2218605 1495 10000 1774884 331681 112040
76459000000 500 919966 61167200000 3822950000 11468850000
14644030356038820734 299 512156 11715224284831056588 437856507645560739 2490949563562203407
115792089237316195423570985008687907853269984665640564039457584007913129627779 2000 0 92633671389852956338856788006950326282615987732512451231566067206330503702224 23158417847463239084714197001737581570653996933128112807891516801582625925555 0
18014398509481984 500 10000 14411518807585588 900719925474099 2702159776422297
326499999 2000 31199 261200000 65299999 0
11 0 776392 9 0 2
6392 1425 90532 5114 0 1278
452662 0 546702 362130 0 90532
546702000000 500 0 437361600000 27335100000 82005300000
7782567874405716930 0 10000 6226054299524573544 0 1556513574881143386
115792089237316195423570985008687907853269984665640564039457584007913129622921 772 397975 92633671389852956338856788006950326282615987732512451231566067206330503698337 8939149289120810286699680042670706486272442816187451543846125485410893606889 14219268558342428798014516959066875084381554116940661264045391316171732317695
28269553036454149273332760011886696253239742350009903329945699220681916416 0 10000 22615642429163319418666208009509357002591793880007922663956559376545533133 0 5653910607290829854666552002377339250647948470001980665989139844136383283
332139998 500 60962 265711999 16606999 49821000
2 2000 338594 2 0 0
8594 978 0 6876 840 878
4866762 1721 0 3893410 837569 135783
512039000000 0 903298 409631200000 0 102407800000
934065911201356110 0 10000 747252728961084888 0 186813182240271222
115792089237316195423570985008687907853269984665640564039457584007913129637475 635 634433 92633671389852956338856788006950326282615987732512451231566067206330503709980 7352797666569578409396757548051682148682644026268175816505556584502483731979 15805620180893660675317439453685899421971352906859936991385960217080142195516
562949953421312 2000 0 450359962737050 112589990684262 0
508230001 6 0 406584001 304938 101341062
3 1315 0 3 0 0
9485 1426 664369 7588 0 1897
3321847 1937 290912 2657478 643441 20928
290912000000 2000 10000 232729600000 58182400000 0
1500363573307739313 500 605767 1200290858646191451 75018178665386965 225054535996160897
115792089237316195423570985008687907853269984665640564039457584007913129634168 500 963302 92633671389852956338856788006950326282615987732512451231566067206330503707335 5789604461865809771178549250434395392663499233282028201972879200395656481708 17368813385597429313535647751303186177990497699846084605918637601186969445125
2596148429267413814265248164610048 2000 525602 2076918743413931051412198531688039 519229685853482762853049632922009 0
256019999 2000 0 204816000 51203999 0
7 0 861834 6 0 1
1834 500 609951 1468 0 366
3049755 2000 175468 2439804 609951 0
175468000000 2000 616114 140374400000 35093600000 0
7293172117197950986 1586 582726 5834537693758360789 1156697097787595026 301937325651995171
115792089237316195423570985008687907853269984665640564039457584007913129637209 500 10000 92633671389852956338856788006950326282615987732512451231566067206330503709768 5789604461865809771178549250434395392663499233282028201972879200395656481860 17368813385597429313535647751303186177990497699846084605918637601186969445581
9444732965739290427392 171 816359 7555786372591432341914 161504933714141866308 1727441659433716219170
163589998 500 719738 130871999 8179499 24538500
6 358 10000 5 0 1
8638 2000 10000 6911 0 1727
1706406 1995 10000 1365125 340427 854
475442000000 1980 0 380353600000 94137516000 950884000
2239312092571337524 297 349021 1791449674057070020 66507569149368724 381354849364898780
115792089237316195423570985008687907853269984665640564039457584007913129630914 0 200430 92633671389852956338856788006950326282615987732512451231566067206330503704732 0 23158417847463239084714197001737581570653996933128112807891516801582625926182
11692013098647223345629478661730264157247460343807 2000 0 9353610478917778676503582929384211325797968275046 2338402619729444669125895732346052831449492068761 0
922099998 683 515755 737679999 62979429 121440570
11 1846 10000 9 0 2
2164 2000 23947 1732 0 432
119736 1587 10000 95789 19002 4945
907704000000 2000 247670 726163200000 181540800000 0
365649458433825490 500 10000 292519566747060392 18282472921691274 54847418765073824
115792089237316195423570985008687907853269984665640564039457584007913129634006 0 0 92633671389852956338856788006950326282615987732512451231566067206330503707205 0 23158417847463239084714197001737581570653996933128112807891516801582625926801
2854495385411919762116571938898990272765493247 1437 10000 2283596308329535809693257551119192218212394598 410190986883692869816151387619784902196401379 160708090198691082607163000160013152356697270
19629999 1408 0 15704000 2763903 1162096
8 0 536795 7 0 1
6795 688 887499 5436 0 1359
4437495 2000 861434 3549996 887499 0
861434000000 2000 157625 689147200000 172286800000 0
285011931194150500 230 0 228009544955320400 6555274417465461 50447111821364639
115792089237316195423570985008687907853269984665640564039457584007913129634650 1766 675503 92633671389852956338856788006950326282615987732512451231566067206330503707720 20448882959310040111802635952534284526887479291952123609368209335797458693479 2709534888153198972911561049203297043766517641175989198523307465785167233451
43556142965880123323311949751266331066367 2000 903007 34844914372704098658649559801013064853094 8711228593176024664662389950253266213273 0
30069998 500 0 24055999 1503499 4510500
4 500 10000 4 0 0
1867 1971 562410 1494 0 373
2812052 0 0 2249642 0 562410
384815000000 1494 10000 307852000000 57491361000 19471639000
10991107452624324666 500 10000 8792885962099459733 549555372631216233 1648666117893648700
115792089237316195423570985008687907853269984665640564039457584007913129627420 500 992046 92633671389852956338856788006950326282615987732512451231566067206330503701936 5789604461865809771178549250434395392663499233282028201972879200395656481371 17368813385597429313535647751303186177990497699846084605918637601186969444113
1461501637330902918203684832716283019655932542976 1335 10000 1169201309864722334562947866173026415724746034381 195110468583675539580191925167623783124066994487 97189858882505044060545041375632820807119514108
732529999 500 953017 586024000 36626499 109879500
1 500 0 1 0 0
4191 1143 10000 3353 0 838
3926281 500 987488 3141025 196314 588942
987488000000 500 10000 789990400000 49374400000 148123200000
6563701585084794080 1219 10000 5250961268067835264 800115223221836398 512625093795122418
115792089237316195423570985008687907853269984665640564039457584007913129631149 0 10000 92633671389852956338856788006950326282615987732512451231566067206330503704920 0 23158417847463239084714197001737581570653996933128112807891516801582625926229
2787593149816327892691964784081045188247551 500 292507 2230074519853062314153571827264836150598041 139379657490816394634598239204052259412377 418138972472449183903794717612156778237133
925070001 990 10000 740056001 91581930 93432070
10 2000 10000 8 0 2
5902 0 912796 4722 0 1180
4563980 1822 0 3651184 831557 81239
572182000000 0 10000 457745600000 0 114436400000
2138865176640288834 2000 10000 1711092141312231068 427773035328057766 0
115792089237316195423570985008687907853269984665640564039457584007913129633210 0 10000 92633671389852956338856788006950326282615987732512451231566067206330503706568 0 23158417847463239084714197001737581570653996933128112807891516801582625926642
68719476736 0 360133 54975581389 0 13743895347
601329999 500 0 481064000 30066499 90199500
2 958 10000 2 0 0
8299 978 547953 6640 0 1659
2739766 0 711123 2191813 0 547953
711123000000 2000 10000 568898400000 142224600000 0
8862007074889089062 590 0 7089605659911271250 522858417418456254 1249542997559361558
115792089237316195423570985008687907853269984665640564039457584007913129638955 2000 10000 92633671389852956338856788006950326282615987732512451231566067206330503711164 23158417847463239084714197001737581570653996933128112807891516801582625927791 0
4611686018427387904 1288 577700 3689348814741910324 593985159173447562 328352044512030018
776999998 500 10000 621599999 38849999 116550000
9 2000 547884 8 0 1
7884 500 271454 6308 0 1576
1357272 2000 382148 1085818 271454 0
382148000000 364 725740 305718400000 13910187200 62519412800
2385546103288936440 2000 0 1908436882631149152 477109220657787288 0
115792089237316195423570985008687907853269984665640564039457584007913129636025 500 10000 92633671389852956338856788006950326282615987732512451231566067206330503708820 5789604461865809771178549250434395392663499233282028201972879200395656481801 17368813385597429313535647751303186177990497699846084605918637601186969445404
441711766194596082395824375185729628956870974218904739530401550323154944 0 361895 353369412955676865916659500148583703165496779375123791624321240258523956 0 88342353238919216479164875037145925791374194843780947906080310064630988
618950000 65 437749 495160000 4023175 119766825
9 1155 0 8 1 0
3910 896 10000 3128 0 782
3404112 0 10000 2723290 0 680822
221160000000 2000 0 176928000000 44232000000 0
5228993761513366412 500 0 4183195009210693130 261449688075668320 784349064227004962
115792089237316195423570985008687907853269984665640564039457584007913129627679 500 0 92633671389852956338856788006950326282615987732512451231566067206330503702144 5789604461865809771178549250434395392663499233282028201972879200395656481383 17368813385597429313535647751303186177990497699846084605918637601186969444152
41538374868278621028243970633760767 500 868952 33230699894622896822595176507008614 2076918743413931051412198531688038 6230756230241793154236595595064115
689519999 729 0 551616000 50266007 87637992
7 500 362777 6 0 1
2777 0 282935 2222 0 555
1414677 867 0 1131742 122652 160283
495971000000 1212 1788 396776800000 60111685200 39082514800
509180555907674064 1929 925076 407344444726139252 98220929234590326 3615181946944486
115792089237316195423570985008687907853269984665640564039457584007913129634859 1050 426350 92633671389852956338856788006950326282615987732512451231566067206330503707888 12158169369918200519474953425912230324593348389892259224143046320830878611660 11000248477545038565239243575825351246060648543235853583748470480751747315311
3213876088517980551083924184682325205044405987565585670602752 1157 371917 2571100870814384440867139347745860164035524790052468536482202 371845463441530349760410028167745026223637772761338262088738 270929754262065760456374808768720014785243424751778872031812
719170001 500 2435 575336001 35958500 107875500
11 500 929248 9 0 2
9248 0 112611 7399 0 1849
563055 0 344435 450444 0 112611
344435000000 174 10000 275548000000 5993169000 62893831000
2184425378605524312 2000 10000 1747540302884419450 436885075721104862 0
115792089237316195423570985008687907853269984665640564039457584007913129636015 996 433 92633671389852956338856788006950326282615987732512451231566067206330503708812 11532892088036693064187670106865315622185690472697800178329975367188147711747 11625525759426546020526526894872265948468306460430312629561541434394478215456
28948022309329048855892746252171976963317496166410141009864396001978282409984 1 10000 23158417847463239084714197001737581570653996933128112807891516801582625927988 2894802230932904885589274625217197696331749616641014100986439600197828240 5786709659634876866292959975809178194967167483665387187871892760795458653756
518840000 500 0 415072000 25942000 77826000
4 500 10000 4 0 0
8383 500 568090 6707 0 1676
2840452 1821 0 2272362 517246 50844
10417000000 799 0 8333600000 832318300 1251081700
3486300440390586860 0 362666 2789040352312469488 0 697260088078117372
115792089237316195423570985008687907853269984665640564039457584007913129637269 1311 10000 92633671389852956338856788006950326282615987732512451231566067206330503709816 15180342899012153220030156134638984719563694989665477945572889263437411295445 7978074948451085864684040867098596851090301943462634862318627538145214632008
115792089237316195423570985008687907853269984665640564039457584007913129639935 146 0 92633671389852956338856788006950326282615987732512451231566067206330503711948 1690564502864816453184136381126843454657741776118352234976080726515531692743 21467853344598422631530060620610738115996255157009760572915436075067094235244
629949999 500 10000 503960000 31497499 94492500
11 1098 10000 9 0 2
6380 1241 10000 5104 0 1276
3727661 1689 0 2982129 629601 115931
815981000000 1739 0 652784800000 141899095900 21297104100
3060919545949443798 500 0 2448735636759555039 153045977297472189 459137931892416570
115792089237316195423570985008687907853269984665640564039457584007913129634418 500 882321 92633671389852956338856788006950326282615987732512451231566067206330503707535 5789604461865809771178549250434395392663499233282028201972879200395656481720 17368813385597429313535647751303186177990497699846084605918637601186969445163
1125899906842623 2000 10000 900719925474099 225179981368524 0
369359998 0 0 295487999 0 73871999
5 434 769584 4 0 1
9584 2000 103741 7668 0 1916
518707 500 591488 414966 0 103741
591488000000 2000 492145 473190400000 118297600000 0
1348917818998195545 2000 846799 1079134255198556436 269783563799639109 0
115792089237316195423570985008687907853269984665640564039457584007913129633136 1493 10000 92633671389852956338856788006950326282615987732512451231566067206330503706509 17287758923131307976739148061797104642493208710580136211091017292381430254227 5870658924331931107975048939940476928160788222547976596800499509201195672400
2854495385411919762116571938898990272765493248 2000 10000 2283596308329535809693257551119192218212394599 570899077082383952423314387779798054553098649 0
416180001 1811 10000 332944001 75370198 7865802
2 1338 10000 2 0 0
1224 0 10000 980 0 244
4385016 1052 200729 3508013 461303 415700
200729000000 0 10000 160583200000 0 40145800000
4688168224187280850 2000 0 3750534579349824680 937633644837456170 0
115792089237316195423570985008687907853269984665640564039457584007913129633668 891 10000 92633671389852956338856788006950326282615987732512451231566067206330503706935 10317075151044873012240174764274092589726355633708574255915670735105059850359 12841342696418366072474022237463488980927641299419538551975846066477566076374
5846006549323611672814739330865132078623730171903 351 778120 4676805239458889338251791464692105662898984137523 205194829881258769715797350513366135959692929033 964006479983463564847150515659660279765053105347
781199999 1458 0 624960000 113898959 42341040
8 2000 0 7 1 0
8648 2000 166493 6919 0 1729
832466 1888 832704 665973 0 166493
832704000000 813 556882 666163200000 67698835200 98841964800
597050174720283482 2000 539469 477640139776226786 119410034944056696 0
115792089237316195423570985008687907853269984665640564039457584007913129620466 1151 841597 92633671389852956338856788006950326282615987732512451231566067206330503696373 13327669471215094093253020374499978193911375235015228920941567919310801219315 9830748376248144991461176627237603376742621698112883886949948882271824704778
87112285931760246646623899502532662132736 116 0 69689828745408197317299119602026129706189 1010502516808418861100837234229378880739 16411954669543630468223942666277153545808
713879998 1076 113123 571103999 76813487 65962512
7 2000 0 6 1 0
2352 1357 911431 1882 0 470
4557155 0 0 3645724 0 911431
515949000000 1694 604237 412759200000 87401760600 15788039400
668375123804463527 2000 295979 534700099043570822 133675024760892705 0
115792089237316195423570985008687907853269984665640564039457584007913129623956 2000 10000 92633671389852956338856788006950326282615987732512451231566067206330503699165 23158417847463239084714197001737581570653996933128112807891516801582625924791 0
1237940039285380274899124223 1442 437755 990352031428304219919299379 178510953664951835640453712 69077054192124219339371132
377550001 0 0 302040001 0 75510000
3 0 0 3 0 0
9753 1327 0 7803 1294 656
3657285 0 213388 2925828 0 731457
213388000000 100 10000 170710400000 2133880000 40543720000
5682236181254616702 808 0 4545788945003693362 459124683445373029 677322552805550311
115792089237316195423570985008687907853269984665640564039457584007913129631940 2000 10000 92633671389852956338856788006950326282615987732512451231566067206330503705552 23158417847463239084714197001737581570653996933128112807891516801582625926388 0
93536104789177786765035829293842113257979682750464 500 796962 74828883831342229412028663435073690606383746200372 4676805239458889338251791464692105662898984137523 14030415718376668014755374394076316988696952412569
969620001 493 418266 775696001 47802266 146121734
2 2000 0 2 0 0
1680 500 124776 1344 0 336
623880 0 157697 499104 0 124776
157697000000 2000 372530 126157600000 31539400000 0
1454573101381280950 0 982221 1163658481105024760 0 290914620276256190
115792089237316195423570985008687907853269984665640564039457584007913129637714 790 0 92633671389852956338856788006950326282615987732512451231566067206330503710172 9147575049747979438462107815686344720408328788585604559117149136625137241379 14010842797715259646252089186051236850245668144542508248774367664957488686163
324518553658426726783156020576255 2000 733644 259614842926741381426524816461004 64903710731685345356631204115251 0
336439999 410 10000 269152000 13794039 53493960
7 70 892108 6 0 1
2108 2000 309483 1687 0 421
1547416 500 10000 1237933 77370 232113
52155000000 761 926033 41724000000 3968995500 6462004500
3640297273110629835 0 564832 2912237818488503868 0 728059454622125967
115792089237316195423570985008687907853269984665640564039457584007913129635103 2000 10000 92633671389852956338856788006950326282615987732512451231566067206330503708083 23158417847463239084714197001737581570653996933128112807891516801582625927020 0
220855883097298041197912187592864814478435487109452369765200775161577471 500 0 176684706477838432958329750074291851582748389687561895812160620129261977 11042794154864902059895609379643240723921774355472618488260038758078873 33128382464594706179686828138929722171765323066417855464780116274236621
929289998 2000 455871 743431999 185857999 0
3 500 0 3 0 0
6539 502 0 5232 328 979
3909067 500 649090 3127254 195453 586360
649090000000 500 558530 519272000000 32454500000 97363500000
1163852206749320100 0 10000 931081765399456080 0 232770441349864020
115792089237316195423570985008687907853269984665640564039457584007913129629874 2000 348059 92633671389852956338856788006950326282615987732512451231566067206330503703900 23158417847463239084714197001737581570653996933128112807891516801582625925974 0
16777215 500 959278 13421772 838860 2516583
592779998 0 865475 474223999 0 118555999
7 0 729131 6 0 1
9131 0 10000 7305 0 1826
3146526 0 818674 2517221 0 629305
818674000000 290 10000 654939200000 23741546000 139993254000
4673653245217765884 564 10000 3738922596174212708 263594043030281995 671136606013271181
115792089237316195423570985008687907853269984665640564039457584007913129638785 500 0 92633671389852956338856788006950326282615987732512451231566067206330503711028 5789604461865809771178549250434395392663499233282028201972879200395656481939 17368813385597429313535647751303186177990497699846084605918637601186969445818
6582018229284824168619876730229402019930943462534319453394436096 413 0 5265614583427859334895901384183521615944754770027455562715548877 271837352869463238164000908958474303423147965002667393425190210 1044566292987501595559974437087406100563040727504196497253697009
365539998 2000 390333 292431999 73107999 0
1 2000 10000 1 0 0
9290 2000 0 7432 1858 0
4396155 2000 233958 3516924 879231 0
233958000000 1800 795402 187166400000 42112440000 4679160000
1060567872675828 208 0 848454298140663 22059811751657 190053762783508
115792089237316195423570985008687907853269984665640564039457584007913129627282 0 10000 92633671389852956338856788006950326282615987732512451231566067206330503701826 0 23158417847463239084714197001737581570653996933128112807891516801582625925456
28948022309329048855892746252171976963317496166410141009864396001978282409984 0 10000 23158417847463239084714197001737581570653996933128112807891516801582625927988 0 5789604461865809771178549250434395392663499233282028201972879200395656481996
232760001 1425 729230 186208001 33168300 13383700
2 500 0 2 0 0
9648 500 0 7719 482 1447
4675860 158 605691 3740688 73878 861294
605691000000 1874 0 484552800000 113506493400 7631706600
3345998983991041812 224 659521 2676799187192833450 74950377241399336 594249419556809026
115792089237316195423570985008687907853269984665640564039457584007913129620414 500 0 92633671389852956338856788006950326282615987732512451231566067206330503696332 5789604461865809771178549250434395392663499233282028201972879200395656481020 17368813385597429313535647751303186177990497699846084605918637601186969443062
1766847064778384329583297500742918515827483896875618958121606201292619775 2000 0 1413477651822707463666638000594334812661987117500495166497284961034095820 353369412955676865916659500148583703165496779375123791624321240258523955 0
581369998 2000 875749 465095999 116273999 0
5 2000 87816 4 0 1
7816 0 951324 6253 0 1563
4756621 0 888170 3805297 0 951324
888170000000 1557 10000 710536000000 138288069000 39345931000
5660649800623229656 1294 10000 4528519840498583725 732488084200645917 399641875924000014
115792089237316195423570985008687907853269984665640564039457584007913129624699 490 10000 92633671389852956338856788006950326282615987732512451231566067206330503699760 5673812372628493575754978265425707484810229248616387637933421616387743351610 17484605474834745508959218736311874085843767684511725169958095185194882573329
2305843009213693952 2000 10000 1844674407370955162 461168601842738790 0
151599998 1859 462544 121279999 28182439 2137560
4 2000 10000 4 0 0
1236 219 442857 989 0 247
2214286 500 928296 1771429 110714 332143
928296000000 932 0 742636800000 86517187200 99142012800
3624050127962449141 2000 559380 2899240102369959313 724810025592489828 0
115792089237316195423570985008687907853269984665640564039457584007913129620555 1518 10000 92633671389852956338856788006950326282615987732512451231566067206330503696444 17577239146224598465298075524318824412126383672244237621189661252401213076400 5581178701238640619416121477418757158527613260883875186701855549181412847711
2658455991569831745807614120560689152 1048 868515 2126764793255865396646091296448551322 278606187916518366960637959834760223 253085010397447982200884864277377607
685150001 500 10000 548120001 34257500 102772500
11 0 10000 9 0 2
6839 0 10000 5472 0 1367
4007076 1307 10000 3205661 523724 277691
208716000000 1880 614095 166972800000 39238608000 2504592000
5276926149764677215 500 10000 4221540919811741772 263846307488233860 791538922464701583
115792089237316195423570985008687907853269984665640564039457584007913129626393 1320 10000 92633671389852956338856788006950326282615987732512451231566067206330503701115 15284555779325737795911370021146803836631637975864554453208401089044533110683 7873862068137501288802826980590777734022358957263558354683115712538092814595
2361183241434822606847 0 0 1888946593147858085478 0 472236648286964521369
281040000 1758 112754 224832000 49406832 6801168
6 1374 10000 5 0 1
599 0 10000 480 0 119
2073665 0 10000 1658932 0 414733
554793000000 1298 810358 443834400000 72012131400 38946468600
6137068681991845818 2000 10000 4909654945593476655 1227413736398369163 0
115792089237316195423570985008687907853269984665640564039457584007913129637037 2000 10000 92633671389852956338856788006950326282615987732512451231566067206330503709630 23158417847463239084714197001737581570653996933128112807891516801582625927407 0
50216813883093446110686315385661331328818843555712276103168 1883 10000 40173451106474756888549052308529065063055074844569820882535 9455826054186495902642233187120028689216588241540621590226 587536722432193319495029890012237576547180469601833630407
70949999 1316 0 56760000 9337019 4852980
5 0 636871 4 0 1
6871 2000 0 5497 1374 0
265275 0 506833 212220 0 53055
506833000000 2000 240670 405466400000 101366600000 0
1102739703256957920 2000 802412 882191762605566336 220547940651391584 0
115792089237316195423570985008687907853269984665640564039457584007913129637523 500 626291 92633671389852956338856788006950326282615987732512451231566067206330503710019 5789604461865809771178549250434395392663499233282028201972879200395656481876 17368813385597429313535647751303186177990497699846084605918637601186969445628
1427247692705959881058285969449495136382746624 1305 0 1141798154164767904846628775559596109106197300 186255823898127764478106319013159115297948434 99193714643064211733550874876739911978600890
547640000 1956 258391 438112000 107118384 2409616
3 500 0 3 0 0
9387 0 10000 7510 0 1877
650652 1509 290042 520522 98183 31947
290042000000 2000 0 232033600000 58008400000 0
809764169220262984 1983 10000 647811335376210388 160576234756378149 1376599087674447
115792089237316195423570985008687907853269984665640564039457584007913129624953 820 0 92633671389852956338856788006950326282615987732512451231566067206330503699963 9494951317459928024732820770712408443968138742582526251235521888648876629246 13663466530003311059981376231025173126685858190545586556655994912933749295744
93536104789177786765035829293842113257979682750464 1265 10000 74828883831342229412028663435073690606383746200372 11832317255830990025777032405671027327134429867933 6874903702004567327230133453097395324461506682159
509640001 756 0 407712001 38528784 63399216
2 0 0 2 0 0
8645 1575 487575 6916 0 1729
2437875 496 10000 1950300 120918 366657
777030000000 1289 0 621624000000 100159167000 55246833000
9938444720227114861 2000 0 7950755776181691889 1987688944045422972 0
115792089237316195423570985008687907853269984665640564039457584007913129629247 0 0 92633671389852956338856788006950326282615987732512451231566067206330503703398 0 23158417847463239084714197001737581570653996933128112807891516801582625925849
21267647932558653966460912964485513215 702 507377 17014118346046923173168730371588410572 1492988884865617508445556090106883027 2760540701646113284846626502790219616
73769999 500 0 59016000 3688499 11065500
6 2000 10000 5 0 1
7773 500 0 6219 388 1166
2527036 2000 0 2021629 505407 0
343685000000 590 974455 274948000000 20277415000 48459585000
9056625384093119315 516 353417 7245300307274495452 467321869819204956 1344003206999418907
115792089237316195423570985008687907853269984665640564039457584007913129626518 0 10000 92633671389852956338856788006950326282615987732512451231566067206330503701215 0 23158417847463239084714197001737581570653996933128112807891516801582625925303
618970019642690137449562111 500 10000 495176015714152109959649689 30948500982134506872478105 92845502946403520617434317
864149999 0 0 691320000 0 172829999
6 398 365366 5 0 1
5366 0 77304 4293 0 1073
386522 1968 356240 309218 76067 1237
356240000000 1930 454062 284992000000 68754320000 2493680000
46592260129170788 430 345100 37273808103336631 2003467185554343 7314984840279814
115792089237316195423570985008687907853269984665640564039457584007913129634835 0 10000 92633671389852956338856788006950326282615987732512451231566067206330503707868 0 23158417847463239084714197001737581570653996933128112807891516801582625926967
822752278660603021077484591278675252491367932816789931674304511 500 0 658201822928482416861987673022940201993094346253431945339443609 41137613933030151053874229563933762624568396640839496583715225 123412841799090453161622688691801287873705189922518489751145677
9929999 0 10000 7944000 0 1985999
7 657 0 6 0 1
4732 500 0 3786 236 710
3912480 1366 0 3129984 534444 248052
876943000000 0 0 701554400000 0 175388600000
61039728118656216 2000 0 48831782494924973 12207945623731243 0
115792089237316195423570985008687907853269984665640564039457584007913129636412 1598 10000 92633671389852956338856788006950326282615987732512451231566067206330503709130 18503575860123128028686643404388327674952543549569362133505321924464518115898 4654841987340111056027553597349253895701453383558750674386194877118107811384
57896044618658097711785492504343953926634992332820282019728792003956564819967 53 996823 46316835694926478169428394003475163141307993866256225615783033603165251855974 306849036478887917872463110273022955811165459363947494704562597620969793545 11272359887252731624484635390595767829515833007200108909241195803170343170448
968229999 500 0 774584000 48411499 145234500
0 0 741694 0 0 0
1694 500 592087 1356 0 338
2960437 806 10000 2368350 238611 353476
522359000000 361 0 417887200000 18857159900 85614640100
4146115273724925000 0 705073 3316892218979940000 0 829223054744985000
115792089237316195423570985008687907853269984665640564039457584007913129634862 2000 10000 92633671389852956338856788006950326282615987732512451231566067206330503707890 23158417847463239084714197001737581570653996933128112807891516801582625926972 0
680564733841876926926749214863536422912 885 493710 544451787073501541541399371890829138330 60229978945006108033017305515422973427 75882967823369277352332537457284311155
937100001 500 450037 749680001 46855000 140565000
5 500 174458 4 0 1
4458 2000 10000 3567 0 891
1461542 2000 577515 1169234 292308 0
577515000000 986 10000 462012000000 56942979000 58560021000
658875617888907884 500 2511 527100494311126308 32943780894445394 98831342683336182
115792089237316195423570985008687907853269984665640564039457584007913129637424 0 10000 92633671389852956338856788006950326282615987732512451231566067206330503709940 0 23158417847463239084714197001737581570653996933128112807891516801582625927484
784637716923335095479473677900958302012794430558004314111 1711 10000 627710173538668076383578942320766641610235544446403451289 134251513365582634836537946288853965474389127068474538144 22676030019084384259356789291337694928169759043126324678
710380001 1492 10000 568304001 105988696 36087304
3 1952 0 3 0 0
1477 799 10000 1182 0 295
2075061 0 579449 1660049 0 415012
579449000000 1871 724560 463559200000 108414907900 7474892100
4186125983752438320 500 0 3348900787001950656 209306299187621916 627918897562865748
115792089237316195423570985008687907853269984665640564039457584007913129625951 500 10000 92633671389852956338856788006950326282615987732512451231566067206330503700761 5789604461865809771178549250434395392663499233282028201972879200395656481297 17368813385597429313535647751303186177990497699846084605918637601186969443893
441711766194596082395824375185729628956870974218904739530401550323154944 1829 545272 353369412955676865916659500148583703165496779375123791624321240258523956 80789082036991623470196278221469949136211701184637676860110443554105039 7553271201927593008968596815675976655162493659143271045969866510525949
452720001 1062 0 362176001 48078864 42465136
0 500 0 0 0 0
6923 2000 702360 5539 0 1384
3511800 410 286252 2809440 143983 558377
286252000000 167 0 229001600000 4780408400 52469991600
106831910507003612 2000 0 85465528405602890 21366382101400722 0
115792089237316195423570985008687907853269984665640564039457584007913129624689 2000 124418 92633671389852956338856788006950326282615987732512451231566067206330503699752 23158417847463239084714197001737581570653996933128112807891516801582625924937 0
2199023255551 1310 0 1759218604441 288072046477 151732604633
705329999 0 0 564264000 0 141065999
10 500 625207 8 0 2
5207 0 10000 4166 0 1041
4974596 0 0 3979677 0 994919
969568000000 0 165573 775654400000 0 193913600000
898220339971089534 477 2102 718576271976871628 42845110216620970 136798957777596936
115792089237316195423570985008687907853269984665640564039457584007913129637833 2000 387618 92633671389852956338856788006950326282615987732512451231566067206330503710267 23158417847463239084714197001737581570653996933128112807891516801582625927566 0
1606938044258990275541962092341162602522202993782792835301376 500 0 1285550435407192220433569673872930082017762395026234268241101 80346902212949513777098104617058130126110149689139641765068 241040706638848541331294313851174390378330449067418925295207
991049998 303 63031 792839999 30028814 168181185
11 1743 10000 9 0 2
4859 2000 10000 3888 0 971
3793565 500 542428 3034852 189678 569035
542428000000 2000 0 433942400000 108485600000 0
6865436233040785856 1013 0 5492348986432628685 695468690407031607 677618556201125564
115792089237316195423570985008687907853269984665640564039457584007913129620594 500 0 92633671389852956338856788006950326282615987732512451231566067206330503696476 5789604461865809771178549250434395392663499233282028201972879200395656481029 17368813385597429313535647751303186177990497699846084605918637601186969443089
182687704666362864775460604089535377456991567872 998 550478 146150163733090291820368483271628301965593254298 18232232925703013904590968288135630670207758473 18305308007569559050501152529771444821190555101
504779998 500 0 403823999 25238999 75717000
7 500 270174 6 0 1
174 503 10000 140 0 34
185066 0 200026 148053 0 37013
200026000000 1586 852770 160020800000 31724123600 8281076400
1796579722932518420 2000 0 1437263778346014736 359315944586503684 0
115792089237316195423570985008687907853269984665640564039457584007913129631460 0 404929 92633671389852956338856788006950326282615987732512451231566067206330503705168 0 23158417847463239084714197001737581570653996933128112807891516801582625926292
649037107316853453566312041152512 500 234752 519229685853482762853049632922010 32451855365842672678315602057625 97355566097528018034946806172877
347520000 0 285016 278016000 0 69504000
0 500 10000 0 0 0
6697 0 26695 5358 0 1339
133475 500 0 106780 6673 20022
554556000000 0 10000 443644800000 0 110911200000
898239890973471079 807 597533 718591912778776864 72487959201559116 107160018993135099
115792089237316195423570985008687907853269984665640564039457584007913129622402 476 226905 92633671389852956338856788006950326282615987732512451231566067206330503697922 5511703447696250902161978886413544413815651270084490848278180998776664970026 17646714399766988182552218115324037156838345663043621959613335802805960954454
4951760157141521099596496895 751 426131 3961408125713216879677197516 371877187801328234579696916 618474843626975985339602463
261310001 0 299277 209048001 0 52262000
5 0 0 4 0 1
5627 457 827734 4502 0 1125
4138670 0 0 3310936 0 827734
426078000000 0 529837 340862400000 0 85215600000
1329945743254079864 500 676233 1063956594603263892 66497287162703993 199491861488111979
115792089237316195423570985008687907853269984665640564039457584007913129623702 0 0 92633671389852956338856788006950326282615987732512451231566067206330503698962 0 23158417847463239084714197001737581570653996933128112807891516801582625924740
4611686018427387903 2000 10000 3689348814741910323 922337203685477580 0
803699998 1316 152333 642959999 105766919 54973080
9 2000 712101 8 0 1
2101 0 0 1681 0 420
1394186 1547 0 1115349 215680 63157
478977000000 1465 0 383181600000 70170130500 25625269500
4289727360291717928 500 325831 3431781888233374343 214486368014585896 643459104043757689
115792089237316195423570985008687907853269984665640564039457584007913129634104 2000 33525 92633671389852956338856788006950326282615987732512451231566067206330503707284 23158417847463239084714197001737581570653996933128112807891516801582625926820 0
43556142965880123323311949751266331066367 0 434173 34844914372704098658649559801013064853094 0 8711228593176024664662389950253266213273
341730001 0 10000 273384001 0 68346000
4 385 417945 4 0 0
7945 2000 255873 6356 0 1589
1279365 500 10000 1023492 63968 191905
771716000000 2000 0 617372800000 154343200000 0
3981545970402912538 1142 720469 3185236776322330031 454692549820012611 341616644260569896
115792089237316195423570985008687907853269984665640564039457584007913129639466 1832 336228 92633671389852956338856788006950326282615987732512451231566067206330503711573 21213110748276327001598204453591624718719061190745351332028629390249685349950 1945307099186912083115992548145956851934935742382761475862887411332940577943
680564733841876926926749214863536422911 500 0 544451787073501541541399371890829138329 34028236692093846346337460743176821145 102084710076281539039012382229530463437
965409998 531 73691 772327999 51263270 141818729
3 1182 10000 3 0 0
6877 1598 0 5502 1098 277
3993511 500 579737 3194809 199675 599027
579737000000 2000 684246 463789600000 115947400000 0
275699749516694010 0 0 220559799613355208 0 55139949903338802
115792089237316195423570985008687907853269984665640564039457584007913129638838 578 10000 92633671389852956338856788006950326282615987732512451231566067206330503711071 6692782757916876095482402933502161073919005113674024601480648355657378893124 16465635089546362989231794068235420496734991819454088206410868445925247034643
3369993333393829974333376885877453834204643052817571560137951281151 1747 0 2695994666715063979466701508701963067363714442254057248110361024921 588737835343902096516040941962791184835551141327229751556100088817 85260831334863898350634435212699582005377469236284560471490167413
456659999 0 10000 365328000 0 91331999
1 500 10000 1 0 0
2076 2000 929482 1661 0 415
4647410 565 722101 3717928 262578 666904
722101000000 0 0 577680800000 0 144420200000
3983651607003050265 0 642135 3186921285602440212 0 796730321400610053
115792089237316195423570985008687907853269984665640564039457584007913129637800 1747 0 92633671389852956338856788006950326282615987732512451231566067206330503710240 20228877989759139340497851081017777501966266321087406537693239926182423747723 2929539857704099744216345920719804068687730612040706270198276875400202179837
2722258935367507707706996859454145691648 1037 0 2177807148294006166165597487563316553319 282298251597610549289215574325394908223 262153535475890992252183797565434230106
480769999 1464 185008 384616000 70384727 25769272
8 0 3723 7 0 1
3723 500 334431 2979 0 744
1672155 873 311923 1337724 145979 188452
311923000000 2000 0 249538400000 62384600000 0
2995419847620984226 500 0 2396335878096787381 149770992381049211 449312977143147634
115792089237316195423570985008687907853269984665640564039457584007913129631405 0 729757 92633671389852956338856788006950326282615987732512451231566067206330503705124 0 23158417847463239084714197001737581570653996933128112807891516801582625926281
441711766194596082395824375185729628956870974218904739530401550323154944 1211 0 353369412955676865916659500148583703165496779375123791624321240258523956 53491294886165585578134331834991858066677074977909363957131627744134063 34851058352753630901030543202154067724697119865871583948948682320496925
118439998 2000 738911 94751999 23687999 0
11 0 897714 9 0 2
7714 0 0 6172 0 1542
3899731 500 999376 3119785 194986 584960
999376000000 193 0 799500800000 19287956800 180587243200
1046772762596405074 998 543907 837418210077124060 104467921707121226 104886630812159788
115792089237316195423570985008687907853269984665640564039457584007913129636028 0 0 92633671389852956338856788006950326282615987732512451231566067206330503708823 0 23158417847463239084714197001737581570653996933128112807891516801582625927205
3369993333393829974333376885877453834204643052817571560137951281151 1267 0 2695994666715063979466701508701963067363714442254057248110361024921 426978155340998257748038851440673400793728274791986316669478427321 247020511337767737118636525734817366047200335771527995358111828909
2100000 2000 762226 1680000 420000 0
10 129 10000 8 0 2
5174 1013 0 4140 524 510
1925056 2000 0 1540045 385011 0
324620000000 0 77386 259696000000 0 64924000000
2094992593218051048 128 775687 1675994074574440839 26815905193191053 392182613450419156
115792089237316195423570985008687907853269984665640564039457584007913129624248 444 175234 92633671389852956338856788006950326282615987732512451231566067206330503699399 5141168762136839076806551734385743108685187319154441043351916729951342955316 18017249085326400007907645267351838461968809613973671764539600071631282969533
31 2000 10000 25 0 6
131469998 0 605420 105175999 0 26293999
0 0 10000 0 0 0
6127 500 482607 4902 0 1225
2413037 0 780566 1930430 0 482607
780566000000 0 46344 624452800000 0 156113200000
2425176414124053056 977 422996 1940141131299242445 236939735659919983 248095547164890628
115792089237316195423570985008687907853269984665640564039457584007913129636939 500 493457 92633671389852956338856788006950326282615987732512451231566067206330503709552 5789604461865809771178549250434395392663499233282028201972879200395656481846 17368813385597429313535647751303186177990497699846084605918637601186969445541
3064991081731777716716694054300618367237478244367204352 2000 10000 2451992865385422173373355243440494693789982595493763482 612998216346355543343338810860123673447495648873440870 0
484630001 1132 10000 387704001 54860116 42065884
10 2000 428376 8 0 2
8376 1684 355781 6701 0 1675
1778906 198 0 1423125 35222 320559
489087000000 0 10000 391269600000 0 97817400000
7440985585561399575 0 0 5952788468449119660 0 1488197117112279915
115792089237316195423570985008687907853269984665640564039457584007913129627638 2000 10000 92633671389852956338856788006950326282615987732512451231566067206330503702111 23158417847463239084714197001737581570653996933128112807891516801582625925527 0
2993155353253689176481146537402947624255349848014847 374 691193 2394524282602951341184917229922358099404279878411878 111944010211687975200394880498870241147150084315755 486687060439049860095834426981719283703919885287214
911929999 0 0 729544000 0 182385999
3 2000 937600 3 0 0
7600 0 0 6080 0 1520
246485 2000 563685 197188 0 49297
563685000000 0 363441 450948000000 0 112737000000
7257556629598977 500 866414 5806045303679182 362877831479948 1088633494439847
115792089237316195423570985008687907853269984665640564039457584007913129633521 2000 874714 92633671389852956338856788006950326282615987732512451231566067206330503706817 23158417847463239084714197001737581570653996933128112807891516801582625926704 0
73786976294838206463 0 388735 59029581035870565171 0 14757395258967641292
887350001 500 10000 709880001 44367500 133102500
1 0 285494 1 0 0
5494 2000 0 4396 1098 0
224685 1778 494808 179748 0 44937
494808000000 1924 130230 395846400000 95201059200 3760540800
2922094942515259180 2000 858526 2337675954012207344 584418988503051836 0
115792089237316195423570985008687907853269984665640564039457584007913129621409 2000 0 92633671389852956338856788006950326282615987732512451231566067206330503697128 23158417847463239084714197001737581570653996933128112807891516801582625924281 0
1766847064778384329583297500742918515827483896875618958121606201292619775 500 815613 1413477651822707463666638000594334812661987117500495166497284961034095820 88342353238919216479164875037145925791374194843780947906080310064630988 265027059716757649437494625111437777374122584531342843718240930193892967
156130000 498 0 124904000 7775274 23450726
9 1411 533021 8 0 1
3021 2000 10000 2417 0 604
3797316 500 0 3037853 189865 569598
80418000000 1260 10000 64334400000 10132668000 5950932000
545820452886101970 1635 889300 436656362308881576 89241644046877672 19922446530342722
115792089237316195423570985008687907853269984665640564039457584007913129630635 801 0 92633671389852956338856788006950326282615987732512451231566067206330503704508 9274946347909027253428035899195901419046925771717809179560552479033841683413 13883471499554211831286161102541680151607071161410303628330964322548784242714
113078212145816597093331040047546785012958969400039613319782796882727665664 2000 429448 90462569716653277674664832038037428010367175520031690655826237506182132532 22615642429163319418666208009509357002591793880007922663956559376545533132 0
294480001 2000 697979 235584001 58896000 0
11 983 0 9 1 1
4097 500 54496 3278 0 819
272480 709 125422 217984 19318 35178
125422000000 2000 10000 100337600000 25084400000 0
4807822275282140309 2000 0 3846257820225712248 961564455056428061 0
115792089237316195423570985008687907853269984665640564039457584007913129635934 0 10000 92633671389852956338856788006950326282615987732512451231566067206330503708748 0 23158417847463239084714197001737581570653996933128112807891516801582625927186
21778071482940061661655974875633165533183 260 0 17422457186352049329324779900506532426547 566229858556441603203055346766462303862 3789384438031570729128139628360170802774
709399998 0 10000 567519999 0 141879999
6 38 10000 5 0 1
5404 2000 691170 4324 0 1080
3455850 1432 415296 2764680 494877 196293
415296000000 500 10000 332236800000 20764800000 62294400000
6125277021639598284 500 789867 4900221617311678628 306263851081979914 918791553245939742
115792089237316195423570985008687907853269984665640564039457584007913129630068 1533 273714 92633671389852956338856788006950326282615987732512451231566067206330503704055 17750927280080572758433432001831856273906288649242698467248847628413082772289 5407490567382666326280764999905725296747708283885414340642669173169543153724
151115727451828646838272 249 0 120892581961462917470618 3762781613550533306272 26460363876815196061382
308610001 0 10000 246888001 0 61722000
4 1182 733508 4 0 0
3508 423 10000 2807 0 701
1734276 174 10000 1387421 30176 316679
919806000000 500 371228 735844800000 45990300000 137970900000
3929394849224212424 1273 926680 3143515879379369940 500211964306242241 285667005538600243
115792089237316195423570985008687907853269984665640564039457584007913129633255 1511 302965 92633671389852956338856788006950326282615987732512451231566067206330503706604 17496184683758477128501575834812742876629094682978289226362040943595673887584 5662233163704761956212621166924838694024902250149823581529475857986952039067
7067388259113537318333190002971674063309935587502475832486424805170479104 2000 412415 5653910607290829854666552002377339250647948470001980665989139844136383284 1413477651822707463666638000594334812661987117500495166497284961034095820 0
124149999 2000 0 99320000 24829999 0
7 2000 245161 6 0 1
5161 2000 136884 4129 0 1032
684420 500 781298 547536 0 136884
781298000000 500 10000 625038400000 39064900000 117194700000
8207850550787806200 0 0 6566280440630244960 0 1641570110157561240
115792089237316195423570985008687907853269984665640564039457584007913129639872 1816 10000 92633671389852956338856788006950326282615987732512451231566067206330503711898 21027843405496621088920490877577724066153829215280326429565497255837024342600 2130574441966617995793706124159857504500167717847786378326019545745601585374
226156424291633194186662080095093570025917938800079226639565593765455331328 504 10000 180925139433306555349329664076074856020734351040063381311652475012364265063 11398283784298312987007768836792715929306264115523993022634105925778948698 33833001074028325850324647182225998075877323644491852305279012827312117567
789490000 69 492648 631592000 5447481 152450519
4 2000 10000 4 0 0
9452 942 10000 7562 0 1890
1194535 500 131722 955628 59726 179181
131722000000 1907 899560 105377600000 25119385400 1225014600
51840667995922240 1113 802116 41472534396737792 5769866347946145 4598267251238303
115792089237316195423570985008687907853269984665640564039457584007913129637819 2000 882034 92633671389852956338856788006950326282615987732512451231566067206330503710256 23158417847463239084714197001737581570653996933128112807891516801582625927563 0
255 2000 10000 204 0 51
825819998 500 319626 660655999 41290999 123873000
2 2000 153574 2 0 0
3574 1229 928741 2860 0 714
4643706 500 10000 3714965 232185 696556
515384000000 158 10000 412307200000 8143067200 94933732800
1807696631992111284 500 0 1446157305593689028 90384831599605564 271154494798816692
115792089237316195423570985008687907853269984665640564039457584007913129626132 0 609692 92633671389852956338856788006950326282615987732512451231566067206330503700906 0 23158417847463239084714197001737581570653996933128112807891516801582625925226
215679573337205118357336120696157045389097155380324579848828881993727 500 10000 172543658669764094685868896556925636311277724304259663879063105594982 10783978666860255917866806034807852269454857769016228992441444099686 32351936000580767753600418104423556808364573307048686977324332299059
22290000 1532 656246 17832000 3414828 1043172
2 500 0 2 0 0
6194 1704 738029 4956 0 1238
3690145 1099 10000 2952116 405546 332483
675073000000 1490 533910 540058400000 100585877000 34428723000
6630712523350960600 0 10000 5304570018680768480 0 1326142504670192120
115792089237316195423570985008687907853269984665640564039457584007913129628382 2000 10000 92633671389852956338856788006950326282615987732512451231566067206330503702706 23158417847463239084714197001737581570653996933128112807891516801582625925676 0
392318858461667547739736838950479151006397215279002157055 1784 655383 313855086769334038191789471160383320805117772223201725644 69989684349561490516769052068765480539541263205773984818 8474087342772019031178315721330349661738179850026446593
553829998 0 0 443063999 0 110765999
1 0 10000 1 0 0
4540 500 674155 3632 0 908
3370775 0 734237 2696620 0 674155
734237000000 0 246359 587389600000 0 146847400000
31006979430964628 500 771335 24805583544771703 1550348971548231 4651046914644694
115792089237316195423570985008687907853269984665640564039457584007913129628600 500 647023 92633671389852956338856788006950326282615987732512451231566067206330503702880 5789604461865809771178549250434395392663499233282028201972879200395656481430 17368813385597429313535647751303186177990497699846084605918637601186969444290
274877906943 0 418992 219902325555 0 54975581388
189920001 949 316908 151936001 18023408 19960592
4 500 616631 4 0 0
6631 2000 781354 5305 0 1326
3906772 1272 0 3125418 496941 284413
678244000000 2000 412075 542595200000 135648800000 0
4187423967063002200 2000 10000 3349939173650401760 837484793412600440 0
115792089237316195423570985008687907853269984665640564039457584007913129623197 0 868629 92633671389852956338856788006950326282615987732512451231566067206330503698558 0 23158417847463239084714197001737581570653996933128112807891516801582625924639
4398046511103 0 0 3518437208883 0 879609302220
224650000 500 0 179720000 11232500 33697500
3 500 840664 3 0 0
664 851 836583 532 0 132
4182916 547 239302 3346333 228805 607778
239302000000 2000 166357 191441600000 47860400000 0
3784729864248030274 500 325462 3027783891398424220 189236493212401513 567709479637204541
115792089237316195423570985008687907853269984665640564039457584007913129634473 2000 0 92633671389852956338856788006950326282615987732512451231566067206330503707579 23158417847463239084714197001737581570653996933128112807891516801582625926894 0
4722366482869645213696 0 371646 3777893186295716170957 0 944473296573929042739
716460000 997 0 573168000 71431062 71860938
11 500 0 9 0 2
4710 0 492058 3768 0 942
2460291 500 483122 1968233 123014 369044
483122000000 281 10000 386497600000 13575728200 83048671800
255247315634182500 500 0 204197852507346000 12762365781709125 38287097345127375
115792089237316195423570985008687907853269984665640564039457584007913129630091 500 0 92633671389852956338856788006950326282615987732512451231566067206330503704073 5789604461865809771178549250434395392663499233282028201972879200395656481504 17368813385597429313535647751303186177990497699846084605918637601186969444514
2658455991569831745807614120560689151 742 10000 2126764793255865396646091296448551321 197257434574481515538924967745603135 334433763739484833622597856366534695
791999999 2000 668966 633600000 158399999 0
2 2000 36914 2 0 0
6914 1795 0 5532 1241 141
275042 500 4477 220034 13752 41256
4477000000 500 121838 3581600000 223850000 671550000
1337972073352970360 0 0 1070377658682376288 0 267594414670594072
115792089237316195423570985008687907853269984665640564039457584007913129638497 15 155304 92633671389852956338856788006950326282615987732512451231566067206330503710798 173688133855974293135356477513031861779904976998460846059186376011869694457 22984729713607264791578840524224549708874091956129651961832330425570756233242
38685626227668133590597632 500 10000 30948500982134506872478106 1934281311383406679529881 5802843934150220038589645
667480001 2000 0 533984001 133496000 0
6 2000 0 5 1 0
2763 0 10000 2211 0 552
2585841 34 0 2068673 8791 508377
496283000000 1925 460988 397026400000 95534477500 3722122500
1679544301671242500 0 10000 1343635441336994000 0 335908860334248500
115792089237316195423570985008687907853269984665640564039457584007913129624087 2000 0 92633671389852956338856788006950326282615987732512451231566067206330503699270 23158417847463239084714197001737581570653996933128112807891516801582625924817 0
302231454903657293676544 2000 0 241785163922925834941236 60446290980731458735308 0
809149998 0 10000 647319999 0 161829999
3 1239 230946 3 0 0
946 500 10000 757 0 189
3185175 133 10000 2548140 42362 594673
59718000000 625 448692 47774400000 3732375000 8211225000
6066351062890224 500 0 4853080850312180 303317553144511 909952659433533
115792089237316195423570985008687907853269984665640564039457584007913129625024 2000 0 92633671389852956338856788006950326282615987732512451231566067206330503700020 23158417847463239084714197001737581570653996933128112807891516801582625925004 0
904625697166532776746648320380374280103671755200316906558262375061821325311 500 999085 723700557733226221397318656304299424082937404160253525246609900049457060249 45231284858326638837332416019018714005183587760015845327913118753091066265 135693854574979916511997248057056142015550763280047535983739356259273198797
990849999 2000 139122 792680000 198169999 0
2 2000 10000 2 0 0
9133 1206 389170 7307 0 1826
1945852 2000 0 1556682 389170 0
554415000000 2000 10000 443532000000 110883000000 0
1623374141658480114 1296 651033 1298699313326784092 210389288758939022 114285539572757000
115792089237316195423570985008687907853269984665640564039457584007913129628902 500 0 92633671389852956338856788006950326282615987732512451231566067206330503703122 5789604461865809771178549250434395392663499233282028201972879200395656481445 17368813385597429313535647751303186177990497699846084605918637601186969444335
904625697166532776746648320380374280103671755200316906558262375061821325311 0 326943 723700557733226221397318656304299424082937404160253525246609900049457060249 0 180925139433306555349329664076074856020734351040063381311652475012364265062
269430000 1640 421772 215544000 44186520 9699480
8 0 279706 7 0 1
9706 1801 697296 7765 0 1941
3486481 0 10000 2789185 0 697296
612149000000 0 269162 489719200000 0 122429800000
11189863076723905014 500 0 8951890461379124012 559493153836195250 1678479461508585752
115792089237316195423570985008687907853269984665640564039457584007913129635983 500 10000 92633671389852956338856788006950326282615987732512451231566067206330503708787 5789604461865809771178549250434395392663499233282028201972879200395656481799 17368813385597429313535647751303186177990497699846084605918637601186969445397
77371252455336267181195264 500 854151 61897001964269013744956212 3868562622766813359059763 11605687868300440077179289
541510001 0 10000 433208001 0 108302000
4 1345 10000 4 0 0
4425 1107 184240 3540 0 885
921202 442 5727 736962 40717 143523
5727000000 0 733748 4581600000 0 1145400000
781128410887311804 29 617211 624902728709849444 2265272391573204 153960409785889156
115792089237316195423570985008687907853269984665640564039457584007913129622724 1937 232487 92633671389852956338856788006950326282615987732512451231566067206330503698180 22428927685268147053545699796182847751178396029734577254442934022332773207921 729490162195092031168497205554733819475600903393535553448582779249852716623
340282366920938463463374607431768211455 2000 10000 272225893536750770770699685945414569164 68056473384187692692674921486353642291 0
26200001 1083 16950 20960001 2837460 2402540
