id	name	branch	level	lean	posed	resolved	market	keywords	status	source	licence
hilbert-1	continuum hypothesis	mathematics	5	none	1900	1940		set,cardinality,integer,real number,between	solved	https://en.wikipedia.org/wiki/Hilbert's_problems	CC BY-SA 4.0
hilbert-2	Hilbert's 2nd problem: Prove that the axioms of arithmetic are consistent	mathematics	5	none	1900	1931		axiom,arithmetic,consistent,axioms,hilbert	solved	https://en.wikipedia.org/wiki/Hilbert's_problems	CC BY-SA 4.0
hilbert-3	Hilbert's 3rd problem: Given any two polyhedra of equal volume, is it always	mathematics	5	none	1900	1900		polyhedra,always,equal,finitely,first	solved	https://en.wikipedia.org/wiki/Hilbert's_problems	CC BY-SA 4.0
hilbert-4	Hilbert's 4th problem: Construction of geometries satisfying axioms of classical	mathematics	5	none	1900			geodesic,axioms,classical,construction,geodesics	open	https://en.wikipedia.org/wiki/Hilbert's_problems	CC BY-SA 4.0
hilbert-5	Hilbert's 5th problem: Are continuous groups automatically differential groups?	mathematics	5	none	1900	1953		groups,differential groups,automatically,continuous,differential	solved	https://en.wikipedia.org/wiki/Hilbert's_problems	CC BY-SA 4.0
hilbert-6	Hilbert's 6th problem: Mathematical treatment of the axioms of physics	mathematics	5	none	1900			axiom,physics,axioms,currently,explanation	open	https://en.wikipedia.org/wiki/Hilbert's_problems	CC BY-SA 4.0
hilbert-7	Hilbert's 7th problem: Is ab transcendental, for algebraic a ≠ 0,1 and irrational	mathematics	5	none	1900	1934		transcendental,algebraic,irrational,hilbert,mathematics	solved	https://en.wikipedia.org/wiki/Hilbert's_problems	CC BY-SA 4.0
hilbert-9	Hilbert's 9th problem: Find the most general reciprocity law in any number field	mathematics	5	none	1900			reciprocity law,number field,field,general,reciprocity	open	https://en.wikipedia.org/wiki/Hilbert's_problems	CC BY-SA 4.0
hilbert-10	Hilbert's 10th problem: Find an algorithm to determine whether a given polynomial	mathematics	5	none	1900	1970		Diophantine equation,integer,algorithm,coefficients,determine	solved	https://en.wikipedia.org/wiki/Hilbert's_problems	CC BY-SA 4.0
hilbert-11	Hilbert's 11th problem: Develop the theory of quadratic forms with any number of	mathematics	5	none	1900	1924		quadratic form,field,quadratic,coefficients,develop	solved	https://en.wikipedia.org/wiki/Hilbert's_problems	CC BY-SA 4.0
hilbert-12	Kronecker–Weber theorem	mathematics	5	none	1900			rational number,abelian,extensions,extend,field	open	https://en.wikipedia.org/wiki/Hilbert's_problems	CC BY-SA 4.0
hilbert-13	Hilbert's 13th problem: Prove that the general case of septic equation cannot be	mathematics	5	none	1900	1957		septic equation,continuous function,algebraic function,parameter,analytic function	solved	https://en.wikipedia.org/wiki/Hilbert's_problems	CC BY-SA 4.0
hilbert-14	Hilbert's 14th problem: If k is a field and K is a subfield of k	mathematics	5	none	1900	1954		ldots,always,containing,field,finitely	solved	https://en.wikipedia.org/wiki/Hilbert's_problems	CC BY-SA 4.0
hilbert-15	Hilbert's 15th problem: Rigorous foundation of Schubert's enumerative calculus	mathematics	5	none	1900	1987		Schubert's enumerative calculus,calculus,enumerative,foundation,rigorous	solved	https://en.wikipedia.org/wiki/Hilbert's_problems	CC BY-SA 4.0
hilbert-16	Hilbert's 16th problem: Describe relative positions of ovals originating from a	mathematics	5	none	1900			real,algebraic curve,limit cycle,vector field,algebraic	open	https://en.wikipedia.org/wiki/Hilbert's_problems	CC BY-SA 4.0
hilbert-17	Hilbert's 17th problem: Express a nonnegative rational function as quotient of sums	mathematics	5	none	1900	1927		rational function,quotient,squares,express,function	solved	https://en.wikipedia.org/wiki/Hilbert's_problems	CC BY-SA 4.0
hilbert-18	Hilbert's 18th problem: Are there only finitely many essentially different space	mathematics	5	none	1900	1910		space group,space,different,essentially,euclidean	solved	https://en.wikipedia.org/wiki/Hilbert's_problems	CC BY-SA 4.0
hilbert-19	Hilbert's 19th problem: Are the solutions of regular problems in the calculus of	mathematics	5	none	1900	1957		calculus of variations,analytic,always,calculus,necessarily	solved	https://en.wikipedia.org/wiki/Hilbert's_problems	CC BY-SA 4.0
hilbert-20	variational problems	mathematics	5	none	1900			boundary condition,boundary,certain,conditions,problems	open	https://en.wikipedia.org/wiki/Hilbert's_problems	CC BY-SA 4.0
hilbert-21	Hilbert's 21st problem: Proof of the existence of Fuchsian linear differential	mathematics	5	none	1900			Fuchsian,linear differential equation,monodromy group,differential,equations	open	https://en.wikipedia.org/wiki/Hilbert's_problems	CC BY-SA 4.0
hilbert-22	Hilbert's 22nd problem: Uniformization of analytic relations by means of	mathematics	5	none	1900			automorphic function,analytic,automorphic,functions,means	open	https://en.wikipedia.org/wiki/Hilbert's_problems	CC BY-SA 4.0
hilbert-23	Hilbert's 23rd problem: Further development of the calculus of variations	mathematics	5	none	1900			calculus of variations,calculus,development,further,variations	open	https://en.wikipedia.org/wiki/Hilbert's_problems	CC BY-SA 4.0
hilbert-24	Hilbert's 24th problem: Development of a theory of proof simplicity	mathematics	5	none	1900			development,simplicity,theory,hilbert,mathematics	open	https://en.wikipedia.org/wiki/Hilbert's_problems	CC BY-SA 4.0
smale-4	Shub–Smale tau-conjecture	mathematics	5	none	1998			addition,bounded,constant,denote,generate	open	https://en.wikipedia.org/wiki/Smale's_problems	CC BY-SA 4.0
smale-5	Smale's 5th problem: Can one decide if a Diophantine equation f	mathematics	5	none	1998			Diophantine equation,exponential time,thinsp,constant,decide	open	https://en.wikipedia.org/wiki/Smale's_problems	CC BY-SA 4.0
smale-6	Smale's 6th problem: Is the number of relative equilibria	mathematics	5	none	1998			central configuration,''n''-body problem,celestial mechanics,real number,celestial	open	https://en.wikipedia.org/wiki/Smale's_problems	CC BY-SA 4.0
smale-7	Smale's 7th problem: Algorithm for finding set of	mathematics	5	none	1998			function,2-sphere,Thomson problem,algorithm,distribution	open	https://en.wikipedia.org/wiki/Smale's_problems	CC BY-SA 4.0
smale-8	Smale's 8th problem: Develop dynamical mathematical model of market equilibrium	mathematics	5	none	1998	2013		mathematical model,excess demand,Walras's law,general equilibrium theory,model	solved	https://en.wikipedia.org/wiki/Smale's_problems	CC BY-SA 4.0
smale-9	Smale's 9th problem: The linear programming problem	mathematics	5	none	1998			linear programming,strongly-polynomial time,matrix,algorithm,decides	open	https://en.wikipedia.org/wiki/Smale's_problems	CC BY-SA 4.0
smale-10	Smale's 10th problem: Pugh's closing lemma	mathematics	5	none	1998			Pugh's closing lemma,closing,higher,lemma,order	open	https://en.wikipedia.org/wiki/Smale's_problems	CC BY-SA 4.0
smale-11	Smale's 11th problem: Is one-dimensional dynamics generally hyperbolic?	mathematics	5	none	1998			complex,degree,approximated,hyperbolic,critical	open	https://en.wikipedia.org/wiki/Smale's_problems	CC BY-SA 4.0
smale-12	Smale's 12th problem: For a closed manifold M and any r \geq 1 let \mathrm{Diff}^r	mathematics	5	none	1998			closed manifold,topological group,diffeomorphism,centralizers,mathrm	open	https://en.wikipedia.org/wiki/Smale's_problems	CC BY-SA 4.0
smale-13	Smale's 13th problem: Having a polynomial vector field on a real plane defined by	mathematics	5	none	1998			limit cycles,Hilbert's sixteenth problem,field,polynomials,bound	open	https://en.wikipedia.org/wiki/Smale's_problems	CC BY-SA 4.0
smale-14	Smale's 14th problem: Do the properties of the Lorenz attractor exhibit that of a	mathematics	5	none	1998	2002		Lorenz attractor,attractor,exhibit,lorenz,properties	solved	https://en.wikipedia.org/wiki/Smale's_problems	CC BY-SA 4.0
smale-15	Smale's 15th problem: Do the Navier–Stokes equations for incompressible flow and	mathematics	5	none	1998			Navier–Stokes equations,incompressible flow,viscosity,unique smooth solution,always	open	https://en.wikipedia.org/wiki/Smale's_problems	CC BY-SA 4.0
smale-17	Smale's 17th problem: Solving polynomial equations in polynomial time in the	mathematics	5	none	1998	2008		polynomial equation,polynomial time,polynomial,average,equations	solved	https://en.wikipedia.org/wiki/Smale's_problems	CC BY-SA 4.0
wp-birchtate-conjecture	Birch–Tate conjecture	mathematics	4	none				center,Steinberg group,ring of integers,number field,Dedekind zeta function	open	https://en.wikipedia.org/wiki/List_of_unsolved_problems_in_mathematics	CC BY-SA 4.0
wp-casas-alvero-conjecture	Casas-Alvero conjecture	mathematics	4	none				field,characteristic,polynomial,casas-alvero,common	open	https://en.wikipedia.org/wiki/List_of_unsolved_problems_in_mathematics	CC BY-SA 4.0
wp-connes-embedding-problem	Connes embedding problem	mathematics	4	none				Von Neumann algebra,algebra,connes,embedding,neumann	open	https://en.wikipedia.org/wiki/List_of_unsolved_problems_in_mathematics	CC BY-SA 4.0
wp-determinantal-conjecture	Determinantal conjecture	mathematics	4	none				determinant,normal matrices,determinantal,matrices,normal	open	https://en.wikipedia.org/wiki/List_of_unsolved_problems_in_mathematics	CC BY-SA 4.0
wp-eilenbergganea-conjecture	Eilenberg–Ganea conjecture	mathematics	4	none				cohomological dimension,Eilenberg–MacLane space,eilenberg,cohomological,dimension	open	https://en.wikipedia.org/wiki/List_of_unsolved_problems_in_mathematics	CC BY-SA 4.0
wp-farrelljones-conjecture	Farrell–Jones conjecture	mathematics	4	none				assembly map,isomorphisms,assembly,certain,farrell	open	https://en.wikipedia.org/wiki/List_of_unsolved_problems_in_mathematics	CC BY-SA 4.0
wp-bost-conjecture	Bost conjecture	mathematics	4	none				farrell,jones,specific,mathematics,open problem	open	https://en.wikipedia.org/wiki/List_of_unsolved_problems_in_mathematics	CC BY-SA 4.0
wp-finite-lattice-representation-problem	Finite lattice representation problem	mathematics	4	none				lattice,congruence lattice,algebra,Journal of Combinatorial Theory,finite	open	https://en.wikipedia.org/wiki/List_of_unsolved_problems_in_mathematics	CC BY-SA 4.0
wp-goncharov-conjecture	Goncharov conjecture	mathematics	4	none				cohomology,motivic complexes,certain,complexes,goncharov	open	https://en.wikipedia.org/wiki/List_of_unsolved_problems_in_mathematics	CC BY-SA 4.0
wp-green-s-conjecture	Green's conjecture	mathematics	4	none				Clifford index,hyperelliptic curve,canonical curve,linear syzygies,curve	open	https://en.wikipedia.org/wiki/List_of_unsolved_problems_in_mathematics	CC BY-SA 4.0
wp-grothendieckkatz-p-curvature-conjecture	Grothendieck–Katz p-curvature conjecture	mathematics	4	none				local–global principle,linear ordinary differential equations,differential,equations,global	open	https://en.wikipedia.org/wiki/List_of_unsolved_problems_in_mathematics	CC BY-SA 4.0
wp-hadamard-conjecture	Hadamard conjecture	mathematics	4	none				Hadamard matrix,hadamard,integer,matrix,order	open	https://en.wikipedia.org/wiki/List_of_unsolved_problems_in_mathematics	CC BY-SA 4.0
wp-williamson-conjecture	Williamson conjecture	mathematics	4	none				matrices,williamson,construct,finding,hadamard	open	https://en.wikipedia.org/wiki/List_of_unsolved_problems_in_mathematics	CC BY-SA 4.0
wp-lander-s-conjecture	Lander's conjecture	mathematics	4	none				order,abelian,circulant,contains,cyclic	open	https://en.wikipedia.org/wiki/List_of_unsolved_problems_in_mathematics	CC BY-SA 4.0
wp-ryser-s-conjecture-on-circulant-hadamard-matrices	Ryser's conjecture on circulant Hadamard matrices	mathematics	4	none				circulant,hadamard,greater,matrices,matrix	open	https://en.wikipedia.org/wiki/List_of_unsolved_problems_in_mathematics	CC BY-SA 4.0
wp-hadamard-s-maximal-determinant-problem	Hadamard's maximal determinant problem	mathematics	4	none				determinant,entries,equal,hadamard,largest	open	https://en.wikipedia.org/wiki/List_of_unsolved_problems_in_mathematics	CC BY-SA 4.0
wp-hilbert-s-fifteenth-problem	Hilbert's fifteenth problem	mathematics	4	none				Schubert calculus,calculus,fifteenth,foundation,hilbert	open	https://en.wikipedia.org/wiki/List_of_unsolved_problems_in_mathematics	CC BY-SA 4.0
wp-hilbert-s-sixteenth-problem	Hilbert's sixteenth problem	mathematics	4	none				connected components,M-curves,components,configurations,connected	open	https://en.wikipedia.org/wiki/List_of_unsolved_problems_in_mathematics	CC BY-SA 4.0
wp-homological-conjectures-in-commutative-algebra	Homological conjectures in commutative algebra	mathematics	4	none				algebra,commutative,conjectures,homological,mathematics	open	https://en.wikipedia.org/wiki/List_of_unsolved_problems_in_mathematics	CC BY-SA 4.0
wp-jacobson-s-conjecture	Jacobson's conjecture	mathematics	4	none				Jacobson radical,Noetherian ring,jacobson,intersection,left-and-right	open	https://en.wikipedia.org/wiki/List_of_unsolved_problems_in_mathematics	CC BY-SA 4.0
wp-kaplansky-s-conjectures	Kaplansky's conjectures	mathematics	4	none				conjectures,kaplansky,mathematics,open problem,wikipedia list	open	https://en.wikipedia.org/wiki/List_of_unsolved_problems_in_mathematics	CC BY-SA 4.0
wp-kothe-conjecture	Köthe conjecture	mathematics	4	none				nil ideal,one-sided ideal,ideal,one-sided,mathematics	open	https://en.wikipedia.org/wiki/List_of_unsolved_problems_in_mathematics	CC BY-SA 4.0
wp-monomial-conjecture	Monomial conjecture	mathematics	4	none				Noetherian,local ring,local,monomial,rings	open	https://en.wikipedia.org/wiki/List_of_unsolved_problems_in_mathematics	CC BY-SA 4.0
wp-existence-of-perfect-cuboids-and-associated-cuboid-conjectur	Existence of perfect cuboids and associated cuboid conjectures	mathematics	4	none				perfect cuboid,cuboid conjectures,associated,conjectures,cuboid	open	https://en.wikipedia.org/wiki/List_of_unsolved_problems_in_mathematics	CC BY-SA 4.0
wp-piercebirkhoff-conjecture	Pierce–Birkhoff conjecture	mathematics	4	none				finite,mathbb,birkhoff,collections,maximum	open	https://en.wikipedia.org/wiki/List_of_unsolved_problems_in_mathematics	CC BY-SA 4.0
wp-rota-s-basis-conjecture	Rota's basis conjecture	mathematics	4	none				bases,whose,basis,columns,create	open	https://en.wikipedia.org/wiki/List_of_unsolved_problems_in_mathematics	CC BY-SA 4.0
wp-serre-s-conjecture-ii	Serre's conjecture II	mathematics	4	none				simply connected,semisimple algebraic group,field,cohomological dimension,Galois cohomology	open	https://en.wikipedia.org/wiki/List_of_unsolved_problems_in_mathematics	CC BY-SA 4.0
wp-serre-s-positivity-conjecture	Serre's positivity conjecture	mathematics	4	none				regular local ring,prime ideal,commutative,ideals,implies	open	https://en.wikipedia.org/wiki/List_of_unsolved_problems_in_mathematics	CC BY-SA 4.0
wp-uniform-boundedness-conjecture-for-rational-points	Uniform boundedness conjecture for rational points	mathematics	4	none				algebraic curve,genus,number fields,rational point,points	open	https://en.wikipedia.org/wiki/List_of_unsolved_problems_in_mathematics	CC BY-SA 4.0
wp-wild-problem	Wild problem	mathematics	4	none				problems,classification,conjugation,involving,matrices	open	https://en.wikipedia.org/wiki/List_of_unsolved_problems_in_mathematics	CC BY-SA 4.0
wp-zariskilipman-conjecture	Zariski–Lipman conjecture	mathematics	4	none				complex algebraic variety,coordinate ring,derivations,free module,smooth	open	https://en.wikipedia.org/wiki/List_of_unsolved_problems_in_mathematics	CC BY-SA 4.0
wp-zauner-s-conjecture	Zauner's conjecture	mathematics	4	none				SIC-POVM,dimensions,sic-povms,zauner,mathematics	open	https://en.wikipedia.org/wiki/List_of_unsolved_problems_in_mathematics	CC BY-SA 4.0
wp-andrewscurtis-conjecture	Andrews–Curtis conjecture	mathematics	4	none				presentation,trivial group,Nielsen transformation,relators,trivial	open	https://en.wikipedia.org/wiki/List_of_unsolved_problems_in_mathematics	CC BY-SA 4.0
wp-bounded-burnside-problem	Bounded Burnside problem	mathematics	4	none				burnside,finite,bounded,group,integers	open	https://en.wikipedia.org/wiki/List_of_unsolved_problems_in_mathematics	CC BY-SA 4.0
wp-journal-of-algebra	Journal of Algebra	mathematics	3	none				composition,factors,genus-,groups,guralnick	open	https://en.wikipedia.org/wiki/List_of_unsolved_problems_in_mathematics	CC BY-SA 4.0
wp-herzogschonheim-conjecture	Herzog–Schönheim conjecture	mathematics	4	none				coset,finite,subgroups,cannot,cosets	open	https://en.wikipedia.org/wiki/List_of_unsolved_problems_in_mathematics	CC BY-SA 4.0
wp-the-inverse-galois-problem	The inverse Galois problem	mathematics	4	none				inverse Galois problem,galois,group,extension,finite	open	https://en.wikipedia.org/wiki/List_of_unsolved_problems_in_mathematics	CC BY-SA 4.0
wp-isomorphism-problem-of-coxeter-groups	Isomorphism problem of Coxeter groups	mathematics	4	none				coxeter,groups,isomorphism,mathematics,open problem	open	https://en.wikipedia.org/wiki/List_of_unsolved_problems_in_mathematics	CC BY-SA 4.0
wp-are-there-an-infinite-number-of-leinster-groups	Are there an infinite number of Leinster groups?	mathematics	3	none				Leinster group,groups,infinite,leinster,mathematics	open	https://en.wikipedia.org/wiki/List_of_unsolved_problems_in_mathematics	CC BY-SA 4.0
wp-does-generalized-moonshine-exist	Does generalized moonshine exist?	mathematics	3	none				generalized moonshine,generalized,moonshine,mathematics,open problem	open	https://en.wikipedia.org/wiki/List_of_unsolved_problems_in_mathematics	CC BY-SA 4.0
wp-is-every-finitely-presented-periodic-group-finite	Is every finitely presented periodic group finite?	mathematics	3	none				finitely presented,periodic group,finite,finitely,group	open	https://en.wikipedia.org/wiki/List_of_unsolved_problems_in_mathematics	CC BY-SA 4.0
wp-is-every-group-surjunctive	Is every group surjunctive?	mathematics	3	none				surjunctive,group,mathematics,open problem,wikipedia list	open	https://en.wikipedia.org/wiki/List_of_unsolved_problems_in_mathematics	CC BY-SA 4.0
wp-problems-in-loop-theory-and-quasigroup-theory	Problems in loop theory and quasigroup theory	mathematics	4	none				theory,consider,generalizations,groups,problems	open	https://en.wikipedia.org/wiki/List_of_unsolved_problems_in_mathematics	CC BY-SA 4.0
wp-arthur-s-conjectures	Arthur's conjectures	mathematics	4	none				arthur,conjectures,mathematics,open problem,wikipedia list	open	https://en.wikipedia.org/wiki/List_of_unsolved_problems_in_mathematics	CC BY-SA 4.0
wp-dade-s-conjecture	Dade's conjecture	mathematics	4	none				characters,blocks,subgroup,finite,group	open	https://en.wikipedia.org/wiki/List_of_unsolved_problems_in_mathematics	CC BY-SA 4.0
wp-demazure-conjecture	Demazure conjecture	mathematics	4	none				representations,algebraic group,algebraic,demazure,groups	open	https://en.wikipedia.org/wiki/List_of_unsolved_problems_in_mathematics	CC BY-SA 4.0
wp-kazhdanlusztig-conjectures	Kazhdan–Lusztig conjectures	mathematics	4	none				Kazhdan–Lusztig polynomial,representations,semisimple Lie groups,Lie algebras,kazhdan	open	https://en.wikipedia.org/wiki/List_of_unsolved_problems_in_mathematics	CC BY-SA 4.0
wp-mckay-conjecture	McKay conjecture	mathematics	4	none				irreducible complex characters,prime number,normalizer,Sylow <math>p</math>-subgroup,characters	open	https://en.wikipedia.org/wiki/List_of_unsolved_problems_in_mathematics	CC BY-SA 4.0
wp-the-brennan-conjecture	The Brennan conjecture	mathematics	4	none				Brennan conjecture,conformal map,brennan,certain,conformal	open	https://en.wikipedia.org/wiki/List_of_unsolved_problems_in_mathematics	CC BY-SA 4.0
wp-fuglede-s-conjecture	Fuglede's conjecture	mathematics	4	none				translation,mathbb,fuglede,nonconvex,spectral	open	https://en.wikipedia.org/wiki/List_of_unsolved_problems_in_mathematics	CC BY-SA 4.0
wp-goodman-s-conjecture	Goodman's conjecture	mathematics	4	none				multivalued function,coefficients,functions,goodman,multivalued	open	https://en.wikipedia.org/wiki/List_of_unsolved_problems_in_mathematics	CC BY-SA 4.0
wp-journal-of-the-acm	Journal of the ACM	mathematics	3	none				iteration,memory,multipoint,optimal,order	open	https://en.wikipedia.org/wiki/List_of_unsolved_problems_in_mathematics	CC BY-SA 4.0
wp-lehmer-s-conjecture	Lehmer's conjecture	mathematics	4	none				Cambridge University Press,lehmer,mahler,measure,non-cyclotomic	open	https://en.wikipedia.org/wiki/List_of_unsolved_problems_in_mathematics	CC BY-SA 4.0
wp-the-mean-value-problem	The mean value problem	mathematics	4	none				mean value problem,complex,polynomial,degree,critical point	open	https://en.wikipedia.org/wiki/List_of_unsolved_problems_in_mathematics	CC BY-SA 4.0
wp-pompeiu-problem	Pompeiu problem	mathematics	4	none				congruent,domains,function,integrals,nonzero	open	https://en.wikipedia.org/wiki/List_of_unsolved_problems_in_mathematics	CC BY-SA 4.0
wp-vitushkin-s-conjecture	Vitushkin's conjecture	mathematics	4	none				analytic capacity,analytic,capacity,compact,mathbb	open	https://en.wikipedia.org/wiki/List_of_unsolved_problems_in_mathematics	CC BY-SA 4.0
wp-what-is-the-exact-value-of-landau-s-constants-including-bloc	What is the exact value of Landau's constants, including Bloch's constant?	mathematics	3	none				Landau's constants,Bloch's constant,bloch,constant,constants	open	https://en.wikipedia.org/wiki/List_of_unsolved_problems_in_mathematics	CC BY-SA 4.0
wp-regularity-of-solutions-of-euler-equations	Regularity of solutions of Euler equations	mathematics	3	none				Euler equations,equations,euler,regularity,solutions	open	https://en.wikipedia.org/wiki/List_of_unsolved_problems_in_mathematics	CC BY-SA 4.0
wp-convergence-of-https	Convergence of [https	mathematics	3	none				convergence,flint,hills,series,mathematics	open	https://en.wikipedia.org/wiki/List_of_unsolved_problems_in_mathematics	CC BY-SA 4.0
wp-regularity-of-solutions-of-vlasovmaxwell-equations	Regularity of solutions of Vlasov–Maxwell equations	mathematics	3	none				Vlasov–Maxwell equations,equations,maxwell,regularity,solutions	open	https://en.wikipedia.org/wiki/List_of_unsolved_problems_in_mathematics	CC BY-SA 4.0
wp-are-there-infinitely-many-lehmer-pairs-citation	Are there infinitely many Lehmer pairs?{{citation	mathematics	3	none				Lehmer pair,infinitely,lehmer,pairs,mathematics	open	https://en.wikipedia.org/wiki/List_of_unsolved_problems_in_mathematics	CC BY-SA 4.0
wp-1-32-3-conjecture	1/3–2/3 conjecture	mathematics	4	none				partially ordered set,totally ordered,linear extension,ordered,appears	open	https://en.wikipedia.org/wiki/List_of_unsolved_problems_in_mathematics	CC BY-SA 4.0
wp-dittert-conjecture	Dittert conjecture	mathematics	4	none				achieved,concerning,condition,dittert,entries	open	https://en.wikipedia.org/wiki/List_of_unsolved_problems_in_mathematics	CC BY-SA 4.0
wp-problems-in-latin-squares	Problems in Latin squares	mathematics	4	none				Latin squares,latin,squares,concerning,problems	open	https://en.wikipedia.org/wiki/List_of_unsolved_problems_in_mathematics	CC BY-SA 4.0
wp-lonely-runner-conjecture	lonely runner conjecture	mathematics	4	none				runner,lonely,distance,distinct,journal	open	https://en.wikipedia.org/wiki/List_of_unsolved_problems_in_mathematics	CC BY-SA 4.0
wp-superpermutation	Superpermutation	mathematics	3	none				possible,contains,digits,permutations,smallest	open	https://en.wikipedia.org/wiki/List_of_unsolved_problems_in_mathematics	CC BY-SA 4.0
wp-map-folding	Map folding	mathematics	3	none				folding,problems,stamp,various,mathematics	open	https://en.wikipedia.org/wiki/List_of_unsolved_problems_in_mathematics	CC BY-SA 4.0
wp-no-three-in-line-problem	No-three-in-line problem	mathematics	4	none				no-three-in-line,placed,points,times,mathematics	open	https://en.wikipedia.org/wiki/List_of_unsolved_problems_in_mathematics	CC BY-SA 4.0
wp-rudin-s-conjecture	Rudin's conjecture	mathematics	4	none				arithmetic progression,arithmetic,finite,progressions,rudin	open	https://en.wikipedia.org/wiki/List_of_unsolved_problems_in_mathematics	CC BY-SA 4.0
wp-sunflower-conjecture	sunflower conjecture	mathematics	4	none				sunflower,bounded,existence,exponential,fixed	open	https://en.wikipedia.org/wiki/List_of_unsolved_problems_in_mathematics	CC BY-SA 4.0
wp-union-closed-sets-conjecture	union-closed sets conjecture	mathematics	4	none				belonging,closed,element,family,frankl	open	https://en.wikipedia.org/wiki/List_of_unsolved_problems_in_mathematics	CC BY-SA 4.0
wp-give-a-combinatorial-interpretation-of-the-kronecker-coeffic	Give a combinatorial interpretation of the Kronecker coefficients{{citation	mathematics	3	none				Kronecker coefficient,coefficients,combinatorial,interpretation,kronecker	open	https://en.wikipedia.org/wiki/List_of_unsolved_problems_in_mathematics	CC BY-SA 4.0
wp-property-b	Property B	mathematics	3	none				collection,n-uniform,property,smallest,without	open	https://en.wikipedia.org/wiki/List_of_unsolved_problems_in_mathematics	CC BY-SA 4.0
wp-the-values-of-the-dedekind-numbers-m-n-for-n-ge-10-cite-web	The values of the Dedekind numbers M(n) for n \ge 10{{Cite web |url=http	mathematics	3	none				Dedekind number,dedekind,values,mathematics,open problem	open	https://en.wikipedia.org/wiki/List_of_unsolved_problems_in_mathematics	CC BY-SA 4.0
wp-ramsey-numbers	Ramsey numbers	mathematics	3	none				asymptotic,growth,particularly,ramsey,values	open	https://en.wikipedia.org/wiki/List_of_unsolved_problems_in_mathematics	CC BY-SA 4.0
wp-the-values-of-the-van-der-waerden-numbers	The values of the Van der Waerden numbers	mathematics	3	none				Van der Waerden number,values,waerden,mathematics,open problem	open	https://en.wikipedia.org/wiki/List_of_unsolved_problems_in_mathematics	CC BY-SA 4.0
wp-finding-a-function-to-model-n-step-self-avoiding-walks	Finding a function to model n-step self-avoiding walks	mathematics	3	none				self-avoiding walk,finding,function,model,n-step	open	https://en.wikipedia.org/wiki/List_of_unsolved_problems_in_mathematics	CC BY-SA 4.0
wp-arnoldgivental-conjecture	Arnold–Givental conjecture	mathematics	4	none				Arnold conjecture,arnold,geometry,givental,morse	open	https://en.wikipedia.org/wiki/List_of_unsolved_problems_in_mathematics	CC BY-SA 4.0
wp-berrytabor-conjecture	Berry–Tabor conjecture	mathematics	4	none				quantum chaos,berry,chaos,quantum,tabor	open	https://en.wikipedia.org/wiki/List_of_unsolved_problems_in_mathematics	CC BY-SA 4.0
wp-banach-s	Banach's	mathematics	3	none				ergodic system,banach,ergodic,lebesgue,simple	open	https://en.wikipedia.org/wiki/List_of_unsolved_problems_in_mathematics	CC BY-SA 4.0
wp-birkhoff	Birkhoff	mathematics	3	none				billiard table,Annals of Mathematics,billiard,birkhoff,boundary	open	https://en.wikipedia.org/wiki/List_of_unsolved_problems_in_mathematics	CC BY-SA 4.0
wp-eden-s-conjecture	Eden's conjecture	mathematics	4	none				supremum,Lyapunov dimension,attractor,achieved,dimensions	open	https://en.wikipedia.org/wiki/List_of_unsolved_problems_in_mathematics	CC BY-SA 4.0
wp-fatou-conjecture	Fatou conjecture	mathematics	4	none				complex plane,complex,dense,family,fatou	open	https://en.wikipedia.org/wiki/List_of_unsolved_problems_in_mathematics	CC BY-SA 4.0
wp-furstenberg	Furstenberg	mathematics	3	none				ergodic,times,action,atomic,circle	open	https://en.wikipedia.org/wiki/List_of_unsolved_problems_in_mathematics	CC BY-SA 4.0
wp-kaplanyorke-conjecture	Kaplan–Yorke conjecture	mathematics	4	none				attractor,Lyapunov exponent,dimension,exponents,kaplan	open	https://en.wikipedia.org/wiki/List_of_unsolved_problems_in_mathematics	CC BY-SA 4.0
wp-margulis	Margulis	mathematics	3	none				actions,classification,diagonalizable,groups,higher-rank	open	https://en.wikipedia.org/wiki/List_of_unsolved_problems_in_mathematics	CC BY-SA 4.0
wp-hilbertarnold-problem	Hilbert–Arnold problem	mathematics	4	none				uniform bound,limit cycles,vector fields,arnold,bound	open	https://en.wikipedia.org/wiki/List_of_unsolved_problems_in_mathematics	CC BY-SA 4.0
wp-mlc-conjecture	MLC conjecture	mathematics	4	none				connected,locally,mandelbrot,mathematics,open problem	open	https://en.wikipedia.org/wiki/List_of_unsolved_problems_in_mathematics	CC BY-SA 4.0
wp-outer-billiard	outer billiard	mathematics	3	none				outer,almost,billiard,billiards,concerning	open	https://en.wikipedia.org/wiki/List_of_unsolved_problems_in_mathematics	CC BY-SA 4.0
wp-eigenfunction	eigenfunction	mathematics	3	none				Laplacian,negatively-curved,manifold,Bulletin of the American Mathematical Society,distribution	open	https://en.wikipedia.org/wiki/List_of_unsolved_problems_in_mathematics	CC BY-SA 4.0
wp-rokhlin-s	Rokhlin's	mathematics	3	none				strongly mixing,mixing,strongly,multiple,rokhlin	open	https://en.wikipedia.org/wiki/List_of_unsolved_problems_in_mathematics	CC BY-SA 4.0
wp-triangular-billiards	Triangular billiards	mathematics	3	none				billiards,periodic,triangle,triangular,mathematics	open	https://en.wikipedia.org/wiki/List_of_unsolved_problems_in_mathematics	CC BY-SA 4.0
wp-weinstein-conjecture	Weinstein conjecture	mathematics	4	none				contact type,level set,Hamiltonian,symplectic manifold,carry	open	https://en.wikipedia.org/wiki/List_of_unsolved_problems_in_mathematics	CC BY-SA 4.0
wp-does-every-positive-integer-generate-a-juggler-sequence-term	Does every positive integer generate a juggler sequence terminating at 1?	mathematics	3	none				juggler sequence,generate,integer,juggler,positive	open	https://en.wikipedia.org/wiki/List_of_unsolved_problems_in_mathematics	CC BY-SA 4.0
wp-lyapunov-function-lyapunov-function	[[Lyapunov function|Lyapunov function	mathematics	3	none				Lyapunov function: Lyapunov's second method for stability,ODEs,lyapunov,method,second	open	https://en.wikipedia.org/wiki/List_of_unsolved_problems_in_mathematics	CC BY-SA 4.0
wp-reversible-cellular-automaton	reversible cellular automaton	mathematics	3	none				Lecture Notes in Computer Science,reversible,automaton,cellular,dimensions	open	https://en.wikipedia.org/wiki/List_of_unsolved_problems_in_mathematics	CC BY-SA 4.0
wp-sudoku	Sudoku	mathematics	3	none				sudoku,mathematics,open problem,wikipedia list	open	https://en.wikipedia.org/wiki/List_of_unsolved_problems_in_mathematics	CC BY-SA 4.0
wp-how-many-puzzles-have-exactly-one-solution	How many puzzles have exactly one solution?	mathematics	3	none				exactly,puzzles,solution,mathematics,open problem	open	https://en.wikipedia.org/wiki/List_of_unsolved_problems_in_mathematics	CC BY-SA 4.0
wp-how-many-puzzles-with-exactly-one-solution-are-minimal	How many puzzles with exactly one solution are minimal?	mathematics	3	none				minimal,exactly,puzzles,solution,mathematics	open	https://en.wikipedia.org/wiki/List_of_unsolved_problems_in_mathematics	CC BY-SA 4.0
wp-maximum-number-of-givens	maximum number of givens	mathematics	3	none				minimal,givens,maximum,puzzle,mathematics	open	https://en.wikipedia.org/wiki/List_of_unsolved_problems_in_mathematics	CC BY-SA 4.0
wp-tic-tac-toe-variants	Tic-tac-toe variants	mathematics	3	none				tic-tac-toe,variants,mathematics,open problem,wikipedia list	open	https://en.wikipedia.org/wiki/List_of_unsolved_problems_in_mathematics	CC BY-SA 4.0
wp-halesjewett-theorem	Hales–Jewett theorem	mathematics	3	none				''n''<sup>''d''</sup> game,PBS Infinite Series,YouTube,board,dimension	open	https://en.wikipedia.org/wiki/List_of_unsolved_problems_in_mathematics	CC BY-SA 4.0
wp-chess	Chess	mathematics	3	none				chess,mathematics,open problem,wikipedia list	open	https://en.wikipedia.org/wiki/List_of_unsolved_problems_in_mathematics	CC BY-SA 4.0
wp-first-move-advantage-in-chess	first-move advantage in chess	mathematics	3	none				chess,advantage,first-move,outcome,perfectly	open	https://en.wikipedia.org/wiki/List_of_unsolved_problems_in_mathematics	CC BY-SA 4.0
wp-what-is-the-perfect-value-of-komi	What is the perfect value of Komi?	mathematics	3	none				Komi,perfect,value,mathematics,open problem	open	https://en.wikipedia.org/wiki/List_of_unsolved_problems_in_mathematics	CC BY-SA 4.0
wp-are-the-nim-sequences-of-all-finite-octal-games-eventually-p	Are the nim-sequences of all finite octal games eventually periodic?	mathematics	3	none				octal game,eventually,finite,games,nim-sequences	open	https://en.wikipedia.org/wiki/List_of_unsolved_problems_in_mathematics	CC BY-SA 4.0
wp-is-the-nim-sequence-of-grundy-s-game-eventually-periodic	Is the nim-sequence of Grundy's game eventually periodic?	mathematics	3	none				Grundy's game,eventually,grundy,nim-sequence,periodic	open	https://en.wikipedia.org/wiki/List_of_unsolved_problems_in_mathematics	CC BY-SA 4.0
wp-rendezvous-problem	Rendezvous problem	mathematics	4	none				rendezvous,mathematics,open problem,wikipedia list	open	https://en.wikipedia.org/wiki/List_of_unsolved_problems_in_mathematics	CC BY-SA 4.0
wp-abundance-conjecture	Abundance conjecture	mathematics	4	none				canonical bundle,projective variety,Kawamata log terminal singularities,nef,abundance	open	https://en.wikipedia.org/wiki/List_of_unsolved_problems_in_mathematics	CC BY-SA 4.0
wp-bass-conjecture	Bass conjecture	mathematics	4	none				finite generation,algebraic K-groups,algebraic,certain,finite	open	https://en.wikipedia.org/wiki/List_of_unsolved_problems_in_mathematics	CC BY-SA 4.0
wp-bassquillen-conjecture	Bass–Quillen conjecture	mathematics	4	none				vector bundle,regular,Noetherian ring,polynomial ring,bundles	open	https://en.wikipedia.org/wiki/List_of_unsolved_problems_in_mathematics	CC BY-SA 4.0
wp-deligne-conjecture	Deligne conjecture	mathematics	4	none				Pierre Deligne,deligne,named,numerous,pierre	open	https://en.wikipedia.org/wiki/List_of_unsolved_problems_in_mathematics	CC BY-SA 4.0
wp-deligne-s-conjecture-on-hochschild-cohomology	Deligne's conjecture on Hochschild cohomology	mathematics	4	none				operad,Hochschild cochain complex,hochschild,about,cochain	open	https://en.wikipedia.org/wiki/List_of_unsolved_problems_in_mathematics	CC BY-SA 4.0
wp-dixmier-conjecture	Dixmier conjecture	mathematics	4	none				endomorphism,Weyl algebra,automorphism,algebras,dixmier	open	https://en.wikipedia.org/wiki/List_of_unsolved_problems_in_mathematics	CC BY-SA 4.0
wp-froberg-conjecture	Fröberg conjecture	mathematics	4	none				Hilbert functions,forms,functions,hilbert,mathematics	open	https://en.wikipedia.org/wiki/List_of_unsolved_problems_in_mathematics	CC BY-SA 4.0
wp-fujita-conjecture	Fujita conjecture	mathematics	4	none				positive,holomorphic line bundle,compact,complex manifold,canonical line bundle	open	https://en.wikipedia.org/wiki/List_of_unsolved_problems_in_mathematics	CC BY-SA 4.0
wp-general-elephant-problem	General elephant problem	mathematics	4	none				general elephant,Du Val singularities,general,elephant,elephants	open	https://en.wikipedia.org/wiki/List_of_unsolved_problems_in_mathematics	CC BY-SA 4.0
wp-hartshorne-s-conjectures	Hartshorne's conjectures	mathematics	4	none				Mathematische Annalen,conjectures,hartshorne,mathematics,open problem	open	https://en.wikipedia.org/wiki/List_of_unsolved_problems_in_mathematics	CC BY-SA 4.0
wp-spherical	spherical	mathematics	3	none				hyperbolic geometry,Dehn invariant,scissors-congruent,geometry,hyperbolic	open	https://en.wikipedia.org/wiki/List_of_unsolved_problems_in_mathematics	CC BY-SA 4.0
wp-mauliknekrasovokounkovpandharipande-conjecture	Maulik–Nekrasov–Okounkov–Pandharipande conjecture	mathematics	4	none				Gromov–Witten theory,Donaldson–Thomas theory,theory,between,donaldson	open	https://en.wikipedia.org/wiki/List_of_unsolved_problems_in_mathematics	CC BY-SA 4.0
wp-nagata-s-conjecture-on-curves	Nagata's conjecture on curves	mathematics	4	none				plane algebraic curve,multiplicities,algebraic,collection,curve	open	https://en.wikipedia.org/wiki/List_of_unsolved_problems_in_mathematics	CC BY-SA 4.0
wp-nagatabiran-conjecture	Nagata–Biran conjecture	mathematics	4	none				algebraic surface,ample line bundle,Seshadri constant,algebraic,ample	open	https://en.wikipedia.org/wiki/List_of_unsolved_problems_in_mathematics	CC BY-SA 4.0
wp-nakai-conjecture	Nakai conjecture	mathematics	4	none				complex algebraic variety,differential operator,derivations,smooth,algebraic	open	https://en.wikipedia.org/wiki/List_of_unsolved_problems_in_mathematics	CC BY-SA 4.0
wp-parshin-s-conjecture	Parshin's conjecture	mathematics	4	none				algebraic K-groups,smooth,projective variety,finite field,algebraic	open	https://en.wikipedia.org/wiki/List_of_unsolved_problems_in_mathematics	CC BY-SA 4.0
wp-section-conjecture	Section conjecture	mathematics	4	none				group homomorphism,fundamental group,smooth curves,fields,Galois group	open	https://en.wikipedia.org/wiki/List_of_unsolved_problems_in_mathematics	CC BY-SA 4.0
wp-standard-conjectures	Standard conjectures	mathematics	4	none				algebraic,conjectures,cycles,standard,mathematics	open	https://en.wikipedia.org/wiki/List_of_unsolved_problems_in_mathematics	CC BY-SA 4.0
wp-tate-conjecture	Tate conjecture	mathematics	4	none				algebraic cycle,algebraic varieties,Galois representations,étale cohomology groups,algebraic	open	https://en.wikipedia.org/wiki/List_of_unsolved_problems_in_mathematics	CC BY-SA 4.0
wp-virasoro-conjecture	Virasoro conjecture	mathematics	4	none				generating function,Gromov–Witten invariant,smooth,projective variety,Virasoro algebra	open	https://en.wikipedia.org/wiki/List_of_unsolved_problems_in_mathematics	CC BY-SA 4.0
wp-varieties	varieties	mathematics	3	none				singular points,Bulletin of the American Mathematical Society,equimultiplicity,equisingularity,multiplicity	open	https://en.wikipedia.org/wiki/List_of_unsolved_problems_in_mathematics	CC BY-SA 4.0
wp-are-infinite-sequences-of-flips-possible-in-dimensions-great	Are infinite sequences of flips possible in dimensions greater than 3?	mathematics	3	none				flips,dimensions,greater,infinite,possible	open	https://en.wikipedia.org/wiki/List_of_unsolved_problems_in_mathematics	CC BY-SA 4.0
wp-resolution-of-singularities	Resolution of singularities	mathematics	3	none				characteristic,resolution,singularities,mathematics,open problem	open	https://en.wikipedia.org/wiki/List_of_unsolved_problems_in_mathematics	CC BY-SA 4.0
wp-borsuk-s-problem	Borsuk's problem	mathematics	4	none				bounded,borsuk,bounds,cover,lower	open	https://en.wikipedia.org/wiki/List_of_unsolved_problems_in_mathematics	CC BY-SA 4.0
wp-the-covering-problem-of-rado	The covering problem of Rado	mathematics	4	none				covering problem of Rado,squares,axis-parallel,covered,covering	open	https://en.wikipedia.org/wiki/List_of_unsolved_problems_in_mathematics	CC BY-SA 4.0
wp-the-erdosoler-conjecture	The Erdős–Oler conjecture	mathematics	4	none				Erdős–Oler conjecture,triangular number,circles,packing,triangle	open	https://en.wikipedia.org/wiki/List_of_unsolved_problems_in_mathematics	CC BY-SA 4.0
wp-disk-covering-problem	disk covering problem	mathematics	4	none				real number,disks,unit disk,about,arranged	open	https://en.wikipedia.org/wiki/List_of_unsolved_problems_in_mathematics	CC BY-SA 4.0
wp-kissing-number-problem	kissing number problem	mathematics	4	none				dimensions,kissing,mathematics,open problem,wikipedia list	open	https://en.wikipedia.org/wiki/List_of_unsolved_problems_in_mathematics	CC BY-SA 4.0
wp-reinhardt-s-conjecture	Reinhardt's conjecture	mathematics	4	none				centrally-symmetric,convex,density,lowest,maximum	open	https://en.wikipedia.org/wiki/List_of_unsolved_problems_in_mathematics	CC BY-SA 4.0
wp-sphere-packing	Sphere packing	mathematics	3	none				dimensions,packing,asymptotic,behavior,densest	open	https://en.wikipedia.org/wiki/List_of_unsolved_problems_in_mathematics	CC BY-SA 4.0
wp-square-packing-in-a-square	Square packing in a square	mathematics	3	none				square,asymptotic,growth,packing,space	open	https://en.wikipedia.org/wiki/List_of_unsolved_problems_in_mathematics	CC BY-SA 4.0
wp-ulam-s-packing-conjecture	Ulam's packing conjecture	mathematics	4	none				about,convex,identity,packing,solid	open	https://en.wikipedia.org/wiki/List_of_unsolved_problems_in_mathematics	CC BY-SA 4.0
wp-the-tammes-problem-for-numbers-of-nodes-greater-than-14-exce	The Tammes problem for numbers of nodes greater than 14 (except 24).	mathematics	4	none				Tammes problem,except,greater,nodes,tammes	open	https://en.wikipedia.org/wiki/List_of_unsolved_problems_in_mathematics	CC BY-SA 4.0
wp-for-which-dimensions-of-sphere-differential-poincare-conject	For which dimensions of sphere differential Poincaré conjecture is true?	mathematics	4	none				differential Poincaré conjecture,differential,dimensions,poincar,sphere	open	https://en.wikipedia.org/wiki/List_of_unsolved_problems_in_mathematics	CC BY-SA 4.0
wp-the-spherical-bernstein-s-problem-a-generalization-of-bernst	The spherical Bernstein's problem, a generalization of Bernstein's problem	mathematics	4	none				spherical Bernstein's problem,Bernstein's problem,bernstein,generalization,spherical	open	https://en.wikipedia.org/wiki/List_of_unsolved_problems_in_mathematics	CC BY-SA 4.0
wp-caratheodory-conjecture	Carathéodory conjecture	mathematics	4	none				Euclidean space,umbilical point,admits,carath,closed	open	https://en.wikipedia.org/wiki/List_of_unsolved_problems_in_mathematics	CC BY-SA 4.0
wp-cartanhadamard-conjecture	Cartan–Hadamard conjecture	mathematics	4	none				isoperimetric inequality,Cartan–Hadamard manifolds,cartan,hadamard,classical	open	https://en.wikipedia.org/wiki/List_of_unsolved_problems_in_mathematics	CC BY-SA 4.0
wp-chern-s-conjecture	Chern's conjecture	mathematics	4	none				Euler characteristic,compact,affine manifold,affine,characteristic	open	https://en.wikipedia.org/wiki/List_of_unsolved_problems_in_mathematics	CC BY-SA 4.0
wp-chern-s-conjecture-for-hypersurfaces-in-spheres	Chern's conjecture for hypersurfaces in spheres	mathematics	4	none				chern,closely,conjectures,hypersurfaces,related	open	https://en.wikipedia.org/wiki/List_of_unsolved_problems_in_mathematics	CC BY-SA 4.0
wp-closed-curve-problem	Closed curve problem	mathematics	4	none				closed,curve,conditions,determine,explicit	open	https://en.wikipedia.org/wiki/List_of_unsolved_problems_in_mathematics	CC BY-SA 4.0
wp-filling-area-conjecture	filling area conjecture	mathematics	4	none				among,boundary,closed,curve,euclidean	open	https://en.wikipedia.org/wiki/List_of_unsolved_problems_in_mathematics	CC BY-SA 4.0
wp-hopf-conjecture	Hopf conjecture	mathematics	4	none				characteristic,conjectures,curvature,euler,higher-dimensional	open	https://en.wikipedia.org/wiki/List_of_unsolved_problems_in_mathematics	CC BY-SA 4.0
wp-osserman-conjecture	Osserman conjecture	mathematics	4	none				Osserman manifold,flat,isometric,symmetric space,osserman	open	https://en.wikipedia.org/wiki/List_of_unsolved_problems_in_mathematics	CC BY-SA 4.0
wp-yau-s-conjecture-on-the-first-eigenvalue	Yau's conjecture on the first eigenvalue	mathematics	4	none				eigenvalue,Laplace–Beltrami operator,minimal hypersurface,first,beltrami	open	https://en.wikipedia.org/wiki/List_of_unsolved_problems_in_mathematics	CC BY-SA 4.0
wp-big-line-big-clique-conjecture	big-line-big-clique conjecture	mathematics	4	none				points,big-line-big-clique,collinear,either,existence	open	https://en.wikipedia.org/wiki/List_of_unsolved_problems_in_mathematics	CC BY-SA 4.0
wp-diracmotzkin-conjecture	Dirac–Motzkin conjecture	mathematics	4	none				dirac,euclidean,lines,minimum,motzkin	open	https://en.wikipedia.org/wiki/List_of_unsolved_problems_in_mathematics	CC BY-SA 4.0
wp-hadwiger-conjecture	Hadwiger conjecture	mathematics	4	none				bodies,convex,copies,covering,hadwiger	open	https://en.wikipedia.org/wiki/List_of_unsolved_problems_in_mathematics	CC BY-SA 4.0
wp-solving-the-happy-ending-problem-for-arbitrary-n-citation	Solving the happy ending problem for arbitrary n{{citation	mathematics	4	none				happy ending problem,arbitrary,ending,happy,solving	open	https://en.wikipedia.org/wiki/List_of_unsolved_problems_in_mathematics	CC BY-SA 4.0
wp-improving-lower-and-upper-bounds-for-the-heilbronn-triangle	Improving lower and upper bounds for the Heilbronn triangle problem.	mathematics	4	none				Heilbronn triangle problem,bounds,heilbronn,improving,lower	open	https://en.wikipedia.org/wiki/List_of_unsolved_problems_in_mathematics	CC BY-SA 4.0
wp-kalai-s-3-sup-d-sup-conjecture	Kalai's 3<sup>''d''</sup> conjecture	mathematics	4	none				centrally symmetric,polytopes,centrally,faces,kalai	open	https://en.wikipedia.org/wiki/List_of_unsolved_problems_in_mathematics	CC BY-SA 4.0
wp-the-kobon-triangle-problem-on-triangles-in-line-arrangements	The Kobon triangle problem on triangles in line arrangements{{cite journal	mathematics	4	none				Kobon triangle problem,arrangements,journal,kobon,triangle	open	https://en.wikipedia.org/wiki/List_of_unsolved_problems_in_mathematics	CC BY-SA 4.0
wp-the-kusner-conjecture	The Kusner conjecture	mathematics	4	none				Kusner conjecture,equidistant,kusner,points,spaces	open	https://en.wikipedia.org/wiki/List_of_unsolved_problems_in_mathematics	CC BY-SA 4.0
wp-mcmullen-problem	McMullen problem	mathematics	4	none				convex position,convex,mcmullen,points,position	open	https://en.wikipedia.org/wiki/List_of_unsolved_problems_in_mathematics	CC BY-SA 4.0
wp-opaque-forest-problem	Opaque forest problem	mathematics	4	none				opaque set,opaque,finding,forest,planar	open	https://en.wikipedia.org/wiki/List_of_unsolved_problems_in_mathematics	CC BY-SA 4.0
wp-orchard-planting-problem	Orchard-planting problem	mathematics	4	none				Geometriae Dedicata,attainable,configuration,lines,maximum	open	https://en.wikipedia.org/wiki/List_of_unsolved_problems_in_mathematics	CC BY-SA 4.0
wp-how-many-unit-distances	How many unit distances	mathematics	3	none				determined,distances,euclidean,plane,points	open	https://en.wikipedia.org/wiki/List_of_unsolved_problems_in_mathematics	CC BY-SA 4.0
wp-finding-matching-upper-and-lower-bounds-for-k-sets-and-halvi	Finding matching upper and lower bounds for k-sets and halving lines{{citation	mathematics	3	none				''k''-sets,bounds,finding,halving,k-sets	open	https://en.wikipedia.org/wiki/List_of_unsolved_problems_in_mathematics	CC BY-SA 4.0
wp-crossing-number	crossing number	mathematics	3	none				arrangement,crossing,halving,journal,lines	open	https://en.wikipedia.org/wiki/List_of_unsolved_problems_in_mathematics	CC BY-SA 4.0
wp-tripod-packing	Tripod packing	mathematics	3	none				Electronic Journal of Combinatorics,apexes,packed,packing,tripod	open	https://en.wikipedia.org/wiki/List_of_unsolved_problems_in_mathematics	CC BY-SA 4.0
wp-atiyah-conjecture-on-configurations	Atiyah conjecture on configurations	mathematics	4	none				atiyah,certain,configurations,depending,invertibility	open	https://en.wikipedia.org/wiki/List_of_unsolved_problems_in_mathematics	CC BY-SA 4.0
wp-bellman-s-lost-in-a-forest-problem	Bellman's lost-in-a-forest problem	mathematics	4	none				American Mathematical Monthly,shape,bellman,boundary,guaranteed	open	https://en.wikipedia.org/wiki/List_of_unsolved_problems_in_mathematics	CC BY-SA 4.0
wp-borromean-rings	Borromean rings	mathematics	3	none				arranged,borromean,cannot,circles,curves	open	https://en.wikipedia.org/wiki/List_of_unsolved_problems_in_mathematics	CC BY-SA 4.0
wp-connellys-blooming-conjecture	Connelly’s blooming conjecture	mathematics	4	none				blooming,connelly,convex,polyhedron,mathematics	open	https://en.wikipedia.org/wiki/List_of_unsolved_problems_in_mathematics	CC BY-SA 4.0
wp-danzer-set	Danzer set	mathematics	3	none				On-Line Encyclopedia of Integer Sequences,bounded,danzer,conway,density	open	https://en.wikipedia.org/wiki/List_of_unsolved_problems_in_mathematics	CC BY-SA 4.0
wp-dissection-into-orthoschemes	Dissection into orthoschemes	mathematics	3	none				simplices,dimension,dissection,orthoschemes,possible	open	https://en.wikipedia.org/wiki/List_of_unsolved_problems_in_mathematics	CC BY-SA 4.0
wp-ehrhart-s-volume-conjecture	Ehrhart's volume conjecture	mathematics	4	none				center of mass,volume,cannot,center,containing	open	https://en.wikipedia.org/wiki/List_of_unsolved_problems_in_mathematics	CC BY-SA 4.0
wp-falconer-s-conjecture	Falconer's conjecture	mathematics	4	none				Lebesgue measure,dimension,distance,falconer,greater	open	https://en.wikipedia.org/wiki/List_of_unsolved_problems_in_mathematics	CC BY-SA 4.0
wp-the-values-of-the-hermite-constants-for-dimensions-other-tha	The values of the Hermite constants for dimensions other than 1–8 and 24	mathematics	3	none				Hermite constant,constants,dimensions,hermite,values	open	https://en.wikipedia.org/wiki/List_of_unsolved_problems_in_mathematics	CC BY-SA 4.0
wp-what-is-the-lowest-number-of-faces-possible-for-a-holyhedron	What is the lowest number of faces possible for a holyhedron?	mathematics	3	none				holyhedron,faces,lowest,possible,mathematics	open	https://en.wikipedia.org/wiki/List_of_unsolved_problems_in_mathematics	CC BY-SA 4.0
wp-inscribed-square-problem	Inscribed square problem	mathematics	4	none				Toeplitz' conjecture,Jordan curve,Notices of the American Mathematical Society,square,inscribed	open	https://en.wikipedia.org/wiki/List_of_unsolved_problems_in_mathematics	CC BY-SA 4.0
wp-kakeya-conjecture	Kakeya conjecture	mathematics	4	none				Hausdorff dimension,Minkowski dimension,dimension,contain,direction	open	https://en.wikipedia.org/wiki/List_of_unsolved_problems_in_mathematics	CC BY-SA 4.0
wp-weairephelan-structure	Weaire–Phelan structure	mathematics	3	none				kelvin,cells,equal-volume,minimum-surface-area,optimality	open	https://en.wikipedia.org/wiki/List_of_unsolved_problems_in_mathematics	CC BY-SA 4.0
wp-lebesgue-s-universal-covering-problem	Lebesgue's universal covering problem	mathematics	4	none				shape,convex,cover,covering,diameter	open	https://en.wikipedia.org/wiki/List_of_unsolved_problems_in_mathematics	CC BY-SA 4.0
wp-mahler-s-conjecture	Mahler's conjecture	mathematics	4	none				centrally symmetric,convex body,polar,centrally,convex	open	https://en.wikipedia.org/wiki/List_of_unsolved_problems_in_mathematics	CC BY-SA 4.0
wp-in-meissner-body	In Meissner body)	mathematics	3	none				Meissner body,meissner,mathematics,open problem,wikipedia list	open	https://en.wikipedia.org/wiki/List_of_unsolved_problems_in_mathematics	CC BY-SA 4.0
wp-moser-s-worm-problem	Moser's worm problem	mathematics	4	none				Discrete & Computational Geometry,cover,curve,moser,plane	open	https://en.wikipedia.org/wiki/List_of_unsolved_problems_in_mathematics	CC BY-SA 4.0
wp-moving-sofa-problem	moving sofa problem	mathematics	4	none				corridor,l-shaped,largest,maneuvered,moving	open	https://en.wikipedia.org/wiki/List_of_unsolved_problems_in_mathematics	CC BY-SA 4.0
wp-in-parallelohedron	In parallelohedron	mathematics	3	none				parallelohedron,mathematics,open problem,wikipedia list	open	https://en.wikipedia.org/wiki/List_of_unsolved_problems_in_mathematics	CC BY-SA 4.0
wp-voronoi-diagram	Voronoi diagram	mathematics	3	none				affine,convex,diagram,higher-dimensional,polytope	open	https://en.wikipedia.org/wiki/List_of_unsolved_problems_in_mathematics	CC BY-SA 4.0
wp-ropelength	Ropelength	mathematics	3	none				problems,ropelength,mathematics,open problem,wikipedia list	open	https://en.wikipedia.org/wiki/List_of_unsolved_problems_in_mathematics	CC BY-SA 4.0
wp-does-every-convex-polyhedron-have-rupert-s-property	Does every convex polyhedron have Rupert's property?	mathematics	3	none				Rupert's property,The American Mathematical Monthly,arXiv,convex,polyhedron	open	https://en.wikipedia.org/wiki/List_of_unsolved_problems_in_mathematics	CC BY-SA 4.0
wp-shephard-s-problem	Shephard's problem	mathematics	4	none				convex polyhedron,net,convex,edge-unfolding,polyhedron	open	https://en.wikipedia.org/wiki/List_of_unsolved_problems_in_mathematics	CC BY-SA 4.0
wp-more-than-seven-faces	more than seven faces	mathematics	3	none				exactly,faces,non-convex,polyhedron,self-intersections	open	https://en.wikipedia.org/wiki/List_of_unsolved_problems_in_mathematics	CC BY-SA 4.0
wp-thomson-problem	Thomson problem	mathematics	4	none				configuration,energy,minimum,mutually-repelling,particles	open	https://en.wikipedia.org/wiki/List_of_unsolved_problems_in_mathematics	CC BY-SA 4.0
wp-uniform-5-polytope	uniform 5-polytope	mathematics	3	none				classify,complete,convex,polytopes,shapes	open	https://en.wikipedia.org/wiki/List_of_unsolved_problems_in_mathematics	CC BY-SA 4.0
wp-hilbert-s-third-problem	Hilbert's third problem	mathematics	4	none				Dehn invariant,geometries,geometry,hilbert,hyperbolic	open	https://en.wikipedia.org/wiki/List_of_unsolved_problems_in_mathematics	CC BY-SA 4.0
wp-babai-s-problem	Babai's problem	mathematics	4	none				babai,groups,invariant,mathematics,open problem	open	https://en.wikipedia.org/wiki/List_of_unsolved_problems_in_mathematics	CC BY-SA 4.0
wp-brouwer-s-conjecture	Brouwer's conjecture	mathematics	4	none				eigenvalues,Laplacians,bounds,brouwer,edges	open	https://en.wikipedia.org/wiki/List_of_unsolved_problems_in_mathematics	CC BY-SA 4.0
wp-graham-s-pebbling-conjecture	Graham's pebbling conjecture	mathematics	4	none				pebbling,cartesian,graham,graphs,journal	open	https://en.wikipedia.org/wiki/List_of_unsolved_problems_in_mathematics	CC BY-SA 4.0
wp-meyniel-s-conjecture-that-cop-number-is-o-sqrt-n-cite-journa	Meyniel's conjecture that cop number is O(\sqrt n){{cite journal	mathematics	4	none				cop number,journal,meyniel,mathematics,open problem	open	https://en.wikipedia.org/wiki/List_of_unsolved_problems_in_mathematics	CC BY-SA 4.0
wp-vertex-coloring-game	vertex coloring game	mathematics	3	none				colors,alice,coloring,graph,journal	open	https://en.wikipedia.org/wiki/List_of_unsolved_problems_in_mathematics	CC BY-SA 4.0
wp-1-factorization-conjecture	1-factorization conjecture	mathematics	4	none				regular graph,1-factorable,factorable,factorization,graph	open	https://en.wikipedia.org/wiki/List_of_unsolved_problems_in_mathematics	CC BY-SA 4.0
wp-perfect-1-factorization-conjecture	perfect 1-factorization conjecture	mathematics	4	none				complete graph,perfect 1-factorization,factorization,perfect,admits	open	https://en.wikipedia.org/wiki/List_of_unsolved_problems_in_mathematics	CC BY-SA 4.0
wp-cereceda-s-conjecture	Cereceda's conjecture	mathematics	4	none				cereceda,colorings,degenerate,diameter,graphs	open	https://en.wikipedia.org/wiki/List_of_unsolved_problems_in_mathematics	CC BY-SA 4.0
wp-the-earthmoon-problem	The Earth–Moon problem	mathematics	4	none				Earth–Moon problem,biplanar,chromatic,earth,graphs	open	https://en.wikipedia.org/wiki/List_of_unsolved_problems_in_mathematics	CC BY-SA 4.0
wp-the-erdosfaberlovasz-conjecture-on-coloring-unions-of-clique	The Erdős–Faber–Lovász conjecture on coloring unions of cliques{{citation	mathematics	4	none				Erdős–Faber–Lovász conjecture,cliques,coloring,faber,unions	open	https://en.wikipedia.org/wiki/List_of_unsolved_problems_in_mathematics	CC BY-SA 4.0
wp-the-graceful-tree-conjecture-that-every-tree-admits-a-gracef	The graceful tree conjecture that every tree admits a graceful labeling	mathematics	4	none				graceful tree conjecture,graceful,admits,labeling,mathematics	open	https://en.wikipedia.org/wiki/List_of_unsolved_problems_in_mathematics	CC BY-SA 4.0
wp-rosa-s-conjecture	Rosa's conjecture	mathematics	4	none				triangular cacti,cacti,graceful,nearly-graceful,triangular	open	https://en.wikipedia.org/wiki/List_of_unsolved_problems_in_mathematics	CC BY-SA 4.0
wp-gyarfassumner-conjecture	Gyárfás–Sumner conjecture	mathematics	4	none				boundedness,forbidden,graphs,induced,sumner	open	https://en.wikipedia.org/wiki/List_of_unsolved_problems_in_mathematics	CC BY-SA 4.0
wp-the-hadwiger-conjecture-relating-coloring-to-clique-minors-c	The Hadwiger conjecture relating coloring to clique minors{{citation	mathematics	4	none				Hadwiger conjecture,clique,coloring,hadwiger,minors	open	https://en.wikipedia.org/wiki/List_of_unsolved_problems_in_mathematics	CC BY-SA 4.0
wp-jaeger-s-petersen-coloring-conjecture	Jaeger's Petersen-coloring conjecture	mathematics	4	none				graph,bridgeless,cubic,cycle-continuous,jaeger	open	https://en.wikipedia.org/wiki/List_of_unsolved_problems_in_mathematics	CC BY-SA 4.0
wp-the-list-coloring-conjecture	The list coloring conjecture	mathematics	4	none				list coloring conjecture,chromatic,index,coloring,equals	open	https://en.wikipedia.org/wiki/List_of_unsolved_problems_in_mathematics	CC BY-SA 4.0
wp-overfull-conjecture	overfull conjecture	mathematics	4	none				class 2,overfull subgraph,delta,overfull,class	open	https://en.wikipedia.org/wiki/List_of_unsolved_problems_in_mathematics	CC BY-SA 4.0
wp-total-coloring-conjecture	total coloring conjecture	mathematics	4	none				total,behzad,chromatic,coloring,degree	open	https://en.wikipedia.org/wiki/List_of_unsolved_problems_in_mathematics	CC BY-SA 4.0
wp-the-albertson-conjecture	The Albertson conjecture	mathematics	4	none				Albertson conjecture,complete graph,chromatic number,crossing,albertson	open	https://en.wikipedia.org/wiki/List_of_unsolved_problems_in_mathematics	CC BY-SA 4.0
wp-conway-s-thrackle-conjecture	Conway's thrackle conjecture	mathematics	4	none				Computational Geometry,thrackle,cannot,conway,edges	open	https://en.wikipedia.org/wiki/List_of_unsolved_problems_in_mathematics	CC BY-SA 4.0
wp-gnrs-conjecture	GNRS conjecture	mathematics	4	none				bounded,distortion,embeddings,families,graph	open	https://en.wikipedia.org/wiki/List_of_unsolved_problems_in_mathematics	CC BY-SA 4.0
wp-harborth-s-conjecture	Harborth's conjecture	mathematics	4	none				drawn,graph,harborth,integer,lengths	open	https://en.wikipedia.org/wiki/List_of_unsolved_problems_in_mathematics	CC BY-SA 4.0
wp-negami-s-conjecture	Negami's conjecture	mathematics	4	none				Graphs and Combinatorics,covers,embeddings,graphs,negami	open	https://en.wikipedia.org/wiki/List_of_unsolved_problems_in_mathematics	CC BY-SA 4.0
wp-the-strong-papadimitriouratajczak-conjecture	The strong Papadimitriou–Ratajczak conjecture	mathematics	4	none				strong Papadimitriou–Ratajczak conjecture,Journal of Computational Geometry,convex,embedding,graph	open	https://en.wikipedia.org/wiki/List_of_unsolved_problems_in_mathematics	CC BY-SA 4.0
wp-turan-s-brick-factory-problem	Turán's brick factory problem	mathematics	4	none				American Mathematical Society,bipartite,brick,complete,crossings	open	https://en.wikipedia.org/wiki/List_of_unsolved_problems_in_mathematics	CC BY-SA 4.0
wp-universal-point-set	Universal point set	mathematics	3	none				graphs,planar,point,subquadratic,universal	open	https://en.wikipedia.org/wiki/List_of_unsolved_problems_in_mathematics	CC BY-SA 4.0
wp-conference-graph	conference graph	mathematics	3	none				conference,equiv,graph,squares,vertices	open	https://en.wikipedia.org/wiki/List_of_unsolved_problems_in_mathematics	CC BY-SA 4.0
wp-conway-s-99-graph-problem	Conway's 99-graph problem	mathematics	4	none				strongly regular graph,graph,conway,parameters,regular	open	https://en.wikipedia.org/wiki/List_of_unsolved_problems_in_mathematics	CC BY-SA 4.0
wp-degree-diameter-problem	Degree diameter problem	mathematics	4	none				diameter,degree,degrees,graph,integers	open	https://en.wikipedia.org/wiki/List_of_unsolved_problems_in_mathematics	CC BY-SA 4.0
wp-apex-graph	apex graph	mathematics	3	none				graph,minor-free,rgensen,vertex-connected,mathematics	open	https://en.wikipedia.org/wiki/List_of_unsolved_problems_in_mathematics	CC BY-SA 4.0
wp-does-a-moore-graph-with-girth-5-and-degree-57-exist-citation	Does a Moore graph with girth 5 and degree 57 exist?{{citation	mathematics	3	none				Moore graph,degree,girth,graph,moore	open	https://en.wikipedia.org/wiki/List_of_unsolved_problems_in_mathematics	CC BY-SA 4.0
wp-strongly-regular	strongly regular	mathematics	3	none				geodetic graph,graphs,geodetic,regular,strongly	open	https://en.wikipedia.org/wiki/List_of_unsolved_problems_in_mathematics	CC BY-SA 4.0
wp-barnette-s-conjecture	Barnette's conjecture	mathematics	4	none				barnette,bipartite,cubic,cycle,graph	open	https://en.wikipedia.org/wiki/List_of_unsolved_problems_in_mathematics	CC BY-SA 4.0
wp-gilbertpollak-conjecture	Gilbert–Pollak conjecture	mathematics	4	none				ratio,steiner,euclidean,gilbert,plane	open	https://en.wikipedia.org/wiki/List_of_unsolved_problems_in_mathematics	CC BY-SA 4.0
wp-chvatal-s-toughness-conjecture	Chvátal's toughness conjecture	mathematics	4	none				graph,hamiltonian,tough,toughness,mathematics	open	https://en.wikipedia.org/wiki/List_of_unsolved_problems_in_mathematics	CC BY-SA 4.0
wp-the-cycle-double-cover-conjecture	The cycle double cover conjecture	mathematics	4	none				cycle double cover conjecture,bridgeless,cover,cycle,cycles	open	https://en.wikipedia.org/wiki/List_of_unsolved_problems_in_mathematics	CC BY-SA 4.0
wp-the-erdosgyarfas-conjecture-on-cycles-with-power-of-two-leng	The Erdős–Gyárfás conjecture on cycles with power-of-two lengths in cubic graphs	mathematics	4	none				Erdős–Gyárfás conjecture,cubic,cycles,graphs,lengths	open	https://en.wikipedia.org/wiki/List_of_unsolved_problems_in_mathematics	CC BY-SA 4.0
wp-erdoshajnal-conjecture	Erdős–Hajnal conjecture	mathematics	4	none				cliques,forbidden,graphs,hajnal,independent	open	https://en.wikipedia.org/wiki/List_of_unsolved_problems_in_mathematics	CC BY-SA 4.0
wp-grunbaumnash-williams-conjecture	Grünbaum–Nash-Williams conjecture	mathematics	4	none				4-vertex-connected,toroidal graph,Hamiltonian cycle,cycle,graph	open	https://en.wikipedia.org/wiki/List_of_unsolved_problems_in_mathematics	CC BY-SA 4.0
wp-linear-arboricity	linear arboricity	mathematics	3	none				according,arboricity,decomposing,degree,disjoint	open	https://en.wikipedia.org/wiki/List_of_unsolved_problems_in_mathematics	CC BY-SA 4.0
wp-lovasz-conjecture	Lovász conjecture	mathematics	4	none				graphs,hamiltonian,paths,symmetric,mathematics	open	https://en.wikipedia.org/wiki/List_of_unsolved_problems_in_mathematics	CC BY-SA 4.0
wp-oberwolfach-problem	Oberwolfach problem	mathematics	4	none				graph,complete,copies,decomposed,edge-disjoint	open	https://en.wikipedia.org/wiki/List_of_unsolved_problems_in_mathematics	CC BY-SA 4.0
wp-what-is-the-largest-possible-pathwidth-of-an-vertex-cubic-gr	What is the largest possible pathwidth of an -vertex cubic graph?{{citation	mathematics	3	none				pathwidth,cubic graph,cubic,graph,largest	open	https://en.wikipedia.org/wiki/List_of_unsolved_problems_in_mathematics	CC BY-SA 4.0
wp-reconstruction-conjecture	reconstruction conjecture	mathematics	4	none				new digraph reconstruction conjecture,reconstruction,determined,digraph,graph	open	https://en.wikipedia.org/wiki/List_of_unsolved_problems_in_mathematics	CC BY-SA 4.0
wp-the-snake-in-the-box-problem	The snake-in-the-box problem	mathematics	4	none				snake-in-the-box,induced path,hypercube,graph,induced	open	https://en.wikipedia.org/wiki/List_of_unsolved_problems_in_mathematics	CC BY-SA 4.0
wp-sumner-s-conjecture	Sumner's conjecture	mathematics	4	none				contain,n-vertex,oriented,subgraph,sumner	open	https://en.wikipedia.org/wiki/List_of_unsolved_problems_in_mathematics	CC BY-SA 4.0
wp-szymanski-s-conjecture	Szymanski's conjecture	mathematics	4	none				permutation,directed,hypercube graph,paths,doubly-directed	open	https://en.wikipedia.org/wiki/List_of_unsolved_problems_in_mathematics	CC BY-SA 4.0
wp-tuza-s-conjecture	Tuza's conjecture	mathematics	4	none				triangles,disjoint,edges,journal,maximum	open	https://en.wikipedia.org/wiki/List_of_unsolved_problems_in_mathematics	CC BY-SA 4.0
wp-the-unfriendly-partition-conjecture	The unfriendly partition conjecture	mathematics	4	none				unfriendly partition,partition,unfriendly,countable,graph	open	https://en.wikipedia.org/wiki/List_of_unsolved_problems_in_mathematics	CC BY-SA 4.0
wp-vizing-s-conjecture	Vizing's conjecture	mathematics	4	none				domination number,cartesian products of graphs,cartesian,domination,graphs	open	https://en.wikipedia.org/wiki/List_of_unsolved_problems_in_mathematics	CC BY-SA 4.0
wp-walescki-s-theorem-for-hypergraphs	Walescki's theorem for hypergraphs	mathematics	3	none				Hamiltonian decomposition,hypergraphs,admit,complete,cycles	open	https://en.wikipedia.org/wiki/List_of_unsolved_problems_in_mathematics	CC BY-SA 4.0
wp-zarankiewicz-problem	Zarankiewicz problem	mathematics	4	none				bipartite graph,complete bipartite subgraphs,bipartite,complete,edges	open	https://en.wikipedia.org/wiki/List_of_unsolved_problems_in_mathematics	CC BY-SA 4.0
wp-representation	representation	mathematics	3	none				International Conference on Developments in Language Theory,copies,floor,graphs,letter	open	https://en.wikipedia.org/wiki/List_of_unsolved_problems_in_mathematics	CC BY-SA 4.0
wp-characterise-non-word-representable-planar-graphs	Characterise (non-)word-representable planar graphs	mathematics	3	none				word-representable,planar graph,characterise,graphs,planar	open	https://en.wikipedia.org/wiki/List_of_unsolved_problems_in_mathematics	CC BY-SA 4.0
wp-word-representable-graph	word-representable graph	mathematics	3	none				characterise,forbidden,graphs,induced,subgraphs	open	https://en.wikipedia.org/wiki/List_of_unsolved_problems_in_mathematics	CC BY-SA 4.0
wp-word-representable	word-representable	mathematics	3	none				characterisation,characterise,complete,containing,graph	open	https://en.wikipedia.org/wiki/List_of_unsolved_problems_in_mathematics	CC BY-SA 4.0
wp-represented	represented	mathematics	3	none				copies,graphs,letter,represented,using	open	https://en.wikipedia.org/wiki/List_of_unsolved_problems_in_mathematics	CC BY-SA 4.0
wp-bipartite-graph	bipartite graph	mathematics	3	none				crown graph,graphs,bipartite,crown,longest	open	https://en.wikipedia.org/wiki/List_of_unsolved_problems_in_mathematics	CC BY-SA 4.0
wp-line-graph	line graph	mathematics	3	none				word-representable,graph,non-word-representable,always,mathematics	open	https://en.wikipedia.org/wiki/List_of_unsolved_problems_in_mathematics	CC BY-SA 4.0
wp-representing	representing	mathematics	3	none				words,efficiently,graphs,problems,representing	open	https://en.wikipedia.org/wiki/List_of_unsolved_problems_in_mathematics	CC BY-SA 4.0
wp-delta-conjecture-1978	Delta-conjecture (1978)	mathematics	4	none				complete graph,independent vertex-set,colored,colors,choose	open	https://en.wikipedia.org/wiki/List_of_unsolved_problems_in_mathematics	CC BY-SA 4.0
wp-the-imbalance-conjecture	The imbalance conjecture	mathematics	4	none				imbalance conjecture,graphic,imbalance,always,graph	open	https://en.wikipedia.org/wiki/List_of_unsolved_problems_in_mathematics	CC BY-SA 4.0
wp-implicit-graph-conjecture	implicit graph conjecture	mathematics	4	none				hereditary families of graphs,implicit,existence,families,graph	open	https://en.wikipedia.org/wiki/List_of_unsolved_problems_in_mathematics	CC BY-SA 4.0
wp-ryser-s-conjecture	Ryser's conjecture	mathematics	4	none				matching,transversal,hypergraph,hypergraphs,maximum	open	https://en.wikipedia.org/wiki/List_of_unsolved_problems_in_mathematics	CC BY-SA 4.0
wp-the-second-neighborhood-problem	The second neighborhood problem	mathematics	4	none				second neighborhood problem,distance,contain,graph,least	open	https://en.wikipedia.org/wiki/List_of_unsolved_problems_in_mathematics	CC BY-SA 4.0
wp-sidorenko-s-conjecture	Sidorenko's conjecture	mathematics	4	none				homomorphism densities,graphon,densities,graphons,graphs	open	https://en.wikipedia.org/wiki/List_of_unsolved_problems_in_mathematics	CC BY-SA 4.0
wp-teschner-s-bondage-number-conjecture	Teschner's bondage number conjecture	mathematics	4	none				bondage number,degree,bondage,always,equal	open	https://en.wikipedia.org/wiki/List_of_unsolved_problems_in_mathematics	CC BY-SA 4.0
wp-tutte-s-conjectures	Tutte's conjectures	mathematics	4	none				conjectures,tutte,mathematics,open problem,wikipedia list	open	https://en.wikipedia.org/wiki/List_of_unsolved_problems_in_mathematics	CC BY-SA 4.0
wp-nowhere-zero-5-flow	nowhere-zero 5-flow	mathematics	3	none				bridgeless,graph,nowhere-zero,mathematics,open problem	open	https://en.wikipedia.org/wiki/List_of_unsolved_problems_in_mathematics	CC BY-SA 4.0
wp-petersen	Petersen	mathematics	3	none				minor,bridgeless,graph,nowhere-zero,petersen-minor-free	open	https://en.wikipedia.org/wiki/List_of_unsolved_problems_in_mathematics	CC BY-SA 4.0
wp-woodall-s-conjecture	Woodall's conjecture	mathematics	4	none				dicut,directed graph,dijoin,dijoins,directed	open	https://en.wikipedia.org/wiki/List_of_unsolved_problems_in_mathematics	CC BY-SA 4.0
wp-the-cherlinzilber-conjecture	The Cherlin–Zilber conjecture	mathematics	4	none				Cherlin–Zilber conjecture,stable,group,simple,aleph	open	https://en.wikipedia.org/wiki/List_of_unsolved_problems_in_mathematics	CC BY-SA 4.0
wp-generalized-star-height-problem	Generalized star height problem	mathematics	4	none				regular language,generalized regular expressions,Kleene star,generalized,regular	open	https://en.wikipedia.org/wiki/List_of_unsolved_problems_in_mathematics	CC BY-SA 4.0
wp-for-which-number-fields-does-hilbert-s-tenth-problem-hold	For which number fields does Hilbert's tenth problem hold?	mathematics	4	none				Hilbert's tenth problem,fields,hilbert,tenth,mathematics	open	https://en.wikipedia.org/wiki/List_of_unsolved_problems_in_mathematics	CC BY-SA 4.0
wp-kueker-s-conjecture	Kueker's conjecture	mathematics	4	none				kueker,mathematics,open problem,wikipedia list	open	https://en.wikipedia.org/wiki/List_of_unsolved_problems_in_mathematics	CC BY-SA 4.0
wp-first-order-theories	first order theories	mathematics	3	none				AECs,aleph,countable,first,models	open	https://en.wikipedia.org/wiki/List_of_unsolved_problems_in_mathematics	CC BY-SA 4.0
wp-shelah-s-categoricity-conjecture-for-l-omega-1-omega	Shelah's categoricity conjecture for L_{\omega_1,\omega}	mathematics	4	none				above,categorical,omega,cardinals,categoricity	open	https://en.wikipedia.org/wiki/List_of_unsolved_problems_in_mathematics	CC BY-SA 4.0
wp-shelah-s-eventual-categoricity-conjecture	Shelah's eventual categoricity conjecture	mathematics	4	none				AEC,lambda,cardinal,above,categorical	open	https://en.wikipedia.org/wiki/List_of_unsolved_problems_in_mathematics	CC BY-SA 4.0
wp-the-stable-field-conjecture	The stable field conjecture	mathematics	4	none				stable,field,closed,first-order,infinite	open	https://en.wikipedia.org/wiki/List_of_unsolved_problems_in_mathematics	CC BY-SA 4.0
wp-the-stable-forking-conjecture-for-simple-theories	The stable forking conjecture for simple theories	mathematics	4	none				forking,simple,stable,theories,mathematics	open	https://en.wikipedia.org/wiki/List_of_unsolved_problems_in_mathematics	CC BY-SA 4.0
wp-tarski-s-exponential-function-problem	Tarski's exponential function problem	mathematics	4	none				theory,real number,exponential function,decidable,exponential	open	https://en.wikipedia.org/wiki/List_of_unsolved_problems_in_mathematics	CC BY-SA 4.0
wp-the-universality-problem-for-c-free-graphs	The universality problem for C-free graphs	mathematics	4	none				Journal of Combinatorial Theory,graphs,c-free,class,countable	open	https://en.wikipedia.org/wiki/List_of_unsolved_problems_in_mathematics	CC BY-SA 4.0
wp-the-universality-spectrum-problem	The universality spectrum problem	mathematics	4	none				spectrum,universality,first-order,minimum,theory	open	https://en.wikipedia.org/wiki/List_of_unsolved_problems_in_mathematics	CC BY-SA 4.0
wp-vaught-conjecture	Vaught conjecture	mathematics	4	none				countable,first-order,complete theory,language,aleph	open	https://en.wikipedia.org/wiki/List_of_unsolved_problems_in_mathematics	CC BY-SA 4.0
wp-types	types	mathematics	3	none				Fundamenta Mathematicae,cardinality,model,aleph,assume	open	https://en.wikipedia.org/wiki/List_of_unsolved_problems_in_mathematics	CC BY-SA 4.0
wp-do-the-henson-graphs-have-the-finite-model-property	Do the Henson graphs have the finite model property?	mathematics	3	none				Henson graph,finite model property,finite,graphs,henson	open	https://en.wikipedia.org/wiki/List_of_unsolved_problems_in_mathematics	CC BY-SA 4.0
wp-reduct	reduct	mathematics	3	none				finitely,finite,homogeneous,language,presented	open	https://en.wikipedia.org/wiki/List_of_unsolved_problems_in_mathematics	CC BY-SA 4.0
wp-o-minimal	o-minimal	mathematics	3	none				first,function,growth,o-minimal,order	open	https://en.wikipedia.org/wiki/List_of_unsolved_problems_in_mathematics	CC BY-SA 4.0
wp-categorical	categorical	mathematics	3	none				American Mathematical Society,categorical,aleph,atomic,cardinal	open	https://en.wikipedia.org/wiki/List_of_unsolved_problems_in_mathematics	CC BY-SA 4.0
wp-algebraically-closed	algebraically closed	mathematics	3	none				minimal,algebraically,characteristic,closed,co-finite	open	https://en.wikipedia.org/wiki/List_of_unsolved_problems_in_mathematics	CC BY-SA 4.0
wp-j-barwise	J. Barwise	mathematics	3	none				S. Feferman,decidable,monadic,theory,borel	open	https://en.wikipedia.org/wiki/List_of_unsolved_problems_in_mathematics	CC BY-SA 4.0
wp-decidable	decidable	mathematics	3	none				field,mathbb,decidable,laurent,polynomials	open	https://en.wikipedia.org/wiki/List_of_unsolved_problems_in_mathematics	CC BY-SA 4.0
wp-determine-the-structure-of-keisler-s-order	Determine the structure of Keisler's order.	mathematics	3	none				Advances in Mathematics,determine,keisler,order,structure	open	https://en.wikipedia.org/wiki/List_of_unsolved_problems_in_mathematics	CC BY-SA 4.0
wp-proof-theoretic-ordinal	proof-theoretic ordinal	mathematics	3	none				second-order arithmetic,ZFC,Notices of the American Mathematical Society,ordinal,arithmetic	open	https://en.wikipedia.org/wiki/List_of_unsolved_problems_in_mathematics	CC BY-SA 4.0
wp-ibragimoviosifescu-conjecture-for-mixing-sequences	Ibragimov–Iosifescu conjecture for φ-mixing sequences	mathematics	4	none				ibragimov,iosifescu,mixing,sequences,mathematics	open	https://en.wikipedia.org/wiki/List_of_unsolved_problems_in_mathematics	CC BY-SA 4.0
wp-buchi-s-problem	Büchi's problem	mathematics	4	none				constant,difference,large,second,sequences	open	https://en.wikipedia.org/wiki/List_of_unsolved_problems_in_mathematics	CC BY-SA 4.0
wp-carmichael-s-totient-function-conjecture	Carmichael's totient function conjecture	mathematics	4	none				Euler's totient function,multiplicity,function,totient,carmichael	open	https://en.wikipedia.org/wiki/List_of_unsolved_problems_in_mathematics	CC BY-SA 4.0
wp-catalandickson-conjecture-on-aliquot-sequences	Catalan–Dickson conjecture on aliquot sequences	mathematics	4	none				aliquot sequence,aliquot,sequences,catalan,dickson	open	https://en.wikipedia.org/wiki/List_of_unsolved_problems_in_mathematics	CC BY-SA 4.0
wp-exponent-pair-conjecture	Exponent pair conjecture	mathematics	4	none				exponent pair,varepsilon,exponent,mathematics,open problem	open	https://en.wikipedia.org/wiki/List_of_unsolved_problems_in_mathematics	CC BY-SA 4.0
wp-the-gauss-circle-problem	The Gauss circle problem	mathematics	4	none				Gauss circle problem,circle,centered,gauss,integer	open	https://en.wikipedia.org/wiki/List_of_unsolved_problems_in_mathematics	CC BY-SA 4.0
wp-grimm-s-conjecture	Grimm's conjecture	mathematics	4	none				composite number,prime number,assigned,composite,consecutive	open	https://en.wikipedia.org/wiki/List_of_unsolved_problems_in_mathematics	CC BY-SA 4.0
wp-hall-s-conjecture	Hall's conjecture	mathematics	4	none				varepsilon,constant,either,mathematics,open problem	open	https://en.wikipedia.org/wiki/List_of_unsolved_problems_in_mathematics	CC BY-SA 4.0
wp-lehmer-s-totient-problem	Lehmer's totient problem	mathematics	4	none				divides,lehmer,prime,totient,mathematics	open	https://en.wikipedia.org/wiki/List_of_unsolved_problems_in_mathematics	CC BY-SA 4.0
wp-magic-square-of-squares	Magic square of squares	mathematics	3	none				magic,square,squares,composed,distinct	open	https://en.wikipedia.org/wiki/List_of_unsolved_problems_in_mathematics	CC BY-SA 4.0
wp-mahler-s-3-2-problem	Mahler's 3/2 problem	mathematics	4	none				fractional,integers,mahler,parts,positive	open	https://en.wikipedia.org/wiki/List_of_unsolved_problems_in_mathematics	CC BY-SA 4.0
wp-newman-s-conjecture	Newman's conjecture	mathematics	4	none				partition function,arbitrary,congruence,function,infinitely	open	https://en.wikipedia.org/wiki/List_of_unsolved_problems_in_mathematics	CC BY-SA 4.0
wp-scholz-conjecture	Scholz conjecture	mathematics	4	none				addition chain,addition,chain,length,producing	open	https://en.wikipedia.org/wiki/List_of_unsolved_problems_in_mathematics	CC BY-SA 4.0
wp-singmaster-s-conjecture	Singmaster's conjecture	mathematics	4	none				Pascal's triangle,American Mathematical Monthly,bound,entries,finite	open	https://en.wikipedia.org/wiki/List_of_unsolved_problems_in_mathematics	CC BY-SA 4.0
wp-sister-beiter-conjecture	Sister Beiter conjecture	mathematics	4	none				cyclotomic polynomial,beiter,bounded,coefficient,cyclotomic	open	https://en.wikipedia.org/wiki/List_of_unsolved_problems_in_mathematics	CC BY-SA 4.0
wp-are-there-infinitely-many-perfect-numbers	Are there infinitely many perfect numbers?	mathematics	3	none				perfect number,infinitely,perfect,mathematics,open problem	open	https://en.wikipedia.org/wiki/List_of_unsolved_problems_in_mathematics	CC BY-SA 4.0
wp-do-any-odd-perfect-numbers-exist	Do any odd perfect numbers exist?	mathematics	3	none				odd perfect number,perfect,mathematics,open problem,wikipedia list	open	https://en.wikipedia.org/wiki/List_of_unsolved_problems_in_mathematics	CC BY-SA 4.0
wp-do-quasiperfect-numbers-exist	Do quasiperfect numbers exist?	mathematics	3	none				quasiperfect number,quasiperfect,mathematics,open problem,wikipedia list	open	https://en.wikipedia.org/wiki/List_of_unsolved_problems_in_mathematics	CC BY-SA 4.0
wp-do-any-non-power-of-2-almost-perfect-numbers-exist	Do any non-power of 2 almost perfect numbers exist?	mathematics	3	none				almost perfect number,almost,non-power,perfect,mathematics	open	https://en.wikipedia.org/wiki/List_of_unsolved_problems_in_mathematics	CC BY-SA 4.0
wp-are-there-65-66-or-67-idoneal-numbers	Are there 65, 66, or 67 idoneal numbers?	mathematics	3	none				idoneal number,idoneal,mathematics,open problem,wikipedia list	open	https://en.wikipedia.org/wiki/List_of_unsolved_problems_in_mathematics	CC BY-SA 4.0
wp-are-there-any-pairs-of-amicable-numbers-which-have-opposite	Are there any pairs of amicable numbers which have opposite parity?	mathematics	3	none				amicable numbers,amicable,opposite,pairs,parity	open	https://en.wikipedia.org/wiki/List_of_unsolved_problems_in_mathematics	CC BY-SA 4.0
wp-are-there-any-pairs-of-betrothed-numbers-which-have-same-par	Are there any pairs of betrothed numbers which have same parity?	mathematics	3	none				betrothed numbers,betrothed,pairs,parity,mathematics	open	https://en.wikipedia.org/wiki/List_of_unsolved_problems_in_mathematics	CC BY-SA 4.0
wp-are-there-any-pairs-of-relatively-prime-amicable-numbers	Are there any pairs of relatively prime amicable numbers?	mathematics	3	none				relatively prime,amicable numbers,amicable,pairs,prime	open	https://en.wikipedia.org/wiki/List_of_unsolved_problems_in_mathematics	CC BY-SA 4.0
wp-are-there-infinitely-many-pairs-of-amicable-numbers	Are there infinitely many pairs of amicable numbers?	mathematics	3	none				amicable numbers,amicable,infinitely,pairs,mathematics	open	https://en.wikipedia.org/wiki/List_of_unsolved_problems_in_mathematics	CC BY-SA 4.0
wp-are-there-infinitely-many-betrothed-numbers	Are there infinitely many betrothed numbers?	mathematics	3	none				betrothed numbers,betrothed,infinitely,mathematics,open problem	open	https://en.wikipedia.org/wiki/List_of_unsolved_problems_in_mathematics	CC BY-SA 4.0
wp-are-there-infinitely-many-giuga-numbers	Are there infinitely many Giuga numbers?	mathematics	3	none				Giuga number,giuga,infinitely,mathematics,open problem	open	https://en.wikipedia.org/wiki/List_of_unsolved_problems_in_mathematics	CC BY-SA 4.0
wp-do-any-lychrel-numbers-exist-in-base-10	Do any Lychrel numbers exist in base 10?	mathematics	3	none				Lychrel number,lychrel,mathematics,open problem,wikipedia list	open	https://en.wikipedia.org/wiki/List_of_unsolved_problems_in_mathematics	CC BY-SA 4.0
wp-do-any-odd-noncototients-exist	Do any odd noncototients exist?	mathematics	3	none				noncototient,noncototients,mathematics,open problem,wikipedia list	open	https://en.wikipedia.org/wiki/List_of_unsolved_problems_in_mathematics	CC BY-SA 4.0
wp-do-any-odd-weird-numbers-exist	Do any odd weird numbers exist?	mathematics	3	none				weird number,weird,mathematics,open problem,wikipedia list	open	https://en.wikipedia.org/wiki/List_of_unsolved_problems_in_mathematics	CC BY-SA 4.0
wp-do-any-2-5-perfect-numbers-exist	Do any (2, 5)-perfect numbers exist?	mathematics	3	none				(2, 5)-perfect numbers,perfect,mathematics,open problem,wikipedia list	open	https://en.wikipedia.org/wiki/List_of_unsolved_problems_in_mathematics	CC BY-SA 4.0
wp-do-any-taxicab-5-2-n-exist-for-n-nbsp-nbsp-1	Do any Taxicab(5, 2, n) exist for n&nbsp;>&nbsp;1?	mathematics	3	none				Taxicab,mathematics,open problem,wikipedia list	open	https://en.wikipedia.org/wiki/List_of_unsolved_problems_in_mathematics	CC BY-SA 4.0
wp-is-there-a-covering-system-with-odd-distinct-moduli-citation	Is there a covering system with odd distinct moduli?{{citation	mathematics	3	none				covering system,covering,distinct,moduli,system	open	https://en.wikipedia.org/wiki/List_of_unsolved_problems_in_mathematics	CC BY-SA 4.0
wp-normal-number	normal number	mathematics	3	none				digit,equally,frequent,normal,mathematics	open	https://en.wikipedia.org/wiki/List_of_unsolved_problems_in_mathematics	CC BY-SA 4.0
wp-are-all-irrational-algebraic-numbers-normal	Are all irrational algebraic numbers normal?	mathematics	3	none				irrational,algebraic,normal,mathematics,open problem	open	https://en.wikipedia.org/wiki/List_of_unsolved_problems_in_mathematics	CC BY-SA 4.0
wp-is-10-a-solitary-number	Is 10 a solitary number?	mathematics	3	none				solitary number,solitary,mathematics,open problem,wikipedia list	open	https://en.wikipedia.org/wiki/List_of_unsolved_problems_in_mathematics	CC BY-SA 4.0
wp-erdos-conjecture-on-arithmetic-progressions	Erdős conjecture on arithmetic progressions	mathematics	4	none				arithmetic progression,arithmetic,progressions,arbitrarily,contains	open	https://en.wikipedia.org/wiki/List_of_unsolved_problems_in_mathematics	CC BY-SA 4.0
wp-erdosturan-conjecture-on-additive-bases	Erdős–Turán conjecture on additive bases	mathematics	4	none				additive basis,additive,infinity,bases,basis	open	https://en.wikipedia.org/wiki/List_of_unsolved_problems_in_mathematics	CC BY-SA 4.0
wp-gilbreath-s-conjecture	Gilbreath's conjecture	mathematics	4	none				forward difference,prime number,applications,consecutive,difference	open	https://en.wikipedia.org/wiki/List_of_unsolved_problems_in_mathematics	CC BY-SA 4.0
wp-goldbach-s-conjecture	Goldbach's conjecture	mathematics	4	none				prime number,goldbach,greater,natural,prime	open	https://en.wikipedia.org/wiki/List_of_unsolved_problems_in_mathematics	CC BY-SA 4.0
wp-lander-parkin-and-selfridge-conjecture	Lander, Parkin, and Selfridge conjecture	mathematics	4	none				integers,positive,powers,different,equal	open	https://en.wikipedia.org/wiki/List_of_unsolved_problems_in_mathematics	CC BY-SA 4.0
wp-lemoine-s-conjecture	Lemoine's conjecture	mathematics	4	none				prime number,semiprime,greater,integers,lemoine	open	https://en.wikipedia.org/wiki/List_of_unsolved_problems_in_mathematics	CC BY-SA 4.0
wp-minimum-overlap-problem	Minimum overlap problem	mathematics	4	none				minimum,appears,difference,equally,estimating	open	https://en.wikipedia.org/wiki/List_of_unsolved_problems_in_mathematics	CC BY-SA 4.0
wp-pollock-s-conjectures	Pollock's conjectures	mathematics	4	none				conjectures,pollock,mathematics,open problem,wikipedia list	open	https://en.wikipedia.org/wiki/List_of_unsolved_problems_in_mathematics	CC BY-SA 4.0
wp-does-every-nonnegative-integer-appear-in-recaman-s-sequence	Does every nonnegative integer appear in Recamán's sequence?	mathematics	3	none				Recamán's sequence,appear,integer,nonnegative,recam	open	https://en.wikipedia.org/wiki/List_of_unsolved_problems_in_mathematics	CC BY-SA 4.0
wp-skolem-problem	Skolem problem	mathematics	4	none				constant-recursive sequence,algorithm,constant-recursive,contains,determine	open	https://en.wikipedia.org/wiki/List_of_unsolved_problems_in_mathematics	CC BY-SA 4.0
wp-the-values-of-g-k-and-g-k-in-waring-s-problem	The values of g(k) and G(k) in Waring's problem	mathematics	4	none				Waring's problem,values,waring,mathematics,open problem	open	https://en.wikipedia.org/wiki/List_of_unsolved_problems_in_mathematics	CC BY-SA 4.0
wp-do-the-ulam-numbers-have-a-positive-density	Do the Ulam numbers have a positive density?	mathematics	3	none				Ulam number,density,positive,mathematics,open problem	open	https://en.wikipedia.org/wiki/List_of_unsolved_problems_in_mathematics	CC BY-SA 4.0
wp-determine-growth-rate-of-rk-n-see-szemeredi-s-theorem	Determine growth rate of rk(N) (see Szemerédi's theorem)	mathematics	3	none				Szemerédi's theorem,determine,growth,szemer,theorem	open	https://en.wikipedia.org/wiki/List_of_unsolved_problems_in_mathematics	CC BY-SA 4.0
wp-class-number-problem	Class number problem	mathematics	4	none				real quadratic number fields,unique factorization,class,factorization,fields	open	https://en.wikipedia.org/wiki/List_of_unsolved_problems_in_mathematics	CC BY-SA 4.0
wp-fontainemazur-conjecture	Fontaine–Mazur conjecture	mathematics	4	none				Jean-Marc Fontaine,Barry Mazur,fontaine,mazur,actually	open	https://en.wikipedia.org/wiki/List_of_unsolved_problems_in_mathematics	CC BY-SA 4.0
wp-gangrossprasad-conjecture	Gan–Gross–Prasad conjecture	mathematics	4	none				restriction,representation theory of real or p-adic Lie groups,gross,groups,p-adic	open	https://en.wikipedia.org/wiki/List_of_unsolved_problems_in_mathematics	CC BY-SA 4.0
wp-greenberg-s-conjectures	Greenberg's conjectures	mathematics	4	none				conjectures,greenberg,mathematics,open problem,wikipedia list	open	https://en.wikipedia.org/wiki/List_of_unsolved_problems_in_mathematics	CC BY-SA 4.0
wp-hermite-s-problem	Hermite's problem	mathematics	4	none				natural number,real number,periodic,algebraic,natural	open	https://en.wikipedia.org/wiki/List_of_unsolved_problems_in_mathematics	CC BY-SA 4.0
wp-hilbert-s-9th-problem	Hilbert's 9th problem	mathematics	4	none				reciprocity law,norm residues,algebraic number field,general,algebraic	open	https://en.wikipedia.org/wiki/List_of_unsolved_problems_in_mathematics	CC BY-SA 4.0
wp-hilbert-s-12th-problem	Hilbert's 12th problem	mathematics	4	none				Kronecker–Weber theorem,Abelian extension,abelian,extend,extensions	open	https://en.wikipedia.org/wiki/List_of_unsolved_problems_in_mathematics	CC BY-SA 4.0
wp-kummervandiver-conjecture	Kummer–Vandiver conjecture	mathematics	4	none				class number,subfield,cyclotomic field,class,cyclotomic	open	https://en.wikipedia.org/wiki/List_of_unsolved_problems_in_mathematics	CC BY-SA 4.0
wp-supersingular-primes	supersingular primes	mathematics	3	none				constant,primes,supersingular,multiple,trotter	open	https://en.wikipedia.org/wiki/List_of_unsolved_problems_in_mathematics	CC BY-SA 4.0
wp-leopoldt-s-conjecture	Leopoldt's conjecture	mathematics	4	none				p-adic,regulator,algebraic number field,algebraic,analogue	open	https://en.wikipedia.org/wiki/List_of_unsolved_problems_in_mathematics	CC BY-SA 4.0
wp-stark-conjectures	Stark conjectures	mathematics	4	none				Brumer–Stark conjecture,stark,brumer,conjectures,including	open	https://en.wikipedia.org/wiki/List_of_unsolved_problems_in_mathematics	CC BY-SA 4.0
wp-characterize-all-algebraic-number-fields-that-have-some-powe	Characterize all algebraic number fields that have some power basis.	mathematics	3	none				power basis,algebraic,basis,characterize,fields	open	https://en.wikipedia.org/wiki/List_of_unsolved_problems_in_mathematics	CC BY-SA 4.0
wp-beilinson-s-conjectures-about-special-values-of-l-functions	Beilinson's conjectures about special values of L-functions.	mathematics	4	none				special values of L-functions,about,beilinson,conjectures,l-functions	open	https://en.wikipedia.org/wiki/List_of_unsolved_problems_in_mathematics	CC BY-SA 4.0
wp-do-siegel-zeros-exist	Do Siegel zeros exist?	mathematics	3	none				Siegel zero,siegel,zeros,mathematics,open problem	open	https://en.wikipedia.org/wiki/List_of_unsolved_problems_in_mathematics	CC BY-SA 4.0
wp-find-the-value-of-the-de-bruijnnewman-constant	Find the value of the De Bruijn–Newman constant.	mathematics	3	none				De Bruijn–Newman constant,bruijn,constant,newman,value	open	https://en.wikipedia.org/wiki/List_of_unsolved_problems_in_mathematics	CC BY-SA 4.0
wp-is-selberg-class-of-dirichlet-series-equal-to-class-of-autom	Is Selberg class of Dirichlet series equal to class of automorphic L-functions?	mathematics	3	none				Selberg class,automorphic L-function,class,automorphic,dirichlet	open	https://en.wikipedia.org/wiki/List_of_unsolved_problems_in_mathematics	CC BY-SA 4.0
wp-hardylittlewood-zeta-function-conjectures	Hardy–Littlewood zeta function conjectures	mathematics	4	none				conjectures,function,hardy,littlewood,mathematics	open	https://en.wikipedia.org/wiki/List_of_unsolved_problems_in_mathematics	CC BY-SA 4.0
wp-riemann-zeta-function	Riemann zeta function	mathematics	3	none				asymptotics,concerning,function,integral,involving	open	https://en.wikipedia.org/wiki/List_of_unsolved_problems_in_mathematics	CC BY-SA 4.0
wp-hilbertpolya-conjecture	Hilbert–Pólya conjecture	mathematics	4	none				Riemann zeta function,eigenvalues,self-adjoint operator,correspond,function	open	https://en.wikipedia.org/wiki/List_of_unsolved_problems_in_mathematics	CC BY-SA 4.0
wp-lindelof-hypothesis	Lindelöf hypothesis	mathematics	4	none				varepsilon,hypothesis,lindel,mathematics,open problem	open	https://en.wikipedia.org/wiki/List_of_unsolved_problems_in_mathematics	CC BY-SA 4.0
wp-the-density-hypothesis-for-zeroes-of-the-riemann-zeta-functi	The density hypothesis for zeroes of the Riemann zeta function.	mathematics	4	none				density hypothesis,density,function,hypothesis,riemann	open	https://en.wikipedia.org/wiki/List_of_unsolved_problems_in_mathematics	CC BY-SA 4.0
wp-grand-riemann-hypothesis	Grand Riemann hypothesis	mathematics	4	none				automorphic,critical,grand,hypothesis,l-functions	open	https://en.wikipedia.org/wiki/List_of_unsolved_problems_in_mathematics	CC BY-SA 4.0
wp-generalized-riemann-hypothesis-for-selberg-class	Generalized Riemann hypothesis for Selberg class	mathematics	4	none				class,selberg,critical,functions,generalized	open	https://en.wikipedia.org/wiki/List_of_unsolved_problems_in_mathematics	CC BY-SA 4.0
wp-extended-riemann-hypothesis	Extended Riemann Hypothesis	mathematics	4	none				Dedekind zeta function,critical,dedekind,extended,functions	open	https://en.wikipedia.org/wiki/List_of_unsolved_problems_in_mathematics	CC BY-SA 4.0
wp-generalized-riemann-hypothesis	Generalized Riemann hypothesis	mathematics	4	none				Dirichlet L-function,critical,dirichlet,generalized,hypothesis	open	https://en.wikipedia.org/wiki/List_of_unsolved_problems_in_mathematics	CC BY-SA 4.0
wp-montgomery-s-pair-correlation-conjecture	Montgomery's pair correlation conjecture	mathematics	4	none				correlation function,random Hermitian matrices,correlation,function,between	open	https://en.wikipedia.org/wiki/List_of_unsolved_problems_in_mathematics	CC BY-SA 4.0
wp-piltz-divisor-problem	Piltz divisor problem	mathematics	4	none				bounding,delta,divisor,piltz,mathematics	open	https://en.wikipedia.org/wiki/List_of_unsolved_problems_in_mathematics	CC BY-SA 4.0
wp-dirichlet-s-divisor-problem	Dirichlet's divisor problem	mathematics	4	none				divisor,dirichlet,piltz,specific,mathematics	open	https://en.wikipedia.org/wiki/List_of_unsolved_problems_in_mathematics	CC BY-SA 4.0
wp-ramanujanpetersson-conjecture	Ramanujan–Petersson conjecture	mathematics	4	none				automorphic,coefficients,concerning,forms,generalizations	open	https://en.wikipedia.org/wiki/List_of_unsolved_problems_in_mathematics	CC BY-SA 4.0
wp-selberg-s-1-4-conjecture	Selberg's 1/4 conjecture	mathematics	4	none				eigenvalues,Laplace operator,Maass wave form,congruence subgroup,congruence	open	https://en.wikipedia.org/wiki/List_of_unsolved_problems_in_mathematics	CC BY-SA 4.0
wp-selberg-s-orthogonality-conjecture	Selberg's orthogonality conjecture	mathematics	4	none				Mertens' theorem,selberg,class,functions,generalization	open	https://en.wikipedia.org/wiki/List_of_unsolved_problems_in_mathematics	CC BY-SA 4.0
wp-bombierilang-conjecture	Bombieri–Lang conjecture	mathematics	4	none				variety of general type,bombieri,dense,field,general	open	https://en.wikipedia.org/wiki/List_of_unsolved_problems_in_mathematics	CC BY-SA 4.0
wp-erdosulam-problem	Erdős–Ulam problem	mathematics	4	none				dense set,another,dense,distances,plane	open	https://en.wikipedia.org/wiki/List_of_unsolved_problems_in_mathematics	CC BY-SA 4.0
wp-manin-conjecture	Manin conjecture	mathematics	4	none				Fano variety,height,Picard group,points,subset	open	https://en.wikipedia.org/wiki/List_of_unsolved_problems_in_mathematics	CC BY-SA 4.0
wp-satotate-conjecture	Sato–Tate conjecture	mathematics	4	none				conjectures,generalizations,original,related,mathematics	open	https://en.wikipedia.org/wiki/List_of_unsolved_problems_in_mathematics	CC BY-SA 4.0
wp-in-unit-square	In Unit square	mathematics	3	none				Unit square,square,mathematics,open problem,wikipedia list	open	https://en.wikipedia.org/wiki/List_of_unsolved_problems_in_mathematics	CC BY-SA 4.0
wp-rational-dense-problem	Rational dense problem	mathematics	4	none				rational,corners,dense,distance,plane	open	https://en.wikipedia.org/wiki/List_of_unsolved_problems_in_mathematics	CC BY-SA 4.0
wp-vojta-s-conjecture	Vojta's conjecture	mathematics	4	none				algebraic variety,algebraic number field,height,algebraic,certain	open	https://en.wikipedia.org/wiki/List_of_unsolved_problems_in_mathematics	CC BY-SA 4.0
wp-n-conjecture	n conjecture	mathematics	4	none				''n'' conjecture,generalization,integers,mathematics,open problem	open	https://en.wikipedia.org/wiki/List_of_unsolved_problems_in_mathematics	CC BY-SA 4.0
wp-szpiro-s-conjecture	Szpiro's conjecture	mathematics	4	none				varepsilon,delta,conductor,constant,curve	open	https://en.wikipedia.org/wiki/List_of_unsolved_problems_in_mathematics	CC BY-SA 4.0
wp-zilberpink-conjecture	Zilber–Pink conjecture	mathematics	4	none				Shimura variety,semiabelian variety,variety,atypical,contains	open	https://en.wikipedia.org/wiki/List_of_unsolved_problems_in_mathematics	CC BY-SA 4.0
wp-can-integer-factorization-be-done-in-polynomial-time	Can integer factorization be done in polynomial time?	mathematics	3	none				integer factorization,polynomial time,factorization,integer,polynomial	open	https://en.wikipedia.org/wiki/List_of_unsolved_problems_in_mathematics	CC BY-SA 4.0
wp-can-a-discrete-logarithm-be-computed-in-polynomial-time	Can a discrete logarithm be computed in polynomial time?	mathematics	3	none				discrete logarithm,polynomial time,computed,discrete,logarithm	open	https://en.wikipedia.org/wiki/List_of_unsolved_problems_in_mathematics	CC BY-SA 4.0
wp-discrete-logarithm	discrete logarithm	mathematics	3	none				elliptic curve,sub-exponential time,computed,curve,discrete	open	https://en.wikipedia.org/wiki/List_of_unsolved_problems_in_mathematics	CC BY-SA 4.0
wp-does-every-rational-number-with-an-odd-denominator-have-an-o	Does every rational number with an odd denominator have an odd greedy expansion?	mathematics	3	none				rational number,odd greedy expansion,denominator,expansion,greedy	open	https://en.wikipedia.org/wiki/List_of_unsolved_problems_in_mathematics	CC BY-SA 4.0
wp-littlewood-conjecture	Littlewood conjecture	mathematics	4	none				alpha,distance,infty,integer,liminf	open	https://en.wikipedia.org/wiki/List_of_unsolved_problems_in_mathematics	CC BY-SA 4.0
wp-schanuel-s-conjecture	Schanuel's conjecture	mathematics	4	none				transcendence degree,field extension,algebraically independent,transcendental number,transcendental	open	https://en.wikipedia.org/wiki/List_of_unsolved_problems_in_mathematics	CC BY-SA 4.0
wp-the-four-exponentials-conjecture	The four exponentials conjecture	mathematics	4	none				four exponentials conjecture,exponentials,combinations,irrationals,least	open	https://en.wikipedia.org/wiki/List_of_unsolved_problems_in_mathematics	CC BY-SA 4.0
wp-euler-s-constant	Euler's constant	mathematics	3	none				Catalan's constant,Apéry's constant,Eric W. Weisstein,''Wolfram'' ''MathWorld'',constant	open	https://en.wikipedia.org/wiki/List_of_unsolved_problems_in_mathematics	CC BY-SA 4.0
wp-https	[https	mathematics	3	none				constant,euler,mathematics,open problem,wikipedia list	open	https://en.wikipedia.org/wiki/List_of_unsolved_problems_in_mathematics	CC BY-SA 4.0
wp-http	[http	mathematics	3	none				irrational,mathematics,open problem,wikipedia list	open	https://en.wikipedia.org/wiki/List_of_unsolved_problems_in_mathematics	CC BY-SA 4.0
wp-exponential-periods	(exponential) periods	mathematics	3	none				exponential,periods,transcendental,mathematics,open problem	open	https://en.wikipedia.org/wiki/List_of_unsolved_problems_in_mathematics	CC BY-SA 4.0
wp-non-quadratic	non-quadratic	mathematics	3	none				irrationality measure,approximated,gamma,irrational,irrationality	open	https://en.wikipedia.org/wiki/List_of_unsolved_problems_in_mathematics	CC BY-SA 4.0
wp-simple-continued-fraction	simple continued fraction	mathematics	3	none				geometric mean,Khinchin's constant,constant,continued,converges	open	https://en.wikipedia.org/wiki/List_of_unsolved_problems_in_mathematics	CC BY-SA 4.0
wp-hartmanisstearns-conjecture	Hartmanis–Stearns conjecture	mathematics	4	none				hartmanis,stearns,mathematics,open problem,wikipedia list	open	https://en.wikipedia.org/wiki/List_of_unsolved_problems_in_mathematics	CC BY-SA 4.0
wp-beal-s-conjecture	Beal's conjecture	mathematics	4	none				factor,integral,prime,share,solutions	open	https://en.wikipedia.org/wiki/List_of_unsolved_problems_in_mathematics	CC BY-SA 4.0
wp-brocard-s-problem	Brocard's problem	mathematics	4	none				brocard,integer,solutions,mathematics,open problem	open	https://en.wikipedia.org/wiki/List_of_unsolved_problems_in_mathematics	CC BY-SA 4.0
wp-congruent-number-problem	Congruent number problem	mathematics	4	none				Birch and Swinnerton-Dyer conjecture,Tunnell's theorem,congruent number,congruent,birch	open	https://en.wikipedia.org/wiki/List_of_unsolved_problems_in_mathematics	CC BY-SA 4.0
wp-erdosmoser-problem	Erdős–Moser problem	mathematics	4	none				Erdős–Moser equation,moser,equation,solution,mathematics	open	https://en.wikipedia.org/wiki/List_of_unsolved_problems_in_mathematics	CC BY-SA 4.0
wp-erdosstraus-conjecture	Erdős–Straus conjecture	mathematics	4	none				integers,positive,straus,mathematics,open problem	open	https://en.wikipedia.org/wiki/List_of_unsolved_problems_in_mathematics	CC BY-SA 4.0
wp-fermatcatalan-conjecture	Fermat–Catalan conjecture	mathematics	4	none				coprime integers,being,integers,positive,catalan	open	https://en.wikipedia.org/wiki/List_of_unsolved_problems_in_mathematics	CC BY-SA 4.0
wp-goormaghtigh-conjecture	Goormaghtigh conjecture	mathematics	4	none				goormaghtigh,solutions,mathematics,open problem,wikipedia list	open	https://en.wikipedia.org/wiki/List_of_unsolved_problems_in_mathematics	CC BY-SA 4.0
wp-the-uniqueness-conjecture-for-markov-numbers-citation	The uniqueness conjecture for Markov numbers{{citation	mathematics	4	none				uniqueness conjecture for Markov numbers,markov,uniqueness,mathematics,open problem	open	https://en.wikipedia.org/wiki/List_of_unsolved_problems_in_mathematics	CC BY-SA 4.0
wp-pillai-s-conjecture	Pillai's conjecture	mathematics	4	none				equation,finitely,pillai,solutions,mathematics	open	https://en.wikipedia.org/wiki/List_of_unsolved_problems_in_mathematics	CC BY-SA 4.0
wp-which-integers-can-be-written-as-the-sum-of-three-perfect-cu	Which integers can be written as the sum of three perfect cubes?	mathematics	3	none				sum of three perfect cubes,cubes,integers,perfect,written	open	https://en.wikipedia.org/wiki/List_of_unsolved_problems_in_mathematics	CC BY-SA 4.0
wp-can-every-integer-be-written-as-a-sum-of-four-perfect-cubes	Can every integer be written as a sum of four perfect cubes?	mathematics	3	none				cubes,integer,perfect,written,mathematics	open	https://en.wikipedia.org/wiki/List_of_unsolved_problems_in_mathematics	CC BY-SA 4.0
wp-agohgiuga-conjecture	Agoh–Giuga conjecture	mathematics	4	none				Bernoulli number,bernoulli,equiv,giuga,prime	open	https://en.wikipedia.org/wiki/List_of_unsolved_problems_in_mathematics	CC BY-SA 4.0
wp-agrawal-s-conjecture	Agrawal's conjecture	mathematics	4	none				coprime positive integers,equiv,agrawal,coprime,either	open	https://en.wikipedia.org/wiki/List_of_unsolved_problems_in_mathematics	CC BY-SA 4.0
wp-artin-s-conjecture-on-primitive-roots	Artin's conjecture on primitive roots	mathematics	4	none				primitive root,prime number,primitive,artin,infinitely	open	https://en.wikipedia.org/wiki/List_of_unsolved_problems_in_mathematics	CC BY-SA 4.0
wp-bunyakovsky-conjecture	Bunyakovsky conjecture	mathematics	4	none				positive,bunyakovsky,coefficient,common,factors	open	https://en.wikipedia.org/wiki/List_of_unsolved_problems_in_mathematics	CC BY-SA 4.0
wp-catalan-s-mersenne-conjecture	Catalan's Mersenne conjecture	mathematics	4	none				Catalan–Mersenne number,catalan,mersenne,composite,after	open	https://en.wikipedia.org/wiki/List_of_unsolved_problems_in_mathematics	CC BY-SA 4.0
wp-dickson-s-conjecture	Dickson's conjecture	mathematics	4	none				prime,congruence,forms,condition,dickson	open	https://en.wikipedia.org/wiki/List_of_unsolved_problems_in_mathematics	CC BY-SA 4.0
wp-dubner-s-conjecture	Dubner's conjecture	mathematics	4	none				primes,twin,dubner,greater,mathematics	open	https://en.wikipedia.org/wiki/List_of_unsolved_problems_in_mathematics	CC BY-SA 4.0
wp-elliotthalberstam-conjecture	Elliott–Halberstam conjecture	mathematics	4	none				prime number,arithmetic progression,arithmetic,distribution,elliott	open	https://en.wikipedia.org/wiki/List_of_unsolved_problems_in_mathematics	CC BY-SA 4.0
wp-erdosmollinwalsh-conjecture	Erdős–Mollin–Walsh conjecture	mathematics	4	none				powerful,consecutive,mollin,walsh,mathematics	open	https://en.wikipedia.org/wiki/List_of_unsolved_problems_in_mathematics	CC BY-SA 4.0
wp-feitthompson-conjecture	Feit–Thompson conjecture	mathematics	4	none				prime number,distinct,divide,prime,thompson	open	https://en.wikipedia.org/wiki/List_of_unsolved_problems_in_mathematics	CC BY-SA 4.0
wp-fortune-s-conjecture-that-no-fortunate-number-is-composite	Fortune's conjecture that no Fortunate number is composite.	mathematics	4	none				Fortunate number,composite,fortunate,fortune,mathematics	open	https://en.wikipedia.org/wiki/List_of_unsolved_problems_in_mathematics	CC BY-SA 4.0
wp-the-gaussian-moat-problem	The Gaussian moat problem	mathematics	4	none				Gaussian moat,Gaussian prime number,gaussian,sequence,between	open	https://en.wikipedia.org/wiki/List_of_unsolved_problems_in_mathematics	CC BY-SA 4.0
wp-gillies-conjecture	Gillies' conjecture	mathematics	4	none				prime,Mersenne numbers,distribution,divisors,gillies	open	https://en.wikipedia.org/wiki/List_of_unsolved_problems_in_mathematics	CC BY-SA 4.0
wp-landau-s-problems	Landau's problems	mathematics	4	none				landau,problems,mathematics,open problem,wikipedia list	open	https://en.wikipedia.org/wiki/List_of_unsolved_problems_in_mathematics	CC BY-SA 4.0
wp-legendre-s-conjecture	Legendre's conjecture	mathematics	4	none				between,integer,legendre,positive,prime	open	https://en.wikipedia.org/wiki/List_of_unsolved_problems_in_mathematics	CC BY-SA 4.0
wp-are-there-infinitely-many-primes-of-the-form-n-2-1	Are there infinitely many primes of the form n^{2} + 1?	mathematics	3	none				infinitely,primes,mathematics,open problem,wikipedia list	open	https://en.wikipedia.org/wiki/List_of_unsolved_problems_in_mathematics	CC BY-SA 4.0
wp-problems-associated-to-linnik-s-theorem	Problems associated to Linnik's theorem	mathematics	4	none				Linnik's theorem,associated,linnik,problems,theorem	open	https://en.wikipedia.org/wiki/List_of_unsolved_problems_in_mathematics	CC BY-SA 4.0
wp-new-mersenne-conjecture	New Mersenne conjecture	mathematics	4	none				natural number,prime,condition,conditions,mersenne	open	https://en.wikipedia.org/wiki/List_of_unsolved_problems_in_mathematics	CC BY-SA 4.0
wp-polignac-s-conjecture	Polignac's conjecture	mathematics	4	none				prime gap,infinitely,polignac,positive,prime	open	https://en.wikipedia.org/wiki/List_of_unsolved_problems_in_mathematics	CC BY-SA 4.0
wp-schinzel-s-hypothesis-h	Schinzel's hypothesis H	mathematics	4	none				irreducible polynomial,primes,integers,ldots,positive	open	https://en.wikipedia.org/wiki/List_of_unsolved_problems_in_mathematics	CC BY-SA 4.0
wp-selfridge-s-conjecture	Selfridge's conjecture	mathematics	4	none				Sierpiński number,lowest,selfridge,sierpi,mathematics	open	https://en.wikipedia.org/wiki/List_of_unsolved_problems_in_mathematics	CC BY-SA 4.0
wp-does-the-converse-of-wolstenholme-s-theorem-hold-for-all-nat	Does the converse of Wolstenholme's theorem hold for all natural numbers?	mathematics	3	none				converse of Wolstenholme's theorem,converse,natural,theorem,wolstenholme	open	https://en.wikipedia.org/wiki/List_of_unsolved_problems_in_mathematics	CC BY-SA 4.0
wp-are-all-euclid-numbers-square-free	Are all Euclid numbers square-free?	mathematics	3	none				Euclid number,square-free,euclid,mathematics,open problem	open	https://en.wikipedia.org/wiki/List_of_unsolved_problems_in_mathematics	CC BY-SA 4.0
wp-are-all-fermat-numbers-square-free	Are all Fermat numbers square-free?	mathematics	3	none				Fermat number,square-free,fermat,mathematics,open problem	open	https://en.wikipedia.org/wiki/List_of_unsolved_problems_in_mathematics	CC BY-SA 4.0
wp-are-all-mersenne-numbers-of-prime-index-square-free	Are all Mersenne numbers of prime index square-free?	mathematics	3	none				Mersenne number,square-free,index,mersenne,prime	open	https://en.wikipedia.org/wiki/List_of_unsolved_problems_in_mathematics	CC BY-SA 4.0
wp-are-there-any-composite-c-satisfying-2c-1-1-mod-c2	Are there any composite c satisfying 2c − 1 ≡ 1 (mod c2)?	mathematics	3	none				composite,satisfying,mathematics,open problem,wikipedia list	open	https://en.wikipedia.org/wiki/List_of_unsolved_problems_in_mathematics	CC BY-SA 4.0
wp-are-there-any-wallsunsun-primes	Are there any Wall–Sun–Sun primes?	mathematics	3	none				Wall–Sun–Sun prime,primes,mathematics,open problem,wikipedia list	open	https://en.wikipedia.org/wiki/List_of_unsolved_problems_in_mathematics	CC BY-SA 4.0
wp-are-there-any-wieferich-primes-in-base-47	Are there any Wieferich primes in base 47?	mathematics	3	none				Wieferich prime,primes,wieferich,mathematics,open problem	open	https://en.wikipedia.org/wiki/List_of_unsolved_problems_in_mathematics	CC BY-SA 4.0
wp-are-there-infinitely-many-balanced-primes	Are there infinitely many balanced primes?	mathematics	3	none				balanced prime,balanced,infinitely,primes,mathematics	open	https://en.wikipedia.org/wiki/List_of_unsolved_problems_in_mathematics	CC BY-SA 4.0
wp-are-there-infinitely-many-cluster-primes	Are there infinitely many cluster primes?	mathematics	3	none				cluster prime,cluster,infinitely,primes,mathematics	open	https://en.wikipedia.org/wiki/List_of_unsolved_problems_in_mathematics	CC BY-SA 4.0
wp-are-there-infinitely-many-cousin-primes	Are there infinitely many cousin primes?	mathematics	3	none				cousin prime,cousin,infinitely,primes,mathematics	open	https://en.wikipedia.org/wiki/List_of_unsolved_problems_in_mathematics	CC BY-SA 4.0
wp-are-there-infinitely-many-cullen-primes	Are there infinitely many Cullen primes?	mathematics	3	none				Cullen prime,cullen,infinitely,primes,mathematics	open	https://en.wikipedia.org/wiki/List_of_unsolved_problems_in_mathematics	CC BY-SA 4.0
wp-are-there-infinitely-many-euclid-primes	Are there infinitely many Euclid primes?	mathematics	3	none				Euclid prime,euclid,infinitely,primes,mathematics	open	https://en.wikipedia.org/wiki/List_of_unsolved_problems_in_mathematics	CC BY-SA 4.0
wp-are-there-infinitely-many-fibonacci-primes	Are there infinitely many Fibonacci primes?	mathematics	3	none				Fibonacci prime,fibonacci,infinitely,primes,mathematics	open	https://en.wikipedia.org/wiki/List_of_unsolved_problems_in_mathematics	CC BY-SA 4.0
wp-are-there-infinitely-many-kummer-primes	Are there infinitely many Kummer primes?	mathematics	3	none				Kummer prime,infinitely,kummer,primes,mathematics	open	https://en.wikipedia.org/wiki/List_of_unsolved_problems_in_mathematics	CC BY-SA 4.0
wp-are-there-infinitely-many-kynea-primes	Are there infinitely many Kynea primes?	mathematics	3	none				infinitely,kynea,primes,mathematics,open problem	open	https://en.wikipedia.org/wiki/List_of_unsolved_problems_in_mathematics	CC BY-SA 4.0
wp-are-there-infinitely-many-lucas-primes	Are there infinitely many Lucas primes?	mathematics	3	none				Lucas prime,infinitely,lucas,primes,mathematics	open	https://en.wikipedia.org/wiki/List_of_unsolved_problems_in_mathematics	CC BY-SA 4.0
wp-mersenne-prime	Mersenne prime	mathematics	3	none				Lenstra–Pomerance–Wagstaff conjecture,perfect number,infinitely,equivalently,lenstra	open	https://en.wikipedia.org/wiki/List_of_unsolved_problems_in_mathematics	CC BY-SA 4.0
wp-are-there-infinitely-many-newmanshankswilliams-primes	Are there infinitely many Newman–Shanks–Williams primes?	mathematics	3	none				Newman–Shanks–Williams prime,infinitely,newman,primes,shanks	open	https://en.wikipedia.org/wiki/List_of_unsolved_problems_in_mathematics	CC BY-SA 4.0
wp-are-there-infinitely-many-palindromic-primes-to-every-base	Are there infinitely many palindromic primes to every base?	mathematics	3	none				palindromic prime,infinitely,palindromic,primes,mathematics	open	https://en.wikipedia.org/wiki/List_of_unsolved_problems_in_mathematics	CC BY-SA 4.0
wp-are-there-infinitely-many-pell-primes	Are there infinitely many Pell primes?	mathematics	3	none				Pell primes,infinitely,primes,mathematics,open problem	open	https://en.wikipedia.org/wiki/List_of_unsolved_problems_in_mathematics	CC BY-SA 4.0
wp-are-there-infinitely-many-pierpont-primes	Are there infinitely many Pierpont primes?	mathematics	3	none				Pierpont prime,infinitely,pierpont,primes,mathematics	open	https://en.wikipedia.org/wiki/List_of_unsolved_problems_in_mathematics	CC BY-SA 4.0
wp-are-there-infinitely-many-prime-quadruplets	Are there infinitely many prime quadruplets?	mathematics	3	none				prime quadruplet,infinitely,prime,quadruplets,mathematics	open	https://en.wikipedia.org/wiki/List_of_unsolved_problems_in_mathematics	CC BY-SA 4.0
wp-are-there-infinitely-many-prime-triplets	Are there infinitely many prime triplets?	mathematics	3	none				prime triplet,infinitely,prime,triplets,mathematics	open	https://en.wikipedia.org/wiki/List_of_unsolved_problems_in_mathematics	CC BY-SA 4.0
wp-siegel-s-conjecture	Siegel's conjecture	mathematics	4	none				natural density,primes,density,infinitely,natural	open	https://en.wikipedia.org/wiki/List_of_unsolved_problems_in_mathematics	CC BY-SA 4.0
wp-are-there-infinitely-many-sexy-primes	Are there infinitely many sexy primes?	mathematics	3	none				sexy prime,infinitely,primes,mathematics,open problem	open	https://en.wikipedia.org/wiki/List_of_unsolved_problems_in_mathematics	CC BY-SA 4.0
wp-are-there-infinitely-many-safe-and-sophie-germain-primes	Are there infinitely many safe and Sophie Germain primes?	mathematics	3	none				safe and Sophie Germain primes,germain,infinitely,primes,sophie	open	https://en.wikipedia.org/wiki/List_of_unsolved_problems_in_mathematics	CC BY-SA 4.0
wp-are-there-infinitely-many-wagstaff-primes	Are there infinitely many Wagstaff primes?	mathematics	3	none				Wagstaff prime,infinitely,primes,wagstaff,mathematics	open	https://en.wikipedia.org/wiki/List_of_unsolved_problems_in_mathematics	CC BY-SA 4.0
wp-are-there-infinitely-many-wieferich-primes	Are there infinitely many Wieferich primes?	mathematics	3	none				Wieferich prime,infinitely,primes,wieferich,mathematics	open	https://en.wikipedia.org/wiki/List_of_unsolved_problems_in_mathematics	CC BY-SA 4.0
wp-are-there-infinitely-many-wilson-primes	Are there infinitely many Wilson primes?	mathematics	3	none				Wilson prime,infinitely,primes,wilson,mathematics	open	https://en.wikipedia.org/wiki/List_of_unsolved_problems_in_mathematics	CC BY-SA 4.0
wp-are-there-infinitely-many-wolstenholme-primes	Are there infinitely many Wolstenholme primes?	mathematics	3	none				Wolstenholme prime,infinitely,primes,wolstenholme,mathematics	open	https://en.wikipedia.org/wiki/List_of_unsolved_problems_in_mathematics	CC BY-SA 4.0
wp-are-there-infinitely-many-woodall-primes	Are there infinitely many Woodall primes?	mathematics	3	none				Woodall prime,infinitely,primes,woodall,mathematics	open	https://en.wikipedia.org/wiki/List_of_unsolved_problems_in_mathematics	CC BY-SA 4.0
wp-does-every-prime-number-appear-in-the-euclidmullin-sequence	Does every prime number appear in the Euclid–Mullin sequence?	mathematics	3	none				Euclid–Mullin sequence,appear,euclid,mullin,prime	open	https://en.wikipedia.org/wiki/List_of_unsolved_problems_in_mathematics	CC BY-SA 4.0
wp-what-is-the-smallest-skewes-s-number	What is the smallest Skewes's number?	mathematics	3	none				Skewes's number,skewes,smallest,mathematics,open problem	open	https://en.wikipedia.org/wiki/List_of_unsolved_problems_in_mathematics	CC BY-SA 4.0
wp-lucaswieferich-prime	Lucas–Wieferich prime	mathematics	3	none				primes,associated,fibonacci-wieferich,infinitely,integer	open	https://en.wikipedia.org/wiki/List_of_unsolved_problems_in_mathematics	CC BY-SA 4.0
wp-repunit	repunit	mathematics	3	none				integer,infinitely,perfect,power,primes	open	https://en.wikipedia.org/wiki/List_of_unsolved_problems_in_mathematics	CC BY-SA 4.0
wp-is-every-fermat-number-2-2-n-1-composite-for-n-4	Is every Fermat number 2^{2^n} + 1 composite for n > 4?	mathematics	3	none				Fermat number,composite,fermat,mathematics,open problem	open	https://en.wikipedia.org/wiki/List_of_unsolved_problems_in_mathematics	CC BY-SA 4.0
wp-is-509-203-the-lowest-riesel-number	Is 509,203 the lowest Riesel number?	mathematics	3	none				Riesel number,lowest,riesel,mathematics,open problem	open	https://en.wikipedia.org/wiki/List_of_unsolved_problems_in_mathematics	CC BY-SA 4.0
wp-does-the-partition-principle-pp-imply-the-axiom-of-choice-ac	Does the partition principle (PP) imply the axiom of choice (AC)?	mathematics	3	none				partition principle,axiom of choice,axiom,choice,imply	open	https://en.wikipedia.org/wiki/List_of_unsolved_problems_in_mathematics	CC BY-SA 4.0
wp-woodin	Woodin	mathematics	3	none				generalized continuum hypothesis,strongly compact cardinal,continuum,generalized,hypothesis	open	https://en.wikipedia.org/wiki/List_of_unsolved_problems_in_mathematics	CC BY-SA 4.0
wp-generalized-continuum-hypothesis	generalized continuum hypothesis	mathematics	4	none				<math>{\diamondsuit(E^{\lambda^+}_{\operatorname{cf}(\lambda)}})</math>,singular cardinal,lambda,cardinal,continuum	open	https://en.wikipedia.org/wiki/List_of_unsolved_problems_in_mathematics	CC BY-SA 4.0
wp-singular-cardinals-hypothesis	Singular cardinals hypothesis	mathematics	4	none				Shelah,PCF theory,aleph,bound,cardinal	open	https://en.wikipedia.org/wiki/List_of_unsolved_problems_in_mathematics	CC BY-SA 4.0
wp-core-model	core model	mathematics	3	none				large cardinals,cardinals,contains,finding,large	open	https://en.wikipedia.org/wiki/List_of_unsolved_problems_in_mathematics	CC BY-SA 4.0
wp-woodin-s	Woodin's	mathematics	3	none				Ω-conjecture,proper class,Woodin cardinal,Ω-logic,Gödel's completeness theorem	open	https://en.wikipedia.org/wiki/List_of_unsolved_problems_in_mathematics	CC BY-SA 4.0
wp-consistency	consistency	mathematics	3	none				strongly compact cardinal,supercompact cardinal,cardinal,existence,compact	open	https://en.wikipedia.org/wiki/List_of_unsolved_problems_in_mathematics	CC BY-SA 4.0
wp-does-there-exist-a-jonsson-algebra-on	Does there exist a Jónsson algebra on ℵω?	mathematics	3	none				Jónsson algebra,algebra,nsson,mathematics,open problem	open	https://en.wikipedia.org/wiki/List_of_unsolved_problems_in_mathematics	CC BY-SA 4.0
wp-is-oca-the-open-coloring-axiom-consistent-with-2-aleph-0-ale	Is OCA (the open coloring axiom) consistent with 2^{\aleph_{0}}>\aleph_{2}?	mathematics	3	none				open coloring axiom,aleph,axiom,coloring,consistent	open	https://en.wikipedia.org/wiki/List_of_unsolved_problems_in_mathematics	CC BY-SA 4.0
wp-reinhardt-cardinal	Reinhardt cardinal	mathematics	3	none				axiom of choice,nontrivial elementary embedding,assuming,axiom,cardinals	open	https://en.wikipedia.org/wiki/List_of_unsolved_problems_in_mathematics	CC BY-SA 4.0
wp-baumconnes-conjecture	Baum–Connes conjecture	mathematics	4	none				assembly map,isomorphism,assembly,connes,mathematics	open	https://en.wikipedia.org/wiki/List_of_unsolved_problems_in_mathematics	CC BY-SA 4.0
wp-berge-conjecture	Berge conjecture	mathematics	4	none				knots,3-sphere,lens space,surgeries,Berge knot	open	https://en.wikipedia.org/wiki/List_of_unsolved_problems_in_mathematics	CC BY-SA 4.0
wp-bingborsuk-conjecture	Bing–Borsuk conjecture	mathematics	4	none				homogeneous,absolute neighborhood retract,topological manifold,absolute,borsuk	open	https://en.wikipedia.org/wiki/List_of_unsolved_problems_in_mathematics	CC BY-SA 4.0
wp-borel-conjecture	Borel conjecture	mathematics	4	none				aspherical,closed manifold,homeomorphism,fundamental group,borel	open	https://en.wikipedia.org/wiki/List_of_unsolved_problems_in_mathematics	CC BY-SA 4.0
wp-halperin-conjecture	Halperin conjecture	mathematics	4	none				Serre spectral sequence,fibration,certain,fibrations,halperin	open	https://en.wikipedia.org/wiki/List_of_unsolved_problems_in_mathematics	CC BY-SA 4.0
wp-hilbertsmith-conjecture	Hilbert–Smith conjecture	mathematics	4	none				locally compact,topological group,continuous,faithful group action,topological manifold,Lie group	open	https://en.wikipedia.org/wiki/List_of_unsolved_problems_in_mathematics	CC BY-SA 4.0
wp-experimental-mathematics	Experimental Mathematics	mathematics	3	none				conjectures,mazur,mathematics,open problem,wikipedia list	open	https://en.wikipedia.org/wiki/List_of_unsolved_problems_in_mathematics	CC BY-SA 4.0
wp-novikov-conjecture	Novikov conjecture	mathematics	4	none				homotopy invariance,polynomial,Pontryagin class,manifold,fundamental group	open	https://en.wikipedia.org/wiki/List_of_unsolved_problems_in_mathematics	CC BY-SA 4.0
wp-quadrisecant	Quadrisecant	mathematics	3	none				wild knot,knots,quadrisecants,always,infinitely	open	https://en.wikipedia.org/wiki/List_of_unsolved_problems_in_mathematics	CC BY-SA 4.0
wp-telescope-conjecture	Telescope conjecture	mathematics	4	none				Ravenel's conjectures,stable homotopy theory,arXiv,conjectures,homotopy	open	https://en.wikipedia.org/wiki/List_of_unsolved_problems_in_mathematics	CC BY-SA 4.0
wp-unknotting-problem	Unknotting problem	mathematics	4	none				unknot,polynomial time,polynomial,recognized,unknots	open	https://en.wikipedia.org/wiki/List_of_unsolved_problems_in_mathematics	CC BY-SA 4.0
wp-volume-conjecture	Volume conjecture	mathematics	4	none				quantum invariant,knots,hyperbolic geometry,knot complement,complements	open	https://en.wikipedia.org/wiki/List_of_unsolved_problems_in_mathematics	CC BY-SA 4.0
wp-whitehead-conjecture	Whitehead conjecture	mathematics	4	none				connected,subcomplex,aspherical,CW complex,complex	open	https://en.wikipedia.org/wiki/List_of_unsolved_problems_in_mathematics	CC BY-SA 4.0
wp-zeeman-conjecture	Zeeman conjecture	mathematics	4	none				contractible,CW complex,collapsible,complex,finite	open	https://en.wikipedia.org/wiki/List_of_unsolved_problems_in_mathematics	CC BY-SA 4.0
wp-nearby-lagrangian-conjecture	Nearby Lagrangian conjecture	mathematics	4	none				Lagrangian submanifold,cotangent bundle,closed manifold,Hamiltonian isotopic,zero section	open	https://en.wikipedia.org/wiki/List_of_unsolved_problems_in_mathematics	CC BY-SA 4.0
wp-mazur-s-conjecture-b	Mazur's conjecture B	mathematics	4	none		2020		Vessilin Dimitrov,Ziyang Gao,Philipp Habegger,dimitrov,habegger	solved	https://en.wikipedia.org/wiki/List_of_unsolved_problems_in_mathematics	CC BY-SA 4.0
wp-suita-conjecture	Suita conjecture	mathematics	4	none		2015		Xiangyu Zhou,journal,suita,xiangyu,mathematics	solved	https://en.wikipedia.org/wiki/List_of_unsolved_problems_in_mathematics	CC BY-SA 4.0
wp-non-sofic	non-sofic	mathematics	3	none		2026		OpenAI,anonymized,countable,discrete,existence	solved	https://en.wikipedia.org/wiki/List_of_unsolved_problems_in_mathematics	CC BY-SA 4.0
wp-umbral-moonshine	Umbral moonshine	mathematics	3	none		2015		Ken Ono,duncan,griffin,michael,moonshine	solved	https://en.wikipedia.org/wiki/List_of_unsolved_problems_in_mathematics	CC BY-SA 4.0
wp-sendov-s-conjecture	Sendov's conjecture	mathematics	4	none		2026		GPT-5.6,mazur,phelps,rodriguez,sendov	solved	https://en.wikipedia.org/wiki/List_of_unsolved_problems_in_mathematics	CC BY-SA 4.0
wp-crouzeix-s-conjecture	Crouzeix's conjecture	mathematics	4	none		2026		GPT-5.6 Sol,using,crouzeix,emiel,felix	solved	https://en.wikipedia.org/wiki/List_of_unsolved_problems_in_mathematics	CC BY-SA 4.0
wp-heilramanathantopiwala-conjecture	Heil–Ramanathan–Topiwala conjecture	mathematics	4	none		2026		GPT-5.6,faulhuber,felix,jordy,markus	solved	https://en.wikipedia.org/wiki/List_of_unsolved_problems_in_mathematics	CC BY-SA 4.0
wp-mizohatatakeuchi-conjecture	Mizohata–Takeuchi conjecture	mathematics	4	none		2025		Hannah Cairo,cairo,hannah,mizohata,takeuchi	solved	https://en.wikipedia.org/wiki/List_of_unsolved_problems_in_mathematics	CC BY-SA 4.0
wp-erdos-unit-distance-conjecture	Erdős unit distance conjecture	mathematics	4	none		2026		OpenAI,anonymized,distance,paper,published	solved	https://en.wikipedia.org/wiki/List_of_unsolved_problems_in_mathematics	CC BY-SA 4.0
wp-bunkbed-conjecture	Bunkbed conjecture	mathematics	4	none		2025		Igor Pak,alexander,bunkbed,gladkov,nikita	solved	https://en.wikipedia.org/wiki/List_of_unsolved_problems_in_mathematics	CC BY-SA 4.0
wp-erdos-sumset-conjecture	Erdős sumset conjecture	mathematics	4	none		2018		Annals of Mathematics,donald,florian,moreira,richter	solved	https://en.wikipedia.org/wiki/List_of_unsolved_problems_in_mathematics	CC BY-SA 4.0
wp-mcmullen-s-g-conjecture	McMullen's g-conjecture	mathematics	4	none		2018		simplicial sphere,Karim Adiprasito,adiprasito,conjectures,different	solved	https://en.wikipedia.org/wiki/List_of_unsolved_problems_in_mathematics	CC BY-SA 4.0
wp-upper-bound-for-the-cap-set-problem-jordan-ellenberg-dion-gi	Upper bound for the cap set problem (Jordan Ellenberg, Dion Gijswijt, 2016).	mathematics	4	none		2016		cap set problem,Jordan Ellenberg,bound,ellenberg,gijswijt	solved	https://en.wikipedia.org/wiki/List_of_unsolved_problems_in_mathematics	CC BY-SA 4.0
wp-erdos-discrepancy-problem	Erdős discrepancy problem	mathematics	4	none		2015		Terence Tao,discrepancy,terence,mathematics,solved problem	solved	https://en.wikipedia.org/wiki/List_of_unsolved_problems_in_mathematics	CC BY-SA 4.0
wp-eremenko-s	Eremenko's	mathematics	3	none		2025		escaping set,entire,transcendental,Lasse Rempe,component	solved	https://en.wikipedia.org/wiki/List_of_unsolved_problems_in_mathematics	CC BY-SA 4.0
wp-zimmer-s-conjecture	Zimmer's conjecture	mathematics	4	none		2017		Sebastián Hurtado-Salazar,aaron,arxiv,brown,david	solved	https://en.wikipedia.org/wiki/List_of_unsolved_problems_in_mathematics	CC BY-SA 4.0
wp-beggar-my-neighbour	beggar-my-neighbour	mathematics	3	none		2024		beggar-my-neighbour,brayden,casella,existence,non-terminating	solved	https://en.wikipedia.org/wiki/List_of_unsolved_problems_in_mathematics	CC BY-SA 4.0
wp-claude-fable-5	Claude Fable 5	mathematics	3	none		2026		GitHub,claude,complex,existence,fable	solved	https://en.wikipedia.org/wiki/List_of_unsolved_problems_in_mathematics	CC BY-SA 4.0
wp-talagrand-s-convexity-conjecture	Talagrand's convexity conjecture	mathematics	4	none		2026		Antoine Song,GPT-5.5,Scientific American,antoine,convexity	solved	https://en.wikipedia.org/wiki/List_of_unsolved_problems_in_mathematics	CC BY-SA 4.0
wp-einstein-problem	Einstein problem	mathematics	4	none		2024		Chaim Goodman-Strauss,chaim,craig,david,einstein	solved	https://en.wikipedia.org/wiki/List_of_unsolved_problems_in_mathematics	CC BY-SA 4.0
wp-egan-conjecture	Egan conjecture	mathematics	4	none		2023		drozdov,sergei,mathematics,solved problem,wikipedia list	solved	https://en.wikipedia.org/wiki/List_of_unsolved_problems_in_mathematics	CC BY-SA 4.0
wp-keller-s-conjecture	Keller's conjecture	mathematics	4	none		2019		brakensiek,david,heule,joshua,keller	solved	https://en.wikipedia.org/wiki/List_of_unsolved_problems_in_mathematics	CC BY-SA 4.0
wp-maximal-rank-conjecture	Maximal rank conjecture	mathematics	4	none		2018		larson,maximal,mathematics,solved problem,wikipedia list	solved	https://en.wikipedia.org/wiki/List_of_unsolved_problems_in_mathematics	CC BY-SA 4.0
wp-weibel-s-conjecture	Weibel's conjecture	mathematics	4	none		2018		florian,georg,moritz,strunk,tamme	solved	https://en.wikipedia.org/wiki/List_of_unsolved_problems_in_mathematics	CC BY-SA 4.0
wp-yau-s-conjecture	Yau's conjecture	mathematics	4	none		2018		Antoine Song,antoine,mathematics,solved problem,wikipedia list	solved	https://en.wikipedia.org/wiki/List_of_unsolved_problems_in_mathematics	CC BY-SA 4.0
wp-pentagonal-tiling	Pentagonal tiling	mathematics	3	none		2017		Quanta Magazine,micha,pentagonal,tiling,mathematics	solved	https://en.wikipedia.org/wiki/List_of_unsolved_problems_in_mathematics	CC BY-SA 4.0
wp-dinitzgarggoemans-conjecture	Dinitz–Garg–Goemans conjecture	mathematics	4	none		2026		GPT-5.6,dinitz,dmitry,goemans,rybin	solved	https://en.wikipedia.org/wiki/List_of_unsolved_problems_in_mathematics	CC BY-SA 4.0
wp-kahnkalai-conjecture	Kahn–Kalai conjecture	mathematics	4	none		2022		Jinyoung Park,jinyoung,kalai,mathematics,solved problem	solved	https://en.wikipedia.org/wiki/List_of_unsolved_problems_in_mathematics	CC BY-SA 4.0
wp-blankenshipoporowski-conjecture	Blankenship–Oporowski conjecture	mathematics	4	none		2021		Vida Dujmović,David Eppstein,Pat Morin,David Wood,david	solved	https://en.wikipedia.org/wiki/List_of_unsolved_problems_in_mathematics	CC BY-SA 4.0
wp-ringel-s-conjecture	Ringel's conjecture	mathematics	4	none		2020		complete graph,Richard Montgomery,Benny Sudakov,Alexey Pokrovskiy,alexey	solved	https://en.wikipedia.org/wiki/List_of_unsolved_problems_in_mathematics	CC BY-SA 4.0
wp-hedetniemi-s-conjecture	Hedetniemi's conjecture	mathematics	4	none		2019		tensor products of graphs,chromatic,disproof,graphs,hedetniemi	solved	https://en.wikipedia.org/wiki/List_of_unsolved_problems_in_mathematics	CC BY-SA 4.0
wp-kelmansseymour-conjecture	Kelmans–Seymour conjecture	mathematics	4	none		2020		dawei,journal,kelmans,seymour,xingxing	solved	https://en.wikipedia.org/wiki/List_of_unsolved_problems_in_mathematics	CC BY-SA 4.0
wp-goldbergseymour-conjecture	Goldberg–Seymour conjecture	mathematics	4	none		2019		arxiv,goldberg,guangming,guantao,seymour	solved	https://en.wikipedia.org/wiki/List_of_unsolved_problems_in_mathematics	CC BY-SA 4.0
wp-andreoort-conjecture	André–Oort conjecture	mathematics	4	none		2021		Jonathan Pila,Jacob Tsimerman,ananth,jacob,jonathan	solved	https://en.wikipedia.org/wiki/List_of_unsolved_problems_in_mathematics	CC BY-SA 4.0
wp-duffinschaeffer-theorem	Duffin–Schaeffer theorem	mathematics	3	none		2019		Dimitris Koukoulopoulos,James Maynard,dimitris,duffin,james	solved	https://en.wikipedia.org/wiki/List_of_unsolved_problems_in_mathematics	CC BY-SA 4.0
wp-main-conjecture-in-vinogradov-s-mean-value-theorem	Main conjecture in Vinogradov's mean-value theorem	mathematics	4	none		2015		Jean Bourgain,Larry Guth,bourgain,ciprian,demeter	solved	https://en.wikipedia.org/wiki/List_of_unsolved_problems_in_mathematics	CC BY-SA 4.0
wp-burrerdos-conjecture	Burr–Erdős conjecture	mathematics	4	none		2017		choongbum,mathematics,solved problem,wikipedia list	solved	https://en.wikipedia.org/wiki/List_of_unsolved_problems_in_mathematics	CC BY-SA 4.0
wp-boolean-pythagorean-triples-problem	Boolean Pythagorean triples problem	mathematics	4	none		2016		Marijn Heule,Victor W. Marek,boolean,heule,kullmann	solved	https://en.wikipedia.org/wiki/List_of_unsolved_problems_in_mathematics	CC BY-SA 4.0
wp-conway-knot	Conway knot	mathematics	3	none		2020		slice knot,Lisa Piccirillo,Annals of Mathematics,Quanta Magazine,conway	solved	https://en.wikipedia.org/wiki/List_of_unsolved_problems_in_mathematics	CC BY-SA 4.0
wp-theory-of-everything	Theory of everything	physics	3	none				universe,all-encompassing,aspects,coherent,everything	open	https://en.wikipedia.org/wiki/List_of_unsolved_problems_in_physics	CC BY-SA 4.0
wp-dimensionless-physical-constant	Dimensionless physical constant	physics	3	none				physical constant,physical,constants,dimensionless,calculated	open	https://en.wikipedia.org/wiki/List_of_unsolved_problems_in_physics	CC BY-SA 4.0
wp-black-hole	Black hole	physics	3	none				black hole information paradox,black hole radiation,Reviews of Modern Physics,gauge–gravity duality,Hawking,even exists	open	https://en.wikipedia.org/wiki/List_of_unsolved_problems_in_physics	CC BY-SA 4.0
wp-the-cosmic-censorship-hypothesis-and-the-chronology-protecti	The cosmic censorship hypothesis and the chronology protection conjecture	physics	4	none				cosmic censorship hypothesis,chronology protection conjecture,naked singularities,Roger Penrose,Scientific American,closed timelike curve,time travel,quantum gravity	open	https://en.wikipedia.org/wiki/List_of_unsolved_problems_in_physics	CC BY-SA 4.0
wp-holographic-principle	Holographic principle	physics	3	none				quantum gravity,AdS/CFT correspondence,string theory,de Sitter space,dS/CFT correspondence	open	https://en.wikipedia.org/wiki/List_of_unsolved_problems_in_physics	CC BY-SA 4.0
wp-quantum-spacetime	Quantum spacetime	physics	3	none				Planck scale,continuous classical dynamical spacetime,supersymmetry,Ryu–Takayanagi conjecture,quantum information,entanglement entropy	open	https://en.wikipedia.org/wiki/List_of_unsolved_problems_in_physics	CC BY-SA 4.0
wp-problem-of-time	Problem of time	physics	4	none				four-dimensional spacetime,spacetime,absolute,background,changes	open	https://en.wikipedia.org/wiki/List_of_unsolved_problems_in_physics	CC BY-SA 4.0
wp-yangmills-theory	Yang–Mills theory	physics	3	none				compact,gauge group,mass gap,Millennium Prize Problems,Clay Mathematics Institute	open	https://en.wikipedia.org/wiki/List_of_unsolved_problems_in_physics	CC BY-SA 4.0
wp-quantum-field-theory	Quantum field theory	physics	3	none				perturbative methods,field,quantum,theory,construct	open	https://en.wikipedia.org/wiki/List_of_unsolved_problems_in_physics	CC BY-SA 4.0
wp-cosmic-inflation	Cosmic inflation	physics	3	none				inflaton,inflation,scalar field,self-sustaining through inflation of quantum-mechanical fluctuations,cosmic	open	https://en.wikipedia.org/wiki/List_of_unsolved_problems_in_physics	CC BY-SA 4.0
wp-cosmic-coincidence-problem	Cosmic coincidence problem	physics	4	none				energy,densities,matter,universe,between	open	https://en.wikipedia.org/wiki/List_of_unsolved_problems_in_physics	CC BY-SA 4.0
wp-horizon-problem	Horizon problem	physics	4	none				Big Bang theory,anisotropies,inflation,variable speed of light,accepted	open	https://en.wikipedia.org/wiki/List_of_unsolved_problems_in_physics	CC BY-SA 4.0
wp-origin	Origin	physics	3	none				future of the universe,How did the conditions for anything to exist arise?,Big Freeze,Big Rip,Big Crunch,Big Bounce	open	https://en.wikipedia.org/wiki/List_of_unsolved_problems_in_physics	CC BY-SA 4.0
wp-size-of-universe	Size of universe	physics	3	none				observable universe,universe,about,billion,diameter	open	https://en.wikipedia.org/wiki/List_of_unsolved_problems_in_physics	CC BY-SA 4.0
wp-matterantimatter-asymmetry	Matter–antimatter asymmetry	physics	3	none				Particle Data Group,Physical Review D,antimatter,asymmetry,matter	open	https://en.wikipedia.org/wiki/List_of_unsolved_problems_in_physics	CC BY-SA 4.0
wp-cosmological-principle	Cosmological principle	physics	3	none				Friedmann–Lemaître–Robertson–Walker metric,ΛCDM model,inhomogeneous,CMB dipole,Hubble tension,accelerating expansion of the universe	open	https://en.wikipedia.org/wiki/List_of_unsolved_problems_in_physics	CC BY-SA 4.0
wp-dark-matter	Dark matter	physics	3	none				New Scientist,particle,WIMP,axion,superpartner,phenomena attributed to dark matter,an alternate theory of gravity,general relativity	open	https://en.wikipedia.org/wiki/List_of_unsolved_problems_in_physics	CC BY-SA 4.0
wp-dark-energy	Dark energy	physics	3	none				accelerating expansion of the universe,de Sitter phase,cosmological principle,right time,quintessence,phantom energy	open	https://en.wikipedia.org/wiki/List_of_unsolved_problems_in_physics	CC BY-SA 4.0
wp-dark-flow	Dark flow	physics	3	none				universe,clusters,galactic,gravitational,large	open	https://en.wikipedia.org/wiki/List_of_unsolved_problems_in_physics	CC BY-SA 4.0
wp-shape-of-the-universe	Shape of the universe	physics	3	none				manifold,comoving space,shape,universe,comoving	open	https://en.wikipedia.org/wiki/List_of_unsolved_problems_in_physics	CC BY-SA 4.0
wp-extra-dimensions	Extra dimensions	physics	3	none				spacetime,dimensions,emergent,evidence,experimentally	open	https://en.wikipedia.org/wiki/List_of_unsolved_problems_in_physics	CC BY-SA 4.0
wp-hierarchy-problem	Hierarchy problem	physics	4	none				gravity,strong force,force,strong,between	open	https://en.wikipedia.org/wiki/List_of_unsolved_problems_in_physics	CC BY-SA 4.0
wp-magnetic-monopole	Magnetic monopole	physics	3	none				Paul Dirac,charge quantization,magnetic,charge,monopoles	open	https://en.wikipedia.org/wiki/List_of_unsolved_problems_in_physics	CC BY-SA 4.0
wp-neutron-lifetime-puzzle	Neutron lifetime puzzle	physics	3	none				consilience,Quanta Magazine,lifetime,neutron,bottle	open	https://en.wikipedia.org/wiki/List_of_unsolved_problems_in_physics	CC BY-SA 4.0
wp-proton-decay	Proton decay	physics	3	none				spin crisis,decay,proton,carry,crisis	open	https://en.wikipedia.org/wiki/List_of_unsolved_problems_in_physics	CC BY-SA 4.0
wp-grand-unification	Grand Unification	physics	3	none				Grand Unified Theory,symmetry,grand,aspects,behaviours	open	https://en.wikipedia.org/wiki/List_of_unsolved_problems_in_physics	CC BY-SA 4.0
wp-supersymmetry	Supersymmetry	physics	3	none				TeV,supersymmetric particle,LSP,dark matter,supersymmetry	open	https://en.wikipedia.org/wiki/List_of_unsolved_problems_in_physics	CC BY-SA 4.0
wp-color-confinement	Color confinement	physics	3	none				quantum chromodynamics,color-charged,hadron,color,confinement	open	https://en.wikipedia.org/wiki/List_of_unsolved_problems_in_physics	CC BY-SA 4.0
wp-the-qcd-vacuum	The QCD vacuum	physics	3	none				QCD vacuum,QCD,atomic nuclei,energies,formation	open	https://en.wikipedia.org/wiki/List_of_unsolved_problems_in_physics	CC BY-SA 4.0
wp-generations-of-matter	Generations of matter	physics	3	none				quark,lepton,Yukawa coupling,generations,leptons	open	https://en.wikipedia.org/wiki/List_of_unsolved_problems_in_physics	CC BY-SA 4.0
wp-neutrino-mass	Neutrino mass	physics	3	none				Dirac,Majorana,mass hierarchy,Particle Data Group,absolute	open	https://en.wikipedia.org/wiki/List_of_unsolved_problems_in_physics	CC BY-SA 4.0
wp-reactor-antineutrino-anomaly	Reactor antineutrino anomaly	physics	3	none				antineutrino,sterile neutrino,anomaly,appears,around	open	https://en.wikipedia.org/wiki/List_of_unsolved_problems_in_physics	CC BY-SA 4.0
wp-strong-cp-problem	Strong CP problem	physics	4	none				axion,strong nuclear interaction,parity,charge conjugation,Peccei–Quinn theory,dark matter	open	https://en.wikipedia.org/wiki/List_of_unsolved_problems_in_physics	CC BY-SA 4.0
wp-anomalous-magnetic-dipole-moment	Anomalous magnetic dipole moment	physics	3	none				muon,anomalous,dipole,magnetic,moment	open	https://en.wikipedia.org/wiki/List_of_unsolved_problems_in_physics	CC BY-SA 4.0
wp-pentaquark	Pentaquark	physics	3	none				exotic hadron,New Scientist,baryon,meson,bound	open	https://en.wikipedia.org/wiki/List_of_unsolved_problems_in_physics	CC BY-SA 4.0
wp-mu-problem	Mu problem	physics	4	none				supersymmetric,concerned,parameter,reasons,theories	open	https://en.wikipedia.org/wiki/List_of_unsolved_problems_in_physics	CC BY-SA 4.0
wp-koide-formula	Koide formula	physics	3	none				problem of particle generations,lepton,masses,about,arithmetic	open	https://en.wikipedia.org/wiki/List_of_unsolved_problems_in_physics	CC BY-SA 4.0
wp-strange-matter	Strange matter	physics	3	none				Strange star,strange,matter,stable,pressure	open	https://en.wikipedia.org/wiki/List_of_unsolved_problems_in_physics	CC BY-SA 4.0
wp-glueball	Glueball	physics	3	none				glueballs,nature,physics,open problem,wikipedia list	open	https://en.wikipedia.org/wiki/List_of_unsolved_problems_in_physics	CC BY-SA 4.0
wp-gallium-anomaly	Gallium anomaly	physics	3	none				anomaly,based,below,capture,charged-current	open	https://en.wikipedia.org/wiki/List_of_unsolved_problems_in_physics	CC BY-SA 4.0
wp-solar-cycle	Solar cycle	physics	3	none				Maunder Minimum,cycle,generate,magnetic,minima	open	https://en.wikipedia.org/wiki/List_of_unsolved_problems_in_physics	CC BY-SA 4.0
wp-coronal-heating-problem	Coronal heating problem	physics	4	none				magnetic reconnection,atmosphere,corona,coronal,effect	open	https://en.wikipedia.org/wiki/List_of_unsolved_problems_in_physics	CC BY-SA 4.0
wp-astrophysical-jet	Astrophysical jet	physics	3	none				accretion disc,relativistic jet,quasi-periodic oscillation,accretion,certain	open	https://en.wikipedia.org/wiki/List_of_unsolved_problems_in_physics	CC BY-SA 4.0
wp-diffuse-interstellar-bands	Diffuse interstellar bands	physics	3	none				Journal of Molecular Spectroscopy,European Southern Observatory,interstellar,responsible,absorption	open	https://en.wikipedia.org/wiki/List_of_unsolved_problems_in_physics	CC BY-SA 4.0
wp-supermassive-black-hole	Supermassive black hole	physics	3	none				M–sigma relation,quasar,black,supermassive,holes	open	https://en.wikipedia.org/wiki/List_of_unsolved_problems_in_physics	CC BY-SA 4.0
wp-kuiper-cliff	Kuiper cliff	physics	3	none				Kuiper belt,kuiper,astronomical,beyond,cliff	open	https://en.wikipedia.org/wiki/List_of_unsolved_problems_in_physics	CC BY-SA 4.0
wp-flyby-anomaly	Flyby anomaly	physics	3	none				flying by planetary bodies,amount,anomaly,bodies,different	open	https://en.wikipedia.org/wiki/List_of_unsolved_problems_in_physics	CC BY-SA 4.0
wp-galaxy-rotation-problem	Galaxy rotation problem	physics	4	none				dark matter,frame|right|Rotation curve of a typical spiral galaxy: predicted ('''A''') and observed ('''B'''). Can the discrepancy between the curves be attributed to dark matter?,galaxy,matter,observed	open	https://en.wikipedia.org/wiki/List_of_unsolved_problems_in_physics	CC BY-SA 4.0
wp-supernova	Supernova	physics	3	none				becomes,dying,exact,explosion,implosion	open	https://en.wikipedia.org/wiki/List_of_unsolved_problems_in_physics	CC BY-SA 4.0
wp-p-nuclei	p-nuclei	physics	3	none				nucleogenesis,astrophysical,isotopes,p-nuclei,process	open	https://en.wikipedia.org/wiki/List_of_unsolved_problems_in_physics	CC BY-SA 4.0
wp-ultra-high-energy-cosmic-ray	Ultra-high-energy cosmic ray	physics	3	none				Greisen–Zatsepin–Kuzmin limit,University of California, Riverside,cosmic,energies,sources	open	https://en.wikipedia.org/wiki/List_of_unsolved_problems_in_physics	CC BY-SA 4.0
wp-rotation-rate-of-saturn	Rotation rate of Saturn	physics	3	none				Saturn,magnetosphere of Saturn,rotation,changing,close	open	https://en.wikipedia.org/wiki/List_of_unsolved_problems_in_physics	CC BY-SA 4.0
wp-origin-of-magnetar-magnetic-field	Origin of magnetar magnetic field	physics	3	none				magnetar magnetic field,magnetar,magnetic,origin,field	open	https://en.wikipedia.org/wiki/List_of_unsolved_problems_in_physics	CC BY-SA 4.0
wp-large-scale-anisotropy	Large-scale anisotropy	physics	3	none				anisotropic,cosmological principle,cosmic microwave background,Big Bang,anisotropy	open	https://en.wikipedia.org/wiki/List_of_unsolved_problems_in_physics	CC BY-SA 4.0
wp-agemetallicity-relation-in-the-galactic-disk	Age–metallicity relation in the Galactic disk	physics	3	none				Milky Way,metallicity,relation,galactic,thick	open	https://en.wikipedia.org/wiki/List_of_unsolved_problems_in_physics	CC BY-SA 4.0
wp-the-lithium-problem	The lithium problem	physics	4	none				Big Bang nucleosynthesis,Annual Review of Nuclear and Particle Science,amount,between,discrepancy	open	https://en.wikipedia.org/wiki/List_of_unsolved_problems_in_physics	CC BY-SA 4.0
wp-ultraluminous-x-ray-source	Ultraluminous X-ray source	physics	3	none				active galactic nuclei,Eddington limit,neutron star,stellar black hole,intermediate-mass black hole	open	https://en.wikipedia.org/wiki/List_of_unsolved_problems_in_physics	CC BY-SA 4.0
wp-fast-radio-burst	Fast radio burst	physics	3	none				radio,accepted,bursts,causes,distant	open	https://en.wikipedia.org/wiki/List_of_unsolved_problems_in_physics	CC BY-SA 4.0
wp-origin-of-cosmic-magnetic-fields	Origin of cosmic magnetic fields	physics	3	none				fields,magnetic,cosmic,origin,astrophysics	open	https://en.wikipedia.org/wiki/List_of_unsolved_problems_in_physics	CC BY-SA 4.0
wp-quantum-chromodynamics	Quantum chromodynamics	physics	3	none				cosmos,partonic,nucleons,gravity,spacetime,CP violation,Strong CP problem	open	https://en.wikipedia.org/wiki/List_of_unsolved_problems_in_physics	CC BY-SA 4.0
wp-quarkgluon-plasma	Quark–gluon plasma	physics	3	none				deconfinement,relativistic heavy-ion collision,baryon-number,hadronization,statistical-hadronization,hadron,quark flavor,strangeness	open	https://en.wikipedia.org/wiki/List_of_unsolved_problems_in_physics	CC BY-SA 4.0
wp-specific-models-of-quarkgluon-plasma-formation	Specific models of quark–gluon plasma formation	physics	3	none				gluon,colour glass condensate,balitsky,gluons,called	open	https://en.wikipedia.org/wiki/List_of_unsolved_problems_in_physics	CC BY-SA 4.0
wp-nuclei	Nuclei	physics	3	none				nuclear astrophysics,nuclear force,protons,neutrons,stable nuclei,EMC effect,neutron stars,nuclear matter	open	https://en.wikipedia.org/wiki/List_of_unsolved_problems_in_physics	CC BY-SA 4.0
wp-smooth-solutions-exist-for-the-navierstokes-equations	smooth solutions exist for the Navier–Stokes equations	physics	3	none				viscous,incompressible fluid,Millennium Prize Problems,Charles Fefferman,equations	open	https://en.wikipedia.org/wiki/List_of_unsolved_problems_in_physics	CC BY-SA 4.0
wp-turbulent-flow	Turbulent flow	physics	3	none				turbulent,describe,internal,model,particular	open	https://en.wikipedia.org/wiki/List_of_unsolved_problems_in_physics	CC BY-SA 4.0
wp-granular-convection	Granular convection	physics	3	none				granular material,convection,granular,material,shaking	open	https://en.wikipedia.org/wiki/List_of_unsolved_problems_in_physics	CC BY-SA 4.0
wp-high-temperature-superconductivity	High-temperature superconductivity	physics	3	none				superconductivity,kelvin,superconductor at room temperature and atmospheric pressure,around,atmospheric	open	https://en.wikipedia.org/wiki/List_of_unsolved_problems_in_physics	CC BY-SA 4.0
wp-amorphous-solid	Amorphous solid	physics	3	none				glass transition,phase,The New York Times,Science,glass	open	https://en.wikipedia.org/wiki/List_of_unsolved_problems_in_physics	CC BY-SA 4.0
wp-universality-of-low-temperature-amorphous-solids	Universality of low-temperature amorphous solids	physics	3	none				large,phonon,ratio,small,solids	open	https://en.wikipedia.org/wiki/List_of_unsolved_problems_in_physics	CC BY-SA 4.0
wp-cryogenic-electron-emission	Cryogenic electron emission	physics	3	none				photomultiplier,Europhysics Letters,electron,emission,absence	open	https://en.wikipedia.org/wiki/List_of_unsolved_problems_in_physics	CC BY-SA 4.0
wp-sonoluminescence	Sonoluminescence	physics	3	none				Proceedings of the Royal Society A: Mathematical, Physical and Engineering Sciences,bubbles,bursts,causes,emission	open	https://en.wikipedia.org/wiki/List_of_unsolved_problems_in_physics	CC BY-SA 4.0
wp-topological-order	Topological order	physics	3	none				temperature,self-correcting,quantum memory,Annals of Physics,order	open	https://en.wikipedia.org/wiki/List_of_unsolved_problems_in_physics	CC BY-SA 4.0
wp-gauge-block-wringing	Gauge block wringing	physics	3	none				gauge,allows,block,blocks,mechanism	open	https://en.wikipedia.org/wiki/List_of_unsolved_problems_in_physics	CC BY-SA 4.0
wp-fractional-hall-effect	Fractional Hall effect	physics	3	none				quantum Hall effect,non-Abelian fractional statistics,Nature Physics,fractional,effect	open	https://en.wikipedia.org/wiki/List_of_unsolved_problems_in_physics	CC BY-SA 4.0
wp-liquid-crystal	Liquid crystal	physics	3	none				nematic,smectic,universal,liquid,phase	open	https://en.wikipedia.org/wiki/List_of_unsolved_problems_in_physics	CC BY-SA 4.0
wp-semiconductor-nanocrystal	Semiconductor nanocrystal	physics	3	none				optical absorption transition,quantum dots,absorption,cause,dependence	open	https://en.wikipedia.org/wiki/List_of_unsolved_problems_in_physics	CC BY-SA 4.0
wp-metal-whiskering	Metal whiskering	physics	3	none				metallic,compressive,determined,devices,electrical	open	https://en.wikipedia.org/wiki/List_of_unsolved_problems_in_physics	CC BY-SA 4.0
wp-superfluid-transition-in-helium-4	Superfluid transition in helium-4	physics	3	none				between,capacity,critical,determinations,discrepancy	open	https://en.wikipedia.org/wiki/List_of_unsolved_problems_in_physics	CC BY-SA 4.0
wp-scharnhorst-effect	Scharnhorst effect	physics	3	none				faster than ''c'',Casimir effect,effect,between,casimir	open	https://en.wikipedia.org/wiki/List_of_unsolved_problems_in_physics	CC BY-SA 4.0
wp-threshold-problem	Threshold problem	physics	4	none				noisy intermediate-scale quantum era,quantum computers,fault tolerance,qubit,quantum error correction	open	https://en.wikipedia.org/wiki/List_of_unsolved_problems_in_physics	CC BY-SA 4.0
wp-topological-qubits	Topological qubits	physics	3	none				Topological quantum computer,Majorana zero modes,topological,built,computers	open	https://en.wikipedia.org/wiki/List_of_unsolved_problems_in_physics	CC BY-SA 4.0
wp-temperature	Temperature	physics	3	none				quantum,temperature,build,computers,computing	open	https://en.wikipedia.org/wiki/List_of_unsolved_problems_in_physics	CC BY-SA 4.0
wp-complexity-classes-problems	Complexity classes problems	physics	4	none				BQP,BPP,NP,between,relation	open	https://en.wikipedia.org/wiki/List_of_unsolved_problems_in_physics	CC BY-SA 4.0
wp-post-quantum-cryptography	Post-quantum cryptography	physics	3	none				against,computers,cryptographic,cryptography,post-quantum	open	https://en.wikipedia.org/wiki/List_of_unsolved_problems_in_physics	CC BY-SA 4.0
wp-quantum-capacity	Quantum capacity	physics	3	none				capacity,quantum,channel,general,physics	open	https://en.wikipedia.org/wiki/List_of_unsolved_problems_in_physics	CC BY-SA 4.0
wp-plasma-physics	Plasma physics	physics	3	none				fusion power,confined,H-mode,fusion,power	open	https://en.wikipedia.org/wiki/List_of_unsolved_problems_in_physics	CC BY-SA 4.0
wp-the-injection-problem	The injection problem	physics	4	none				Fermi acceleration,acceleration,fermi,mechanism,particles	open	https://en.wikipedia.org/wiki/List_of_unsolved_problems_in_physics	CC BY-SA 4.0
wp-alfvenic-turbulence	Alfvénic turbulence	physics	3	none				solar flare,coronal mass ejection,magnetospheric substorms,solar,turbulence	open	https://en.wikipedia.org/wiki/List_of_unsolved_problems_in_physics	CC BY-SA 4.0
wp-ball-lightning	Ball lightning	physics	3	none				atmospheric,electricity,exact,lightning,mystery	open	https://en.wikipedia.org/wiki/List_of_unsolved_problems_in_physics	CC BY-SA 4.0
wp-langmuir-s-paradox	Langmuir's paradox	physics	3	none				Maxwellian,thermalization,electron,being,collisions	open	https://en.wikipedia.org/wiki/List_of_unsolved_problems_in_physics	CC BY-SA 4.0
wp-abiogenesis	Abiogenesis	physics	3	none				abiogenesis,alone,created,physical,processes	open	https://en.wikipedia.org/wiki/List_of_unsolved_problems_in_physics	CC BY-SA 4.0
wp-stochasticity	Stochasticity	physics	3	none				noise,gene expression,Certain models,development,expression	open	https://en.wikipedia.org/wiki/List_of_unsolved_problems_in_physics	CC BY-SA 4.0
wp-quantitative-study-of-the-immune-system	Quantitative study of the immune system	physics	3	none				immune system,immune response,immune,quantitative,system	open	https://en.wikipedia.org/wiki/List_of_unsolved_problems_in_physics	CC BY-SA 4.0
wp-homochirality	Homochirality	physics	3	none				enantiomers,biochemical system,biochemical,homochirality,origin	open	https://en.wikipedia.org/wiki/List_of_unsolved_problems_in_physics	CC BY-SA 4.0
wp-magnetoreception	Magnetoreception	physics	3	none				animals,birds,earth,field,magnetic	open	https://en.wikipedia.org/wiki/List_of_unsolved_problems_in_physics	CC BY-SA 4.0
wp-quantum-biology	Quantum biology	physics	3	none				coherence,biology,aspects,biochemistry,biological	open	https://en.wikipedia.org/wiki/List_of_unsolved_problems_in_physics	CC BY-SA 4.0
wp-physical-understanding-of-biology	Physical understanding of biology	physics	3	none				action principles,robustness,modularity,evolvability,variability	open	https://en.wikipedia.org/wiki/List_of_unsolved_problems_in_physics	CC BY-SA 4.0
wp-interpretation-of-quantum-mechanics	Interpretation of quantum mechanics	physics	3	none				quantum,superposition,wavefunction collapse,quantum decoherence,measurement problem,quantum teleportation,quantum entanglement,category error	open	https://en.wikipedia.org/wiki/List_of_unsolved_problems_in_physics	CC BY-SA 4.0
wp-arrow-of-time	Arrow of time	physics	3	none				entropy's arrow of time,entropy,second law of thermodynamics,CP violation,causality,present,consciousness	open	https://en.wikipedia.org/wiki/List_of_unsolved_problems_in_physics	CC BY-SA 4.0
wp-locality	Locality	physics	3	none				American Journal of Physics,entanglement,Bell inequalities,non-local,phenomena	open	https://en.wikipedia.org/wiki/List_of_unsolved_problems_in_physics	CC BY-SA 4.0
wp-quantum-mind	Quantum mind	physics	3	none				quantum mechanical,entanglement,superposition,consciousness,quantum	open	https://en.wikipedia.org/wiki/List_of_unsolved_problems_in_physics	CC BY-SA 4.0
wp-perform-a-loophole-free-bell-test-experiment-19702015	Perform a loophole-free Bell test experiment (1970–2015)	physics	3	none		1970		loophole-free Bell test experiment,Kavli Institute of Nanoscience,Nature,New York Times,Physical Review Letters	solved	https://en.wikipedia.org/wiki/List_of_unsolved_problems_in_physics	CC BY-SA 4.0
wp-existence-of-gravitational-waves-19162016	Existence of gravitational waves (1916–2016)	physics	3	none		1916		gravitational wave,Advanced LIGO,directly detected gravitational waves,pair,merging	solved	https://en.wikipedia.org/wiki/List_of_unsolved_problems_in_physics	CC BY-SA 4.0
wp-numerical-solution-for-binary-black-hole-1960s2005	Numerical solution for binary black hole (1960s–2005)	physics	3	none		2005		binary black hole,annus mirabilis,numerical relativity,numerical,relativity	solved	https://en.wikipedia.org/wiki/List_of_unsolved_problems_in_physics	CC BY-SA 4.0
wp-cosmic-age-problem	Cosmic age problem	physics	4	none				estimates,stars,universe,accelerating,around	solved	https://en.wikipedia.org/wiki/List_of_unsolved_problems_in_physics	CC BY-SA 4.0
wp-existence-of-pentaquarks-19642015	Existence of pentaquarks (1964–2015)	physics	3	none		1964		pentaquark,LHCb,CERN,lambda baryon,J/ψ meson,kaon,proton,statistical significance	solved	https://en.wikipedia.org/wiki/List_of_unsolved_problems_in_physics	CC BY-SA 4.0
wp-higgs-boson	Higgs boson	physics	3	none		1963		electroweak symmetry breaking,W and Z bosons,Standard Model,technicolor,boson	solved	https://en.wikipedia.org/wiki/List_of_unsolved_problems_in_physics	CC BY-SA 4.0
wp-origin-of-mass	Origin of mass	physics	3	none				Higgs boson,Higgs field,higgs,particles,boson	solved	https://en.wikipedia.org/wiki/List_of_unsolved_problems_in_physics	CC BY-SA 4.0
wp-proton-radius-puzzle	Proton radius puzzle	physics	3	none		2010		charge radius,proton,first,measurements,radius	solved	https://en.wikipedia.org/wiki/List_of_unsolved_problems_in_physics	CC BY-SA 4.0
wp-origin-of-short-gamma-ray-burst-19932017	Origin of short gamma-ray burst (1993–2017)	physics	3	none		1993		gamma-ray burst,neutron star,kilonova,GRB 170817A,electromagnetic wave,gravitational wave,GW170817,Science	solved	https://en.wikipedia.org/wiki/List_of_unsolved_problems_in_physics	CC BY-SA 4.0
wp-missing-baryon-problem	Missing baryon problem	physics	4	none		1998		missing,baryon,baryons,intergalactic,located	solved	https://en.wikipedia.org/wiki/List_of_unsolved_problems_in_physics	CC BY-SA 4.0
wp-long-duration-gamma-ray-bursts-19932003	Long-duration gamma-ray bursts (1993–2003)	physics	3	none		1993		gamma-ray burst,supernova,collapsar,GRB 060614,long-duration	solved	https://en.wikipedia.org/wiki/List_of_unsolved_problems_in_physics	CC BY-SA 4.0
wp-solar-neutrino-problem	Solar neutrino problem	physics	4	none		1968		neutrino,Standard Model,particle physics,neutrino oscillation,physics	solved	https://en.wikipedia.org/wiki/List_of_unsolved_problems_in_physics	CC BY-SA 4.0
wp-solar-abundance-problem-19982022	Solar abundance problem (1998–2022)	physics	4	none		1998		metallicity,astronomical spectroscopy,helioseismology,solar,abundance	solved	https://en.wikipedia.org/wiki/List_of_unsolved_problems_in_physics	CC BY-SA 4.0
wp-voyager-2	Voyager 2	physics	3	none		2015		Cassini–Huygens,between,cassini,determination,discrepancy	solved	https://en.wikipedia.org/wiki/List_of_unsolved_problems_in_physics	CC BY-SA 4.0
wp-existence-of-time-crystals-20122016	Existence of time crystals (2012–2016)	physics	3	none		2012		time crystal,Frank Wilczek,Christopher Monroe,University of Maryland,Mikhail Lukin,Harvard University	solved	https://en.wikipedia.org/wiki/List_of_unsolved_problems_in_physics	CC BY-SA 4.0
wp-photon-underproduction-crisis	Photon underproduction crisis	physics	3	none		2014		factor,contribution,crisis,galaxy,larger	solved	https://en.wikipedia.org/wiki/List_of_unsolved_problems_in_physics	CC BY-SA 4.0
wp-hipparcos-anomaly	Hipparcos anomaly	physics	3	none		1997		Pleiades,distance,absolute magnitude,hipparcos,anomaly	solved	https://en.wikipedia.org/wiki/List_of_unsolved_problems_in_physics	CC BY-SA 4.0
wp-faster-than-light-neutrino-anomaly	Faster-than-light neutrino anomaly	physics	3	none		2011		OPERA experiment,neutrino,faster than light,light,opera	solved	https://en.wikipedia.org/wiki/List_of_unsolved_problems_in_physics	CC BY-SA 4.0
wp-pioneer-anomaly	Pioneer anomaly	physics	3	none		1980		Pioneer,thermal recoil force,accelerations,anomaly,believed	solved	https://en.wikipedia.org/wiki/List_of_unsolved_problems_in_physics	CC BY-SA 4.0
wp-brought-up-to-room-temperature	brought up to room temperature	chemistry	3	none			materials;pharma	temperature,brought,high-temperature,superconductors,transition	open	https://en.wikipedia.org/wiki/List_of_unsolved_problems_in_chemistry	CC BY-SA 4.0
wp-spinorbit-coupling	spin–orbit coupling	chemistry	3	none			materials;pharma	relativistic corrections,trans-actinide,Chemistry World,Royal Society of Chemistry,chemistry	open	https://en.wikipedia.org/wiki/List_of_unsolved_problems_in_chemistry	CC BY-SA 4.0
wp-is-it-possible-to-create-a-practically-useful-lithiumair-bat	Is it possible to create a practically useful lithium–air battery?	chemistry	3	none			materials;pharma	lithium–air battery,battery,create,lithium,possible	open	https://en.wikipedia.org/wiki/List_of_unsolved_problems_in_chemistry	CC BY-SA 4.0
wp-what-is-the-origin-of-homochirality-in-biomolecules	What is the origin of homochirality in biomolecules?	chemistry	3	none			materials;pharma	homochirality,biomolecules,origin,chemistry,open problem	open	https://en.wikipedia.org/wiki/List_of_unsolved_problems_in_chemistry	CC BY-SA 4.0
wp-kinetics	kinetics	chemistry	3	none			materials;pharma	organic reactions at the water-organic interface,accelerated,interface,kinetics,observed	open	https://en.wikipedia.org/wiki/List_of_unsolved_problems_in_chemistry	CC BY-SA 4.0
wp-diazonium-salts	diazonium salts	chemistry	3	none			materials;pharma	S<sub>N</sub>1,radical mechanism,dediazotizations,diazonium,mechanism	open	https://en.wikipedia.org/wiki/List_of_unsolved_problems_in_chemistry	CC BY-SA 4.0
wp-electrochemical-cell	electrochemical cell	chemistry	3	none			materials;pharma	organic redox reaction,American Association for the Advancement of Science,electrochemical,organic,perform	open	https://en.wikipedia.org/wiki/List_of_unsolved_problems_in_chemistry	CC BY-SA 4.0
wp-which-classic-organic-chemistry-reactions-admit-chiral-catal	"Which ""classic organic chemistry"" reactions admit chiral catalysts?"	chemistry	3	none			materials;pharma	chiral catalyst,admit,catalysts,chemistry,chiral	open	https://en.wikipedia.org/wiki/List_of_unsolved_problems_in_chemistry	CC BY-SA 4.0
wp-quaternary-carbon	quaternary carbon	chemistry	3	none			materials;pharma	arbitrary,carbon,construct,distinguishable,possible	open	https://en.wikipedia.org/wiki/List_of_unsolved_problems_in_chemistry	CC BY-SA 4.0
wp-artificial-enzyme	artificial enzyme	chemistry	3	none			materials;pharma	protecting group,artificial,compounds,enzymes,groups	open	https://en.wikipedia.org/wiki/List_of_unsolved_problems_in_chemistry	CC BY-SA 4.0
wp-are-there-any-molecules-that-certainly-contain-a-phi-bond	Are there any molecules that certainly contain a phi bond?	chemistry	3	none			materials;pharma	phi bond,certainly,contain,molecules,chemistry	open	https://en.wikipedia.org/wiki/List_of_unsolved_problems_in_chemistry	CC BY-SA 4.0
wp-titanium	titanium	chemistry	3	none			materials;pharma	refinement,Kroll process,energy-intensive,kroll,labor-	open	https://en.wikipedia.org/wiki/List_of_unsolved_problems_in_chemistry	CC BY-SA 4.0
wp-nitrogen	nitrogen	chemistry	3	none			materials;pharma	metastable,allotrope,standard conditions,Springer Science+Business Media,admit	open	https://en.wikipedia.org/wiki/List_of_unsolved_problems_in_chemistry	CC BY-SA 4.0
wp-can-new-solvents-or-other-techniques-make-direct-carbon-capt	Can new solvents or other techniques make direct carbon capture economical?	chemistry	3	none			materials;pharma	direct carbon capture,capture,carbon,direct,economical	open	https://en.wikipedia.org/wiki/List_of_unsolved_problems_in_chemistry	CC BY-SA 4.0
wp-artificial-photosynthesis	artificial photosynthesis	chemistry	3	none			materials;pharma	fuel,artificial,fuels,journal,photosynthesis	open	https://en.wikipedia.org/wiki/List_of_unsolved_problems_in_chemistry	CC BY-SA 4.0
wp-sulfur	sulfur	chemistry	3	none			materials;pharma	carbon,allotropes,catenary,method,reliable	open	https://en.wikipedia.org/wiki/List_of_unsolved_problems_in_chemistry	CC BY-SA 4.0
wp-enzyme-kinetics	Enzyme kinetics	chemistry	3	none			materials;pharma	enzyme,kinetics,enzymes,exhibit,faster-than-diffusion	open	https://en.wikipedia.org/wiki/List_of_unsolved_problems_in_chemistry	CC BY-SA 4.0
wp-protein-folding-problem	Protein folding problem	chemistry	4	none			materials;pharma	Protein folding,polypeptide,MIT OpenCourseWare,AlphaFold,DeepMind	open	https://en.wikipedia.org/wiki/List_of_unsolved_problems_in_chemistry	CC BY-SA 4.0
wp-rna-folding-problem	RNA folding problem:	chemistry	4	none			materials;pharma	RNA,sequence,accurately,based,environment	open	https://en.wikipedia.org/wiki/List_of_unsolved_problems_in_chemistry	CC BY-SA 4.0
wp-protein-design	Protein design:	chemistry	3	none			materials;pharma	Protein design,design,active,desired,enzymes	open	https://en.wikipedia.org/wiki/List_of_unsolved_problems_in_chemistry	CC BY-SA 4.0
wp-biosynthesis	Biosynthesis:	chemistry	3	none			materials;pharma	Biosynthesis,biosynthetic,desired,manipulation,molecules	open	https://en.wikipedia.org/wiki/List_of_unsolved_problems_in_chemistry	CC BY-SA 4.0
wp-origin-of-sexual-reproduction	Origin of sexual reproduction	biophysics	3	none			biotech;pharma	origin,reproduction,sexual,forces,fundamental	open	https://en.wikipedia.org/wiki/List_of_unsolved_problems_in_biology	CC BY-SA 4.0
wp-maintenance-of-sexual-reproduction	Maintenance of sexual reproduction	biophysics	3	none			biotech;pharma	reproduction,sexual,forces,fundamental,maintaining	open	https://en.wikipedia.org/wiki/List_of_unsolved_problems_in_biology	CC BY-SA 4.0
wp-origins-of-viruses-virus-world	Origins of viruses (Virus World).	biophysics	3	none			biotech;pharma	Origins of viruses,Virus World,viruses,different,exactly	open	https://en.wikipedia.org/wiki/List_of_unsolved_problems_in_biology	CC BY-SA 4.0
wp-morphology-problem	Morphology problem.	biophysics	4	none			biotech;pharma	Morphology,Developmental psychobiology,tissue,certain,formation	open	https://en.wikipedia.org/wiki/List_of_unsolved_problems_in_biology	CC BY-SA 4.0
wp-development-and-evolution-of-the-brain	Development and evolution of the brain.	biophysics	3	none			biotech;pharma	Development,evolution,brain,molecular,determinants	open	https://en.wikipedia.org/wiki/List_of_unsolved_problems_in_biology	CC BY-SA 4.0
wp-origin-of-eukaryotes-symbiogenesis	Origin of Eukaryotes (Symbiogenesis).	biophysics	3	none			biotech;pharma	Eukaryotes,Symbiogenesis,cells,eukaryotic,first	open	https://en.wikipedia.org/wiki/List_of_unsolved_problems_in_biology	CC BY-SA 4.0
wp-last-universal-common-ancestor	Last universal common ancestor.	biophysics	3	none			biotech;pharma	Last universal common ancestor,ancestor,common,universal,archaea	open	https://en.wikipedia.org/wiki/List_of_unsolved_problems_in_biology	CC BY-SA 4.0
wp-the-lipid-divide	The lipid divide:	biophysics	3	none			biotech;pharma	lipid divide,archaea,glycerophospholipid,membrane,bacteria	open	https://en.wikipedia.org/wiki/List_of_unsolved_problems_in_biology	CC BY-SA 4.0
wp-biological-homochirality	Biological homochirality	biophysics	3	none			biotech;pharma	homochirality,racemic,biological,organisms,acids	open	https://en.wikipedia.org/wiki/List_of_unsolved_problems_in_biology	CC BY-SA 4.0
wp-what-do-all-the-unknown-proteins-do	What do all the unknown proteins do?	biophysics	3	none			biotech;pharma	unknown,proteins,conserved,across,around	open	https://en.wikipedia.org/wiki/List_of_unsolved_problems_in_biology	CC BY-SA 4.0
wp-determinants-of-cell-size	Determinants of cell size.	biophysics	3	none			biotech;pharma	cell size,before,cells,determinants,determine	open	https://en.wikipedia.org/wiki/List_of_unsolved_problems_in_biology	CC BY-SA 4.0
wp-golgi-apparatus	Golgi apparatus.	biophysics	3	none			biotech;pharma	Golgi apparatus,cell theory,transport mechanism,apparatus,golgi	open	https://en.wikipedia.org/wiki/List_of_unsolved_problems_in_biology	CC BY-SA 4.0
wp-mechanism-of-action-of-drugs	Mechanism of action of drugs.	biophysics	3	none			biotech;pharma	Mechanism of action,lithium,thalidomide,ketamine,action	open	https://en.wikipedia.org/wiki/List_of_unsolved_problems_in_biology	CC BY-SA 4.0
wp-rosetta	Rosetta	biophysics	3	none			biotech;pharma	AlphaFold,prediction,structure,accuracy,accurate	open	https://en.wikipedia.org/wiki/List_of_unsolved_problems_in_biology	CC BY-SA 4.0
wp-inverse-protein-folding-problem-protein-design	Inverse protein-folding problem (protein design)	biophysics	4	none			biotech;pharma	protein design,Top7,Large language model,protein,design	open	https://en.wikipedia.org/wiki/List_of_unsolved_problems_in_biology	CC BY-SA 4.0
wp-protein-dynamics	protein dynamics	biophysics	3	none			biotech;pharma	Wet lab,molecular dynamics,Folding@home,folding,dynamics	open	https://en.wikipedia.org/wiki/List_of_unsolved_problems_in_biology	CC BY-SA 4.0
wp-intrinsically-disordered-proteins	intrinsically disordered proteins	biophysics	3	none			biotech;pharma	proteins,study,advanced,disordered,fixed	open	https://en.wikipedia.org/wiki/List_of_unsolved_problems_in_biology	CC BY-SA 4.0
wp-concerted	concerted	biophysics	3	none			biotech;pharma	sequential model,allosteric,concerted,hypothesised,mechanism	open	https://en.wikipedia.org/wiki/List_of_unsolved_problems_in_biology	CC BY-SA 4.0
wp-what-are-the-endogenous-ligands-of-orphan-receptors	What are the endogenous ligands of orphan receptors?	biophysics	3	none			biotech;pharma	ligands,orphan receptor,endogenous,orphan,receptors	open	https://en.wikipedia.org/wiki/List_of_unsolved_problems_in_biology	CC BY-SA 4.0
wp-what-substance-is-endothelium-derived-hyperpolarizing-factor	What substance is endothelium-derived hyperpolarizing factor?	biophysics	3	none			biotech;pharma	endothelium-derived hyperpolarizing factor,endothelium-derived,factor,hyperpolarizing,substance	open	https://en.wikipedia.org/wiki/List_of_unsolved_problems_in_biology	CC BY-SA 4.0
wp-mechanism-of-golgi-s-method	Mechanism of Golgi's method:	biophysics	3	none			biotech;pharma	Golgi's method,method,cells,color,golgi	open	https://en.wikipedia.org/wiki/List_of_unsolved_problems_in_biology	CC BY-SA 4.0
wp-why-does-biological-aging-occur	Why does biological aging occur?	biophysics	3	none			biotech;pharma	biological aging,damage to DNA,biological,damage,accumulative	open	https://en.wikipedia.org/wiki/List_of_unsolved_problems_in_biology	CC BY-SA 4.0
wp-how-do-organs-grow-to-the-correct-shape-and-size	How do organs grow to the correct shape and size?	biophysics	3	none			biotech;pharma	Hippo signaling pathway,organs,shape,controlled,correct	open	https://en.wikipedia.org/wiki/List_of_unsolved_problems_in_biology	CC BY-SA 4.0
wp-can-developing-biological-systems-tell-the-time	Can developing biological systems tell the time?	biophysics	3	none			biotech;pharma	CLOCK,appears,biological,developing,extent	open	https://en.wikipedia.org/wiki/List_of_unsolved_problems_in_biology	CC BY-SA 4.0
wp-star-jelly	Star jelly	biophysics	3	none			biotech;pharma	about,complete,explanation,jelly,lacking	open	https://en.wikipedia.org/wiki/List_of_unsolved_problems_in_biology	CC BY-SA 4.0
wp-forest-ring	Forest ring	biophysics	3	none			biotech;pharma	kimberlite pipes,forest,rings,buried,craters	open	https://en.wikipedia.org/wiki/List_of_unsolved_problems_in_biology	CC BY-SA 4.0
wp-handedness	Handedness:	biophysics	3	none			biotech;pharma	Handedness,common,develops,left-handedness,purpose	open	https://en.wikipedia.org/wiki/List_of_unsolved_problems_in_biology	CC BY-SA 4.0
wp-laughter	Laughter:	biophysics	3	none			biotech;pharma	Laughter,accepted,communication,evolved,exact	open	https://en.wikipedia.org/wiki/List_of_unsolved_problems_in_biology	CC BY-SA 4.0
wp-yawning	Yawning:	biophysics	3	none			biotech;pharma	Yawning,biological,established,purpose,social	open	https://en.wikipedia.org/wiki/List_of_unsolved_problems_in_biology	CC BY-SA 4.0
wp-heritable-components-of-homosexuality	Heritable components of homosexuality	biophysics	3	none			biotech;pharma	homosexuality,components,heritable,human,across	open	https://en.wikipedia.org/wiki/List_of_unsolved_problems_in_biology	CC BY-SA 4.0
wp-decline-in-average-human-body-temperature-since-the-19th-cen	Decline in average human body temperature since the 19th century:	biophysics	3	none			biotech;pharma	Scientific American,average,century,reduced,since	open	https://en.wikipedia.org/wiki/List_of_unsolved_problems_in_biology	CC BY-SA 4.0
wp-why-are-there-blood-types	Why are there blood types?	biophysics	3	none			biotech;pharma	blood types,blood,types,accounts,differences	open	https://en.wikipedia.org/wiki/List_of_unsolved_problems_in_biology	CC BY-SA 4.0
wp-photic-sneeze-effect	Photic sneeze effect:	biophysics	3	none			biotech;pharma	Photic sneeze effect,effect,photic,sneeze,causes	open	https://en.wikipedia.org/wiki/List_of_unsolved_problems_in_biology	CC BY-SA 4.0
wp-human-sex-pheromones	Human sex pheromones:	biophysics	3	none			biotech;pharma	Human sex pheromones,human,pheromones,actually,affect	open	https://en.wikipedia.org/wiki/List_of_unsolved_problems_in_biology	CC BY-SA 4.0
wp-existence-of-the-grafenberg-spot-g-spot	Existence of the Grafenberg spot (G-spot):	biophysics	3	none			biotech;pharma	Grafenberg spot,g-spot,actually,exactly,existence	open	https://en.wikipedia.org/wiki/List_of_unsolved_problems_in_biology	CC BY-SA 4.0
wp-extinction-of-archaic-humans	Extinction of archaic humans:	biophysics	3	none			biotech;pharma	archaic humans,Neanderthals,Homo sapiens,archaic,humans	open	https://en.wikipedia.org/wiki/List_of_unsolved_problems_in_biology	CC BY-SA 4.0
wp-love	Love:	biophysics	3	none			biotech;pharma	Love,pair bonding,romantic love,co-opting,selection pressure	open	https://en.wikipedia.org/wiki/List_of_unsolved_problems_in_biology	CC BY-SA 4.0
wp-neuroplasticity	Neuroplasticity:	biophysics	3	none			biotech;pharma	Neuroplasticity,plastic,brain,mature,biophysics	open	https://en.wikipedia.org/wiki/List_of_unsolved_problems_in_biology	CC BY-SA 4.0
wp-general-anaesthetic	General anaesthetic	biophysics	3	none			biotech;pharma	'''General anaesthetic''',general,anaesthetic,anesthetics,mechanism	open	https://en.wikipedia.org/wiki/List_of_unsolved_problems_in_biology	CC BY-SA 4.0
wp-neuropsychiatric-diseases	Neuropsychiatric diseases:	biophysics	3	none			biotech;pharma	Neuropsychiatric diseases,mental,mania,schizophrenia,Parkinson's disease,Alzheimer's disease,addiction	open	https://en.wikipedia.org/wiki/List_of_unsolved_problems_in_biology	CC BY-SA 4.0
wp-neural-computation	Neural computation:	biophysics	3	none			biotech;pharma	neuron,brain,computation,different,neural	open	https://en.wikipedia.org/wiki/List_of_unsolved_problems_in_biology	CC BY-SA 4.0
wp-cognition-and-decisions	Cognition and decisions:	biophysics	3	none			biotech;pharma	Cognition,decisions,reward,cost,behavior	open	https://en.wikipedia.org/wiki/List_of_unsolved_problems_in_biology	CC BY-SA 4.0
wp-computational-neuroscience	Computational neuroscience:	biophysics	3	none			biotech;pharma	Computational neuroscience,action potential,information,brain,processing	open	https://en.wikipedia.org/wiki/List_of_unsolved_problems_in_biology	CC BY-SA 4.0
wp-computational-theory-of-mind	Computational theory of mind:	biophysics	3	none			biotech;pharma	Computational theory of mind,computational,computing,limits,theory	open	https://en.wikipedia.org/wiki/List_of_unsolved_problems_in_biology	CC BY-SA 4.0
wp-consciousness	Consciousness:	biophysics	3	none			biotech;pharma	Consciousness,brain,subjective experience,alertness,arousal,attention,binding,hard problem of consciousness	open	https://en.wikipedia.org/wiki/List_of_unsolved_problems_in_biology	CC BY-SA 4.0
wp-free-will	Free will:	biophysics	3	none			biotech;pharma	Free will,neuroscience of free will,humans,neuroscience,organisms	open	https://en.wikipedia.org/wiki/List_of_unsolved_problems_in_biology	CC BY-SA 4.0
wp-language	Language:	biophysics	3	none			biotech;pharma	Language,semantic,meaning,basis,implemented	open	https://en.wikipedia.org/wiki/List_of_unsolved_problems_in_biology	CC BY-SA 4.0
wp-learning-and-memory	Learning and memory:	biophysics	3	none			biotech;pharma	Learning,memory,explicit,implicit,synaptic tagging	open	https://en.wikipedia.org/wiki/List_of_unsolved_problems_in_biology	CC BY-SA 4.0
wp-the-emergence-and-evolution-of-intelligence	The emergence and evolution of intelligence:	biophysics	3	none			biotech;pharma	emergence,evolution,intelligence,idea,insight,intuition,decision-making,eureka	open	https://en.wikipedia.org/wiki/List_of_unsolved_problems_in_biology	CC BY-SA 4.0
wp-perception	Perception:	biophysics	3	none			biotech;pharma	Perception,brain,sensory,coherent, private percepts,rules,senses,physical	open	https://en.wikipedia.org/wiki/List_of_unsolved_problems_in_biology	CC BY-SA 4.0
wp-paradox-of-the-plankton	Paradox of the plankton	biophysics	3	none			biotech;pharma	diversity,phytoplankton,competitive exclusion principle,competitive,exclusion	open	https://en.wikipedia.org/wiki/List_of_unsolved_problems_in_biology	CC BY-SA 4.0
wp-ediacaran-biota	Ediacaran biota	biophysics	3	none			biotech;pharma	biota,ediacaran,belong,cambrian,classified	open	https://en.wikipedia.org/wiki/List_of_unsolved_problems_in_biology	CC BY-SA 4.0
wp-cambrian-explosion	Cambrian explosion	biophysics	3	none			biotech;pharma	Cambrian,phyla,animal,almost,apparent	open	https://en.wikipedia.org/wiki/List_of_unsolved_problems_in_biology	CC BY-SA 4.0
wp-darwin-s-abominable-mystery	Darwin's abominable mystery	biophysics	3	none			biotech;pharma	botany,plant,flower,flowers,abominable	open	https://en.wikipedia.org/wiki/List_of_unsolved_problems_in_biology	CC BY-SA 4.0
wp-facetotecta	Facetotecta	biophysics	3	none			biotech;pharma	adult,animal,encountered,facetotecta,grows	open	https://en.wikipedia.org/wiki/List_of_unsolved_problems_in_biology	CC BY-SA 4.0
wp-snake	snake	biophysics	3	none			biotech;pharma	lizards,snakes,aquatic,burrowing,evidence	open	https://en.wikipedia.org/wiki/List_of_unsolved_problems_in_biology	CC BY-SA 4.0
wp-turtle	turtle	biophysics	3	none			biotech;pharma	anapsid,diapsid,turtles,anapsids,diapsids	open	https://en.wikipedia.org/wiki/List_of_unsolved_problems_in_biology	CC BY-SA 4.0
wp-paleodictyon	Paleodictyon	biophysics	3	none			biotech;pharma	confirm,counterparts,despite,evidence,fossil	open	https://en.wikipedia.org/wiki/List_of_unsolved_problems_in_biology	CC BY-SA 4.0
wp-francevillian-biota	Francevillian biota	biophysics	3	none			biotech;pharma	biota,early,francevillian,multicellular,organisms	open	https://en.wikipedia.org/wiki/List_of_unsolved_problems_in_biology	CC BY-SA 4.0
wp-snowball-earth	Snowball Earth	biophysics	3	none			biotech;pharma	Cryogenian,animals,early,earth,effect	open	https://en.wikipedia.org/wiki/List_of_unsolved_problems_in_biology	CC BY-SA 4.0
wp-eocyathispongia	Eocyathispongia	biophysics	3	none			biotech;pharma	sponge,choanocyte,choanocytes,early,eocyathispongia	open	https://en.wikipedia.org/wiki/List_of_unsolved_problems_in_biology	CC BY-SA 4.0
wp-vernanimalcula-guizhouena	Vernanimalcula guizhouena	biophysics	3	none			biotech;pharma	bilaterian,early,fossil,guizhouena,organism	open	https://en.wikipedia.org/wiki/List_of_unsolved_problems_in_biology	CC BY-SA 4.0
wp-tullimonstrum	Tullimonstrum	biophysics	3	none			biotech;pharma	fossil,organism,position,taxonomic,tullimonstrum	open	https://en.wikipedia.org/wiki/List_of_unsolved_problems_in_biology	CC BY-SA 4.0
wp-planctosphaera-pelagica	Planctosphaera pelagica	biophysics	3	none			biotech;pharma	hemichordate,tornaria,larvae,acorn worm,class	open	https://en.wikipedia.org/wiki/List_of_unsolved_problems_in_biology	CC BY-SA 4.0
wp-xenacoelomorpha	Xenacoelomorpha	biophysics	3	none			biotech;pharma	deuterostome,Xenambulacraria,echinoderm,hemichordate,bilateria,Nephrozoa	open	https://en.wikipedia.org/wiki/List_of_unsolved_problems_in_biology	CC BY-SA 4.0
wp-jennaria-pulchra	Jennaria pulchra	biophysics	3	none			biotech;pharma	animal,establish,jennaria,position,pulchra	open	https://en.wikipedia.org/wiki/List_of_unsolved_problems_in_biology	CC BY-SA 4.0
wp-nervous-system	Nervous system	biophysics	3	none			biotech;pharma	Lobatocerebrida,annelid,sense organ,brain,annelids	open	https://en.wikipedia.org/wiki/List_of_unsolved_problems_in_biology	CC BY-SA 4.0
wp-diurodrilus	Diurodrilus	biophysics	3	none			biotech;pharma	micrognathozoan,Limnognathia maerski,diurodrilus,annelid,between	open	https://en.wikipedia.org/wiki/List_of_unsolved_problems_in_biology	CC BY-SA 4.0
wp-pentastomids	pentastomids	biophysics	3	none			biotech;pharma	Argulidae,Panarthropoda,ancient,group,lineage	open	https://en.wikipedia.org/wiki/List_of_unsolved_problems_in_biology	CC BY-SA 4.0
wp-taxonomic-position-of-tricholepidion-gertschi	Taxonomic position of Tricholepidion gertschi	biophysics	3	none			biotech;pharma	Tricholepidion gertschi,Zygentoma,insect,ancient,gertschi	open	https://en.wikipedia.org/wiki/List_of_unsolved_problems_in_biology	CC BY-SA 4.0
wp-princeton-university-press	Princeton University Press	biophysics	3	none			biotech;pharma	change,climate,complex,environments,novel	open	https://en.wikipedia.org/wiki/List_of_unsolved_problems_in_biology	CC BY-SA 4.0
wp-variability	variability	biophysics	3	none			biotech;pharma	across,importance,mechanisms,relative,scales	open	https://en.wikipedia.org/wiki/List_of_unsolved_problems_in_biology	CC BY-SA 4.0
wp-population-density	population density	biophysics	3	none			biotech;pharma	population,density,density-dependent,density-independent,determines	open	https://en.wikipedia.org/wiki/List_of_unsolved_problems_in_biology	CC BY-SA 4.0
wp-persistence-paradox	Persistence paradox	biophysics	3	none			biotech;pharma	species,almost,evolution,extinction,never	open	https://en.wikipedia.org/wiki/List_of_unsolved_problems_in_biology	CC BY-SA 4.0
wp-superorganism	superorganism	biophysics	3	none			biotech;pharma	the Earth be a superorganism,unit of selection,superorganism,collection,could	open	https://en.wikipedia.org/wiki/List_of_unsolved_problems_in_biology	CC BY-SA 4.0
wp-pogonomyrmex-badius	Pogonomyrmex badius	biophysics	3	none			biotech;pharma	badius,charcoal,circular,colonies,cover	open	https://en.wikipedia.org/wiki/List_of_unsolved_problems_in_biology	CC BY-SA 4.0
wp-homing	Homing	biophysics	3	none			biotech;pharma	homing,allow,animals,explanation,found	open	https://en.wikipedia.org/wiki/List_of_unsolved_problems_in_biology	CC BY-SA 4.0
wp-flocking	Flocking	biophysics	3	none			biotech;pharma	flocks,behavior,birds,coordinate,flocking	open	https://en.wikipedia.org/wiki/List_of_unsolved_problems_in_biology	CC BY-SA 4.0
wp-butterfly-migration	Butterfly migration	biophysics	3	none			biotech;pharma	monarch butterfly,butterfly,after,canada,descendants	open	https://en.wikipedia.org/wiki/List_of_unsolved_problems_in_biology	CC BY-SA 4.0
wp-blue-whale	Blue whale	biophysics	3	none			biotech;pharma	whale,sexuality,biophysics,open problem,biology	open	https://en.wikipedia.org/wiki/List_of_unsolved_problems_in_biology	CC BY-SA 4.0
wp-gall-inducing-insect	Gall-inducing insect	biophysics	3	none			biotech;pharma	gall-inducing,insects,evolved,habit,adaptation	open	https://en.wikipedia.org/wiki/List_of_unsolved_problems_in_biology	CC BY-SA 4.0
wp-korarchaeota	Korarchaeota	biophysics	3	none			biotech;pharma	archaea,korarchaeota,metabolic,phylum,processes	open	https://en.wikipedia.org/wiki/List_of_unsolved_problems_in_biology	CC BY-SA 4.0
wp-glycogen-body	Glycogen body	biophysics	3	none			biotech;pharma	birds,function,glycogen,spinal,structure	open	https://en.wikipedia.org/wiki/List_of_unsolved_problems_in_biology	CC BY-SA 4.0
wp-arthropod-head-problem	Arthropod head problem	biophysics	4	none			biotech;pharma	arthropod,composition,concerning,dispute,evolutionarily	open	https://en.wikipedia.org/wiki/List_of_unsolved_problems_in_biology	CC BY-SA 4.0
wp-basking-shark	basking shark	biophysics	3	none			biotech;pharma	basking,sharks,appears,female,function	open	https://en.wikipedia.org/wiki/List_of_unsolved_problems_in_biology	CC BY-SA 4.0
wp-stegosaur	Stegosaur	biophysics	3	none			biotech;pharma	osteoderms,scutes,debate,display,function	open	https://en.wikipedia.org/wiki/List_of_unsolved_problems_in_biology	CC BY-SA 4.0
wp-vanadocyte	vanadocyte	biophysics	3	none			biotech;pharma	blood cell,tunicate,Vacuole,vanadium,pH	open	https://en.wikipedia.org/wiki/List_of_unsolved_problems_in_biology	CC BY-SA 4.0
wp-metabolism	Metabolism	biophysics	3	none			biotech;pharma	Henneguya zschokkei,myxozoa,cnidaria,mitochondria,aerobic respiration	open	https://en.wikipedia.org/wiki/List_of_unsolved_problems_in_biology	CC BY-SA 4.0
wp-mitochondria	Mitochondria	biophysics	3	none			biotech;pharma	loricifera,anoxic conditions,L'Atalante basin,Spinoloricus cinziae,anoxic	open	https://en.wikipedia.org/wiki/List_of_unsolved_problems_in_biology	CC BY-SA 4.0
wp-parakaryon	Parakaryon	biophysics	3	none			biotech;pharma	affinities,arise,artifact,creature,function	open	https://en.wikipedia.org/wiki/List_of_unsolved_problems_in_biology	CC BY-SA 4.0
wp-how-does-life-arise-from-the-non-living	How does life arise from the non-living?	biophysics	3	none			biotech;pharma	non-living,arise,biophysics,open problem,biology	open	https://en.wikipedia.org/wiki/List_of_unsolved_problems_in_biology	CC BY-SA 4.0
wp-what-are-the-potentials-and-limits-of-living-systems	What are the potentials and limits of living systems?	biophysics	3	none			biotech;pharma	limits,living,potentials,systems,biophysics	open	https://en.wikipedia.org/wiki/List_of_unsolved_problems_in_biology	CC BY-SA 4.0
wp-how-is-life-related-to-mind-machines-and-culture	How is life related to mind, machines, and culture?	biophysics	3	none			biotech;pharma	culture,machines,related,biophysics,open problem	open	https://en.wikipedia.org/wiki/List_of_unsolved_problems_in_biology	CC BY-SA 4.0
wp-what-is-the-relationship-between-bqp-and-np	What is the relationship between BQP and NP?	information	3	none			software;cryptography	BQP,NP,between,relationship,information	open	https://en.wikipedia.org/wiki/List_of_unsolved_problems_in_computer_science	CC BY-SA 4.0
wp-nc-p-problem	NC = P problem	information	4	none			software;cryptography	information,open problem,computer science,wikipedia list	open	https://en.wikipedia.org/wiki/List_of_unsolved_problems_in_computer_science	CC BY-SA 4.0
wp-np-co-np-problem	NP = co-NP problem	information	4	none			software;cryptography	co-np,information,open problem,computer science,wikipedia list	open	https://en.wikipedia.org/wiki/List_of_unsolved_problems_in_computer_science	CC BY-SA 4.0
wp-p-bpp-problem	P = BPP problem	information	4	none			software;cryptography	information,open problem,computer science,wikipedia list	open	https://en.wikipedia.org/wiki/List_of_unsolved_problems_in_computer_science	CC BY-SA 4.0
wp-p-pspace-problem	P = PSPACE problem	information	4	none			software;cryptography	pspace,information,open problem,computer science,wikipedia list	open	https://en.wikipedia.org/wiki/List_of_unsolved_problems_in_computer_science	CC BY-SA 4.0
wp-l-nl-problem	L = NL problem	information	4	none			software;cryptography	information,open problem,computer science,wikipedia list	open	https://en.wikipedia.org/wiki/List_of_unsolved_problems_in_computer_science	CC BY-SA 4.0
wp-ph-pspace-problem	PH = PSPACE problem	information	4	none			software;cryptography	pspace,information,open problem,computer science,wikipedia list	open	https://en.wikipedia.org/wiki/List_of_unsolved_problems_in_computer_science	CC BY-SA 4.0
wp-l-p-problem	L = P problem	information	4	none			software;cryptography	information,open problem,computer science,wikipedia list	open	https://en.wikipedia.org/wiki/List_of_unsolved_problems_in_computer_science	CC BY-SA 4.0
wp-l-rl-problem	L = RL problem	information	4	none			software;cryptography	RL,information,open problem,computer science,wikipedia list	open	https://en.wikipedia.org/wiki/List_of_unsolved_problems_in_computer_science	CC BY-SA 4.0
wp-is-the-exponential-time-hypothesis-true	Is the exponential time hypothesis true?	information	4	none			software;cryptography	exponential time hypothesis,exponential,hypothesis,information,open problem	open	https://en.wikipedia.org/wiki/List_of_unsolved_problems_in_computer_science	CC BY-SA 4.0
wp-is-the-strong-exponential-time-hypothesis-seth-true	Is the strong exponential time hypothesis (SETH) true?	information	4	none			software;cryptography	exponential,hypothesis,strong,information,open problem	open	https://en.wikipedia.org/wiki/List_of_unsolved_problems_in_computer_science	CC BY-SA 4.0
wp-do-one-way-functions-exist	Do one-way functions exist?	information	3	none			software;cryptography	one-way function,functions,one-way,information,open problem	open	https://en.wikipedia.org/wiki/List_of_unsolved_problems_in_computer_science	CC BY-SA 4.0
wp-is-public-key-cryptography-possible	Is public-key cryptography possible?	information	3	none			software;cryptography	public-key cryptography,cryptography,possible,public-key,information	open	https://en.wikipedia.org/wiki/List_of_unsolved_problems_in_computer_science	CC BY-SA 4.0
wp-log-rank-conjecture	Log-rank conjecture	information	4	none			software;cryptography	log-rank,information,open problem,computer science,wikipedia list	open	https://en.wikipedia.org/wiki/List_of_unsolved_problems_in_computer_science	CC BY-SA 4.0
wp-integer-factorization	integer factorization	information	3	none			software;cryptography	polynomial time,classical,computer,factorization,integer	open	https://en.wikipedia.org/wiki/List_of_unsolved_problems_in_computer_science	CC BY-SA 4.0
wp-shortest-vector	shortest vector	information	3	none			software;cryptography	classical,computed,computer,lattice,polynomial	open	https://en.wikipedia.org/wiki/List_of_unsolved_problems_in_computer_science	CC BY-SA 4.0
wp-graph-isomorphism-problem	graph isomorphism problem	information	4	none			software;cryptography	classical,computer,graph,isomorphism,polynomial	open	https://en.wikipedia.org/wiki/List_of_unsolved_problems_in_computer_science	CC BY-SA 4.0
wp-graph-canonization	graph canonization	information	3	none			software;cryptography	graph,canonization,equivalent,isomorphism,polynomial-time	open	https://en.wikipedia.org/wiki/List_of_unsolved_problems_in_computer_science	CC BY-SA 4.0
wp-can-leaf-powers-and-leaf-powers-be-recognized-in-polynomial	Can leaf powers and -leaf powers be recognized in polynomial time?	information	3	none			software;cryptography	leaf power,powers,polynomial,recognized,information	open	https://en.wikipedia.org/wiki/List_of_unsolved_problems_in_computer_science	CC BY-SA 4.0
wp-can-parity-games-be-solved-in-polynomial-time	Can parity games be solved in polynomial time?	information	3	none			software;cryptography	parity game,games,parity,polynomial,solved	open	https://en.wikipedia.org/wiki/List_of_unsolved_problems_in_computer_science	CC BY-SA 4.0
wp-clique-width	clique-width	information	3	none			software;cryptography	SIAM Journal on Discrete Mathematics,bounded,clique-width,graphs,polynomial	open	https://en.wikipedia.org/wiki/List_of_unsolved_problems_in_computer_science	CC BY-SA 4.0
wp-simple-closed-quasigeodesic	simple closed quasigeodesic	information	3	none			software;cryptography	closed,convex,polyhedron,polynomial,quasigeodesic	open	https://en.wikipedia.org/wiki/List_of_unsolved_problems_in_computer_science	CC BY-SA 4.0
wp-simultaneous-embedding	simultaneous embedding	information	3	none			software;cryptography	edges,embedding,fixed,found,graphs	open	https://en.wikipedia.org/wiki/List_of_unsolved_problems_in_computer_science	CC BY-SA 4.0
wp-square-root-sum-problem	square-root sum problem	information	4	none			software;cryptography	machine,model,polynomial,solved,square-root	open	https://en.wikipedia.org/wiki/List_of_unsolved_problems_in_computer_science	CC BY-SA 4.0
wp-hilbert-s-tenth-problem-over-the-field-of-rational-numbers	Hilbert's tenth problem over the field of rational numbers	information	4	none			software;cryptography	field,hilbert,rational,tenth,information	open	https://en.wikipedia.org/wiki/List_of_unsolved_problems_in_computer_science	CC BY-SA 4.0
wp-the-dynamic-optimality-conjecture	The dynamic optimality conjecture	information	4	none			software;cryptography	dynamic optimality conjecture,bounded,competitive,dynamic,optimality	open	https://en.wikipedia.org/wiki/List_of_unsolved_problems_in_computer_science	CC BY-SA 4.0
wp-can-a-depth-first-search-tree-be-constructed-in-nc	Can a depth-first search tree be constructed in NC?	information	3	none			software;cryptography	depth-first search tree,NC,constructed,depth-first,search	open	https://en.wikipedia.org/wiki/List_of_unsolved_problems_in_computer_science	CC BY-SA 4.0
wp-can-the-fast-fourier-transform-be-computed-in-time	Can the fast Fourier transform be computed in time?	information	3	none			software;cryptography	fast Fourier transform,computed,fourier,transform,information	open	https://en.wikipedia.org/wiki/List_of_unsolved_problems_in_computer_science	CC BY-SA 4.0
wp-what-is-the-fastest-algorithm-for-multiplication-of-two-n-di	What is the fastest algorithm for multiplication of two n-digit numbers?	information	3	none			software;cryptography	algorithm for multiplication,algorithm,fastest,multiplication,n-digit	open	https://en.wikipedia.org/wiki/List_of_unsolved_problems_in_computer_science	CC BY-SA 4.0
wp-shellsort	Shellsort	information	3	none			software;cryptography	average-case,complexity,deterministic,fixed,lowest	open	https://en.wikipedia.org/wiki/List_of_unsolved_problems_in_computer_science	CC BY-SA 4.0
wp-can-3sum-be-solved-in-strongly-sub-quadratic-time-that-is-in	Can 3SUM be solved in strongly sub-quadratic time, that is, in time for some ?	information	3	none			software;cryptography	3SUM,solved,strongly,sub-quadratic,information	open	https://en.wikipedia.org/wiki/List_of_unsolved_problems_in_computer_science	CC BY-SA 4.0
wp-edit-distance	edit distance	information	3	none			software;cryptography	exponential time hypothesis,between,computed,distance,exponential	open	https://en.wikipedia.org/wiki/List_of_unsolved_problems_in_computer_science	CC BY-SA 4.0
wp-can-x-y-sorting-be-done-in-time	Can X + Y sorting be done in time?	information	3	none			software;cryptography	X + Y sorting,sorting,information,open problem,computer science	open	https://en.wikipedia.org/wiki/List_of_unsolved_problems_in_computer_science	CC BY-SA 4.0
wp-what-is-the-fastest-algorithm-for-matrix-multiplication	What is the fastest algorithm for matrix multiplication?	information	3	none			software;cryptography	fastest algorithm for matrix multiplication,algorithm,fastest,matrix,multiplication	open	https://en.wikipedia.org/wiki/List_of_unsolved_problems_in_computer_science	CC BY-SA 4.0
wp-all-pairs-shortest-paths	all-pairs shortest paths	information	3	none			software;cryptography	all-pairs,computed,paths,shortest,strongly	open	https://en.wikipedia.org/wiki/List_of_unsolved_problems_in_computer_science	CC BY-SA 4.0
wp-can-the-schwartzzippel-lemma-for-polynomial-identity-testing	Can the Schwartz–Zippel lemma for polynomial identity testing be derandomized?	information	3	none			software;cryptography	Schwartz–Zippel lemma,polynomial identity testing,derandomized,identity,lemma	open	https://en.wikipedia.org/wiki/List_of_unsolved_problems_in_computer_science	CC BY-SA 4.0
wp-linear-programming	linear programming	information	3	none			software;cryptography	strongly-polynomial time,Smale's list,admit,algorithm,linear	open	https://en.wikipedia.org/wiki/List_of_unsolved_problems_in_computer_science	CC BY-SA 4.0
wp-how-many-queries-are-required-for-envy-free-cake-cutting	How many queries are required for envy-free cake-cutting?	information	3	none			software;cryptography	envy-free cake-cutting,cake-cutting,envy-free,queries,required	open	https://en.wikipedia.org/wiki/List_of_unsolved_problems_in_computer_science	CC BY-SA 4.0
wp-minimum-spanning-tree-problem	minimum spanning tree problem	information	4	none			software;cryptography	decision tree,known,complexity,decision,algorithm	open	https://en.wikipedia.org/wiki/List_of_unsolved_problems_in_computer_science	CC BY-SA 4.0
wp-barendregtgeuversklop-conjecture	Barendregt–Geuvers–Klop conjecture	information	4	none			software;cryptography	normalizing,barendregt,geuvers,strongly,system	open	https://en.wikipedia.org/wiki/List_of_unsolved_problems_in_computer_science	CC BY-SA 4.0
wp-is-multiplicative-exponential-linear-logic-decidable	Is multiplicative-exponential linear logic decidable?	information	3	none			software;cryptography	multiplicative-exponential linear logic,decidable,linear,logic,multiplicative-exponential	open	https://en.wikipedia.org/wiki/List_of_unsolved_problems_in_computer_science	CC BY-SA 4.0
wp-is-the-aanderaakarprosenberg-conjecture-true	Is the Aanderaa–Karp–Rosenberg conjecture true?	information	4	none			software;cryptography	Aanderaa–Karp–Rosenberg conjecture,aanderaa,rosenberg,information,open problem	open	https://en.wikipedia.org/wiki/List_of_unsolved_problems_in_computer_science	CC BY-SA 4.0
wp-cerny-conjecture	Černý conjecture	information	4	none			software;cryptography	deterministic finite automaton,synchronizing word,automaton,deterministic,finite	open	https://en.wikipedia.org/wiki/List_of_unsolved_problems_in_computer_science	CC BY-SA 4.0
wp-separating-words-problem	Separating words problem	information	4	none			software;cryptography	deterministic finite automaton,strings,automaton,behaves,deterministic	open	https://en.wikipedia.org/wiki/List_of_unsolved_problems_in_computer_science	CC BY-SA 4.0
wp-turing-completeness	Turing completeness	information	3	none			software;cryptography	elementary cellular automata,automata,cellular,completeness,elementary	open	https://en.wikipedia.org/wiki/List_of_unsolved_problems_in_computer_science	CC BY-SA 4.0
wp-variable-length-code	variable-length code	information	3	none			software;cryptography	Restivo conjecture,polynomial,already,bound,bounds	open	https://en.wikipedia.org/wiki/List_of_unsolved_problems_in_computer_science	CC BY-SA 4.0
wp-how-can-consciousness-be-defined	How can consciousness be defined?	mind	3	none			healthcare;ai	consciousness,defined,mind,open problem,neuroscience	open	https://en.wikipedia.org/wiki/List_of_unsolved_problems_in_neuroscience	CC BY-SA 4.0
wp-neural	neural	mind	3	none			healthcare;ai	subjective experience,alertness,arousal,attention,basis	open	https://en.wikipedia.org/wiki/List_of_unsolved_problems_in_neuroscience	CC BY-SA 4.0
wp-is-there-a-hard-problem-of-consciousness	"Is there a ""hard problem of consciousness""?"	mind	4	none			healthcare;ai	hard problem of consciousness,consciousness,mind,open problem,neuroscience	open	https://en.wikipedia.org/wiki/List_of_unsolved_problems_in_neuroscience	CC BY-SA 4.0
wp-what-is-the-nature-and-mechanism-behind-near-death-experienc	What is the nature and mechanism behind near-death experiences?	mind	3	none			healthcare;ai	near-death experience,behind,experiences,mechanism,nature	open	https://en.wikipedia.org/wiki/List_of_unsolved_problems_in_neuroscience	CC BY-SA 4.0
wp-what-beings-are-conscious	What beings are conscious?	mind	3	none			healthcare;ai	beings,conscious,mind,open problem,neuroscience	open	https://en.wikipedia.org/wiki/List_of_unsolved_problems_in_neuroscience	CC BY-SA 4.0
wp-bayesian-mind	Bayesian mind	mind	3	none			healthcare;ai	Bayesian probability,bayesian,according,constantly,predictions	open	https://en.wikipedia.org/wiki/List_of_unsolved_problems_in_neuroscience	CC BY-SA 4.0
wp-connectionism	Connectionism	mind	3	none			healthcare;ai	artificial neural network,artificial,connectionism,explained,mathematical	open	https://en.wikipedia.org/wiki/List_of_unsolved_problems_in_neuroscience	CC BY-SA 4.0
wp-embodied-cognition	Embodied cognition	mind	3	none			healthcare;ai	cognition,organism,affected,brain,embodied	open	https://en.wikipedia.org/wiki/List_of_unsolved_problems_in_neuroscience	CC BY-SA 4.0
wp-extended-mind-thesis	Extended mind thesis	mind	3	none			healthcare;ai	mental process,become,brain,extended,functions	open	https://en.wikipedia.org/wiki/List_of_unsolved_problems_in_neuroscience	CC BY-SA 4.0
wp-mind-body-dualism	Mind-body dualism	mind	3	none			healthcare;ai	distinct,dualism,mind-body,mind,open problem	open	https://en.wikipedia.org/wiki/List_of_unsolved_problems_in_neuroscience	CC BY-SA 4.0
wp-modularity-of-mind	Modularity of mind	mind	3	none			healthcare;ai	composed,distinct,evolutionary,evolved,modularity	open	https://en.wikipedia.org/wiki/List_of_unsolved_problems_in_neuroscience	CC BY-SA 4.0
wp-dynamical-neuroscience	Dynamical neuroscience	mind	3	none			healthcare;ai	dynamical system,dynamical,neuroscience,system,mind	open	https://en.wikipedia.org/wiki/List_of_unsolved_problems_in_neuroscience	CC BY-SA 4.0
wp-how-does-the-brain-transfer-sensory-information-into-coheren	How does the brain transfer sensory information into coherent, private percepts?	mind	3	none			healthcare;ai	brain,sensory,coherent,information,percepts	open	https://en.wikipedia.org/wiki/List_of_unsolved_problems_in_neuroscience	CC BY-SA 4.0
wp-what-are-the-wiktionary	What are the [[wiktionary	mind	3	none			healthcare;ai	rules,organized,perception,mind,open problem	open	https://en.wikipedia.org/wiki/List_of_unsolved_problems_in_neuroscience	CC BY-SA 4.0
wp-how-are-the-senses-integrated	How are the senses integrated?	mind	3	none			healthcare;ai	senses,integrated,mind,open problem,neuroscience	open	https://en.wikipedia.org/wiki/List_of_unsolved_problems_in_neuroscience	CC BY-SA 4.0
wp-what-is-the-relationship-between-subjective-experience-and-t	What is the relationship between subjective experience and the physical world?	mind	3	none			healthcare;ai	physical,between,experience,relationship,subjective	open	https://en.wikipedia.org/wiki/List_of_unsolved_problems_in_neuroscience	CC BY-SA 4.0
wp-learning	Learning	mind	3	none			healthcare;ai	memory,learning,mind,open problem,neuroscience	open	https://en.wikipedia.org/wiki/List_of_unsolved_problems_in_neuroscience	CC BY-SA 4.0
wp-where-do-our-memories-get-stored-and-how-are-they-retrieved	Where do our memories get stored and how are they retrieved again?	mind	3	none			healthcare;ai	again,memories,retrieved,stored,mind	open	https://en.wikipedia.org/wiki/List_of_unsolved_problems_in_neuroscience	CC BY-SA 4.0
wp-how-can-learning-be-improved	How can learning be improved?	mind	3	none			healthcare;ai	improved,learning,mind,open problem,neuroscience	open	https://en.wikipedia.org/wiki/List_of_unsolved_problems_in_neuroscience	CC BY-SA 4.0
wp-what-is-the-difference-between-explicit-and-implicit-memorie	What is the difference between explicit and implicit memories?	mind	3	none			healthcare;ai	explicit,implicit,between,difference,memories	open	https://en.wikipedia.org/wiki/List_of_unsolved_problems_in_neuroscience	CC BY-SA 4.0
wp-what-molecule-is-responsible-for-synaptic-tagging	What molecule is responsible for synaptic tagging?	mind	3	none			healthcare;ai	synaptic tagging,molecule,responsible,synaptic,tagging	open	https://en.wikipedia.org/wiki/List_of_unsolved_problems_in_neuroscience	CC BY-SA 4.0
wp-cognition	Cognition	mind	3	none			healthcare;ai	decisions,cognition,mind,open problem,neuroscience	open	https://en.wikipedia.org/wiki/List_of_unsolved_problems_in_neuroscience	CC BY-SA 4.0
wp-reward	reward	mind	3	none			healthcare;ai	cost,behavior,brain,effort,evaluate	open	https://en.wikipedia.org/wiki/List_of_unsolved_problems_in_neuroscience	CC BY-SA 4.0
wp-how-does-previous-experience-alter-perception-and-behavior	How does previous experience alter perception and behavior?	mind	3	none			healthcare;ai	alter,behavior,experience,perception,previous	open	https://en.wikipedia.org/wiki/List_of_unsolved_problems_in_neuroscience	CC BY-SA 4.0
wp-what-are-the-genetic-and-environmental-contributions-to-brai	What are the genetic and environmental contributions to brain function?	mind	3	none			healthcare;ai	brain,contributions,environmental,function,genetic	open	https://en.wikipedia.org/wiki/List_of_unsolved_problems_in_neuroscience	CC BY-SA 4.0
wp-how-is-it-implemented-neurally	How is it implemented neurally?	mind	3	none			healthcare;ai	implemented,neurally,mind,open problem,neuroscience	open	https://en.wikipedia.org/wiki/List_of_unsolved_problems_in_neuroscience	CC BY-SA 4.0
wp-what-is-the-basis-of-semantic-meaning	What is the basis of semantic meaning?	mind	3	none			healthcare;ai	semantic,meaning,basis,mind,open problem	open	https://en.wikipedia.org/wiki/List_of_unsolved_problems_in_neuroscience	CC BY-SA 4.0
wp-language-acquisition	Language acquisition	mind	3	none			healthcare;ai	acquisition,language,mind,open problem,neuroscience	open	https://en.wikipedia.org/wiki/List_of_unsolved_problems_in_neuroscience	CC BY-SA 4.0
wp-controversy	Controversy	mind	3	none			healthcare;ai	language acquisition,psychological nativism,usage based theories of language,language,acquisition	open	https://en.wikipedia.org/wiki/List_of_unsolved_problems_in_neuroscience	CC BY-SA 4.0
wp-is-there-a-language-acquisition-device	Is there a language acquisition device	mind	3	none			healthcare;ai	language acquisition device,language,brain,localized,abilities	open	https://en.wikipedia.org/wiki/List_of_unsolved_problems_in_neuroscience	CC BY-SA 4.0
wp-second-language-acquisition	second-language acquisition	mind	3	none			healthcare;ai	native speaker,ability,acquisition,attainment,explain	open	https://en.wikipedia.org/wiki/List_of_unsolved_problems_in_neuroscience	CC BY-SA 4.0
wp-what-are-the-optimal-ways-to-achieve-successful-second-langu	What are the optimal ways to achieve successful second-language acquisition?	mind	3	none			healthcare;ai	second-language acquisition,achieve,acquisition,optimal,second-language	open	https://en.wikipedia.org/wiki/List_of_unsolved_problems_in_neuroscience	CC BY-SA 4.0
wp-animals-and-language	Animals and language	mind	3	none			healthcare;ai	compositionality,syntax,language,animals,human	open	https://en.wikipedia.org/wiki/List_of_unsolved_problems_in_neuroscience	CC BY-SA 4.0
wp-intuition	intuition	mind	3	none			healthcare;ai	closely,contexts,different,experiences,exposure	open	https://en.wikipedia.org/wiki/List_of_unsolved_problems_in_neuroscience	CC BY-SA 4.0
wp-linguistic-relativity	Linguistic relativity	mind	3	none			healthcare;ai	speakers,between,cognitive,differences,different	open	https://en.wikipedia.org/wiki/List_of_unsolved_problems_in_neuroscience	CC BY-SA 4.0
wp-problem-of-mental-causation	Problem of mental causation	mind	4	none			healthcare;ai	causation,mental,mind,open problem,neuroscience	open	https://en.wikipedia.org/wiki/List_of_unsolved_problems_in_neuroscience	CC BY-SA 4.0
wp-sleep	Sleep	mind	3	none			healthcare;ai	sleep,mind,open problem,neuroscience,wikipedia list	open	https://en.wikipedia.org/wiki/List_of_unsolved_problems_in_neuroscience	CC BY-SA 4.0
wp-what-is-the-biological-function-of-sleep	What is the biological function of sleep?	mind	3	none			healthcare;ai	biological,function,sleep,mind,open problem	open	https://en.wikipedia.org/wiki/List_of_unsolved_problems_in_neuroscience	CC BY-SA 4.0
wp-why-do-we-dream	Why do we dream?	mind	3	none			healthcare;ai	dream,mind,open problem,neuroscience,wikipedia list	open	https://en.wikipedia.org/wiki/List_of_unsolved_problems_in_neuroscience	CC BY-SA 4.0
wp-what-are-the-underlying-brain-mechanisms	What are the underlying brain mechanisms?	mind	3	none			healthcare;ai	brain,mechanisms,underlying,mind,open problem	open	https://en.wikipedia.org/wiki/List_of_unsolved_problems_in_neuroscience	CC BY-SA 4.0
wp-what-is-its-relation-to-anesthesia	What is its relation to anesthesia?	mind	3	none			healthcare;ai	anesthesia,relation,mind,open problem,neuroscience	open	https://en.wikipedia.org/wiki/List_of_unsolved_problems_in_neuroscience	CC BY-SA 4.0
wp-is-there-a-canonical-computation-performed-by-cortical-colum	Is there a canonical computation performed by cortical columns?	mind	3	none			healthcare;ai	canonical,columns,computation,cortical,performed	open	https://en.wikipedia.org/wiki/List_of_unsolved_problems_in_neuroscience	CC BY-SA 4.0
wp-how-do-general-anesthetics-work	How do general anesthetics work?	mind	3	none			healthcare;ai	general anesthetics,anesthetics,general,mind,open problem	open	https://en.wikipedia.org/wiki/List_of_unsolved_problems_in_neuroscience	CC BY-SA 4.0
wp-cambridge-capital-controversy	Cambridge capital controversy	applied	3	none			finance;policy	capital,debate,growth,cambridge,controversy	open	https://en.wikipedia.org/wiki/List_of_unsolved_problems_in_economics	CC BY-SA 4.0
wp-transformation-problem	Transformation problem	applied	4	none			finance;policy	labour,capital,commodities,direct,economics	open	https://en.wikipedia.org/wiki/List_of_unsolved_problems_in_economics	CC BY-SA 4.0
wp-revealed-preference	Revealed preference	applied	3	none			finance;policy	Journal of Economic Literature,consumer,preference,afford,goods	open	https://en.wikipedia.org/wiki/List_of_unsolved_problems_in_economics	CC BY-SA 4.0
wp-tatonnement	Tâtonnement	applied	3	none			finance;policy	general equilibrium theory,Hill climbing,Walrasian auction,tonnement,contract	open	https://en.wikipedia.org/wiki/List_of_unsolved_problems_in_economics	CC BY-SA 4.0
wp-unified-models-of-human-biases	Unified models of human biases	applied	3	none			finance;policy	Homo economicus,framing effect,loss aversion,gambler's fallacy,confirmation bias,herd behavior,momentum investing,The Royal Swedish Academy of Sciences	open	https://en.wikipedia.org/wiki/List_of_unsolved_problems_in_economics	CC BY-SA 4.0
wp-equity-premium-puzzle	Equity premium puzzle	applied	3	none			finance;policy	New Economist,puzzle,equity,premium,agreement	open	https://en.wikipedia.org/wiki/List_of_unsolved_problems_in_economics	CC BY-SA 4.0
wp-dividend-puzzle	Dividend puzzle	applied	3	none			finance;policy	dividend,investor,valuations,RAND Journal of Economics,Modigliani–Miller theorem,investor psychology,asymmetric information	open	https://en.wikipedia.org/wiki/List_of_unsolved_problems_in_economics	CC BY-SA 4.0
wp-improved-blackscholes-and-binomial-options-pricing-models	Improved Black–Scholes and binomial options pricing models	applied	3	none			finance;policy	Black–Scholes,binomial options pricing model,equity,call option,Journal of Post Keynesian Economics,Journal of Finance,stochastic volatility	open	https://en.wikipedia.org/wiki/List_of_unsolved_problems_in_economics	CC BY-SA 4.0
wp-home-bias-in-trade-puzzle	Home bias in trade puzzle	applied	3	none			finance;policy	The MIT Press,trade,between,observation,puzzle	open	https://en.wikipedia.org/wiki/List_of_unsolved_problems_in_economics	CC BY-SA 4.0
wp-equity-home-bias-puzzle	Equity home bias puzzle	applied	3	none			finance;policy	equity,explanations,firms,individuals,local	open	https://en.wikipedia.org/wiki/List_of_unsolved_problems_in_economics	CC BY-SA 4.0
wp-backuskehoekydland-puzzle	Backus–Kehoe–Kydland puzzle	applied	3	none			finance;policy	Journal of Political Economy,Princeton University Press,consumption,output,should	open	https://en.wikipedia.org/wiki/List_of_unsolved_problems_in_economics	CC BY-SA 4.0
wp-feldsteinhorioka-puzzle	Feldstein–Horioka puzzle	applied	3	none			finance;policy	OECD,Martin Feldstein,Charles Horioka,rates,investment	open	https://en.wikipedia.org/wiki/List_of_unsolved_problems_in_economics	CC BY-SA 4.0
wp-ppp-puzzle	PPP Puzzle	applied	3	none			finance;policy	real exchange rate puzzles,real exchange rate,volatile,shocks,nominal rigidity	open	https://en.wikipedia.org/wiki/List_of_unsolved_problems_in_economics	CC BY-SA 4.0
wp-the-exchange-rate-disconnect-puzzle	The exchange rate disconnect puzzle	applied	3	none			finance;policy	exchange,disconnect,puzzle,between,concerns	open	https://en.wikipedia.org/wiki/List_of_unsolved_problems_in_economics	CC BY-SA 4.0
wp-formalistsubstantivist-debate	Formalist–substantivist debate	applied	3	none			finance;policy	substantivist,Karl Polanyi,The Great Transformation,Raymond Firth,Harold K. Schneider	open	https://en.wikipedia.org/wiki/List_of_unsolved_problems_in_economics	CC BY-SA 4.0
wp-orbiting-bodies-and-rotation	Orbiting bodies and rotation	cosmology	3	none			aerospace	bodies,orbiting,rotation,cosmology,open problem	open	https://en.wikipedia.org/wiki/List_of_unsolved_problems_in_astronomy	CC BY-SA 4.0
wp-are-there-any-non-dwarf-planets-beyond-neptune	Are there any non-dwarf planets beyond Neptune?	cosmology	3	none			aerospace	planets beyond Neptune,beyond,neptune,non-dwarf,planets	open	https://en.wikipedia.org/wiki/List_of_unsolved_problems_in_astronomy	CC BY-SA 4.0
wp-why-do-extreme-trans-neptunian-objects-have-elongated-orbits	Why do extreme trans-Neptunian objects have elongated orbits?	cosmology	3	none			aerospace	extreme trans-Neptunian object,elongated,extreme,objects,orbits	open	https://en.wikipedia.org/wiki/List_of_unsolved_problems_in_astronomy	CC BY-SA 4.0
wp-satellite-geomorphology	Satellite geomorphology	cosmology	3	none			aerospace	geomorphology,satellite,cosmology,open problem,astronomy	open	https://en.wikipedia.org/wiki/List_of_unsolved_problems_in_astronomy	CC BY-SA 4.0
wp-chain-of-high-mountains	chain of high mountains	cosmology	3	none			aerospace	Iapetus,chain,closely,equator,follows	open	https://en.wikipedia.org/wiki/List_of_unsolved_problems_in_astronomy	CC BY-SA 4.0
wp-solar-system	Solar System	cosmology	3	none			aerospace	planetary systems,Super-Earth,Hot Jupiter,grand tack hypothesis,jupiter-like	open	https://en.wikipedia.org/wiki/List_of_unsolved_problems_in_astronomy	CC BY-SA 4.0
wp-what-is-the-range-of-planetary-system-architectures-ref-name	"What is the range of planetary system architectures?<ref name="""	cosmology	3	none			aerospace	planetary system architectures,architectures,planetary,range,system	open	https://en.wikipedia.org/wiki/List_of_unsolved_problems_in_astronomy	CC BY-SA 4.0
wp-do-jupiter-mass-binary-objects-jumbos-exist	Do Jupiter-mass Binary Objects (JuMBOs) exist?	cosmology	3	none			aerospace	Jupiter-mass Binary Object,binary,jumbos,jupiter-mass,objects	open	https://en.wikipedia.org/wiki/List_of_unsolved_problems_in_astronomy	CC BY-SA 4.0
wp-what-are-the-processes-that-lead-to-planetary-diversity-ref	"What are the processes that lead to planetary diversity?<ref name="""	cosmology	3	none			aerospace	diversity,planetary,processes,cosmology,open problem	open	https://en.wikipedia.org/wiki/List_of_unsolved_problems_in_astronomy	CC BY-SA 4.0
wp-is-planetary-formation-fast-or-slow-ref-name	"Is planetary formation fast or slow?<ref name="""	cosmology	3	none			aerospace	planetary formation,formation,planetary,cosmology,open problem	open	https://en.wikipedia.org/wiki/List_of_unsolved_problems_in_astronomy	CC BY-SA 4.0
wp-how-does-the-sun-generate-its-periodically-reversing-large-s	How does the Sun generate its periodically reversing large-scale magnetic field?	cosmology	3	none			aerospace	field,generate,large-scale,magnetic,periodically	open	https://en.wikipedia.org/wiki/List_of_unsolved_problems_in_astronomy	CC BY-SA 4.0
wp-maunder-minimum	Maunder Minimum	cosmology	3	none			aerospace	minimum,caused,cycle,grand,maunder	open	https://en.wikipedia.org/wiki/List_of_unsolved_problems_in_astronomy	CC BY-SA 4.0
wp-what-is-the-cause-of-solar-wind	What is the cause of solar wind?	cosmology	3	none			aerospace	solar wind,cause,solar,cosmology,open problem	open	https://en.wikipedia.org/wiki/List_of_unsolved_problems_in_astronomy	CC BY-SA 4.0
wp-corona	corona	cosmology	3	none			aerospace	corona,hotter,surface,cosmology,open problem	open	https://en.wikipedia.org/wiki/List_of_unsolved_problems_in_astronomy	CC BY-SA 4.0
wp-magnetic-reconnection	magnetic reconnection	cosmology	3	none			aerospace	effect,faster,magnetic,magnitude,models	open	https://en.wikipedia.org/wiki/List_of_unsolved_problems_in_astronomy	CC BY-SA 4.0
wp-space-weather	Space weather	cosmology	3	none			aerospace	prediction,space,weather,cosmology,open problem	open	https://en.wikipedia.org/wiki/List_of_unsolved_problems_in_astronomy	CC BY-SA 4.0
wp-coronal-mass-ejections	coronal mass ejections	cosmology	3	none			aerospace	geomagnetic storms,solar,geomagnetic super-storms,geomagnetic,coronal	open	https://en.wikipedia.org/wiki/List_of_unsolved_problems_in_astronomy	CC BY-SA 4.0
wp-why-sunspots-sometimes-form-in-pairs	Why sunspots sometimes form in pairs?	cosmology	3	none			aerospace	sunspot,pairs,sometimes,sunspots,cosmology	open	https://en.wikipedia.org/wiki/List_of_unsolved_problems_in_astronomy	CC BY-SA 4.0
wp-what-is-the-cause-of-solar-flares	What is the cause of solar flares?	cosmology	3	none			aerospace	solar flare,cause,flares,solar,cosmology	open	https://en.wikipedia.org/wiki/List_of_unsolved_problems_in_astronomy	CC BY-SA 4.0
wp-solar-polarization	Solar polarization	cosmology	3	none			aerospace	polarization,solar,cosmology,open problem,astronomy	open	https://en.wikipedia.org/wiki/List_of_unsolved_problems_in_astronomy	CC BY-SA 4.0
wp-hale-s-polarity-law	Hale's polarity law	cosmology	3	none			aerospace	issue,issues,measurements,polarity,theory	open	https://en.wikipedia.org/wiki/List_of_unsolved_problems_in_astronomy	CC BY-SA 4.0
wp-voyager-paradox	Voyager paradox	cosmology	3	none			aerospace	paradox,voyager,cosmology,open problem,astronomy	open	https://en.wikipedia.org/wiki/List_of_unsolved_problems_in_astronomy	CC BY-SA 4.0
wp-voyager-1	Voyager 1	cosmology	3	none			aerospace	anomalous cosmic rays,almost,anomalous,anticipated,cosmic	open	https://en.wikipedia.org/wiki/List_of_unsolved_problems_in_astronomy	CC BY-SA 4.0
wp-stellar-mass	stellar mass	cosmology	3	none			aerospace	initial mass function,initial,stellar,apparently,astronomers	open	https://en.wikipedia.org/wiki/List_of_unsolved_problems_in_astronomy	CC BY-SA 4.0
wp-the-oh-my-god-particle-and-other-ultra-high-energy-cosmic-ra	The Oh-My-God particle and other ultra-high-energy cosmic rays	cosmology	3	none			aerospace	Oh-My-God particle,ultra-high-energy cosmic ray,GZK cutoff,Quanta Magazine,cosmic	open	https://en.wikipedia.org/wiki/List_of_unsolved_problems_in_astronomy	CC BY-SA 4.0
wp-nature-of-kic-8462852-commonly-known-as-tabby-s-star	Nature of KIC 8462852, commonly known as Tabby's Star	cosmology	3	none			aerospace	KIC 8462852,luminosity,changes,commonly,nature	open	https://en.wikipedia.org/wiki/List_of_unsolved_problems_in_astronomy	CC BY-SA 4.0
wp-what-are-the-source-and-origin-of-the-ibex-ribbon	What are the source and origin of the IBEX ribbon?	cosmology	3	none			aerospace	IBEX ribbon,origin,ribbon,source,cosmology	open	https://en.wikipedia.org/wiki/List_of_unsolved_problems_in_astronomy	CC BY-SA 4.0
wp-how-does-stellar-multiplicity-affect-the-life-and-death-of-s	"How does stellar multiplicity affect the life and death of stars?<ref name="""	cosmology	3	none			aerospace	stellar multiplicity,affect,death,multiplicity,stars	open	https://en.wikipedia.org/wiki/List_of_unsolved_problems_in_astronomy	CC BY-SA 4.0
wp-what-are-the-most-extreme-stars-and-stellar-populations-ref	"What are the most extreme stars and stellar populations?<ref name="""	cosmology	3	none			aerospace	stellar populations,extreme,populations,stars,stellar	open	https://en.wikipedia.org/wiki/List_of_unsolved_problems_in_astronomy	CC BY-SA 4.0
wp-star-forming	star-forming	cosmology	3	none			aerospace	diffuse interstellar medium,structures,diffuse,interact,interstellar	open	https://en.wikipedia.org/wiki/List_of_unsolved_problems_in_astronomy	CC BY-SA 4.0
wp-agemetallicity	Age–metallicity	cosmology	3	none			aerospace	Milky Way,thick disk,asteroseismology,metallicity,relation	open	https://en.wikipedia.org/wiki/List_of_unsolved_problems_in_astronomy	CC BY-SA 4.0
wp-how-do-gas-metals-and-dust-flow-into-through-and-out-of-gala	"How do gas, metals, and dust flow into, through, and out of galaxies?<ref name="""	cosmology	3	none			aerospace	galaxies,metals,through,cosmology,open problem	open	https://en.wikipedia.org/wiki/List_of_unsolved_problems_in_astronomy	CC BY-SA 4.0
wp-galactic-center-gev-excess	Galactic Center GeV excess	cosmology	3	none			aerospace	Physics Letters B,millisecond pulsar,annihilation,center,excess	open	https://en.wikipedia.org/wiki/List_of_unsolved_problems_in_astronomy	CC BY-SA 4.0
wp-the-infrared-tev-crisis	The infrared/TeV crisis	cosmology	3	none			aerospace	attenuation,crisis,energetic,extragalactic,gamma	open	https://en.wikipedia.org/wiki/List_of_unsolved_problems_in_astronomy	CC BY-SA 4.0
wp-what-is-the-nature-of-little-red-dots	What is the nature of Little Red Dots?	cosmology	3	none			aerospace	Little Red Dots,little,nature,cosmology,open problem	open	https://en.wikipedia.org/wiki/List_of_unsolved_problems_in_astronomy	CC BY-SA 4.0
wp-galactic-history	galactic history	cosmology	3	none			aerospace	dark matter halos,galactic,galaxies,halos,history	open	https://en.wikipedia.org/wiki/List_of_unsolved_problems_in_astronomy	CC BY-SA 4.0
wp-intergalactic-medium	intergalactic medium	cosmology	3	none			aerospace	cosmic dawn,epoch of reionization,cosmic,epoch,evolve	open	https://en.wikipedia.org/wiki/List_of_unsolved_problems_in_astronomy	CC BY-SA 4.0
wp-gravitational-singularities	Gravitational singularities	cosmology	3	none			aerospace	general relativity,black hole,quantum effects,torsion,black	open	https://en.wikipedia.org/wiki/List_of_unsolved_problems_in_astronomy	CC BY-SA 4.0
wp-no-hair-theorem	No-hair theorem	cosmology	3	none			aerospace	no-hair,theorem,cosmology,open problem,astronomy	open	https://en.wikipedia.org/wiki/List_of_unsolved_problems_in_astronomy	CC BY-SA 4.0
wp-msigma-relation	M–sigma relation	cosmology	3	none			aerospace	velocity dispersion,between,black,dispersion,galaxy	open	https://en.wikipedia.org/wiki/List_of_unsolved_problems_in_astronomy	CC BY-SA 4.0
wp-what-seeds-supermassive-black-holes-and-how-do-they-grow-ref	"What seeds supermassive black holes and how do they grow?<ref name="""	cosmology	3	none			aerospace	seeds supermassive black holes and how do they grow,black,holes,seeds,supermassive	open	https://en.wikipedia.org/wiki/List_of_unsolved_problems_in_astronomy	CC BY-SA 4.0
wp-the-formation-of-high-redshift-quasars	The formation of high-redshift quasars	cosmology	3	none			aerospace	high-redshift,quasar,formation,quasars,cosmology	open	https://en.wikipedia.org/wiki/List_of_unsolved_problems_in_astronomy	CC BY-SA 4.0
wp-do-black-holes-produce-thermal-radiation-as-expected-on-theo	Do black holes produce thermal radiation, as expected on theoretical grounds?	cosmology	3	none			aerospace	as expected on theoretical grounds,Reviews of Modern Physics,black,expected,grounds	open	https://en.wikipedia.org/wiki/List_of_unsolved_problems_in_astronomy	CC BY-SA 4.0
wp-firewalls	Firewalls	cosmology	3	none			aerospace	firewalls,around,black,holes,cosmology	open	https://en.wikipedia.org/wiki/List_of_unsolved_problems_in_astronomy	CC BY-SA 4.0
wp-final-parsec-problem	Final parsec problem	cosmology	4	none			aerospace	PKS 1302–102,black,holes,parsec,supermassive	open	https://en.wikipedia.org/wiki/List_of_unsolved_problems_in_astronomy	CC BY-SA 4.0
wp-gravitational-waves	gravitational waves	cosmology	3	none			aerospace	astrophysical,behind,binary,black,channels	open	https://en.wikipedia.org/wiki/List_of_unsolved_problems_in_astronomy	CC BY-SA 4.0
wp-naked-singularity	Naked singularity	cosmology	3	none			aerospace	cosmic censorship hypothesis,naked,singularity,censorship,correct	open	https://en.wikipedia.org/wiki/List_of_unsolved_problems_in_astronomy	CC BY-SA 4.0
wp-what-are-the-mass-and-spin-distributions-of-stellar-mass-bla	"What are the mass and spin distributions of stellar mass black holes?<ref name="""	cosmology	3	none			aerospace	stellar mass black holes,black,distributions,holes,stellar	open	https://en.wikipedia.org/wiki/List_of_unsolved_problems_in_astronomy	CC BY-SA 4.0
wp-cmb-dipole	CMB dipole	cosmology	3	none			aerospace	anisotropy,FLRW metric,breakdown,cosmological,dipole	open	https://en.wikipedia.org/wiki/List_of_unsolved_problems_in_astronomy	CC BY-SA 4.0
wp-is-the-hubble-tension-evidence-that-the-cosmological-princip	Is the Hubble tension evidence that the cosmological principle is false?	cosmology	3	none			aerospace	Hubble tension,cosmological,evidence,hubble,principle	open	https://en.wikipedia.org/wiki/List_of_unsolved_problems_in_astronomy	CC BY-SA 4.0
wp-flrw-metric	FLRW metric	cosmology	3	none			aerospace	correct,metric,cosmological,describing,principle	open	https://en.wikipedia.org/wiki/List_of_unsolved_problems_in_astronomy	CC BY-SA 4.0
wp-accelerating-expansion-of-the-universe	accelerating expansion of the universe	cosmology	3	none			aerospace	cosmological principle,interpreted,accelerating,correctly,cosmological	open	https://en.wikipedia.org/wiki/List_of_unsolved_problems_in_astronomy	CC BY-SA 4.0
wp-copernican-principle	Copernican principle	cosmology	3	none			aerospace	observations,copernican,cosmological,earth,positions	open	https://en.wikipedia.org/wiki/List_of_unsolved_problems_in_astronomy	CC BY-SA 4.0
wp-new-scientist	New Scientist	cosmology	3	none			aerospace	composition,identity,matter,cosmology,open problem	open	https://en.wikipedia.org/wiki/List_of_unsolved_problems_in_astronomy	CC BY-SA 4.0
wp-particle	particle	cosmology	3	none			aerospace	WIMP,axion,superpartner,lightest,matter	open	https://en.wikipedia.org/wiki/List_of_unsolved_problems_in_astronomy	CC BY-SA 4.0
wp-phenomena-attributed-to-dark-matter	phenomena attributed to dark matter	cosmology	3	none			aerospace	extension of gravity,matter,attributed,extension,gravity	open	https://en.wikipedia.org/wiki/List_of_unsolved_problems_in_astronomy	CC BY-SA 4.0
wp-timing	timing	cosmology	3	none			aerospace	density,energy,coincidence,component,could	open	https://en.wikipedia.org/wiki/List_of_unsolved_problems_in_astronomy	CC BY-SA 4.0
wp-quintessence	quintessence	cosmology	3	none			aerospace	phantom energy,energy,applicable,constant,cosmological	open	https://en.wikipedia.org/wiki/List_of_unsolved_problems_in_astronomy	CC BY-SA 4.0
wp-do-early-dark-energy-models-resolve-the-hubble-tension-cite	Do early dark energy models resolve the Hubble tension?{{Cite journal	cosmology	3	none			aerospace	Hubble tension,early,energy,hubble,journal	open	https://en.wikipedia.org/wiki/List_of_unsolved_problems_in_astronomy	CC BY-SA 4.0
wp-baryon-asymmetry	Baryon asymmetry	cosmology	3	none			aerospace	matter,antimatter,observable universe,asymmetry,baryon	open	https://en.wikipedia.org/wiki/List_of_unsolved_problems_in_astronomy	CC BY-SA 4.0
wp-zero-point-energy	zero-point energy	cosmology	3	none			aerospace	vacuum,cosmological constant,Science,Physical Review D,cause	open	https://en.wikipedia.org/wiki/List_of_unsolved_problems_in_astronomy	CC BY-SA 4.0
wp-size	Size	cosmology	3	none			aerospace	shape of the universe,shape,universe,cosmology,open problem	open	https://en.wikipedia.org/wiki/List_of_unsolved_problems_in_astronomy	CC BY-SA 4.0
wp-observable-universe	observable universe	cosmology	3	none			aerospace	universe,approximately,billion,diameter,infinite	open	https://en.wikipedia.org/wiki/List_of_unsolved_problems_in_astronomy	CC BY-SA 4.0
wp-manifold	manifold	cosmology	3	none			aerospace	comoving space,comoving,universe,called,informally	open	https://en.wikipedia.org/wiki/List_of_unsolved_problems_in_astronomy	CC BY-SA 4.0
wp-what-is-the-hypothetical-scalar-field-that-gave-rise-to-this	What is the hypothetical scalar field that gave rise to this cosmic inflation?	cosmology	3	none			aerospace	inflaton,inflation,scalar field,cosmic,field	open	https://en.wikipedia.org/wiki/List_of_unsolved_problems_in_astronomy	CC BY-SA 4.0
wp-self-sustaining-through-inflation-of-quantum-mechanical-fluc	self-sustaining through inflation of quantum-mechanical fluctuations	cosmology	3	none			aerospace	inflation,distant,extremely,fluctuations,happened	open	https://en.wikipedia.org/wiki/List_of_unsolved_problems_in_astronomy	CC BY-SA 4.0
wp-big-bang-theory	Big Bang theory	cosmology	3	none			aerospace	anisotropies,distant,homogeneous,larger,measurable	open	https://en.wikipedia.org/wiki/List_of_unsolved_problems_in_astronomy	CC BY-SA 4.0
wp-axis-of-evil	Axis of evil	cosmology	3	none			aerospace	Solar System,Copernican principle,aligned,appear,billion	open	https://en.wikipedia.org/wiki/List_of_unsolved_problems_in_astronomy	CC BY-SA 4.0
wp-origin-of-the-universe	Origin of the Universe	cosmology	3	none			aerospace	origin,universe,cosmology,open problem,astronomy	open	https://en.wikipedia.org/wiki/List_of_unsolved_problems_in_astronomy	CC BY-SA 4.0
wp-why-is-there-something-rather-than-nothing	Why is there something rather than nothing?	cosmology	3	none			aerospace	nothing,rather,something,cosmology,open problem	open	https://en.wikipedia.org/wiki/List_of_unsolved_problems_in_astronomy	CC BY-SA 4.0
wp-how-did-the-conditions-for-anything-to-exist-arise	How did the conditions for anything to exist arise?	cosmology	3	none			aerospace	anything,arise,conditions,motion,cosmology	open	https://en.wikipedia.org/wiki/List_of_unsolved_problems_in_astronomy	CC BY-SA 4.0
wp-fate-of-the-universe	Fate of the universe	cosmology	3	none			aerospace	universe,cosmology,open problem,astronomy,wikipedia list	open	https://en.wikipedia.org/wiki/List_of_unsolved_problems_in_astronomy	CC BY-SA 4.0
wp-big-freeze	Big Freeze	cosmology	3	none			aerospace	Big Rip,Big Crunch,Big Bounce,cyclic model,bounce	open	https://en.wikipedia.org/wiki/List_of_unsolved_problems_in_astronomy	CC BY-SA 4.0
wp-measurements-of-gravitational-waves	measurements of gravitational waves	cosmology	3	none			aerospace	cosmological,gravitational,impact,measurements,models	open	https://en.wikipedia.org/wiki/List_of_unsolved_problems_in_astronomy	CC BY-SA 4.0
wp-multiverse	Multiverse	cosmology	3	none			aerospace	multiverse,cosmology,open problem,astronomy,wikipedia list	open	https://en.wikipedia.org/wiki/List_of_unsolved_problems_in_astronomy	CC BY-SA 4.0
wp-anthropic-principle	anthropic principle	cosmology	3	none			aerospace	cosmological constant problem,anthropic,approaches,constant,cosmological	open	https://en.wikipedia.org/wiki/List_of_unsolved_problems_in_astronomy	CC BY-SA 4.0
wp-is-there-other-life-in-the-solar-system-especially	Is there other life in the Solar System? Especially	cosmology	3	none			aerospace	life in the Solar System,especially,solar,system,cosmology	open	https://en.wikipedia.org/wiki/List_of_unsolved_problems_in_astronomy	CC BY-SA 4.0
wp-past-or-present-life-on-mars	past or present life on Mars	cosmology	3	none			aerospace	biosignature,rock,Jezero Crater,NASA,Perseverance	open	https://en.wikipedia.org/wiki/List_of_unsolved_problems_in_astronomy	CC BY-SA 4.0
wp-jupiter-s-moons	Jupiter's moons	cosmology	3	none			aerospace	Europa,Ganymede,Callisto,ESA,Jupiter Icy Moons Explorer,NASA,Europa Clipper,Surface Dust Analyser	open	https://en.wikipedia.org/wiki/List_of_unsolved_problems_in_astronomy	CC BY-SA 4.0
wp-is-there-other-life-in-the-universe-especially	Is there other life in the Universe? Especially	cosmology	3	none			aerospace	life in the Universe,especially,universe,cosmology,open problem	open	https://en.wikipedia.org/wiki/List_of_unsolved_problems_in_astronomy	CC BY-SA 4.0
wp-is-there-other-intelligent-life	Is there other intelligent life?	cosmology	3	none			aerospace	other intelligent life,intelligent,cosmology,open problem,astronomy	open	https://en.wikipedia.org/wiki/List_of_unsolved_problems_in_astronomy	CC BY-SA 4.0
wp-fermi-paradox	Fermi paradox	cosmology	3	none			aerospace	amount,explanation,extraterrestrial,fermi,genera	open	https://en.wikipedia.org/wiki/List_of_unsolved_problems_in_astronomy	CC BY-SA 4.0
wp-nature-of-wow-signal	Nature of Wow! signal	cosmology	3	none			aerospace	Wow! signal,nature,signal,cosmology,open problem	open	https://en.wikipedia.org/wiki/List_of_unsolved_problems_in_astronomy	CC BY-SA 4.0
wp-habitable-environments	habitable environments	cosmology	3	none			aerospace	context,habitable,planetary,systems,arise	open	https://en.wikipedia.org/wiki/List_of_unsolved_problems_in_astronomy	CC BY-SA 4.0
wp-theia	Theia	physics	3	none			energy;climate	earth,birth,closer,collision,compelling	open	https://en.wikipedia.org/wiki/List_of_unsolved_problems_in_geoscience	CC BY-SA 4.0
wp-faint-young-sun	faint young Sun	physics	3	none			energy;climate	snowball Earth,earth,abundant,accretion,balance	open	https://en.wikipedia.org/wiki/List_of_unsolved_problems_in_geoscience	CC BY-SA 4.0
wp-peneplanation	peneplanation	physics	3	none			energy;climate	retrogressive erosion,Neogene,under,antarctica,appalachian	open	https://en.wikipedia.org/wiki/List_of_unsolved_problems_in_geoscience	CC BY-SA 4.0
wp-enso	ENSO	physics	3	none			energy;climate	QBO,equatorial,cause,months,oscillation	open	https://en.wikipedia.org/wiki/List_of_unsolved_problems_in_geoscience	CC BY-SA 4.0
wp-what-are-skyquakes	What are skyquakes?	physics	3	none			energy;climate	skyquake,skyquakes,physics,open problem,geoscience	open	https://en.wikipedia.org/wiki/List_of_unsolved_problems_in_geoscience	CC BY-SA 4.0
wp-what-causes-hessdalen-lights	What causes Hessdalen lights?	physics	3	none			energy;climate	Hessdalen lights,causes,hessdalen,lights,physics	open	https://en.wikipedia.org/wiki/List_of_unsolved_problems_in_geoscience	CC BY-SA 4.0
wp-the-space-problem	The 'space problem'	physics	4	none			energy;climate	supervolcano,magma,chambers,cause,crust	open	https://en.wikipedia.org/wiki/List_of_unsolved_problems_in_geoscience	CC BY-SA 4.0
wp-660-km-discontinuity	660 km discontinuity	physics	3	none			energy;climate	polar drift,correct,details,discontinuity,drift	open	https://en.wikipedia.org/wiki/List_of_unsolved_problems_in_geoscience	CC BY-SA 4.0
wp-gutenberg-discontinuity	Gutenberg discontinuity	physics	3	none			energy;climate	associated,chemical,discontinuity,gutenberg,heterogeneity	open	https://en.wikipedia.org/wiki/List_of_unsolved_problems_in_geoscience	CC BY-SA 4.0
wp-chandler-wobble	Chandler wobble	physics	3	none			energy;climate	wobble,available,chandler,coherent,drivers	open	https://en.wikipedia.org/wiki/List_of_unsolved_problems_in_geoscience	CC BY-SA 4.0
wp-systematic-error	systematic error	mathematics	3	none			ai;finance	random error,John Tukey,uncomfortable science,errors,correct	open	https://en.wikipedia.org/wiki/List_of_unsolved_problems_in_statistics	CC BY-SA 4.0
wp-graybilldeal-estimator	Graybill–Deal estimator	mathematics	3	none			ai;finance	admissibility,estimator,common,estimate,generally	open	https://en.wikipedia.org/wiki/List_of_unsolved_problems_in_statistics	CC BY-SA 4.0
wp-meta-analysis	Meta-analysis	mathematics	3	none			ai;finance	p-value,Fisher's method,dependent p-values,p-values,being	open	https://en.wikipedia.org/wiki/List_of_unsolved_problems_in_statistics	CC BY-SA 4.0
wp-behrensfisher-problem	Behrens–Fisher problem	mathematics	4	none			ai;finance	Yuri Linnik,uniformly most powerful test,exact test,null hypothesis,probability exactly α,nuisance parameter,Welch's t-test	open	https://en.wikipedia.org/wiki/List_of_unsolved_problems_in_statistics	CC BY-SA 4.0
wp-multiple-comparisons	Multiple comparisons	mathematics	3	none			ai;finance	sequential testing,DNA microarray,simultaneous,tests,adjust	open	https://en.wikipedia.org/wiki/List_of_unsolved_problems_in_statistics	CC BY-SA 4.0
wp-bayesian-statistics	Bayesian statistics	mathematics	3	none			ai;finance	bayesian,statistics,problems,proposed,mathematics	open	https://en.wikipedia.org/wiki/List_of_unsolved_problems_in_statistics	CC BY-SA 4.0
wp-latin-square	Latin square	mathematics	3	none			ai;finance	design of experiments,problems in Latin squares,design,latin,squares	open	https://en.wikipedia.org/wiki/List_of_unsolved_problems_in_statistics	CC BY-SA 4.0
wp-sampling-of-species-problem	Sampling of species problem	mathematics	4	none			ai;finance	probability,sampling,species,unanticipated,updated	open	https://en.wikipedia.org/wiki/List_of_unsolved_problems_in_statistics	CC BY-SA 4.0
wp-doomsday-argument	Doomsday argument	mathematics	3	none			ai;finance	probabilistic argument,predict,future,human race,argument	open	https://en.wikipedia.org/wiki/List_of_unsolved_problems_in_statistics	CC BY-SA 4.0
wp-capacity-of-a-network	Capacity of a network	information	3	none			telecom;cryptography	wireless network,AWGN channel,fading channel,capacity,channel	open	https://en.wikipedia.org/wiki/List_of_unsolved_problems_in_information_theory	CC BY-SA 4.0
wp-capacity-of-the-broadcast-channel	Capacity of the broadcast channel	information	3	none			telecom;cryptography	broadcast,capacity,channel,cases,general	open	https://en.wikipedia.org/wiki/List_of_unsolved_problems_in_information_theory	CC BY-SA 4.0
wp-capacity-of-the-interference-channel-two-user	Capacity of the interference channel (Two User)	information	3	none			telecom;cryptography	capacity,interference,channel,additive,among	open	https://en.wikipedia.org/wiki/List_of_unsolved_problems_in_information_theory	CC BY-SA 4.0
wp-capacity-of-the-two-way-channel	Capacity of the two-way channel	information	3	none			telecom;cryptography	capacity,channel,gaussian,two-way,additive	open	https://en.wikipedia.org/wiki/List_of_unsolved_problems_in_information_theory	CC BY-SA 4.0
wp-capacity-of-aloha	Capacity of Aloha	information	3	none			telecom;cryptography	Aloha,capacity,access,alohanet,cases	open	https://en.wikipedia.org/wiki/List_of_unsolved_problems_in_information_theory	CC BY-SA 4.0
wp-capacity-of-the-queue-channel	Capacity of the queue channel	information	3	none			telecom;cryptography	FIFO,memoryless,capacity,channel,feedback	open	https://en.wikipedia.org/wiki/List_of_unsolved_problems_in_information_theory	CC BY-SA 4.0
wp-lossy-distributed-source-coding	Lossy distributed source coding	information	3	none			telecom;cryptography	source,coding,communicate,compress,correlated	open	https://en.wikipedia.org/wiki/List_of_unsolved_problems_in_information_theory	CC BY-SA 4.0
fc-books-borweinsineseries-borwein-sine-series	Borwein Sine Series	mathematics	3	proved				real functions,sequences and series,https,arxiv,irrationality	solved	https://github.com/google-deepmind/formal-conjectures/blob/main/FormalConjectures/Books/BorweinSineSeries.lean	Apache-2.0
fc-erdosproblems-1-erdos-1	Erdős problem 1	mathematics	3	proved				number theory,constructs,disproof,distinct,machine-checked	solved	https://github.com/google-deepmind/formal-conjectures/blob/main/FormalConjectures/ErdosProblems/1.lean	Apache-2.0
fc-erdosproblems-1-erdos-1-lb	Erdős problem 1, variant lb	mathematics	2	statement				number theory,additive,bruxelles,colloque,moser	solved	https://github.com/google-deepmind/formal-conjectures/blob/main/FormalConjectures/ErdosProblems/1.lean	Apache-2.0
fc-erdosproblems-1-erdos-1-lb-strong	Erdős problem 1, variant lb strong	mathematics	2	proved				number theory,constant,current,elkies,first	solved	https://github.com/google-deepmind/formal-conjectures/blob/main/FormalConjectures/ErdosProblems/1.lean	Apache-2.0
fc-erdosproblems-1-erdos-1-real	Erdős problem 1, variant real	mathematics	2	statement				number theory,combinatorial,theory,differ,least	solved	https://github.com/google-deepmind/formal-conjectures/blob/main/FormalConjectures/ErdosProblems/1.lean	Apache-2.0
fc-erdosproblems-1-erdos-1-least-n-5	Erdős problem 1, variant least N 5	mathematics	2	statement				number theory,elements,https,minimal,sum-distinct	solved	https://github.com/google-deepmind/formal-conjectures/blob/main/FormalConjectures/ErdosProblems/1.lean	Apache-2.0
fc-erdosproblems-1-erdos-1-least-n-9	Erdős problem 1, variant least N 9	mathematics	2	statement				number theory,elements,https,minimal,sum-distinct	solved	https://github.com/google-deepmind/formal-conjectures/blob/main/FormalConjectures/ErdosProblems/1.lean	Apache-2.0
fc-erdosproblems-10-erdos-10	Erdős problem 10	mathematics	3	statement				number theory,integer,large,powers,prime	open	https://github.com/google-deepmind/formal-conjectures/blob/main/FormalConjectures/ErdosProblems/10.lean	Apache-2.0
fc-erdosproblems-10-erdos-10-gallagher	Erdős problem 10, variant gallagher	mathematics	2	statement				number theory,gallagher,powers,density,integers	solved	https://github.com/google-deepmind/formal-conjectures/blob/main/FormalConjectures/ErdosProblems/10.lean	Apache-2.0
fc-erdosproblems-10-erdos-10-granville-soundararajan-odd	Erdős problem 10, variant granville soundararajan odd	mathematics	2	statement				number theory,granville,integers,powers,soundararajan	open	https://github.com/google-deepmind/formal-conjectures/blob/main/FormalConjectures/ErdosProblems/10.lean	Apache-2.0
fc-erdosproblems-10-erdos-10-grechuk-example	Erdős problem 10, variant grechuk example	mathematics	2	statement				number theory,bogdan,grechuk,observed,powers	solved	https://github.com/google-deepmind/formal-conjectures/blob/main/FormalConjectures/ErdosProblems/10.lean	Apache-2.0
fc-erdosproblems-10-erdos-10-two-pows	Erdős problem 10, variant two pows	mathematics	2	statement				number theory,infinitely,integers,powers,prime	solved	https://github.com/google-deepmind/formal-conjectures/blob/main/FormalConjectures/ErdosProblems/10.lean	Apache-2.0
fc-erdosproblems-10-erdos-10-grechuk	Erdős problem 10, variant grechuk	mathematics	2	proved				number theory,powers,prime,infinitely,integers	solved	https://github.com/google-deepmind/formal-conjectures/blob/main/FormalConjectures/ErdosProblems/10.lean	Apache-2.0
fc-erdosproblems-100-erdos-100	Erdős problem 100	mathematics	3	statement				convex geometry,constant,diameter,least,erdős problem	open	https://github.com/google-deepmind/formal-conjectures/blob/main/FormalConjectures/ErdosProblems/100.lean	Apache-2.0
fc-erdosproblems-100-erdos-100-strong	Erdős problem 100, variant strong	mathematics	2	statement				convex geometry,diameter,large,stronger,sufficiently	open	https://github.com/google-deepmind/formal-conjectures/blob/main/FormalConjectures/ErdosProblems/100.lean	Apache-2.0
fc-erdosproblems-100-erdos-100-kanold	Erdős problem 100, variant kanold	mathematics	2	statement				convex geometry,diameter,kanold,reference,erdős problem	solved	https://github.com/google-deepmind/formal-conjectures/blob/main/FormalConjectures/ErdosProblems/100.lean	Apache-2.0
fc-erdosproblems-100-erdos-100-guth-katz	Erdős problem 100, variant guth katz	mathematics	2	statement				convex geometry,diameter,erdős problem,mathematics,solved	solved	https://github.com/google-deepmind/formal-conjectures/blob/main/FormalConjectures/ErdosProblems/100.lean	Apache-2.0
fc-erdosproblems-1000-erdos-1000	Erdős problem 1000	mathematics	3	proved				number theory,sequence,cannot,contrary,count	solved	https://github.com/google-deepmind/formal-conjectures/blob/main/FormalConjectures/ErdosProblems/1000.lean	Apache-2.0
fc-erdosproblems-1000-erdos-1000-totient-le	Erdős problem 1000, variant totient le	mathematics	2	statement				number theory,euler,function,totient,trivial	solved	https://github.com/google-deepmind/formal-conjectures/blob/main/FormalConjectures/ErdosProblems/1000.lean	Apache-2.0
fc-erdosproblems-1000-erdos-1000-liminf-eq-zero	Erdős problem 1000, variant liminf eq zero	mathematics	2	statement				number theory,cassels,infty,introduced,liminf	solved	https://github.com/google-deepmind/formal-conjectures/blob/main/FormalConjectures/ErdosProblems/1000.lean	Apache-2.0
fc-erdosproblems-1000-erdos-1000-not-tendsto-zero	Erdős problem 1000, variant not tendsto zero	mathematics	2	statement				number theory,cannot,limit,erdős problem,mathematics	solved	https://github.com/google-deepmind/formal-conjectures/blob/main/FormalConjectures/ErdosProblems/1000.lean	Apache-2.0
fc-erdosproblems-1000-erdos-1000-limsup-eq-one	Erdős problem 1000, variant limsup eq one	mathematics	2	statement				number theory,erdős problem,mathematics,solved,formal conjectures	solved	https://github.com/google-deepmind/formal-conjectures/blob/main/FormalConjectures/ErdosProblems/1000.lean	Apache-2.0
fc-erdosproblems-1002-erdos-1002	Erdős problem 1002	mathematics	3	statement				number theory,function,asymptotic,distribution,non-decreasing	open	https://github.com/google-deepmind/formal-conjectures/blob/main/FormalConjectures/ErdosProblems/1002.lean	Apache-2.0
fc-erdosproblems-1002-erdos-1002-kesten	Erdős problem 1002, variant kesten	mathematics	2	statement				number theory,asymptotic,constant,distribution,explicit	solved	https://github.com/google-deepmind/formal-conjectures/blob/main/FormalConjectures/ErdosProblems/1002.lean	Apache-2.0
fc-erdosproblems-1003-erdos-1003	Erdős problem 1003	mathematics	3	statement				number theory,euler,function,infinitely,solutions	open	https://github.com/google-deepmind/formal-conjectures/blob/main/FormalConjectures/ErdosProblems/1003.lean	Apache-2.0
fc-erdosproblems-1003-erdos-1003-icc	Erdős problem 1003, variant Icc	mathematics	2	statement				number theory,theory,cdots,combinatorics,equation	open	https://github.com/google-deepmind/formal-conjectures/blob/main/FormalConjectures/ErdosProblems/1003.lean	Apache-2.0
fc-erdosproblems-1003-erdos-1003-eps87	Erdős problem 1003, variant eps87	mathematics	2	statement				number theory,pomerance,arithmetic,certain,functions	solved	https://github.com/google-deepmind/formal-conjectures/blob/main/FormalConjectures/ErdosProblems/1003.lean	Apache-2.0
fc-erdosproblems-1004-erdos-1004	Erdős problem 1004	mathematics	3	statement				number theory,distinct,fixed,large,sufficiently	open	https://github.com/google-deepmind/formal-conjectures/blob/main/FormalConjectures/ErdosProblems/1004.lean	Apache-2.0
fc-erdosproblems-1004-erdos-1004-le-of-isdistincttotientrun	Erdős problem 1004, variant le of isDistinctTotientRun	mathematics	2	statement				number theory,constant,distinct,existence,pomerance	solved	https://github.com/google-deepmind/formal-conjectures/blob/main/FormalConjectures/ErdosProblems/1004.lean	Apache-2.0
fc-erdosproblems-1005-erdos-1005	Erdős problem 1005	mathematics	3	statement				number theory,constant,cipollini,doorn,erdos	solved	https://github.com/google-deepmind/formal-conjectures/blob/main/FormalConjectures/ErdosProblems/1005.lean	Apache-2.0
fc-erdosproblems-1005-erdos-1005-constant	Erdős problem 1005, variant constant	mathematics	2	proved				number theory,cipollini,aristotle,constant,doorn	solved	https://github.com/google-deepmind/formal-conjectures/blob/main/FormalConjectures/ErdosProblems/1005.lean	Apache-2.0
fc-erdosproblems-1007-erdos-1007	Erdős problem 1007	mathematics	3	proved				convex geometry,dimension,edges,graph,smallest	solved	https://github.com/google-deepmind/formal-conjectures/blob/main/FormalConjectures/ErdosProblems/1007.lean	Apache-2.0
fc-erdosproblems-1007-erdos-1007-dimension-four-extremal	Erdős problem 1007, variant dimension four extremal	mathematics	2	proved				convex geometry,achieved,dimension,edges,graph	solved	https://github.com/google-deepmind/formal-conjectures/blob/main/FormalConjectures/ErdosProblems/1007.lean	Apache-2.0
fc-erdosproblems-1007-erdos-1007-dimension-five	Erdős problem 1007, variant dimension five	mathematics	2	proved				convex geometry,dimension,edges,graph,smallest	solved	https://github.com/google-deepmind/formal-conjectures/blob/main/FormalConjectures/ErdosProblems/1007.lean	Apache-2.0
fc-erdosproblems-1007-erdos-1007-dimension-five-extremal	Erdős problem 1007, variant dimension five extremal	mathematics	2	proved				convex geometry,achieved,dimension,edges,graph	solved	https://github.com/google-deepmind/formal-conjectures/blob/main/FormalConjectures/ErdosProblems/1007.lean	Apache-2.0
fc-erdosproblems-1008-erdos-1008	Erdős problem 1008	mathematics	3	proved				edges,affirmative,conlon,contain,contains	solved	https://github.com/google-deepmind/formal-conjectures/blob/main/FormalConjectures/ErdosProblems/1008.lean	Apache-2.0
fc-erdosproblems-1008-erdos-1008-three-quarters	Erdős problem 1008, variant three quarters	mathematics	2	statement				edges,asked,bollob,colloquium,contains	solved	https://github.com/google-deepmind/formal-conjectures/blob/main/FormalConjectures/ErdosProblems/1008.lean	Apache-2.0
fc-erdosproblems-1008-erdos-1008-folkman	Erdős problem 1008, variant folkman	mathematics	2	statement				edges,contains,counterexample,folkman,subgraph	solved	https://github.com/google-deepmind/formal-conjectures/blob/main/FormalConjectures/ErdosProblems/1008.lean	Apache-2.0
fc-erdosproblems-1008-erdos-1008-lower-bound	Erdős problem 1008, variant lower bound	mathematics	2	statement				notes,revises,trivial,erdős problem,mathematics	solved	https://github.com/google-deepmind/formal-conjectures/blob/main/FormalConjectures/ErdosProblems/1008.lean	Apache-2.0
fc-erdosproblems-1009-erdos-1009	Erdős problem 1009	mathematics	3	proved				least,disjoint,edges,graph,triangles	solved	https://github.com/google-deepmind/formal-conjectures/blob/main/FormalConjectures/ErdosProblems/1009.lean	Apache-2.0
fc-erdosproblems-1009-erdos-1009-sauer	Erdős problem 1009, variant sauer	mathematics	2	statement				graph,vertices,complete,contains,disjoint	solved	https://github.com/google-deepmind/formal-conjectures/blob/main/FormalConjectures/ErdosProblems/1009.lean	Apache-2.0
fc-erdosproblems-101-erdos-101	Erdős problem 101	mathematics	3	statement				convex geometry,points,containing,lines,erdős problem	open	https://github.com/google-deepmind/formal-conjectures/blob/main/FormalConjectures/ErdosProblems/101.lean	Apache-2.0
fc-erdosproblems-1010-erdos-1010	Erdős problem 1010	mathematics	3	proved				edges,graph,least,triangles,vertices	solved	https://github.com/google-deepmind/formal-conjectures/blob/main/FormalConjectures/ErdosProblems/1010.lean	Apache-2.0
fc-erdosproblems-1010-erdos-1010-rademacher	Erdős problem 1010, variant rademacher	mathematics	2	statement				contains,edges,graph,least,rademacher	solved	https://github.com/google-deepmind/formal-conjectures/blob/main/FormalConjectures/ErdosProblems/1010.lean	Apache-2.0
fc-erdosproblems-1010-erdos-1010-erdos	Erdős problem 1010, variant erdos	mathematics	2	statement				constant,contains,edges,graph,least	solved	https://github.com/google-deepmind/formal-conjectures/blob/main/FormalConjectures/ErdosProblems/1010.lean	Apache-2.0
fc-erdosproblems-1014-erdos-1014	Erdős problem 1014	mathematics	3	proved				openai,ramsey,vertices,contains,either	solved	https://github.com/google-deepmind/formal-conjectures/blob/main/FormalConjectures/ErdosProblems/1014.lean	Apache-2.0
fc-erdosproblems-1014-erdos-1014-upper-bound	Erdős problem 1014, variant upper bound	mathematics	2	statement				constant,shows,erdős problem,mathematics,solved	solved	https://github.com/google-deepmind/formal-conjectures/blob/main/FormalConjectures/ErdosProblems/1014.lean	Apache-2.0
fc-erdosproblems-102-erdos-102	Erdős problem 102	mathematics	3	statement				convex geometry,points,contain,contains,fixed	open	https://github.com/google-deepmind/formal-conjectures/blob/main/FormalConjectures/ErdosProblems/102.lean	Apache-2.0
fc-erdosproblems-102-erdos-102-five	Erdős problem 102, variant five	mathematics	2	statement				convex geometry,large,sufficiently,erdős problem,mathematics	open	https://github.com/google-deepmind/formal-conjectures/blob/main/FormalConjectures/ErdosProblems/102.lean	Apache-2.0
fc-erdosproblems-102-erdos-102-upper-sqrt	Erdős problem 102, variant upper sqrt	mathematics	2	statement				convex geometry,admissible,configurations,contains,grids	solved	https://github.com/google-deepmind/formal-conjectures/blob/main/FormalConjectures/ErdosProblems/102.lean	Apache-2.0
fc-erdosproblems-102-erdos-102-hunter	Erdős problem 102, variant hunter	mathematics	2	statement				convex geometry,points,determine,gives,hunter	solved	https://github.com/google-deepmind/formal-conjectures/blob/main/FormalConjectures/ErdosProblems/102.lean	Apache-2.0
fc-erdosproblems-1020-erdos-1020	Erdős problem 1020	mathematics	3	statement				binom,choose,edges,hypergraph,source	open	https://github.com/google-deepmind/formal-conjectures/blob/main/FormalConjectures/ErdosProblems/1020.lean	Apache-2.0
fc-erdosproblems-1021-erdos-1021	Erdős problem 1021	mathematics	3	proved				graph,janzer,between,bipartite,conlon	solved	https://github.com/google-deepmind/formal-conjectures/blob/main/FormalConjectures/ErdosProblems/1021.lean	Apache-2.0
fc-erdosproblems-1021-erdos-1021-janzer	Erdős problem 1021, variant janzer	mathematics	2	proved				janzer,erdős problem,mathematics,solved,formal conjectures	solved	https://github.com/google-deepmind/formal-conjectures/blob/main/FormalConjectures/ErdosProblems/1021.lean	Apache-2.0
fc-erdosproblems-1022-erdos-1022	Erdős problem 1022	mathematics	3	proved				chromatic,counterexample,finite,alexeev,aristotle	solved	https://github.com/google-deepmind/formal-conjectures/blob/main/FormalConjectures/ErdosProblems/1022.lean	Apache-2.0
fc-erdosproblems-1022-erdos-1022-lt-two	Erdős problem 1022, variant lt two	mathematics	2	statement				counterexample,chromatic,constructs,degenerate,found	solved	https://github.com/google-deepmind/formal-conjectures/blob/main/FormalConjectures/ErdosProblems/1022.lean	Apache-2.0
fc-erdosproblems-1022-erdos-1022-lovasz	Erdős problem 1022, variant lovasz	mathematics	2	statement				language,originally,reports,erdős problem,mathematics	solved	https://github.com/google-deepmind/formal-conjectures/blob/main/FormalConjectures/ErdosProblems/1022.lean	Apache-2.0
fc-erdosproblems-1023-erdos-1023	Erdős problem 1023	mathematics	3	proved				family,constant,follows,hunter,implies	solved	https://github.com/google-deepmind/formal-conjectures/blob/main/FormalConjectures/ErdosProblems/1023.lean	Apache-2.0
fc-erdosproblems-1023-erdos-1023-erdos-kleitman	Erdős problem 1023, variant erdos kleitman	mathematics	2	statement				asymp,exponent,kleitman,presumably,unpublished	solved	https://github.com/google-deepmind/formal-conjectures/blob/main/FormalConjectures/ErdosProblems/1023.lean	Apache-2.0
fc-erdosproblems-1023-erdos-1023-hunter	Erdős problem 1023, variant hunter	mathematics	2	statement				follows,hunter,implies,observes,solution	solved	https://github.com/google-deepmind/formal-conjectures/blob/main/FormalConjectures/ErdosProblems/1023.lean	Apache-2.0
fc-erdosproblems-1025-erdos-1025	Erdős problem 1025	mathematics	3	proved				function,independent,conlon,could,elements	solved	https://github.com/google-deepmind/formal-conjectures/blob/main/FormalConjectures/ErdosProblems/1025.lean	Apache-2.0
fc-erdosproblems-1026-erdos-1026	Erdős problem 1026	mathematics	3	statement				monotonic,distinct,maximum,posed,right	solved	https://github.com/google-deepmind/formal-conjectures/blob/main/FormalConjectures/ErdosProblems/1026.lean	Apache-2.0
fc-erdosproblems-1026-erdos-1026-upper-bound	Erdős problem 1026, variant upper bound	mathematics	2	statement				cambie,construction,shows,erdős problem,mathematics	solved	https://github.com/google-deepmind/formal-conjectures/blob/main/FormalConjectures/ErdosProblems/1026.lean	Apache-2.0
fc-erdosproblems-1026-erdos-1026-lower-bound	Erdős problem 1026, variant lower bound	mathematics	2	statement				disjoint,hanani,monotonic,sequence,subsequences	solved	https://github.com/google-deepmind/formal-conjectures/blob/main/FormalConjectures/ErdosProblems/1026.lean	Apache-2.0
fc-erdosproblems-1026-erdos-1026-hanani	Erdős problem 1026, variant hanani	mathematics	2	statement				disjoint,hanani,monotonic,sequence,subsequences	solved	https://github.com/google-deepmind/formal-conjectures/blob/main/FormalConjectures/ErdosProblems/1026.lean	Apache-2.0
fc-erdosproblems-1026-erdos-1026-weighted-erdos-szekeres	Erdős problem 1026, variant weighted erdos szekeres	mathematics	2	proved				stronger,alternative,always,appears,aristotle	solved	https://github.com/google-deepmind/formal-conjectures/blob/main/FormalConjectures/ErdosProblems/1026.lean	Apache-2.0
fc-erdosproblems-1027-erdos-1027	Erdős problem 1027	mathematics	3	proved				being,chromatic,comment,contain,depending	solved	https://github.com/google-deepmind/formal-conjectures/blob/main/FormalConjectures/ErdosProblems/1027.lean	Apache-2.0
fc-erdosproblems-1028-erdos-1028	Erdős problem 1028	mathematics	3	proved				estimate,functions,ldots,lvert,ranges	solved	https://github.com/google-deepmind/formal-conjectures/blob/main/FormalConjectures/ErdosProblems/1028.lean	Apache-2.0
fc-erdosproblems-1028-erdos-1028-lower-bound	Erdős problem 1028, variant lower bound	mathematics	2	statement				erdős problem,mathematics,solved,formal conjectures	solved	https://github.com/google-deepmind/formal-conjectures/blob/main/FormalConjectures/ErdosProblems/1028.lean	Apache-2.0
fc-erdosproblems-1028-erdos-1028-upper-bound	Erdős problem 1028, variant upper bound	mathematics	2	statement				erdős problem,mathematics,solved,formal conjectures	solved	https://github.com/google-deepmind/formal-conjectures/blob/main/FormalConjectures/ErdosProblems/1028.lean	Apache-2.0
fc-erdosproblems-1028-erdos-1028-erdos-spencer	Erdős problem 1028, variant erdos spencer	mathematics	2	statement				spencer,erdős problem,mathematics,solved,formal conjectures	solved	https://github.com/google-deepmind/formal-conjectures/blob/main/FormalConjectures/ErdosProblems/1028.lean	Apache-2.0
fc-erdosproblems-1029-erdos-1029	Erdős problem 1029	mathematics	3	statement				before,colouring,contains,disproof,edges	open	https://github.com/google-deepmind/formal-conjectures/blob/main/FormalConjectures/ErdosProblems/1029.lean	Apache-2.0
fc-erdosproblems-103-erdos-103	Erdős problem 103	mathematics	3	statement				convex geometry,points,constraint,count,diameter	open	https://github.com/google-deepmind/formal-conjectures/blob/main/FormalConjectures/ErdosProblems/103.lean	Apache-2.0
fc-erdosproblems-103-erdos-103-two-le	Erdős problem 103, variant two le	mathematics	2	statement				convex geometry,large,erdős problem,mathematics,open	open	https://github.com/google-deepmind/formal-conjectures/blob/main/FormalConjectures/ErdosProblems/103.lean	Apache-2.0
fc-erdosproblems-1030-erdos-1030	Erdős problem 1030	mathematics	3	statement				coloured,edges,either,existence,infty	open	https://github.com/google-deepmind/formal-conjectures/blob/main/FormalConjectures/ErdosProblems/1030.lean	Apache-2.0
fc-erdosproblems-1034-erdos-1034	Erdős problem 1034	mathematics	3	proved				vertices,edges,graph,least,triangle	solved	https://github.com/google-deepmind/formal-conjectures/blob/main/FormalConjectures/ErdosProblems/1034.lean	Apache-2.0
fc-erdosproblems-1034-erdos-1034-lower-bound	Erdős problem 1034, variant lower bound	mathematics	2	statement				vertices,edges,graph,triangle,about	solved	https://github.com/google-deepmind/formal-conjectures/blob/main/FormalConjectures/ErdosProblems/1034.lean	Apache-2.0
fc-erdosproblems-1034-erdos-1034-upper-bound	Erdős problem 1034, variant upper bound	mathematics	2	statement				vertices,adjacent,bound,construction,edges	solved	https://github.com/google-deepmind/formal-conjectures/blob/main/FormalConjectures/ErdosProblems/1034.lean	Apache-2.0
fc-erdosproblems-1034-erdos-1034-k4-free	Erdős problem 1034, variant k4 free	mathematics	2	statement				vertices,adjacent,answer,assume,constructing	solved	https://github.com/google-deepmind/formal-conjectures/blob/main/FormalConjectures/ErdosProblems/1034.lean	Apache-2.0
fc-erdosproblems-1035-erdos-1035	Erdős problem 1035	mathematics	3	statement				constant,contains,degree,dimensional,edges	open	https://github.com/google-deepmind/formal-conjectures/blob/main/FormalConjectures/ErdosProblems/1035.lean	Apache-2.0
fc-erdosproblems-1036-erdos-1036	Erdős problem 1036	mathematics	3	proved				contain,graph,vertices,complete,empty	solved	https://github.com/google-deepmind/formal-conjectures/blob/main/FormalConjectures/ErdosProblems/1036.lean	Apache-2.0
fc-erdosproblems-1036-erdos-1036-alon-hajnal	Erdős problem 1036, variant alon hajnal	mathematics	2	statement				contain,hajnal,induced,least,non-isomorphic	solved	https://github.com/google-deepmind/formal-conjectures/blob/main/FormalConjectures/ErdosProblems/1036.lean	Apache-2.0
fc-erdosproblems-1036-erdos-1036-erdos-hajnal	Erdős problem 1036, variant erdos hajnal	mathematics	2	statement				contains,induced,balanced,bipartite,complement	solved	https://github.com/google-deepmind/formal-conjectures/blob/main/FormalConjectures/ErdosProblems/1036.lean	Apache-2.0
fc-erdosproblems-1037-erdos-1037	Erdős problem 1037	mathematics	3	proved				degree,degrees,distinct,graph,subgraph	solved	https://github.com/google-deepmind/formal-conjectures/blob/main/FormalConjectures/ErdosProblems/1037.lean	Apache-2.0
fc-erdosproblems-1037-erdos-1037-cambie-chan-hunter	Erdős problem 1037, variant cambie chan hunter	mathematics	2	statement				appears,cambie,comment,construction,degree	solved	https://github.com/google-deepmind/formal-conjectures/blob/main/FormalConjectures/ErdosProblems/1037.lean	Apache-2.0
fc-erdosproblems-1038-erdos-1038-parts-i	Erdős problem 1038, i	mathematics	3	statement				measure theory,contained,infimum,monic,nonconstant	open	https://github.com/google-deepmind/formal-conjectures/blob/main/FormalConjectures/ErdosProblems/1038.lean	Apache-2.0
fc-erdosproblems-1038-erdos-1038-parts-ii	Erdős problem 1038, ii	mathematics	3	statement				measure theory,contained,monic,polynomials,roots	solved	https://github.com/google-deepmind/formal-conjectures/blob/main/FormalConjectures/ErdosProblems/1038.lean	Apache-2.0
fc-erdosproblems-1038-erdos-1038-inf-upperbound	Erdős problem 1038, variant inf upperBound	mathematics	2	statement				measure theory,contained,infimum,monic,nonconstant	solved	https://github.com/google-deepmind/formal-conjectures/blob/main/FormalConjectures/ErdosProblems/1038.lean	Apache-2.0
fc-erdosproblems-1038-erdos-1038-varaints-inf-lowerbound	Erdős problem 1038, inf lowerBound	mathematics	3	statement				measure theory,contained,infimum,monic,nonconstant	solved	https://github.com/google-deepmind/formal-conjectures/blob/main/FormalConjectures/ErdosProblems/1038.lean	Apache-2.0
fc-erdosproblems-104-erdos-104	Erdős problem 104	mathematics	3	statement				convex geometry,points,circles,containing,distinct	open	https://github.com/google-deepmind/formal-conjectures/blob/main/FormalConjectures/ErdosProblems/104.lean	Apache-2.0
fc-erdosproblems-1041-exists-connected-component-contains-two-r	Erdős problem 1041	mathematics	3	statement				several complex variables,component,herzog,metric,piranian	solved	https://github.com/google-deepmind/formal-conjectures/blob/main/FormalConjectures/ErdosProblems/1041.lean	Apache-2.0
fc-erdosproblems-1043-erdos-1043	Erdős problem 1043	mathematics	3	proved				measure theory,complex analysis,measure,projection,alexeev	solved	https://github.com/google-deepmind/formal-conjectures/blob/main/FormalConjectures/ErdosProblems/1043.lean	Apache-2.0
fc-erdosproblems-1043-erdos-1043-weak	Erdős problem 1043, variant weak	mathematics	2	statement				measure theory,complex analysis,always,measure,pommerenke	solved	https://github.com/google-deepmind/formal-conjectures/blob/main/FormalConjectures/ErdosProblems/1043.lean	Apache-2.0
fc-erdosproblems-1044-erdos-1044	Erdős problem 1044	mathematics	3	proved				complex analysis,infimum,boundaries,components,connected	solved	https://github.com/google-deepmind/formal-conjectures/blob/main/FormalConjectures/ErdosProblems/1044.lean	Apache-2.0
fc-erdosproblems-1044-erdos-1044-infimum-eq-two	Erdős problem 1044, variant infimum eq two	mathematics	2	proved				complex analysis,infimum,resolved,erdős problem,mathematics	solved	https://github.com/google-deepmind/formal-conjectures/blob/main/FormalConjectures/ErdosProblems/1044.lean	Apache-2.0
fc-erdosproblems-1044-erdos-1044-fixed-degree	Erdős problem 1044, variant fixed degree	mathematics	2	statement				complex analysis,degree,attained,fixed,infimum	open	https://github.com/google-deepmind/formal-conjectures/blob/main/FormalConjectures/ErdosProblems/1044.lean	Apache-2.0
fc-erdosproblems-1044-erdos-1044-fixed-degree-of-le-two	Erdős problem 1044, variant fixed degree of le two	mathematics	2	statement				complex analysis,degree,attained,fixed,infimum	solved	https://github.com/google-deepmind/formal-conjectures/blob/main/FormalConjectures/ErdosProblems/1044.lean	Apache-2.0
fc-erdosproblems-1046-erdos-1046	Erdős problem 1046	mathematics	3	proved				complex analysis,connected,width,answer,pommerenke	solved	https://github.com/google-deepmind/formal-conjectures/blob/main/FormalConjectures/ErdosProblems/1046.lean	Apache-2.0
fc-erdosproblems-1046-erdos-1046-centroid	Erdős problem 1046, variant centroid	mathematics	2	proved				complex analysis,centre,centroid,pommerenke,roots	solved	https://github.com/google-deepmind/formal-conjectures/blob/main/FormalConjectures/ErdosProblems/1046.lean	Apache-2.0
fc-erdosproblems-1046-erdos-1046-diameter	Erdős problem 1046, variant diameter	mathematics	2	statement				complex analysis,diameter,least,answer,capacity	solved	https://github.com/google-deepmind/formal-conjectures/blob/main/FormalConjectures/ErdosProblems/1046.lean	Apache-2.0
fc-erdosproblems-1047-erdos-1047	Erdős problem 1047	mathematics	3	proved				complex analysis,convex geometry,components,convex,distinct	solved	https://github.com/google-deepmind/formal-conjectures/blob/main/FormalConjectures/ErdosProblems/1047.lean	Apache-2.0
fc-erdosproblems-1047-erdos-1047-pommerenke	Erdős problem 1047, variant pommerenke	mathematics	2	statement				complex analysis,convex geometry,sufficiently,answer,close	solved	https://github.com/google-deepmind/formal-conjectures/blob/main/FormalConjectures/ErdosProblems/1047.lean	Apache-2.0
fc-erdosproblems-1047-erdos-1047-goodman	Erdős problem 1047, variant goodman	mathematics	2	statement				complex analysis,convex geometry,components,convex,goodman	solved	https://github.com/google-deepmind/formal-conjectures/blob/main/FormalConjectures/ErdosProblems/1047.lean	Apache-2.0
fc-erdosproblems-1047-erdos-1047-goodman-simple-roots	Erdős problem 1047, variant goodman simple roots	mathematics	2	statement				complex analysis,convex geometry,constructed,degree,example	solved	https://github.com/google-deepmind/formal-conjectures/blob/main/FormalConjectures/ErdosProblems/1047.lean	Apache-2.0
fc-erdosproblems-1047-erdos-1047-referee	Erdős problem 1047, variant referee	mathematics	2	statement				complex analysis,convex geometry,example,paper,referee	solved	https://github.com/google-deepmind/formal-conjectures/blob/main/FormalConjectures/ErdosProblems/1047.lean	Apache-2.0
fc-erdosproblems-1047-erdos-1047-max-non-convex-components	Erdős problem 1047, variant max non convex components	mathematics	2	proved				complex analysis,convex geometry,degree,maximum,components	solved	https://github.com/google-deepmind/formal-conjectures/blob/main/FormalConjectures/ErdosProblems/1047.lean	Apache-2.0
fc-erdosproblems-1048-erdos-1048	Erdős problem 1048	mathematics	3	proved				complex analysis,connected,diameter,answer,component	solved	https://github.com/google-deepmind/formal-conjectures/blob/main/FormalConjectures/ErdosProblems/1048.lean	Apache-2.0
fc-erdosproblems-1048-erdos-1048-pommerenke-ncard-components	Erdős problem 1048, variant pommerenke ncard components	mathematics	2	statement				complex analysis,answer,components,connected,diameter	solved	https://github.com/google-deepmind/formal-conjectures/blob/main/FormalConjectures/ErdosProblems/1048.lean	Apache-2.0
fc-erdosproblems-1048-erdos-1048-pommerenke-diam-tendsto-zero	Erdős problem 1048, variant pommerenke diam tendsto zero	mathematics	2	statement				complex analysis,answer,components,connected,diameter	solved	https://github.com/google-deepmind/formal-conjectures/blob/main/FormalConjectures/ErdosProblems/1048.lean	Apache-2.0
fc-erdosproblems-1048-erdos-1048-r-le-one	Erdős problem 1048, variant r le one	mathematics	2	statement				complex analysis,answer,pommerenke,shown,erdős problem	solved	https://github.com/google-deepmind/formal-conjectures/blob/main/FormalConjectures/ErdosProblems/1048.lean	Apache-2.0
fc-erdosproblems-1048-erdos-1048-diam-ge-two	Erdős problem 1048, variant diam ge two	mathematics	2	statement				complex analysis,component,contains,diameter,possible	solved	https://github.com/google-deepmind/formal-conjectures/blob/main/FormalConjectures/ErdosProblems/1048.lean	Apache-2.0
fc-erdosproblems-1048-erdos-1048-diam-ge-two-is-best	Erdős problem 1048, variant diam ge two is best	mathematics	2	statement				complex analysis,component,contains,diameter,possible	solved	https://github.com/google-deepmind/formal-conjectures/blob/main/FormalConjectures/ErdosProblems/1048.lean	Apache-2.0
fc-erdosproblems-1048-erdos-1048-diam-gt-inv-r	Erdős problem 1048, variant diam gt inv r	mathematics	2	statement				complex analysis,component,contains,diameter,erdős problem	solved	https://github.com/google-deepmind/formal-conjectures/blob/main/FormalConjectures/ErdosProblems/1048.lean	Apache-2.0
fc-erdosproblems-1048-erdos-1048-diam-gt-two-sub-sq	Erdős problem 1048, variant diam gt two sub sq	mathematics	2	statement				complex analysis,component,contains,diameter,erdős problem	solved	https://github.com/google-deepmind/formal-conjectures/blob/main/FormalConjectures/ErdosProblems/1048.lean	Apache-2.0
fc-erdosproblems-1049-erdos-1049	Erdős problem 1049	mathematics	3	statement				number theory,chowla,counts,divisors,irrational	open	https://github.com/google-deepmind/formal-conjectures/blob/main/FormalConjectures/ErdosProblems/1049.lean	Apache-2.0
fc-erdosproblems-1049-erdos-1049-geq-2-integer	Erdős problem 1049, variant geq 2 integer	mathematics	2	proved				number theory,integer,erdős problem,mathematics,solved	solved	https://github.com/google-deepmind/formal-conjectures/blob/main/FormalConjectures/ErdosProblems/1049.lean	Apache-2.0
fc-erdosproblems-105-erdos-105	Erdős problem 105	mathematics	3	proved				convex geometry,points,contained,contains,counterexamples	solved	https://github.com/google-deepmind/formal-conjectures/blob/main/FormalConjectures/ErdosProblems/105.lean	Apache-2.0
fc-erdosproblems-105-erdos-105-hickerson	Erdős problem 105, variant hickerson	mathematics	2	statement				convex geometry,construction,fails,hickerson,shows	solved	https://github.com/google-deepmind/formal-conjectures/blob/main/FormalConjectures/ErdosProblems/105.lean	Apache-2.0
fc-erdosproblems-105-erdos-105-beck-szemeredi-trotter	Erdős problem 105, variant beck szemeredi trotter	mathematics	2	statement				convex geometry,constant,implies,independently,replaced	solved	https://github.com/google-deepmind/formal-conjectures/blob/main/FormalConjectures/ErdosProblems/105.lean	Apache-2.0
fc-erdosproblems-105-erdos-105-sub-four	Erdős problem 105, variant sub four	mathematics	2	statement				convex geometry,general,possible,remains,erdős problem	open	https://github.com/google-deepmind/formal-conjectures/blob/main/FormalConjectures/ErdosProblems/105.lean	Apache-2.0
fc-erdosproblems-1050-erdos-1050	Erdős problem 1050	mathematics	3	proved				number theory,irrational,reindexed,series,source	solved	https://github.com/google-deepmind/formal-conjectures/blob/main/FormalConjectures/ErdosProblems/1050.lean	Apache-2.0
fc-erdosproblems-1050-erdos-1050-two-pow-sub-one	Erdős problem 1050, variant two pow sub one	mathematics	2	proved				number theory,borwein,erdos,series,below	solved	https://github.com/google-deepmind/formal-conjectures/blob/main/FormalConjectures/ErdosProblems/1050.lean	Apache-2.0
fc-erdosproblems-1050-erdos-1050-borwein	Erdős problem 1050, variant borwein	mathematics	2	proved				number theory,variant,borwein,general,integer	solved	https://github.com/google-deepmind/formal-conjectures/blob/main/FormalConjectures/ErdosProblems/1050.lean	Apache-2.0
fc-erdosproblems-1050-erdos-1050-transcendental	Erdős problem 1050, variant transcendental	mathematics	2	statement				number theory,borwein,series,transcendental,claim	open	https://github.com/google-deepmind/formal-conjectures/blob/main/FormalConjectures/ErdosProblems/1050.lean	Apache-2.0
fc-erdosproblems-1051-erdos-1051	Erdős problem 1051	mathematics	3	proved				number theory,integers,sequence,bkkkz,increasing	solved	https://github.com/google-deepmind/formal-conjectures/blob/main/FormalConjectures/ErdosProblems/1051.lean	Apache-2.0
fc-erdosproblems-1051-erdos-1051-rapid-growth	Erdős problem 1051, variant rapid growth	mathematics	2	statement				number theory,constant,grows,infinity,irrational	solved	https://github.com/google-deepmind/formal-conjectures/blob/main/FormalConjectures/ErdosProblems/1051.lean	Apache-2.0
fc-erdosproblems-1052-erdos-1052	Erdős problem 1052	mathematics	3	statement				number theory,finitely,perfect,unitary,erdős problem	open	https://github.com/google-deepmind/formal-conjectures/blob/main/FormalConjectures/ErdosProblems/1052.lean	Apache-2.0
fc-erdosproblems-1054-erdos-1054-parts-i	Erdős problem 1054, i	mathematics	3	statement				number theory,divisors,integer,minimal,smallest	open	https://github.com/google-deepmind/formal-conjectures/blob/main/FormalConjectures/ErdosProblems/1054.lean	Apache-2.0
fc-erdosproblems-1054-erdos-1054-parts-ii	Erdős problem 1054, ii	mathematics	3	statement				number theory,almost,divisors,integer,minimal	open	https://github.com/google-deepmind/formal-conjectures/blob/main/FormalConjectures/ErdosProblems/1054.lean	Apache-2.0
fc-erdosproblems-1054-erdos-1054-parts-iii	Erdős problem 1054, iii	mathematics	3	statement				number theory,divisors,integer,minimal,smallest	open	https://github.com/google-deepmind/formal-conjectures/blob/main/FormalConjectures/ErdosProblems/1054.lean	Apache-2.0
fc-erdosproblems-1055-erdos-1055	Erdős problem 1055	mathematics	3	statement				number theory,prime,class,factor,divisors	open	https://github.com/google-deepmind/formal-conjectures/blob/main/FormalConjectures/ErdosProblems/1055.lean	Apache-2.0
fc-erdosproblems-1055-erdos-1055-erdos-limit	Erdős problem 1055, variant erdos limit	mathematics	2	statement				number theory,prime,class,factor,least	open	https://github.com/google-deepmind/formal-conjectures/blob/main/FormalConjectures/ErdosProblems/1055.lean	Apache-2.0
fc-erdosproblems-1055-erdos-1055-selfridge-limit	Erdős problem 1055, variant selfridge limit	mathematics	2	statement				number theory,prime,class,factor,least	open	https://github.com/google-deepmind/formal-conjectures/blob/main/FormalConjectures/ErdosProblems/1055.lean	Apache-2.0
fc-erdosproblems-1056-erdos-1056	Erdős problem 1056	mathematics	3	statement				number theory,consecutive,intervals,prime,erdős problem	open	https://github.com/google-deepmind/formal-conjectures/blob/main/FormalConjectures/ErdosProblems/1056.lean	Apache-2.0
fc-erdosproblems-1056-erdos-1056-noll-simmons	Erdős problem 1056, variant noll simmons	mathematics	2	statement				number theory,arbitrarily,asked,generally,large	open	https://github.com/google-deepmind/formal-conjectures/blob/main/FormalConjectures/ErdosProblems/1056.lean	Apache-2.0
fc-erdosproblems-1057-erdos-1057	Erdős problem 1057	mathematics	3	statement				number theory,collection,discussed,erdős problem,mathematics	open	https://github.com/google-deepmind/formal-conjectures/blob/main/FormalConjectures/ErdosProblems/1057.lean	Apache-2.0
fc-erdosproblems-1057-erdos-1057-upper-bound	Erdős problem 1057, variant upper bound	mathematics	2	statement				number theory,constant,erdős problem,mathematics,solved	solved	https://github.com/google-deepmind/formal-conjectures/blob/main/FormalConjectures/ErdosProblems/1057.lean	Apache-2.0
fc-erdosproblems-1057-erdos-1057-pomerance	Erdős problem 1057, variant pomerance	mathematics	2	statement				number theory,growth,heuristic,order,pomerance	open	https://github.com/google-deepmind/formal-conjectures/blob/main/FormalConjectures/ErdosProblems/1057.lean	Apache-2.0
fc-erdosproblems-1057-erdos-1057-agp-infinite	Erdős problem 1057, variant agp infinite	mathematics	2	statement				number theory,alford,granville,pomerance,erdős problem	solved	https://github.com/google-deepmind/formal-conjectures/blob/main/FormalConjectures/ErdosProblems/1057.lean	Apache-2.0
fc-erdosproblems-1057-erdos-1057-agp-lower-bound	Erdős problem 1057, variant agp lower bound	mathematics	2	statement				number theory,alford,granville,large,pomerance	solved	https://github.com/google-deepmind/formal-conjectures/blob/main/FormalConjectures/ErdosProblems/1057.lean	Apache-2.0
fc-erdosproblems-1057-erdos-1057-harman-lower-bound	Erdős problem 1057, variant harman lower bound	mathematics	2	statement				number theory,bound,harman,lower,erdős problem	solved	https://github.com/google-deepmind/formal-conjectures/blob/main/FormalConjectures/ErdosProblems/1057.lean	Apache-2.0
fc-erdosproblems-1057-erdos-1057-lichtman-lower-bound	Erdős problem 1057, variant lichtman lower bound	mathematics	2	statement				number theory,exponent,improved,lichtman,erdős problem	solved	https://github.com/google-deepmind/formal-conjectures/blob/main/FormalConjectures/ErdosProblems/1057.lean	Apache-2.0
fc-erdosproblems-1058-erdos-1058	Erdős problem 1058	mathematics	3	proved				number theory,cases,collection,dividing,finitely	solved	https://github.com/google-deepmind/formal-conjectures/blob/main/FormalConjectures/ErdosProblems/1058.lean	Apache-2.0
fc-erdosproblems-1058-erdos-1058-luca	Erdős problem 1058, variant luca	mathematics	2	proved				number theory,solutions,erdős problem,mathematics,solved	solved	https://github.com/google-deepmind/formal-conjectures/blob/main/FormalConjectures/ErdosProblems/1058.lean	Apache-2.0
fc-erdosproblems-1059-erdos-1059	Erdős problem 1059	mathematics	3	statement				number theory,composite,infinitely,primes,erdős problem	open	https://github.com/google-deepmind/formal-conjectures/blob/main/FormalConjectures/ErdosProblems/1059.lean	Apache-2.0
fc-erdosproblems-1060-erdos-1060-parts-i	Erdős problem 1060, i	mathematics	3	statement				number theory,bound,power,about,counts	open	https://github.com/google-deepmind/formal-conjectures/blob/main/FormalConjectures/ErdosProblems/1060.lean	Apache-2.0
fc-erdosproblems-1060-erdos-1060-parts-ii	Erdős problem 1060, ii	mathematics	3	statement				number theory,bound,erdős problem,mathematics,open	open	https://github.com/google-deepmind/formal-conjectures/blob/main/FormalConjectures/ErdosProblems/1060.lean	Apache-2.0
fc-erdosproblems-1061-erdos-1061	Erdős problem 1061	mathematics	3	statement				number theory,asymptotic,constant,ordered,solutions	open	https://github.com/google-deepmind/formal-conjectures/blob/main/FormalConjectures/ErdosProblems/1061.lean	Apache-2.0
fc-erdosproblems-1062-erdos-1062-parts-ii	Erdős problem 1062, ii	mathematics	3	statement				number theory,asked,density,irrational,limiting	open	https://github.com/google-deepmind/formal-conjectures/blob/main/FormalConjectures/ErdosProblems/1062.lean	Apache-2.0
fc-erdosproblems-1062-erdos-1062-lower-bound	Erdős problem 1062, variant lower bound	mathematics	2	statement				number theory,fork-free,interval,least,therefore	solved	https://github.com/google-deepmind/formal-conjectures/blob/main/FormalConjectures/ErdosProblems/1062.lean	Apache-2.0
fc-erdosproblems-1062-erdos-1062-lebensold-bounds	Erdős problem 1062, variant lebensold bounds	mathematics	2	statement				number theory,between,function,large,lebensold	solved	https://github.com/google-deepmind/formal-conjectures/blob/main/FormalConjectures/ErdosProblems/1062.lean	Apache-2.0
fc-erdosproblems-1063-erdos-1063-better-upper	Erdős problem 1063, better upper	mathematics	3	statement				number theory,comparator,application,ascription,better	open	https://github.com/google-deepmind/formal-conjectures/blob/main/FormalConjectures/ErdosProblems/1063.lean	Apache-2.0
fc-erdosproblems-1063-erdos-1063-exists-exception	Erdős problem 1063, variant exists exception	mathematics	2	statement				number theory,divide,fails,least,noted	solved	https://github.com/google-deepmind/formal-conjectures/blob/main/FormalConjectures/ErdosProblems/1063.lean	Apache-2.0
fc-erdosproblems-1063-erdos-1063-small-values	Erdős problem 1063, variant small values	mathematics	2	statement				number theory,initial,satisfy,values,erdős problem	solved	https://github.com/google-deepmind/formal-conjectures/blob/main/FormalConjectures/ErdosProblems/1063.lean	Apache-2.0
fc-erdosproblems-1063-erdos-1063-monier-upper-bound	Erdős problem 1063, variant monier upper bound	mathematics	2	statement				number theory,bound,divisible,hypothesis,monier	solved	https://github.com/google-deepmind/formal-conjectures/blob/main/FormalConjectures/ErdosProblems/1063.lean	Apache-2.0
fc-erdosproblems-1063-erdos-1063-cambie-upper-bound	Erdős problem 1063, variant cambie upper bound	mathematics	2	statement				number theory,bound,agrees,because,cambie	solved	https://github.com/google-deepmind/formal-conjectures/blob/main/FormalConjectures/ErdosProblems/1063.lean	Apache-2.0
fc-erdosproblems-1063-erdos-1063-exp-upper-bound	Erdős problem 1063, variant exp upper bound	mathematics	2	statement				number theory,bound,common,implies,least	solved	https://github.com/google-deepmind/formal-conjectures/blob/main/FormalConjectures/ErdosProblems/1063.lean	Apache-2.0
fc-erdosproblems-1064-erdos-1064	Erdős problem 1064	mathematics	3	statement				number theory,akowski-,arithmetical,asymptotic,chinzel	solved	https://github.com/google-deepmind/formal-conjectures/blob/main/FormalConjectures/ErdosProblems/1064.lean	Apache-2.0
fc-erdosproblems-1064-erdos-1064-k2	Erdős problem 1064, variant k2	mathematics	2	statement				number theory,function,totient,concerning,euler	solved	https://github.com/google-deepmind/formal-conjectures/blob/main/FormalConjectures/ErdosProblems/1064.lean	Apache-2.0
fc-erdosproblems-1064-erdos-1064-general-function	Erdős problem 1064, variant general function	mathematics	2	statement				number theory,akowski-,almost,arithmetical,chinzel	solved	https://github.com/google-deepmind/formal-conjectures/blob/main/FormalConjectures/ErdosProblems/1064.lean	Apache-2.0
fc-erdosproblems-1065-erdos-1065-parts-i	Erdős problem 1065, i	mathematics	3	statement				number theory,https,infinitely,mentioned,prime	open	https://github.com/google-deepmind/formal-conjectures/blob/main/FormalConjectures/ErdosProblems/1065.lean	Apache-2.0
fc-erdosproblems-1065-erdos-1065-parts-ii	Erdős problem 1065, ii	mathematics	3	statement				number theory,infinitely,prime,primes,erdős problem	open	https://github.com/google-deepmind/formal-conjectures/blob/main/FormalConjectures/ErdosProblems/1065.lean	Apache-2.0
fc-erdosproblems-1067-erdos-1067	Erdős problem 1067	mathematics	3	proved				chromatic,using,aleph,alexeev,answer	solved	https://github.com/google-deepmind/formal-conjectures/blob/main/FormalConjectures/ErdosProblems/1067.lean	Apache-2.0
fc-erdosproblems-1067-erdos-1067-infinite-edge-connectivity	Erdős problem 1067, variant infinite edge connectivity	mathematics	2	statement				chromatic,graph,subgraph,uncountable,answer	solved	https://github.com/google-deepmind/formal-conjectures/blob/main/FormalConjectures/ErdosProblems/1067.lean	Apache-2.0
fc-erdosproblems-1068-erdos-1068	Erdős problem 1068	mathematics	3	statement				chromatic,connected,contain,countable,graph	open	https://github.com/google-deepmind/formal-conjectures/blob/main/FormalConjectures/ErdosProblems/1068.lean	Apache-2.0
fc-erdosproblems-107-erdos-107	Erdős problem 107	mathematics	3	statement				convex geometry,points,contain,convex,minimal	open	https://github.com/google-deepmind/formal-conjectures/blob/main/FormalConjectures/ErdosProblems/107.lean	Apache-2.0
fc-erdosproblems-1071-erdos-1071-parts-i	Erdős problem 1071, i	mathematics	3	proved				convex geometry,affirmatively,alexeev,aristotle,chatgpt	solved	https://github.com/google-deepmind/formal-conjectures/blob/main/FormalConjectures/ErdosProblems/1071.lean	Apache-2.0
fc-erdosproblems-1071-erdos-1071-parts-ii	Erdős problem 1071, ii	mathematics	3	proved				convex geometry,affirmatively,alexeev,aristotle,chatgpt	solved	https://github.com/google-deepmind/formal-conjectures/blob/main/FormalConjectures/ErdosProblems/1071.lean	Apache-2.0
fc-erdosproblems-1072-erdos-1072-parts-i	Erdős problem 1072, i	mathematics	3	statement				number theory,infinitely,erdős problem,mathematics,open	open	https://github.com/google-deepmind/formal-conjectures/blob/main/FormalConjectures/ErdosProblems/1072.lean	Apache-2.0
fc-erdosproblems-1072-erdos-1072-parts-ii	Erdős problem 1072, ii	mathematics	3	statement				number theory,density,primes,subset,erdős problem	open	https://github.com/google-deepmind/formal-conjectures/blob/main/FormalConjectures/ErdosProblems/1072.lean	Apache-2.0
fc-erdosproblems-1072-erdos-1072-littleo	Erdős problem 1072, variant littleo	mathematics	2	statement				number theory,hardy,subbarao,believed,modified	open	https://github.com/google-deepmind/formal-conjectures/blob/main/FormalConjectures/ErdosProblems/1072.lean	Apache-2.0
fc-erdosproblems-1073-erdos-1073	Erdős problem 1073	mathematics	3	statement				number theory,erdős problem,mathematics,open,formal conjectures	open	https://github.com/google-deepmind/formal-conjectures/blob/main/FormalConjectures/ErdosProblems/1073.lean	Apache-2.0
fc-erdosproblems-1074-erdos-1074-parts-i	Erdős problem 1074, i	mathematics	3	statement				number theory,prime,erdős problem,mathematics,open	open	https://github.com/google-deepmind/formal-conjectures/blob/main/FormalConjectures/ErdosProblems/1074.lean	Apache-2.0
fc-erdosproblems-1074-erdos-1074-parts-ii	Erdős problem 1074, ii	mathematics	3	statement				number theory,prime,erdős problem,mathematics,open	open	https://github.com/google-deepmind/formal-conjectures/blob/main/FormalConjectures/ErdosProblems/1074.lean	Apache-2.0
fc-erdosproblems-1074-erdos-1074-parts-iii	Erdős problem 1074, iii	mathematics	3	statement				number theory,primes,similarly,erdős problem,mathematics	open	https://github.com/google-deepmind/formal-conjectures/blob/main/FormalConjectures/ErdosProblems/1074.lean	Apache-2.0
fc-erdosproblems-1074-erdos-1074-parts-iv	Erdős problem 1074, iv	mathematics	3	statement				number theory,primes,similarly,erdős problem,mathematics	open	https://github.com/google-deepmind/formal-conjectures/blob/main/FormalConjectures/ErdosProblems/1074.lean	Apache-2.0
fc-erdosproblems-1074-erdos-1074-ehsnumbers-infinite	Erdős problem 1074, variant EHSNumbers infinite	mathematics	2	proved				number theory,alphaproof,formal,hardy,infinite	solved	https://github.com/google-deepmind/formal-conjectures/blob/main/FormalConjectures/ErdosProblems/1074.lean	Apache-2.0
fc-erdosproblems-1074-erdos-1074-pillaiprimes-infinite	Erdős problem 1074, variant PillaiPrimes infinite	mathematics	2	statement				number theory,hardy,infinite,subbarao,erdős problem	solved	https://github.com/google-deepmind/formal-conjectures/blob/main/FormalConjectures/ErdosProblems/1074.lean	Apache-2.0
fc-erdosproblems-1074-erdos-1074-ehsnumbers-one	Erdős problem 1074, variant EHSNumbers one	mathematics	2	statement				number theory,density,agreed,around,asymptotic	open	https://github.com/google-deepmind/formal-conjectures/blob/main/FormalConjectures/ErdosProblems/1074.lean	Apache-2.0
fc-erdosproblems-1077-erdos-1077	Erdős problem 1077	mathematics	3	proved				balanced,degree,edges,graph,least	solved	https://github.com/google-deepmind/formal-conjectures/blob/main/FormalConjectures/ErdosProblems/1077.lean	Apache-2.0
fc-erdosproblems-1079-erdos-1079	Erdős problem 1079	mathematics	3	statement				edges,degree,vertex,graph,least	solved	https://github.com/google-deepmind/formal-conjectures/blob/main/FormalConjectures/ErdosProblems/1079.lean	Apache-2.0
fc-erdosproblems-1079-erdos-1079-bondy	Erdős problem 1079, variant bondy	mathematics	2	proved				edges,bondy,contains,degree,maximum	solved	https://github.com/google-deepmind/formal-conjectures/blob/main/FormalConjectures/ErdosProblems/1079.lean	Apache-2.0
fc-erdosproblems-108-erdos-108	Erdős problem 108	mathematics	3	statement				chromatic,contains,finite,girth,graph	open	https://github.com/google-deepmind/formal-conjectures/blob/main/FormalConjectures/ErdosProblems/108.lean	Apache-2.0
fc-erdosproblems-1080-erdos-1080	Erdős problem 1080	mathematics	3	proved				vertices,answer,bipartite,contain,edges	solved	https://github.com/google-deepmind/formal-conjectures/blob/main/FormalConjectures/ErdosProblems/1080.lean	Apache-2.0
fc-erdosproblems-1082-erdos-1082-parts-i	Erdős problem 1082, i	mathematics	3	statement				geometry,determine,distances,distinct,least	open	https://github.com/google-deepmind/formal-conjectures/blob/main/FormalConjectures/ErdosProblems/1082.lean	Apache-2.0
fc-erdosproblems-1082-erdos-1082-parts-ii	Erdős problem 1082, ii	mathematics	3	proved				geometry,distances,point,points,counterexample	solved	https://github.com/google-deepmind/formal-conjectures/blob/main/FormalConjectures/ErdosProblems/1082.lean	Apache-2.0
fc-erdosproblems-1083-erdos-1083	Erdős problem 1083	mathematics	3	statement				convex geometry,determines,distances,distinct,estimate	open	https://github.com/google-deepmind/formal-conjectures/blob/main/FormalConjectures/ErdosProblems/1083.lean	Apache-2.0
fc-erdosproblems-1084-erdos-1084-upper-d1	Erdős problem 1084, variant upper d1	mathematics	2	proved				convex geometry,check,erdős problem,mathematics,solved	solved	https://github.com/google-deepmind/formal-conjectures/blob/main/FormalConjectures/ErdosProblems/1084.lean	Apache-2.0
fc-erdosproblems-1084-erdos-1084-easy-upper-d2	Erdős problem 1084, variant easy upper d2	mathematics	2	statement				convex geometry,check,erdős problem,mathematics,solved	solved	https://github.com/google-deepmind/formal-conjectures/blob/main/FormalConjectures/ErdosProblems/1084.lean	Apache-2.0
fc-erdosproblems-1084-erdos-1084-upper-d2	Erdős problem 1084, variant upper d2	mathematics	2	statement				convex geometry,constant,erdős problem,mathematics,solved	solved	https://github.com/google-deepmind/formal-conjectures/blob/main/FormalConjectures/ErdosProblems/1084.lean	Apache-2.0
fc-erdosproblems-1084-erdos-1084-triangular-optimal-d2	Erdős problem 1084, variant triangular optimal d2	mathematics	2	statement				convex geometry,generally,harborth,lattice,particular	solved	https://github.com/google-deepmind/formal-conjectures/blob/main/FormalConjectures/ErdosProblems/1084.lean	Apache-2.0
fc-erdosproblems-1084-erdos-1084-upper-lower-d3	Erdős problem 1084, variant upper lower d3	mathematics	2	statement				convex geometry,claims,constants,existence,erdős problem	solved	https://github.com/google-deepmind/formal-conjectures/blob/main/FormalConjectures/ErdosProblems/1084.lean	Apache-2.0
fc-erdosproblems-1085-erdos-1085-lower-d2	Erdős problem 1085, variant lower d2	mathematics	2	statement				convex geometry,erdős problem,mathematics,solved,formal conjectures	solved	https://github.com/google-deepmind/formal-conjectures/blob/main/FormalConjectures/ErdosProblems/1085.lean	Apache-2.0
fc-erdosproblems-1085-erdos-1085-upper-d2	Erdős problem 1085, variant upper d2	mathematics	2	statement				convex geometry,spencer,szemer,trotter,erdős problem	solved	https://github.com/google-deepmind/formal-conjectures/blob/main/FormalConjectures/ErdosProblems/1085.lean	Apache-2.0
fc-erdosproblems-1085-erdos-1085-lower-d3	Erdős problem 1085, variant lower d3	mathematics	2	statement				convex geometry,erdős problem,mathematics,solved,formal conjectures	solved	https://github.com/google-deepmind/formal-conjectures/blob/main/FormalConjectures/ErdosProblems/1085.lean	Apache-2.0
fc-erdosproblems-1085-erdos-1085-upper-d3	Erdős problem 1085, variant upper d3	mathematics	2	statement				convex geometry,bound,lower,upper,erdős problem	open	https://github.com/google-deepmind/formal-conjectures/blob/main/FormalConjectures/ErdosProblems/1085.lean	Apache-2.0
fc-erdosproblems-1085-erdos-1085-lower-d4-lenz	Erdős problem 1085, variant lower d4 lenz	mathematics	2	statement				convex geometry,erdős problem,mathematics,solved,formal conjectures	solved	https://github.com/google-deepmind/formal-conjectures/blob/main/FormalConjectures/ErdosProblems/1085.lean	Apache-2.0
fc-erdosproblems-1085-erdos-1085-upper-d4-erdos	Erdős problem 1085, variant upper d4 erdos	mathematics	2	statement				convex geometry,erdős problem,mathematics,solved,formal conjectures	solved	https://github.com/google-deepmind/formal-conjectures/blob/main/FormalConjectures/ErdosProblems/1085.lean	Apache-2.0
fc-erdosproblems-1085-erdos-1085-upper-lower-d5-odd	Erdős problem 1085, variant upper lower d5 odd	mathematics	2	statement				convex geometry,constants,erdős problem,mathematics,solved	solved	https://github.com/google-deepmind/formal-conjectures/blob/main/FormalConjectures/ErdosProblems/1085.lean	Apache-2.0
fc-erdosproblems-1088-erdos-1088	Erdős problem 1088	mathematics	3	statement				geometry,points,after,base-,condition	open	https://github.com/google-deepmind/formal-conjectures/blob/main/FormalConjectures/ErdosProblems/1088.lean	Apache-2.0
fc-erdosproblems-1089-erdos-1089	Erdős problem 1089	mathematics	3	proved				geometry,convex geometry,bannai,binom,bound	solved	https://github.com/google-deepmind/formal-conjectures/blob/main/FormalConjectures/ErdosProblems/1089.lean	Apache-2.0
fc-erdosproblems-1089-erdos-1089-bounds-and-limit	Erdős problem 1089, variant bounds and limit	mathematics	2	proved				geometry,convex geometry,erdős problem,mathematics,solved	solved	https://github.com/google-deepmind/formal-conjectures/blob/main/FormalConjectures/ErdosProblems/1089.lean	Apache-2.0
fc-erdosproblems-109-erdos-109	Erdős problem 109	mathematics	3	proved				sumset,contains,density,infinite,moreira	solved	https://github.com/google-deepmind/formal-conjectures/blob/main/FormalConjectures/ErdosProblems/109.lean	Apache-2.0
fc-erdosproblems-1090-erdos-1090	Erdős problem 1090	mathematics	3	proved				points,answer,colour,colouring,contains	solved	https://github.com/google-deepmind/formal-conjectures/blob/main/FormalConjectures/ErdosProblems/1090.lean	Apache-2.0
fc-erdosproblems-1092-f-asymptotic-2	Erdős problem 1092	mathematics	3	statement				graph,after,bipartite,chromatic,closely	solved	https://github.com/google-deepmind/formal-conjectures/blob/main/FormalConjectures/ErdosProblems/1092.lean	Apache-2.0
fc-erdosproblems-1093-erdos-1093-parts-i	Erdős problem 1093, i	mathematics	3	statement				binomial,coefficients,deficiency,infinitely,erdős problem	open	https://github.com/google-deepmind/formal-conjectures/blob/main/FormalConjectures/ErdosProblems/1093.lean	Apache-2.0
fc-erdosproblems-1093-erdos-1093-parts-ii	Erdős problem 1093, ii	mathematics	3	statement				binomial,coefficients,deficiency,finitely,erdős problem	open	https://github.com/google-deepmind/formal-conjectures/blob/main/FormalConjectures/ErdosProblems/1093.lean	Apache-2.0
fc-erdosproblems-1094-erdos-1094	Erdős problem 1094	mathematics	3	statement				number theory,exceptions,factor,finitely,least	open	https://github.com/google-deepmind/formal-conjectures/blob/main/FormalConjectures/ErdosProblems/1094.lean	Apache-2.0
fc-erdosproblems-1095-erdos-1095-lower-solved	Erdős problem 1095, variant lower solved	mathematics	2	statement				number theory,current,konyagin,record,erdős problem	solved	https://github.com/google-deepmind/formal-conjectures/blob/main/FormalConjectures/ErdosProblems/1095.lean	Apache-2.0
fc-erdosproblems-1095-erdos-1095-upper-conjecture	Erdős problem 1095, variant upper conjecture	mathematics	2	statement				number theory,ecklund,selfridge,erdős problem,mathematics	solved	https://github.com/google-deepmind/formal-conjectures/blob/main/FormalConjectures/ErdosProblems/1095.lean	Apache-2.0
fc-erdosproblems-1095-erdos-1095-lower-conjecture	Erdős problem 1095, variant lower conjecture	mathematics	2	statement				number theory,clear,constant,lacampagne,person	open	https://github.com/google-deepmind/formal-conjectures/blob/main/FormalConjectures/ErdosProblems/1095.lean	Apache-2.0
fc-erdosproblems-1095-erdos-1095-log-equivalent	Erdős problem 1095, variant log equivalent	mathematics	2	statement				number theory,sorenson,evidence,heuristic,webster	open	https://github.com/google-deepmind/formal-conjectures/blob/main/FormalConjectures/ErdosProblems/1095.lean	Apache-2.0
fc-erdosproblems-1096-erdos-1096	Erdős problem 1096	mathematics	3	proved				number theory,affirmatively,conclusion,consider,finite	solved	https://github.com/google-deepmind/formal-conjectures/blob/main/FormalConjectures/ErdosProblems/1096.lean	Apache-2.0
fc-erdosproblems-1097-erdos-1097	Erdős problem 1097	mathematics	3	proved				number theory,question,achievable,arithmetic,bound	solved	https://github.com/google-deepmind/formal-conjectures/blob/main/FormalConjectures/ErdosProblems/1097.lean	Apache-2.0
fc-erdosproblems-1098-erdos-1098	Erdős problem 1098	mathematics	3	proved				group theory,complete,contains,subgraph,centre	solved	https://github.com/google-deepmind/formal-conjectures/blob/main/FormalConjectures/ErdosProblems/1098.lean	Apache-2.0
fc-erdosproblems-1098-erdos-1098-center-finiteindex	Erdős problem 1098, variant center finiteIndex	mathematics	2	statement				group theory,centre,complete,contains,finite	solved	https://github.com/google-deepmind/formal-conjectures/blob/main/FormalConjectures/ErdosProblems/1098.lean	Apache-2.0
fc-erdosproblems-1098-erdos-1098-upper-bound	Erdős problem 1098, variant upper bound	mathematics	2	statement				group theory,centre,complete,contains,index	solved	https://github.com/google-deepmind/formal-conjectures/blob/main/FormalConjectures/ErdosProblems/1098.lean	Apache-2.0
fc-erdosproblems-1099-erdos-1099	Erdős problem 1099	mathematics	3	proved				number theory,alpha,sequence,above,answer	solved	https://github.com/google-deepmind/formal-conjectures/blob/main/FormalConjectures/ErdosProblems/1099.lean	Apache-2.0
fc-erdosproblems-1099-erdos-1099-factorial	Erdős problem 1099, variant factorial	mathematics	2	statement				number theory,bounded,tenenbaum,erdős problem,mathematics	solved	https://github.com/google-deepmind/formal-conjectures/blob/main/FormalConjectures/ErdosProblems/1099.lean	Apache-2.0
fc-erdosproblems-1099-erdos-1099-lcm	Erdős problem 1099, variant lcm	mathematics	2	statement				number theory,bounded,tenenbaum,erdős problem,mathematics	solved	https://github.com/google-deepmind/formal-conjectures/blob/main/FormalConjectures/ErdosProblems/1099.lean	Apache-2.0
fc-erdosproblems-1099-erdos-1099-ratio-sum	Erdős problem 1099, variant ratio sum	mathematics	2	statement				number theory,affirmative,answer,asked,considering	solved	https://github.com/google-deepmind/formal-conjectures/blob/main/FormalConjectures/ErdosProblems/1099.lean	Apache-2.0
fc-erdosproblems-11-erdos-11	Erdős problem 11	mathematics	3	statement				number theory,power,squarefree,erdős problem,mathematics	open	https://github.com/google-deepmind/formal-conjectures/blob/main/FormalConjectures/ErdosProblems/11.lean	Apache-2.0
fc-erdosproblems-11-erdos-11-not-four-dvd	Erdős problem 11, variant not four dvd	mathematics	2	statement				number theory,asked,assumption,divisible,often	open	https://github.com/google-deepmind/formal-conjectures/blob/main/FormalConjectures/ErdosProblems/11.lean	Apache-2.0
fc-erdosproblems-11-erdos-11-two-pow-two	Erdős problem 11, variant two pow two	mathematics	2	statement				number theory,powers,squarefree,erdős problem,mathematics	open	https://github.com/google-deepmind/formal-conjectures/blob/main/FormalConjectures/ErdosProblems/11.lean	Apache-2.0
fc-erdosproblems-11-erdos-11-finite-bound1	Erdős problem 11, variant finite bound1	mathematics	2	statement				number theory,power,squarefree,erdős problem,mathematics	solved	https://github.com/google-deepmind/formal-conjectures/blob/main/FormalConjectures/ErdosProblems/11.lean	Apache-2.0
fc-erdosproblems-11-erdos-11-finite-bound2	Erdős problem 11, variant finite bound2	mathematics	2	statement				number theory,power,squarefree,erdős problem,mathematics	solved	https://github.com/google-deepmind/formal-conjectures/blob/main/FormalConjectures/ErdosProblems/11.lean	Apache-2.0
fc-erdosproblems-11-erdos-11-granville-soundararajan	Erdős problem 11, variant granville soundararajan	mathematics	2	statement				number theory,primes,additive,binary,granville	solved	https://github.com/google-deepmind/formal-conjectures/blob/main/FormalConjectures/ErdosProblems/11.lean	Apache-2.0
fc-erdosproblems-1101-erdos-1101-parts-i	Erdős problem 1101, i	mathematics	3	statement				number theory,growth,polynomial,sequence,erdős problem	open	https://github.com/google-deepmind/formal-conjectures/blob/main/FormalConjectures/ErdosProblems/1101.lean	Apache-2.0
fc-erdosproblems-1101-erdos-1101-parts-ii	Erdős problem 1101, ii	mathematics	3	statement				number theory,growth,sequence,sub-exponential,erdős problem	open	https://github.com/google-deepmind/formal-conjectures/blob/main/FormalConjectures/ErdosProblems/1101.lean	Apache-2.0
fc-erdosproblems-1102-erdos-1102-density-zero-of-p	Erdős problem 1102, density zero of P	mathematics	3	proved				number theory,density,equivalently,natural,property	solved	https://github.com/google-deepmind/formal-conjectures/blob/main/FormalConjectures/ErdosProblems/1102.lean	Apache-2.0
fc-erdosproblems-1102-erdos-1102-exists-sequence-with-p	Erdős problem 1102, exists sequence with P	mathematics	3	proved				number theory,conversely,function,increasing,infinity	solved	https://github.com/google-deepmind/formal-conjectures/blob/main/FormalConjectures/ErdosProblems/1102.lean	Apache-2.0
fc-erdosproblems-1102-erdos-1102-upper-density-q	Erdős problem 1102, upper density Q	mathematics	3	proved				number theory,density,property,sequence,upper	solved	https://github.com/google-deepmind/formal-conjectures/blob/main/FormalConjectures/ErdosProblems/1102.lean	Apache-2.0
fc-erdosproblems-1102-erdos-1102-lower-density-q-exists	Erdős problem 1102, lower density Q exists	mathematics	3	proved				number theory,density,equivalently,infinite,natural	solved	https://github.com/google-deepmind/formal-conjectures/blob/main/FormalConjectures/ErdosProblems/1102.lean	Apache-2.0
fc-erdosproblems-1104-erdos-1104-lower	Erdős problem 1104, variant lower	mathematics	2	statement				bound,chromatic,denotes,formalized,graph	solved	https://github.com/google-deepmind/formal-conjectures/blob/main/FormalConjectures/ErdosProblems/1104.lean	Apache-2.0
fc-erdosproblems-1104-erdos-1104-upper	Erdős problem 1104, variant upper	mathematics	2	statement				bound,chromatic,davies,denotes,formalized	solved	https://github.com/google-deepmind/formal-conjectures/blob/main/FormalConjectures/ErdosProblems/1104.lean	Apache-2.0
fc-erdosproblems-1105-erdos-1105-parts-i	Erdős problem 1105, i	mathematics	3	statement				colours,edges,anti-ramsey,coloured,creating	solved	https://github.com/google-deepmind/formal-conjectures/blob/main/FormalConjectures/ErdosProblems/1105.lean	Apache-2.0
fc-erdosproblems-1105-erdos-1105-parts-ii	Erdős problem 1105, ii	mathematics	3	statement				announced,equal,formula,otherwise,vertices	solved	https://github.com/google-deepmind/formal-conjectures/blob/main/FormalConjectures/ErdosProblems/1105.lean	Apache-2.0
fc-erdosproblems-1106-erdos-1106-parts-i	Erdős problem 1106, i	mathematics	3	statement				number theory,infinity,tends,answer,distinct	solved	https://github.com/google-deepmind/formal-conjectures/blob/main/FormalConjectures/ErdosProblems/1106.lean	Apache-2.0
fc-erdosproblems-1106-erdos-1106-parts-ii	Erdős problem 1106, ii	mathematics	3	statement				number theory,distinct,factors,large,partition	open	https://github.com/google-deepmind/formal-conjectures/blob/main/FormalConjectures/ErdosProblems/1106.lean	Apache-2.0
fc-erdosproblems-1107-erdos-1107	Erdős problem 1107	mathematics	3	statement				number theory,integer,large,powerful,erdős problem	open	https://github.com/google-deepmind/formal-conjectures/blob/main/FormalConjectures/ErdosProblems/1107.lean	Apache-2.0
fc-erdosproblems-1107-erdos-1107-two	Erdős problem 1107, variant two	mathematics	2	statement				number theory,heath-brown,integer,large,powerful	solved	https://github.com/google-deepmind/formal-conjectures/blob/main/FormalConjectures/ErdosProblems/1107.lean	Apache-2.0
fc-erdosproblems-1108-erdos-1108-parts-i	Erdős problem 1108, i	mathematics	3	statement				number theory,contain,distinct,factorials,finite	open	https://github.com/google-deepmind/formal-conjectures/blob/main/FormalConjectures/ErdosProblems/1108.lean	Apache-2.0
fc-erdosproblems-1108-erdos-1108-parts-ii	Erdős problem 1108, ii	mathematics	3	statement				number theory,contain,distinct,factorials,finite	open	https://github.com/google-deepmind/formal-conjectures/blob/main/FormalConjectures/ErdosProblems/1108.lean	Apache-2.0
fc-erdosproblems-1109-erdos-1109	Erdős problem 1109	mathematics	3	statement				number theory,bound,estimate,formalizes,largest	open	https://github.com/google-deepmind/formal-conjectures/blob/main/FormalConjectures/ErdosProblems/1109.lean	Apache-2.0
fc-erdosproblems-1109-erdos-1109-polylog	Erdős problem 1109, variant polylog	mathematics	2	statement				number theory,bound,polylogarithmic,stronger,erdős problem	open	https://github.com/google-deepmind/formal-conjectures/blob/main/FormalConjectures/ErdosProblems/1109.lean	Apache-2.0
fc-erdosproblems-1109-erdos-1109-erdos-sarkozy-lower	Erdős problem 1109, variant erdos sarkozy lower	mathematics	2	statement				number theory,bound,lower,erdős problem,mathematics	solved	https://github.com/google-deepmind/formal-conjectures/blob/main/FormalConjectures/ErdosProblems/1109.lean	Apache-2.0
fc-erdosproblems-1109-erdos-1109-erdos-sarkozy-upper	Erdős problem 1109, variant erdos sarkozy upper	mathematics	2	statement				number theory,bound,upper,erdős problem,mathematics	solved	https://github.com/google-deepmind/formal-conjectures/blob/main/FormalConjectures/ErdosProblems/1109.lean	Apache-2.0
fc-erdosproblems-1109-erdos-1109-konyagin-lower	Erdős problem 1109, variant konyagin lower	mathematics	2	statement				number theory,bound,improved,konyagin,lower	solved	https://github.com/google-deepmind/formal-conjectures/blob/main/FormalConjectures/ErdosProblems/1109.lean	Apache-2.0
fc-erdosproblems-1109-erdos-1109-konyagin-upper	Erdős problem 1109, variant konyagin upper	mathematics	2	statement				number theory,bound,improved,konyagin,upper	solved	https://github.com/google-deepmind/formal-conjectures/blob/main/FormalConjectures/ErdosProblems/1109.lean	Apache-2.0
fc-erdosproblems-1110-erdos-1110	Erdős problem 1110	mathematics	3	statement				number theory,coprime,integers,non-representable,about	open	https://github.com/google-deepmind/formal-conjectures/blob/main/FormalConjectures/ErdosProblems/1110.lean	Apache-2.0
fc-erdosproblems-1113-erdos-1113-infinitely-many-sierpinski	Erdős problem 1113, variant infinitely many sierpinski	mathematics	2	proved				number theory,covering,sierpi,certain,congruence	solved	https://github.com/google-deepmind/formal-conjectures/blob/main/FormalConjectures/ErdosProblems/1113.lean	Apache-2.0
fc-erdosproblems-1113-erdos-1113	Erdős problem 1113	mathematics	3	statement				number theory,answer,primes,covering,fermat	open	https://github.com/google-deepmind/formal-conjectures/blob/main/FormalConjectures/ErdosProblems/1113.lean	Apache-2.0
fc-erdosproblems-1113-erdos-1113-filaseta-finch-kozek	Erdős problem 1113, variant filaseta finch kozek	mathematics	2	statement				number theory,covering,either,filaseta,finch	open	https://github.com/google-deepmind/formal-conjectures/blob/main/FormalConjectures/ErdosProblems/1113.lean	Apache-2.0
fc-erdosproblems-1119-erdos-1119	Erdős problem 1119	mathematics	3	statement				complex analysis,answer,model,produced,question	solved	https://github.com/google-deepmind/formal-conjectures/blob/main/FormalConjectures/ErdosProblems/1119.lean	Apache-2.0
fc-erdosproblems-1119-erdos-1119-easy-case	Erdős problem 1119, variant easy case	mathematics	2	proved				complex analysis,cardinality,distinct,entire,family	solved	https://github.com/google-deepmind/formal-conjectures/blob/main/FormalConjectures/ErdosProblems/1119.lean	Apache-2.0
fc-erdosproblems-1119-erdos-1119-erdos-wetzel	Erdős problem 1119, variant erdos wetzel	mathematics	2	statement				complex analysis,answering,countable,countably,distinct	solved	https://github.com/google-deepmind/formal-conjectures/blob/main/FormalConjectures/ErdosProblems/1119.lean	Apache-2.0
fc-erdosproblems-1119-erdos-1119-erdos-wetzel-ch	Erdős problem 1119, variant erdos wetzel ch	mathematics	2	statement				complex analysis,continuum,countably,distinct,entire	solved	https://github.com/google-deepmind/formal-conjectures/blob/main/FormalConjectures/ErdosProblems/1119.lean	Apache-2.0
fc-erdosproblems-1121-erdos-1121	Erdős problem 1121	mathematics	3	proved				convex geometry,circles,goodman,alternative,bezdek	solved	https://github.com/google-deepmind/formal-conjectures/blob/main/FormalConjectures/ErdosProblems/1121.lean	Apache-2.0
fc-erdosproblems-1121-erdos-1121-higher-dimension	Erdős problem 1121, variant higher dimension	mathematics	2	statement				convex geometry,balls,goodman,covered,dimensions	solved	https://github.com/google-deepmind/formal-conjectures/blob/main/FormalConjectures/ErdosProblems/1121.lean	Apache-2.0
fc-erdosproblems-1125-erdos-1125	Erdős problem 1125	mathematics	3	proved				real functions,kemperman,laczkovich,measurable,monotonic	solved	https://github.com/google-deepmind/formal-conjectures/blob/main/FormalConjectures/ErdosProblems/1125.lean	Apache-2.0
fc-erdosproblems-1126-erdos-1126	Erdős problem 1126	mathematics	3	proved				real functions,measure theory,almost,bruijn,function	solved	https://github.com/google-deepmind/formal-conjectures/blob/main/FormalConjectures/ErdosProblems/1126.lean	Apache-2.0
fc-erdosproblems-1128-erdos-1128-prikrymills	Erdős problem 1128, prikryMills	mathematics	3	statement				countable,mills,prikry,along,cardinality	solved	https://github.com/google-deepmind/formal-conjectures/blob/main/FormalConjectures/ErdosProblems/1128.lean	Apache-2.0
fc-erdosproblems-1128-erdos-1128	Erdős problem 1128	mathematics	3	statement				colouring,monochromatic,answer,countable,mills	solved	https://github.com/google-deepmind/formal-conjectures/blob/main/FormalConjectures/ErdosProblems/1128.lean	Apache-2.0
fc-erdosproblems-1128-erdos-1128-prikrymills-explicit	Erdős problem 1128, variant prikryMills explicit	mathematics	2	statement				mills,ordinal,prikry,colouring,content	solved	https://github.com/google-deepmind/formal-conjectures/blob/main/FormalConjectures/ErdosProblems/1128.lean	Apache-2.0
fc-erdosproblems-1128-erdos-1128-two-dimensional-false	Erdős problem 1128, variant two dimensional false	mathematics	2	statement				monochromatic,uncountable,bounded,colouring,countable	solved	https://github.com/google-deepmind/formal-conjectures/blob/main/FormalConjectures/ErdosProblems/1128.lean	Apache-2.0
fc-erdosproblems-113-erdos-113	Erdős problem 113	mathematics	3	proved				https,offered,bipartite,construction,contains	solved	https://github.com/google-deepmind/formal-conjectures/blob/main/FormalConjectures/ErdosProblems/113.lean	Apache-2.0
fc-erdosproblems-1133-erdos-1133	Erdős problem 1133	mathematics	3	statement				real functions,approximation,degree,following,large	open	https://github.com/google-deepmind/formal-conjectures/blob/main/FormalConjectures/ErdosProblems/1133.lean	Apache-2.0
fc-erdosproblems-1133-erdos-1133-weaker	Erdős problem 1133, variant weaker	mathematics	2	statement				real functions,approximation,could,degree,imply	solved	https://github.com/google-deepmind/formal-conjectures/blob/main/FormalConjectures/ErdosProblems/1133.lean	Apache-2.0
fc-erdosproblems-1134-erdos-1134	Erdős problem 1134	mathematics	3	proved				number theory,mapsto,closed,contains,hilton	solved	https://github.com/google-deepmind/formal-conjectures/blob/main/FormalConjectures/ErdosProblems/1134.lean	Apache-2.0
fc-erdosproblems-1134-erdos-1134-sublinear	Erdős problem 1134, variant sublinear	mathematics	2	proved				number theory,counting,function,particular,sublinear	solved	https://github.com/google-deepmind/formal-conjectures/blob/main/FormalConjectures/ErdosProblems/1134.lean	Apache-2.0
fc-erdosproblems-1134-erdos-1134-klarner	Erdős problem 1134, variant klarner	mathematics	2	statement				number theory,mapsto,closed,contains,density	open	https://github.com/google-deepmind/formal-conjectures/blob/main/FormalConjectures/ErdosProblems/1134.lean	Apache-2.0
fc-erdosproblems-1135-erdos-1135	Erdős problem 1135	mathematics	3	statement				number theory,dynamical systems,collatz,integer,natural	open	https://github.com/google-deepmind/formal-conjectures/blob/main/FormalConjectures/ErdosProblems/1135.lean	Apache-2.0
fc-erdosproblems-1136-erdos-1136	Erdős problem 1136	mathematics	3	proved				number theory,density,affirmative,congruent,integers	solved	https://github.com/google-deepmind/formal-conjectures/blob/main/FormalConjectures/ErdosProblems/1136.lean	Apache-2.0
fc-erdosproblems-1136-erdos-1136-multiples-of-three	Erdős problem 1136, variant multiples of three	mathematics	2	statement				number theory,achieving,density,multiples,taking	solved	https://github.com/google-deepmind/formal-conjectures/blob/main/FormalConjectures/ErdosProblems/1136.lean	Apache-2.0
fc-erdosproblems-1136-erdos-1136-mueller	Erdős problem 1136, variant mueller	mathematics	2	statement				number theory,affirmative,congruent,density,integers	solved	https://github.com/google-deepmind/formal-conjectures/blob/main/FormalConjectures/ErdosProblems/1136.lean	Apache-2.0
fc-erdosproblems-1136-erdos-1136-upper-bound	Erdős problem 1136, variant upper bound	mathematics	2	statement				number theory,density,lower,possible,property	solved	https://github.com/google-deepmind/formal-conjectures/blob/main/FormalConjectures/ErdosProblems/1136.lean	Apache-2.0
fc-erdosproblems-1137-erdos-1137	Erdős problem 1137	mathematics	3	statement				number theory,denotes,prime,erdős problem,mathematics	open	https://github.com/google-deepmind/formal-conjectures/blob/main/FormalConjectures/ErdosProblems/1137.lean	Apache-2.0
fc-erdosproblems-1138-erdos-1138	Erdős problem 1138	mathematics	3	proved				number theory,denotes,prime,erdős problem,mathematics	solved	https://github.com/google-deepmind/formal-conjectures/blob/main/FormalConjectures/ErdosProblems/1138.lean	Apache-2.0
fc-erdosproblems-1139-erdos-1139	Erdős problem 1139	mathematics	3	statement				number theory,infty,factors,integers,limsup	open	https://github.com/google-deepmind/formal-conjectures/blob/main/FormalConjectures/ErdosProblems/1139.lean	Apache-2.0
fc-erdosproblems-1141-erdos-1141-pollack-1-3	Erdős problem 1141, variant pollack 1 3	mathematics	2	statement				number theory,character,below,enough,fixed	solved	https://github.com/google-deepmind/formal-conjectures/blob/main/FormalConjectures/ErdosProblems/1141.lean	Apache-2.0
fc-erdosproblems-1141-erdos-1141-mertens-third	Erdős problem 1141, variant mertens third	mathematics	2	statement				number theory,theorem,assumes,asymptotic,bound	solved	https://github.com/google-deepmind/formal-conjectures/blob/main/FormalConjectures/ErdosProblems/1141.lean	Apache-2.0
fc-erdosproblems-1141-erdos-1141	Erdős problem 1141	mathematics	3	proved				number theory,largest,property,answer,apssv	solved	https://github.com/google-deepmind/formal-conjectures/blob/main/FormalConjectures/ErdosProblems/1141.lean	Apache-2.0
fc-erdosproblems-1142-erdos-1142	Erdős problem 1142	mathematics	3	statement				number theory,https,infinitely,prime,erdős problem	open	https://github.com/google-deepmind/formal-conjectures/blob/main/FormalConjectures/ErdosProblems/1142.lean	Apache-2.0
fc-erdosproblems-1142-erdos-1142-mientka-weitzenkamp	Erdős problem 1142, variant mientka weitzenkamp	mathematics	2	statement				number theory,mientka,prime,weitzenkamp,erdős problem	solved	https://github.com/google-deepmind/formal-conjectures/blob/main/FormalConjectures/ErdosProblems/1142.lean	Apache-2.0
fc-erdosproblems-1145-erdos-1145	Erdős problem 1145	mathematics	3	statement				integers,contains,large,positive,sufficiently	open	https://github.com/google-deepmind/formal-conjectures/blob/main/FormalConjectures/ErdosProblems/1145.lean	Apache-2.0
fc-erdosproblems-1146-erdos-1146	Erdős problem 1146	mathematics	3	statement				number theory,component,essential,asked,chance	open	https://github.com/google-deepmind/formal-conjectures/blob/main/FormalConjectures/ErdosProblems/1146.lean	Apache-2.0
fc-erdosproblems-1147-erdos-1147	Erdős problem 1147	mathematics	3	proved				number theory,additive,almost,basis,order	solved	https://github.com/google-deepmind/formal-conjectures/blob/main/FormalConjectures/ErdosProblems/1147.lean	Apache-2.0
fc-erdosproblems-1147-erdos-1147-sqrt-two	Erdős problem 1147, variant sqrt two	mathematics	2	proved				number theory,additive,basis,konieczny,order	solved	https://github.com/google-deepmind/formal-conjectures/blob/main/FormalConjectures/ErdosProblems/1147.lean	Apache-2.0
fc-erdosproblems-1147-erdos-1147-almost-every	Erdős problem 1147, variant almost every	mathematics	2	statement				number theory,additive,almost,basis,konieczny	solved	https://github.com/google-deepmind/formal-conjectures/blob/main/FormalConjectures/ErdosProblems/1147.lean	Apache-2.0
fc-erdosproblems-1148-erdos-1148	Erdős problem 1148	mathematics	3	proved				number theory,duke-type,equidistribution,forum,theorem	solved	https://github.com/google-deepmind/formal-conjectures/blob/main/FormalConjectures/ErdosProblems/1148.lean	Apache-2.0
fc-erdosproblems-1148-erdos-1148-weaker	Erdős problem 1148, variant weaker	mathematics	2	statement				number theory,obvious,replace,reports,erdős problem	solved	https://github.com/google-deepmind/formal-conjectures/blob/main/FormalConjectures/ErdosProblems/1148.lean	Apache-2.0
fc-erdosproblems-115-erdos-115	Erdős problem 115	mathematics	3	proved				complex analysis,lvert,rvert,chebyshev,connected	solved	https://github.com/google-deepmind/formal-conjectures/blob/main/FormalConjectures/ErdosProblems/115.lean	Apache-2.0
fc-erdosproblems-1150-erdos-1150	Erdős problem 1150	mathematics	3	statement				field theory,complex analysis,coefficients,constant,degree	open	https://github.com/google-deepmind/formal-conjectures/blob/main/FormalConjectures/ErdosProblems/1150.lean	Apache-2.0
fc-erdosproblems-1159-erdos-1159	Erdős problem 1159	mathematics	3	statement				geometry,plane,projective,constant,determine	open	https://github.com/google-deepmind/formal-conjectures/blob/main/FormalConjectures/ErdosProblems/1159.lean	Apache-2.0
fc-erdosproblems-116-erdos-116	Erdős problem 116	mathematics	3	proved				complex analysis,bound,lvert,rvert,epsilon	solved	https://github.com/google-deepmind/formal-conjectures/blob/main/FormalConjectures/ErdosProblems/116.lean	Apache-2.0
fc-erdosproblems-116-erdos-116-log	Erdős problem 116, variant log	mathematics	2	statement				complex analysis,answer,bound,krishnapur,lower	solved	https://github.com/google-deepmind/formal-conjectures/blob/main/FormalConjectures/ErdosProblems/116.lean	Apache-2.0
fc-erdosproblems-116-erdos-116-upper	Erdős problem 116, variant upper	mathematics	2	statement				complex analysis,improving,krishnapur,lundberg,polynomials	solved	https://github.com/google-deepmind/formal-conjectures/blob/main/FormalConjectures/ErdosProblems/116.lean	Apache-2.0
fc-erdosproblems-116-erdos-116-polya	Erdős problem 116, variant polya	mathematics	2	statement				complex analysis,always,erdős problem,mathematics,solved	solved	https://github.com/google-deepmind/formal-conjectures/blob/main/FormalConjectures/ErdosProblems/116.lean	Apache-2.0
fc-erdosproblems-1167-erdos-1167	Erdős problem 1167	mathematics	3	statement				alpha,cardinal,gamma,infinite,kappa	open	https://github.com/google-deepmind/formal-conjectures/blob/main/FormalConjectures/ErdosProblems/1167.lean	Apache-2.0
fc-erdosproblems-1175-erdos-1175	Erdős problem 1175	mathematics	3	statement				cardinal,chromatic,aleph,answer,consistent	open	https://github.com/google-deepmind/formal-conjectures/blob/main/FormalConjectures/ErdosProblems/1175.lean	Apache-2.0
fc-erdosproblems-1175-erdos-1175-aleph-one	Erdős problem 1175, variant aleph one	mathematics	2	statement				chromatic,graph,model,triangle-free,about	open	https://github.com/google-deepmind/formal-conjectures/blob/main/FormalConjectures/ErdosProblems/1175.lean	Apache-2.0
fc-erdosproblems-1175-erdos-1175-threshold-formulation	Erdős problem 1175, variant threshold formulation	mathematics	2	statement				erdos,chromatic,chromaticcardinal,threshold,exact	open	https://github.com/google-deepmind/formal-conjectures/blob/main/FormalConjectures/ErdosProblems/1175.lean	Apache-2.0
fc-erdosproblems-1176-erdos-1176	Erdős problem 1176	mathematics	3	statement				colouring,colours,hajnal,chromatic,colour	open	https://github.com/google-deepmind/formal-conjectures/blob/main/FormalConjectures/ErdosProblems/1176.lean	Apache-2.0
fc-erdosproblems-1179-erdos-1179	Erdős problem 1179	mathematics	3	proved				number theory,epsilon,right,bound,abelian	solved	https://github.com/google-deepmind/formal-conjectures/blob/main/FormalConjectures/ErdosProblems/1179.lean	Apache-2.0
fc-erdosproblems-1179-erdos-1179-lower-bound	Erdős problem 1179, variant lower bound	mathematics	2	proved				number theory,balanced,representation,satisfy,since	solved	https://github.com/google-deepmind/formal-conjectures/blob/main/FormalConjectures/ErdosProblems/1179.lean	Apache-2.0
fc-erdosproblems-1180-erdos-1180	Erdős problem 1180	mathematics	3	proved				number theory,modulo,primes,summands,affirmative	solved	https://github.com/google-deepmind/formal-conjectures/blob/main/FormalConjectures/ErdosProblems/1180.lean	Apache-2.0
fc-erdosproblems-1180-erdos-1180-shparlinski	Erdős problem 1180, variant shparlinski	mathematics	2	statement				number theory,admissible,bound,denominator,depend	solved	https://github.com/google-deepmind/formal-conjectures/blob/main/FormalConjectures/ErdosProblems/1180.lean	Apache-2.0
fc-erdosproblems-1180-erdos-1180-glibichuk	Erdős problem 1180, variant glibichuk	mathematics	2	statement				number theory,again,bound,glibichuk,improved	solved	https://github.com/google-deepmind/formal-conjectures/blob/main/FormalConjectures/ErdosProblems/1180.lean	Apache-2.0
fc-erdosproblems-1180-erdos-1180-lower-bound	Erdős problem 1180, variant lower bound	mathematics	2	statement				number theory,least,required,summands,trivial	solved	https://github.com/google-deepmind/formal-conjectures/blob/main/FormalConjectures/ErdosProblems/1180.lean	Apache-2.0
fc-erdosproblems-1180-erdos-1180-optimal	Erdős problem 1180, variant optimal	mathematics	2	statement				number theory,erdős problem,mathematics,open,formal conjectures	open	https://github.com/google-deepmind/formal-conjectures/blob/main/FormalConjectures/ErdosProblems/1180.lean	Apache-2.0
fc-erdosproblems-1187-erdos-1187-parts-i	Erdős problem 1187, i	mathematics	3	proved				number theory,arithmetic,primes,progressions,answer	solved	https://github.com/google-deepmind/formal-conjectures/blob/main/FormalConjectures/ErdosProblems/1187.lean	Apache-2.0
fc-erdosproblems-1187-erdos-1187-parts-ii	Erdős problem 1187, ii	mathematics	3	proved				number theory,colouring,difference,integers,prime	solved	https://github.com/google-deepmind/formal-conjectures/blob/main/FormalConjectures/ErdosProblems/1187.lean	Apache-2.0
fc-erdosproblems-1188-erdos-1188	Erdős problem 1188	mathematics	3	proved				number theory,covering,distinct,system,estimate	solved	https://github.com/google-deepmind/formal-conjectures/blob/main/FormalConjectures/ErdosProblems/1188.lean	Apache-2.0
fc-erdosproblems-119-erdos-119-parts-i	Erdős problem 119, i	mathematics	3	proved				complex analysis,attributed,infinitely,often,wagner	solved	https://github.com/google-deepmind/formal-conjectures/blob/main/FormalConjectures/ErdosProblems/119.lean	Apache-2.0
fc-erdosproblems-119-erdos-119-parts-ii	Erdős problem 119, ii	mathematics	3	proved				complex analysis,answered,infinitely,question,second	solved	https://github.com/google-deepmind/formal-conjectures/blob/main/FormalConjectures/ErdosProblems/119.lean	Apache-2.0
fc-erdosproblems-119-erdos-119-parts-iii	Erdős problem 119, iii	mathematics	3	proved				complex analysis,large,erdős problem,mathematics,solved	solved	https://github.com/google-deepmind/formal-conjectures/blob/main/FormalConjectures/ErdosProblems/119.lean	Apache-2.0
fc-erdosproblems-1190-erdos-1190	Erdős problem 1190	mathematics	3	proved				number theory,congruences,epsilon,estimate,finite	solved	https://github.com/google-deepmind/formal-conjectures/blob/main/FormalConjectures/ErdosProblems/1190.lean	Apache-2.0
fc-erdosproblems-1190-erdos-1190-lt-one	Erdős problem 1190, variant lt one	mathematics	2	statement				number theory,credit,gives,mirsky,newman	solved	https://github.com/google-deepmind/formal-conjectures/blob/main/FormalConjectures/ErdosProblems/1190.lean	Apache-2.0
fc-erdosproblems-1190-erdos-1190-tendsto-zero	Erdős problem 1190, variant tendsto zero	mathematics	2	statement				number theory,could,decide,erdős problem,mathematics	solved	https://github.com/google-deepmind/formal-conjectures/blob/main/FormalConjectures/ErdosProblems/1190.lean	Apache-2.0
fc-erdosproblems-1190-erdos-1190-lower-bound	Erdős problem 1190, variant lower bound	mathematics	2	statement				number theory,bound,construction,epsilon,implicit	solved	https://github.com/google-deepmind/formal-conjectures/blob/main/FormalConjectures/ErdosProblems/1190.lean	Apache-2.0
fc-erdosproblems-1190-erdos-1190-upper-bound	Erdős problem 1190, variant upper bound	mathematics	2	statement				number theory,bound,upper,epsilon,follows	solved	https://github.com/google-deepmind/formal-conjectures/blob/main/FormalConjectures/ErdosProblems/1190.lean	Apache-2.0
fc-erdosproblems-1192-erdos-1192	Erdős problem 1192	mathematics	3	statement				basis,large,order,erdős problem,mathematics	open	https://github.com/google-deepmind/formal-conjectures/blob/main/FormalConjectures/ErdosProblems/1192.lean	Apache-2.0
fc-erdosproblems-1192-erdos-1192-renyi	Erdős problem 1192, variant renyi	mathematics	2	statement				lvert,method,probabilistic,rvert,erdős problem	solved	https://github.com/google-deepmind/formal-conjectures/blob/main/FormalConjectures/ErdosProblems/1192.lean	Apache-2.0
fc-erdosproblems-1192-erdos-1192-ruzsa	Erdős problem 1192, variant ruzsa	mathematics	2	statement				answer,ruzsa,erdős problem,mathematics,solved	solved	https://github.com/google-deepmind/formal-conjectures/blob/main/FormalConjectures/ErdosProblems/1192.lean	Apache-2.0
fc-erdosproblems-1193-erdos-1193-parts-i	Erdős problem 1193, i	mathematics	3	statement				number theory,always,additional,answer,assuming	solved	https://github.com/google-deepmind/formal-conjectures/blob/main/FormalConjectures/ErdosProblems/1193.lean	Apache-2.0
fc-erdosproblems-1193-erdos-1193-parts-ii	Erdős problem 1193, ii	mathematics	3	statement				number theory,always,additional,answer,assuming	solved	https://github.com/google-deepmind/formal-conjectures/blob/main/FormalConjectures/ErdosProblems/1193.lean	Apache-2.0
fc-erdosproblems-1193-erdos-1193-sumrep-univ	Erdős problem 1193, variant sumRep univ	mathematics	2	proved				number theory,assuming,indeed,erdős problem,mathematics	solved	https://github.com/google-deepmind/formal-conjectures/blob/main/FormalConjectures/ErdosProblems/1193.lean	Apache-2.0
fc-erdosproblems-1193-erdos-1193-upper-density-pos	Erdős problem 1193, variant upper density pos	mathematics	2	statement				number theory,believes,bounded,density,positive	solved	https://github.com/google-deepmind/formal-conjectures/blob/main/FormalConjectures/ErdosProblems/1193.lean	Apache-2.0
fc-erdosproblems-1196-erdos-1196	Erdős problem 1196	mathematics	3	proved				number theory,distinct,divide,elements,integers	solved	https://github.com/google-deepmind/formal-conjectures/blob/main/FormalConjectures/ErdosProblems/1196.lean	Apache-2.0
fc-erdosproblems-1197-erdos-1197	Erdős problem 1197	mathematics	3	proved				number theory,measure theory,large,almost,constructed	solved	https://github.com/google-deepmind/formal-conjectures/blob/main/FormalConjectures/ErdosProblems/1197.lean	Apache-2.0
fc-erdosproblems-1199-erdos-1199	Erdős problem 1199	mathematics	3	statement				colour,colouring,elements,infinite,owings	open	https://github.com/google-deepmind/formal-conjectures/blob/main/FormalConjectures/ErdosProblems/1199.lean	Apache-2.0
fc-erdosproblems-1199-erdos-1199-three	Erdős problem 1199, variant three	mathematics	2	proved				colourings,hindman,shown,erdős problem,mathematics	solved	https://github.com/google-deepmind/formal-conjectures/blob/main/FormalConjectures/ErdosProblems/1199.lean	Apache-2.0
fc-erdosproblems-12-erdos-12-parts-i	Erdős problem 12, i	mathematics	3	proved				number theory,agent,deepmind,distinct,formal	solved	https://github.com/google-deepmind/formal-conjectures/blob/main/FormalConjectures/ErdosProblems/12.lean	Apache-2.0
fc-erdosproblems-12-erdos-12-parts-ii	Erdős problem 12, ii	mathematics	3	proved				number theory,absolute,agent,always,constant	solved	https://github.com/google-deepmind/formal-conjectures/blob/main/FormalConjectures/ErdosProblems/12.lean	Apache-2.0
fc-erdosproblems-12-erdos-12-parts-iii	Erdős problem 12, iii	mathematics	3	statement				number theory,distinct,infinite,erdős problem,mathematics	open	https://github.com/google-deepmind/formal-conjectures/blob/main/FormalConjectures/ErdosProblems/12.lean	Apache-2.0
fc-erdosproblems-12-erdos-12-erdos-sarkozy-density-0	Erdős problem 12, variant erdos sarkozy density 0	mathematics	2	statement				number theory,density,divisibility,integers,london	solved	https://github.com/google-deepmind/formal-conjectures/blob/main/FormalConjectures/ErdosProblems/12.lean	Apache-2.0
fc-erdosproblems-12-erdos-12-erdos-sarkozy	Erdős problem 12, variant erdos sarkozy	mathematics	2	statement				number theory,distinct,function,infinitely,ldots	solved	https://github.com/google-deepmind/formal-conjectures/blob/main/FormalConjectures/ErdosProblems/12.lean	Apache-2.0
fc-erdosproblems-12-erdos-12-example	Erdős problem 12, variant example	mathematics	2	statement				number theory,distinct,example,ldots,liminf	solved	https://github.com/google-deepmind/formal-conjectures/blob/main/FormalConjectures/ErdosProblems/12.lean	Apache-2.0
fc-erdosproblems-12-erdos-12-schoen	Erdős problem 12, variant schoen	mathematics	2	statement				number theory,coprime,distinct,elements,infinitely	solved	https://github.com/google-deepmind/formal-conjectures/blob/main/FormalConjectures/ErdosProblems/12.lean	Apache-2.0
fc-erdosproblems-12-erdos-12-baier	Erdős problem 12, variant baier	mathematics	2	statement				number theory,coprime,distinct,elements,infinitely	solved	https://github.com/google-deepmind/formal-conjectures/blob/main/FormalConjectures/ErdosProblems/12.lean	Apache-2.0
fc-erdosproblems-120-erdos-120	Erdős problem 120	mathematics	3	statement				measure theory,contain,infinite,measure,positive	open	https://github.com/google-deepmind/formal-conjectures/blob/main/FormalConjectures/ErdosProblems/120.lean	Apache-2.0
fc-erdosproblems-120-erdos-120-finite-set	Erdős problem 120, variant finite set	mathematics	2	statement				measure theory,finite,steinhaus,whenever,erdős problem	solved	https://github.com/google-deepmind/formal-conjectures/blob/main/FormalConjectures/ErdosProblems/120.lean	Apache-2.0
fc-erdosproblems-1201-erdos-1201	Erdős problem 1201	mathematics	3	statement				number theory,density,divisor,greatest,least	open	https://github.com/google-deepmind/formal-conjectures/blob/main/FormalConjectures/ErdosProblems/1201.lean	Apache-2.0
fc-erdosproblems-1201-erdos-1201-epsilon-half	Erdős problem 1201, variant epsilon half	mathematics	2	statement				number theory,could,wrote,erdős problem,mathematics	solved	https://github.com/google-deepmind/formal-conjectures/blob/main/FormalConjectures/ErdosProblems/1201.lean	Apache-2.0
fc-erdosproblems-1203-erdos-1203	Erdős problem 1203	mathematics	3	statement				number theory,erdős problem,mathematics,open,formal conjectures	open	https://github.com/google-deepmind/formal-conjectures/blob/main/FormalConjectures/ErdosProblems/1203.lean	Apache-2.0
fc-erdosproblems-1203-erdos-1203-lower-bound	Erdős problem 1203, variant lower bound	mathematics	2	statement				number theory,erdős problem,mathematics,solved,formal conjectures	solved	https://github.com/google-deepmind/formal-conjectures/blob/main/FormalConjectures/ErdosProblems/1203.lean	Apache-2.0
fc-erdosproblems-1206-erdos-1206-parts-i	Erdős problem 1206, i	mathematics	3	statement				number theory,contain,sidon,erdős problem,mathematics	open	https://github.com/google-deepmind/formal-conjectures/blob/main/FormalConjectures/ErdosProblems/1206.lean	Apache-2.0
fc-erdosproblems-1206-erdos-1206-parts-ii	Erdős problem 1206, ii	mathematics	3	statement				number theory,density,infinite,positive,sidon	open	https://github.com/google-deepmind/formal-conjectures/blob/main/FormalConjectures/ErdosProblems/1206.lean	Apache-2.0
fc-erdosproblems-1207-erdos-1207	Erdős problem 1207	mathematics	3	statement				convex geometry,points,constant,contain,estimate	open	https://github.com/google-deepmind/formal-conjectures/blob/main/FormalConjectures/ErdosProblems/1207.lean	Apache-2.0
fc-erdosproblems-1209-erdos-1209-parts-i	Erdős problem 1209, i	mathematics	3	statement				number theory,counterexample,prime,sequence,trivial	solved	https://github.com/google-deepmind/formal-conjectures/blob/main/FormalConjectures/ErdosProblems/1209.lean	Apache-2.0
fc-erdosproblems-1209-erdos-1209-parts-ii	Erdős problem 1209, ii	mathematics	3	statement				number theory,squarefree,construction,counterexample,instead	solved	https://github.com/google-deepmind/formal-conjectures/blob/main/FormalConjectures/ErdosProblems/1209.lean	Apache-2.0
fc-erdosproblems-1209-erdos-1209-parts-iii-a	Erdős problem 1209, a	mathematics	3	proved				number theory,prime,always,chosen,barschkis	solved	https://github.com/google-deepmind/formal-conjectures/blob/main/FormalConjectures/ErdosProblems/1209.lean	Apache-2.0
fc-erdosproblems-1209-erdos-1209-parts-iii-b	Erdős problem 1209, b	mathematics	3	statement				number theory,always,squarefree,erdős problem,mathematics	open	https://github.com/google-deepmind/formal-conjectures/blob/main/FormalConjectures/ErdosProblems/1209.lean	Apache-2.0
fc-erdosproblems-1209-erdos-1209-parts-iii-c	Erdős problem 1209, c	mathematics	3	statement				number theory,infinitely,often,prime,erdős problem	open	https://github.com/google-deepmind/formal-conjectures/blob/main/FormalConjectures/ErdosProblems/1209.lean	Apache-2.0
fc-erdosproblems-1209-erdos-1209-parts-iii-d	Erdős problem 1209, d	mathematics	3	statement				number theory,infinitely,often,squarefree,erdős problem	open	https://github.com/google-deepmind/formal-conjectures/blob/main/FormalConjectures/ErdosProblems/1209.lean	Apache-2.0
fc-erdosproblems-121-erdos-121	Erdős problem 121	mathematics	3	proved				number theory,answered,asymptotics,constant,distinct	solved	https://github.com/google-deepmind/formal-conjectures/blob/main/FormalConjectures/ErdosProblems/121.lean	Apache-2.0
fc-erdosproblems-121-erdos-121-odd	Erdős problem 121, variant odd	mathematics	2	proved				number theory,generally,theorem,erdős problem,mathematics	solved	https://github.com/google-deepmind/formal-conjectures/blob/main/FormalConjectures/ErdosProblems/121.lean	Apache-2.0
fc-erdosproblems-121-erdos-121-tao	Erdős problem 121, variant tao	mathematics	2	proved				number theory,constant,erdős problem,mathematics,solved	solved	https://github.com/google-deepmind/formal-conjectures/blob/main/FormalConjectures/ErdosProblems/121.lean	Apache-2.0
fc-erdosproblems-121-erdos-121-three	Erdős problem 121, variant three	mathematics	2	statement				number theory,erdős problem,mathematics,solved,formal conjectures	solved	https://github.com/google-deepmind/formal-conjectures/blob/main/FormalConjectures/ErdosProblems/121.lean	Apache-2.0
fc-erdosproblems-121-erdos-121-two	Erdős problem 121, variant two	mathematics	2	statement				number theory,erdős problem,mathematics,solved,formal conjectures	solved	https://github.com/google-deepmind/formal-conjectures/blob/main/FormalConjectures/ErdosProblems/121.lean	Apache-2.0
fc-erdosproblems-1210-erdos-1210	Erdős problem 1210	mathematics	3	statement				number theory,distinct,integers,erdős problem,mathematics	open	https://github.com/google-deepmind/formal-conjectures/blob/main/FormalConjectures/ErdosProblems/1210.lean	Apache-2.0
fc-erdosproblems-1210-erdos-1210-er80-correction	Erdős problem 1210, variant er80 correction	mathematics	2	statement				number theory,claims,correctly,presumably,primes	open	https://github.com/google-deepmind/formal-conjectures/blob/main/FormalConjectures/ErdosProblems/1210.lean	Apache-2.0
fc-erdosproblems-1212-erdos-1212	Erdős problem 1212	mathematics	3	statement				number theory,those,anchors,composite,compositeness	open	https://github.com/google-deepmind/formal-conjectures/blob/main/FormalConjectures/ErdosProblems/1212.lean	Apache-2.0
fc-erdosproblems-1213-erdos-1213	Erdős problem 1213	mathematics	3	proved				number theory,hegyv,answer,believes,bound	solved	https://github.com/google-deepmind/formal-conjectures/blob/main/FormalConjectures/ErdosProblems/1213.lean	Apache-2.0
fc-erdosproblems-1213-erdos-1213-hegyvari	Erdős problem 1213, variant hegyvari	mathematics	2	statement				number theory,hegyv,erdős problem,mathematics,solved	solved	https://github.com/google-deepmind/formal-conjectures/blob/main/FormalConjectures/ErdosProblems/1213.lean	Apache-2.0
fc-erdosproblems-1214-erdos-1214	Erdős problem 1214	mathematics	3	proved				number theory,dividing,primes,answer,asked	solved	https://github.com/google-deepmind/formal-conjectures/blob/main/FormalConjectures/ErdosProblems/1214.lean	Apache-2.0
fc-erdosproblems-123-erdos-123	Erdős problem 123	mathematics	3	proved				number theory,integers,distinct,affirmative,alexeev	solved	https://github.com/google-deepmind/formal-conjectures/blob/main/FormalConjectures/ErdosProblems/123.lean	Apache-2.0
fc-erdosproblems-123-erdos-123-erdos-lewin-3-5-7	Erdős problem 123, variant erdos lewin 3 5 7	mathematics	2	statement				number theory,lewin,erdős problem,mathematics,solved	solved	https://github.com/google-deepmind/formal-conjectures/blob/main/FormalConjectures/ErdosProblems/123.lean	Apache-2.0
fc-erdosproblems-123-erdos-123-powers-2-3	Erdős problem 123, variant powers 2 3	mathematics	2	statement				number theory,inductive,apply,hypothesis,argument	solved	https://github.com/google-deepmind/formal-conjectures/blob/main/FormalConjectures/ErdosProblems/123.lean	Apache-2.0
fc-erdosproblems-123-erdos-123-powers-2-3-5-snug	Erdős problem 123, variant powers 2 3 5 snug	mathematics	2	statement				number theory,integers,distinct,large,makes	open	https://github.com/google-deepmind/formal-conjectures/blob/main/FormalConjectures/ErdosProblems/123.lean	Apache-2.0
fc-erdosproblems-124-erdos124-zero	Erdős problem 124, zero	mathematics	3	statement				number theory,integers,written,alexeev,aristotle	solved	https://github.com/google-deepmind/formal-conjectures/blob/main/FormalConjectures/ErdosProblems/124.lean	Apache-2.0
fc-erdosproblems-124-erdos124-ne-zero	Erdős problem 124, ne zero	mathematics	3	statement				number theory,integers,written,digits,divisible	open	https://github.com/google-deepmind/formal-conjectures/blob/main/FormalConjectures/ErdosProblems/124.lean	Apache-2.0
fc-erdosproblems-124-erdos124-ne-zero-three-four-seven	Erdős problem 124, ne zero three four seven	mathematics	3	statement				number theory,after,digits,divisible,division	solved	https://github.com/google-deepmind/formal-conjectures/blob/main/FormalConjectures/ErdosProblems/124.lean	Apache-2.0
fc-erdosproblems-124-erdos124-converse	Erdős problem 124, converse	mathematics	3	proved				number theory,integers,written,digits,graham	solved	https://github.com/google-deepmind/formal-conjectures/blob/main/FormalConjectures/ErdosProblems/124.lean	Apache-2.0
fc-erdosproblems-124-erdos124-melfi-construction	Erdős problem 124, melfi construction	mathematics	3	statement				number theory,written,bases,converges,copies	solved	https://github.com/google-deepmind/formal-conjectures/blob/main/FormalConjectures/ErdosProblems/124.lean	Apache-2.0
fc-erdosproblems-125-erdos-125	Erdős problem 125	mathematics	3	proved				number theory,density,positive,equal,falsified	solved	https://github.com/google-deepmind/formal-conjectures/blob/main/FormalConjectures/ErdosProblems/125.lean	Apache-2.0
fc-erdosproblems-125-erdos-125-positive-lower-density	Erdős problem 125, variant positive lower density	mathematics	2	proved				number theory,density,falsified,literature,lower	solved	https://github.com/google-deepmind/formal-conjectures/blob/main/FormalConjectures/ErdosProblems/125.lean	Apache-2.0
fc-erdosproblems-125-erdos-125-positive-upper-density	Erdős problem 125, variant positive upper density	mathematics	2	statement				number theory,density,literature,positive,question	open	https://github.com/google-deepmind/formal-conjectures/blob/main/FormalConjectures/ErdosProblems/125.lean	Apache-2.0
fc-erdosproblems-125-erdos-125-zero-density	Erdős problem 125, variant zero density	mathematics	2	statement				number theory,density,lower,upper,erdős problem	open	https://github.com/google-deepmind/formal-conjectures/blob/main/FormalConjectures/ErdosProblems/125.lean	Apache-2.0
fc-erdosproblems-125-erdos-125-zero-lower-positive-upper-densit	Erdős problem 125, variant zero lower positive upper density	mathematics	2	statement				number theory,density,lower,positive,upper	open	https://github.com/google-deepmind/formal-conjectures/blob/main/FormalConjectures/ErdosProblems/125.lean	Apache-2.0
fc-erdosproblems-125-erdos-125-positive-unequal-density	Erdős problem 125, variant positive unequal density	mathematics	2	proved				number theory,density,lower,positive,above	solved	https://github.com/google-deepmind/formal-conjectures/blob/main/FormalConjectures/ErdosProblems/125.lean	Apache-2.0
fc-erdosproblems-126-erdos-126	Erdős problem 126	mathematics	3	proved				number theory,answer,available,distinct,factors	solved	https://github.com/google-deepmind/formal-conjectures/blob/main/FormalConjectures/ErdosProblems/126.lean	Apache-2.0
fc-erdosproblems-126-erdos-126-isbigo	Erdős problem 126, variant IsBigO	mathematics	2	statement				number theory,elementary,first,joint,monthly	solved	https://github.com/google-deepmind/formal-conjectures/blob/main/FormalConjectures/ErdosProblems/126.lean	Apache-2.0
fc-erdosproblems-126-erdos-126-islittleo	Erdős problem 126, variant isLittleO	mathematics	2	statement				number theory,never,erdős problem,mathematics,open	open	https://github.com/google-deepmind/formal-conjectures/blob/main/FormalConjectures/ErdosProblems/126.lean	Apache-2.0
fc-erdosproblems-127-erdos-127	Erdős problem 127	mathematics	3	proved				edges,graph,always,bipartite,constant	solved	https://github.com/google-deepmind/formal-conjectures/blob/main/FormalConjectures/ErdosProblems/127.lean	Apache-2.0
fc-erdosproblems-127-erdos-127-edwards	Erdős problem 127, variant edwards	mathematics	2	proved				edges,bipartite,contains,edwards,graph	solved	https://github.com/google-deepmind/formal-conjectures/blob/main/FormalConjectures/ErdosProblems/127.lean	Apache-2.0
fc-erdosproblems-127-erdos-127-alon-upper	Erdős problem 127, variant alon upper	mathematics	2	statement				erdős problem,mathematics,solved,formal conjectures	solved	https://github.com/google-deepmind/formal-conjectures/blob/main/FormalConjectures/ErdosProblems/127.lean	Apache-2.0
fc-erdosproblems-128-erdos-128	Erdős problem 128	mathematics	3	statement				vertices,contain,edges,graph,induced	open	https://github.com/google-deepmind/formal-conjectures/blob/main/FormalConjectures/ErdosProblems/128.lean	Apache-2.0
fc-erdosproblems-13-erdos-13	Erdős problem 13	mathematics	3	proved				number theory,bedert,about,arxiv,dividing	solved	https://github.com/google-deepmind/formal-conjectures/blob/main/FormalConjectures/ErdosProblems/13.lean	Apache-2.0
fc-erdosproblems-13-erdos-13-general	Erdős problem 13, variant general	mathematics	2	statement				number theory,fixed,general,version,erdős problem	open	https://github.com/google-deepmind/formal-conjectures/blob/main/FormalConjectures/ErdosProblems/13.lean	Apache-2.0
fc-erdosproblems-130-erdos-130	Erdős problem 130	mathematics	3	proved				infinite,chromatic,graph,points,clique	solved	https://github.com/google-deepmind/formal-conjectures/blob/main/FormalConjectures/ErdosProblems/130.lean	Apache-2.0
fc-erdosproblems-133-erdos-133	Erdős problem 133	mathematics	3	proved				graph,complete,degree,diameter,sum-free	solved	https://github.com/google-deepmind/formal-conjectures/blob/main/FormalConjectures/ErdosProblems/133.lean	Apache-2.0
fc-erdosproblems-133-erdos-133-istheta	Erdős problem 133, variant isTheta	mathematics	2	proved				growth,order,erdős problem,mathematics,solved	solved	https://github.com/google-deepmind/formal-conjectures/blob/main/FormalConjectures/ErdosProblems/133.lean	Apache-2.0
fc-erdosproblems-133-erdos-133-lower-bound	Erdős problem 133, variant lower bound	mathematics	2	statement				bound,degree,diameter,follows,graph	solved	https://github.com/google-deepmind/formal-conjectures/blob/main/FormalConjectures/ErdosProblems/133.lean	Apache-2.0
fc-erdosproblems-133-erdos-133-hanson-seyffarth	Erdős problem 133, variant hanson seyffarth	mathematics	2	statement				hanson,seyffarth,erdős problem,mathematics,solved	solved	https://github.com/google-deepmind/formal-conjectures/blob/main/FormalConjectures/ErdosProblems/133.lean	Apache-2.0
fc-erdosproblems-133-erdos-133-furedi-seress	Erdős problem 133, variant furedi seress	mathematics	2	statement				seress,erdős problem,mathematics,solved,formal conjectures	solved	https://github.com/google-deepmind/formal-conjectures/blob/main/FormalConjectures/ErdosProblems/133.lean	Apache-2.0
fc-erdosproblems-133-erdos-133-asymptotic	Erdős problem 133, variant asymptotic	mathematics	2	statement				believes,truth,erdős problem,mathematics,open	open	https://github.com/google-deepmind/formal-conjectures/blob/main/FormalConjectures/ErdosProblems/133.lean	Apache-2.0
fc-erdosproblems-134-erdos-134	Erdős problem 134	mathematics	3	proved				degree,graph,maximum,triangle-free,adding	solved	https://github.com/google-deepmind/formal-conjectures/blob/main/FormalConjectures/ErdosProblems/134.lean	Apache-2.0
fc-erdosproblems-136-erdos-136	Erdős problem 136	mathematics	3	proved				colours,asked,believed,bennett,bound	solved	https://github.com/google-deepmind/formal-conjectures/blob/main/FormalConjectures/ErdosProblems/136.lean	Apache-2.0
fc-erdosproblems-137-erdos-137	Erdős problem 137	mathematics	3	statement				number theory,powerful,consecutive,integers,positive	open	https://github.com/google-deepmind/formal-conjectures/blob/main/FormalConjectures/ErdosProblems/137.lean	Apache-2.0
fc-erdosproblems-137-erdos-137-perfect-power	Erdős problem 137, variant perfect power	mathematics	2	statement				number theory,consecutive,integers,power,product	solved	https://github.com/google-deepmind/formal-conjectures/blob/main/FormalConjectures/ErdosProblems/137.lean	Apache-2.0
fc-erdosproblems-137-erdos-137-multiple-powerful-factors	Erdős problem 137, variant multiple powerful factors	mathematics	2	statement				number theory,congr,conjectures,distinct,divide	open	https://github.com/google-deepmind/formal-conjectures/blob/main/FormalConjectures/ErdosProblems/137.lean	Apache-2.0
fc-erdosproblems-138-monoap-guarantee-set-nonempty	Erdős problem 138	mathematics	3	statement				number theory,guarantee,progression,allows,always	solved	https://github.com/google-deepmind/formal-conjectures/blob/main/FormalConjectures/ErdosProblems/138.lean	Apache-2.0
fc-erdosproblems-138-erdos-138-prime	Erdős problem 138, variant prime	mathematics	2	statement				number theory,berlekamp,prime,erdős problem,mathematics	solved	https://github.com/google-deepmind/formal-conjectures/blob/main/FormalConjectures/ErdosProblems/138.lean	Apache-2.0
fc-erdosproblems-138-erdos-138-upper	Erdős problem 138, variant upper	mathematics	2	statement				number theory,gowers,erdős problem,mathematics,solved	solved	https://github.com/google-deepmind/formal-conjectures/blob/main/FormalConjectures/ErdosProblems/138.lean	Apache-2.0
fc-erdosproblems-138-erdos-138-quotient	Erdős problem 138, variant quotient	mathematics	2	statement				number theory,erdős problem,mathematics,open,formal conjectures	open	https://github.com/google-deepmind/formal-conjectures/blob/main/FormalConjectures/ErdosProblems/138.lean	Apache-2.0
fc-erdosproblems-138-erdos-138-difference	Erdős problem 138, variant difference	mathematics	2	proved				number theory,agent,deepmind,formal,found	solved	https://github.com/google-deepmind/formal-conjectures/blob/main/FormalConjectures/ErdosProblems/138.lean	Apache-2.0
fc-erdosproblems-138-erdos-138-dvd-two-pow	Erdős problem 138, variant dvd two pow	mathematics	2	proved				number theory,atlas-lean,facebookresearch,solved,arxiv	solved	https://github.com/google-deepmind/formal-conjectures/blob/main/FormalConjectures/ErdosProblems/138.lean	Apache-2.0
fc-erdosproblems-139-erdos-139	Erdős problem 139	mathematics	3	proved				number theory,arithmetic,contain,largest,non-trivial	solved	https://github.com/google-deepmind/formal-conjectures/blob/main/FormalConjectures/ErdosProblems/139.lean	Apache-2.0
fc-erdosproblems-14-erdos-14-parts-i	Erdős problem 14, i	mathematics	3	statement				number theory,elements,exactly,integers,large	open	https://github.com/google-deepmind/formal-conjectures/blob/main/FormalConjectures/ErdosProblems/14.lean	Apache-2.0
fc-erdosproblems-14-erdos-14-parts-ii	Erdős problem 14, ii	mathematics	3	statement				number theory,possible,erdős problem,mathematics,open	open	https://github.com/google-deepmind/formal-conjectures/blob/main/FormalConjectures/ErdosProblems/14.lean	Apache-2.0
fc-erdosproblems-141-erdos-141	Erdős problem 141	mathematics	3	statement				number theory,arithmetic,consecutive,primes,progression	open	https://github.com/google-deepmind/formal-conjectures/blob/main/FormalConjectures/ErdosProblems/141.lean	Apache-2.0
fc-erdosproblems-141-erdos-141-first-cases	Erdős problem 141, variant first cases	mathematics	2	statement				number theory,existence,progressions,verified,erdős problem	solved	https://github.com/google-deepmind/formal-conjectures/blob/main/FormalConjectures/ErdosProblems/141.lean	Apache-2.0
fc-erdosproblems-141-erdos-141-eleven	Erdős problem 141, variant eleven	mathematics	2	statement				number theory,arithmetic,consecutive,primes,progression	open	https://github.com/google-deepmind/formal-conjectures/blob/main/FormalConjectures/ErdosProblems/141.lean	Apache-2.0
fc-erdosproblems-141-erdos-141-infinite-three	Erdős problem 141, variant infinite three	mathematics	2	statement				number theory,infinitely,progressions,erdős problem,mathematics	open	https://github.com/google-deepmind/formal-conjectures/blob/main/FormalConjectures/ErdosProblems/141.lean	Apache-2.0
fc-erdosproblems-141-erdos-141-infinite-general-case	Erdős problem 141, variant infinite general case	mathematics	2	statement				number theory,arithmetic,infinitely,length,prime	open	https://github.com/google-deepmind/formal-conjectures/blob/main/FormalConjectures/ErdosProblems/141.lean	Apache-2.0
fc-erdosproblems-142-erdos-142	Erdős problem 142	mathematics	3	statement				number theory,arithmetic,asymptotic,contain,formula	open	https://github.com/google-deepmind/formal-conjectures/blob/main/FormalConjectures/ErdosProblems/142.lean	Apache-2.0
fc-erdosproblems-142-erdos-142-lower	Erdős problem 142, variant lower	mathematics	2	statement				number theory,arithmetic,contain,largest,non-trivial	open	https://github.com/google-deepmind/formal-conjectures/blob/main/FormalConjectures/ErdosProblems/142.lean	Apache-2.0
fc-erdosproblems-142-erdos-142-istheta	Erdős problem 142, variant isTheta	mathematics	2	statement				number theory,arithmetic,contain,determine,largest	open	https://github.com/google-deepmind/formal-conjectures/blob/main/FormalConjectures/ErdosProblems/142.lean	Apache-2.0
fc-erdosproblems-142-erdos-142-three	Erdős problem 142, variant three	mathematics	2	statement				number theory,arithmetic,asymptotic,contain,formula	open	https://github.com/google-deepmind/formal-conjectures/blob/main/FormalConjectures/ErdosProblems/142.lean	Apache-2.0
fc-erdosproblems-143-erdos-143-parts-i	Erdős problem 143, i	mathematics	3	statement				number theory,imply,liminf,erdős problem,mathematics	open	https://github.com/google-deepmind/formal-conjectures/blob/main/FormalConjectures/ErdosProblems/143.lean	Apache-2.0
fc-erdosproblems-143-erdos-143-parts-ii	Erdős problem 143, ii	mathematics	3	statement				number theory,infty,erdős problem,mathematics,open	open	https://github.com/google-deepmind/formal-conjectures/blob/main/FormalConjectures/ErdosProblems/143.lean	Apache-2.0
fc-erdosproblems-145-erdos-145	Erdős problem 145	mathematics	3	statement				number theory,alpha,infty,sequence,squarefree	open	https://github.com/google-deepmind/formal-conjectures/blob/main/FormalConjectures/ErdosProblems/145.lean	Apache-2.0
fc-erdosproblems-145-erdos-145-le-two	Erdős problem 145, variant le two	mathematics	2	statement				number theory,debrecen,elementary,problems,results	solved	https://github.com/google-deepmind/formal-conjectures/blob/main/FormalConjectures/ErdosProblems/145.lean	Apache-2.0
fc-erdosproblems-145-erdos-145-le-three	Erdős problem 145, variant le three	mathematics	2	statement				number theory,hooley,between,christopher,consecutive	solved	https://github.com/google-deepmind/formal-conjectures/blob/main/FormalConjectures/ErdosProblems/145.lean	Apache-2.0
fc-erdosproblems-145-erdos-145-lt-eleven-thirds	Erdős problem 145, variant lt eleven thirds	mathematics	2	statement				number theory,greaves,harman,huxley,applications	solved	https://github.com/google-deepmind/formal-conjectures/blob/main/FormalConjectures/ErdosProblems/145.lean	Apache-2.0
fc-erdosproblems-146-erdos-146	Erdős problem 146	mathematics	3	statement				degenerate,bipartite,openai,answer,connected	solved	https://github.com/google-deepmind/formal-conjectures/blob/main/FormalConjectures/ErdosProblems/146.lean	Apache-2.0
fc-erdosproblems-146-erdos-146-two-degenerate-counterexample	Erdős problem 146, variant two degenerate counterexample	mathematics	2	proved				bipartite,connected,counterexample,degenerate,erdos	solved	https://github.com/google-deepmind/formal-conjectures/blob/main/FormalConjectures/ErdosProblems/146.lean	Apache-2.0
fc-erdosproblems-147-erdos-147	Erdős problem 147	mathematics	3	proved				janzer,https,bipartite,degree,disproved	solved	https://github.com/google-deepmind/formal-conjectures/blob/main/FormalConjectures/ErdosProblems/147.lean	Apache-2.0
fc-erdosproblems-147-erdos-147-janzer-even	Erdős problem 147, variant janzer even	mathematics	2	statement				bipartite,disproved,graph,janzer,nonempty	solved	https://github.com/google-deepmind/formal-conjectures/blob/main/FormalConjectures/ErdosProblems/147.lean	Apache-2.0
fc-erdosproblems-147-erdos-147-cubic	Erdős problem 147, variant cubic	mathematics	2	statement				bipartite,constructed,graph,janzer,nonempty	solved	https://github.com/google-deepmind/formal-conjectures/blob/main/FormalConjectures/ErdosProblems/147.lean	Apache-2.0
fc-erdosproblems-147-erdos-147-janzer-conjecture	Erdős problem 147, variant janzer conjecture	mathematics	2	statement				conjectures,graph,janzer,nonempty,regular	open	https://github.com/google-deepmind/formal-conjectures/blob/main/FormalConjectures/ErdosProblems/147.lean	Apache-2.0
fc-erdosproblems-148-erdos-148	Erdős problem 148	mathematics	3	statement				number theory,cdots,distinct,estimates,integers	open	https://github.com/google-deepmind/formal-conjectures/blob/main/FormalConjectures/ErdosProblems/148.lean	Apache-2.0
fc-erdosproblems-148-erdos-148-lower-bound	Erdős problem 148, variant lower bound	mathematics	2	statement				number theory,bound,right,constant,gives	solved	https://github.com/google-deepmind/formal-conjectures/blob/main/FormalConjectures/ErdosProblems/148.lean	Apache-2.0
fc-erdosproblems-148-erdos-148-upper-bound	Erdős problem 148, variant upper bound	mathematics	2	statement				number theory,bound,constant,gives,absolute	solved	https://github.com/google-deepmind/formal-conjectures/blob/main/FormalConjectures/ErdosProblems/148.lean	Apache-2.0
fc-erdosproblems-15-erdos-15	Erdős problem 15	mathematics	3	statement				number theory,convergence,sequence,about,absolute	open	https://github.com/google-deepmind/formal-conjectures/blob/main/FormalConjectures/ErdosProblems/15.lean	Apache-2.0
fc-erdosproblems-150-erdos-150	Erdős problem 150	mathematics	3	proved				graph,minimal,brada,vertices,argument	solved	https://github.com/google-deepmind/formal-conjectures/blob/main/FormalConjectures/ErdosProblems/150.lean	Apache-2.0
fc-erdosproblems-150-erdos-150-erdos-nesetril	Erdős problem 150, variant erdos nesetril	mathematics	2	statement				above,answer,asked,bound,gaspers	solved	https://github.com/google-deepmind/formal-conjectures/blob/main/FormalConjectures/ErdosProblems/150.lean	Apache-2.0
fc-erdosproblems-150-erdos-150-seymour	Erdős problem 150, variant seymour	mathematics	2	statement				graph,independent,joining,length,observed	solved	https://github.com/google-deepmind/formal-conjectures/blob/main/FormalConjectures/ErdosProblems/150.lean	Apache-2.0
fc-erdosproblems-150-erdos-150-lower-bound	Erdős problem 150, variant lower bound	mathematics	2	statement				alpha,approx,best-known,bound,bounds	solved	https://github.com/google-deepmind/formal-conjectures/blob/main/FormalConjectures/ErdosProblems/150.lean	Apache-2.0
fc-erdosproblems-150-erdos-150-upper-bound	Erdős problem 150, variant upper bound	mathematics	2	statement				alpha,approx,best-known,bound,bounds	solved	https://github.com/google-deepmind/formal-conjectures/blob/main/FormalConjectures/ErdosProblems/150.lean	Apache-2.0
fc-erdosproblems-152-erdos-152	Erdős problem 152	mathematics	3	proved				agent,deepmind,formally,prover,erdős problem	solved	https://github.com/google-deepmind/formal-conjectures/blob/main/FormalConjectures/ErdosProblems/152.lean	Apache-2.0
fc-erdosproblems-152-erdos-152-square	Erdős problem 152, variant square	mathematics	2	proved				agent,deepmind,formally,prover,quadratic	solved	https://github.com/google-deepmind/formal-conjectures/blob/main/FormalConjectures/ErdosProblems/152.lean	Apache-2.0
fc-erdosproblems-153-erdos-153	Erdős problem 153	mathematics	3	statement				finite,infty,sidon,erdős problem,mathematics	open	https://github.com/google-deepmind/formal-conjectures/blob/main/FormalConjectures/ErdosProblems/153.lean	Apache-2.0
fc-erdosproblems-154-erdos-154	Erdős problem 154	mathematics	3	proved				number theory,sidon,elements,about,analogous	solved	https://github.com/google-deepmind/formal-conjectures/blob/main/FormalConjectures/ErdosProblems/154.lean	Apache-2.0
fc-erdosproblems-154-erdos-154-lindstrom	Erdős problem 154, variant lindstrom	mathematics	2	proved				number theory,sidon,actual,congruent,divided	solved	https://github.com/google-deepmind/formal-conjectures/blob/main/FormalConjectures/ErdosProblems/154.lean	Apache-2.0
fc-erdosproblems-155-erdos-155	Erdős problem 155	mathematics	3	statement				large,sufficiently,erdős problem,mathematics,open	open	https://github.com/google-deepmind/formal-conjectures/blob/main/FormalConjectures/ErdosProblems/155.lean	Apache-2.0
fc-erdosproblems-156-erdos-156	Erdős problem 156	mathematics	3	statement				maximal,question,sidon,erdős problem,mathematics	open	https://github.com/google-deepmind/formal-conjectures/blob/main/FormalConjectures/ErdosProblems/156.lean	Apache-2.0
fc-erdosproblems-156-erdos-156-greedy-lower-bound	Erdős problem 156, variant greedy lower bound	mathematics	2	statement				construction,greedy,maximal,sidon,erdős problem	solved	https://github.com/google-deepmind/formal-conjectures/blob/main/FormalConjectures/ErdosProblems/156.lean	Apache-2.0
fc-erdosproblems-156-erdos-156-ruzsa-upper-bound	Erdős problem 156, variant ruzsa upper bound	mathematics	2	statement				constructed,maximal,ruzsa,sidon,erdős problem	solved	https://github.com/google-deepmind/formal-conjectures/blob/main/FormalConjectures/ErdosProblems/156.lean	Apache-2.0
fc-erdosproblems-158-erdos-158	Erdős problem 158	mathematics	3	statement				infinite,liminf,erdős problem,mathematics,open	open	https://github.com/google-deepmind/formal-conjectures/blob/main/FormalConjectures/ErdosProblems/158.lean	Apache-2.0
fc-erdosproblems-158-erdos-158-issidon	Erdős problem 158, variant isSidon'	mathematics	2	statement				infinite,liminf,sidon,erdős problem,mathematics	solved	https://github.com/google-deepmind/formal-conjectures/blob/main/FormalConjectures/ErdosProblems/158.lean	Apache-2.0
fc-erdosproblems-159-erdos-159	Erdős problem 159	mathematics	3	statement				collection,constant,disproof,graphs,offered	open	https://github.com/google-deepmind/formal-conjectures/blob/main/FormalConjectures/ErdosProblems/159.lean	Apache-2.0
fc-erdosproblems-16-erdos-16	Erdős problem 16	mathematics	3	proved				number theory,answer,aristotle,arithmetic,called	solved	https://github.com/google-deepmind/formal-conjectures/blob/main/FormalConjectures/ErdosProblems/16.lean	Apache-2.0
fc-erdosproblems-16-erdos-16-variant-romanoff	Erdős problem 16, romanoff	mathematics	3	statement				number theory,density,integers,positive,romanoff	solved	https://github.com/google-deepmind/formal-conjectures/blob/main/FormalConjectures/ErdosProblems/16.lean	Apache-2.0
fc-erdosproblems-16-erdos-16-variant-erdos	Erdős problem 16, erdos	mathematics	3	statement				number theory,arithmetic,congruences,contains,covering	solved	https://github.com/google-deepmind/formal-conjectures/blob/main/FormalConjectures/ErdosProblems/16.lean	Apache-2.0
fc-erdosproblems-160-erdos-160-known-upper	Erdős problem 160, known upper	mathematics	3	statement				geometry,mathoverflow,https,leechlattice,shows	solved	https://github.com/google-deepmind/formal-conjectures/blob/main/FormalConjectures/ErdosProblems/160.lean	Apache-2.0
fc-erdosproblems-160-erdos-160-better-upper	Erdős problem 160, better upper	mathematics	3	statement				geometry,better,bound,estimate,finding	open	https://github.com/google-deepmind/formal-conjectures/blob/main/FormalConjectures/ErdosProblems/160.lean	Apache-2.0
fc-erdosproblems-160-erdos-160-better-lower	Erdős problem 160, better lower:	mathematics	3	statement				geometry,better,bound,estimate,finding	open	https://github.com/google-deepmind/formal-conjectures/blob/main/FormalConjectures/ErdosProblems/160.lean	Apache-2.0
fc-erdosproblems-160-erdos-160-known-lower	Erdős problem 160, variant known lower	mathematics	2	statement				geometry,https,arxiv,bounds,coupled	solved	https://github.com/google-deepmind/formal-conjectures/blob/main/FormalConjectures/ErdosProblems/160.lean	Apache-2.0
fc-erdosproblems-163-erdos-163	Erdős problem 163	mathematics	3	proved				contains,gives,graphs,along,below	solved	https://github.com/google-deepmind/formal-conjectures/blob/main/FormalConjectures/ErdosProblems/163.lean	Apache-2.0
fc-erdosproblems-164-erdos-164	Erdős problem 164	mathematics	3	proved				number theory,primitive,lichtman,abllpstt,alexeev	solved	https://github.com/google-deepmind/formal-conjectures/blob/main/FormalConjectures/ErdosProblems/164.lean	Apache-2.0
fc-erdosproblems-166-erdos-166	Erdős problem 166	mathematics	3	proved				ramsey,below,brada,cliquefree,codex	solved	https://github.com/google-deepmind/formal-conjectures/blob/main/FormalConjectures/ErdosProblems/166.lean	Apache-2.0
fc-erdosproblems-168-erdos-168-parts-i	Erdős problem 168, i	mathematics	3	statement				number theory,limit,erdős problem,mathematics,open	open	https://github.com/google-deepmind/formal-conjectures/blob/main/FormalConjectures/ErdosProblems/168.lean	Apache-2.0
fc-erdosproblems-168-erdos-168-parts-ii	Erdős problem 168, ii	mathematics	3	statement				number theory,irrational,limit,erdős problem,mathematics	open	https://github.com/google-deepmind/formal-conjectures/blob/main/FormalConjectures/ErdosProblems/168.lean	Apache-2.0
fc-erdosproblems-168-erdos-168-limit-exists	Erdős problem 168, variant limit exists	mathematics	2	statement				number theory,graham,limit,spencer,witsenhausen	solved	https://github.com/google-deepmind/formal-conjectures/blob/main/FormalConjectures/ErdosProblems/168.lean	Apache-2.0
fc-erdosproblems-17-erdos-17	Erdős problem 17	mathematics	3	statement				number theory,cluster,infinitely,primes,erdős problem	open	https://github.com/google-deepmind/formal-conjectures/blob/main/FormalConjectures/ErdosProblems/17.lean	Apache-2.0
fc-erdosproblems-17-erdos-17-upper-bes	Erdős problem 17, variant upper BES	mathematics	2	statement				number theory,blecksmith,selfridge,bound,cluster	solved	https://github.com/google-deepmind/formal-conjectures/blob/main/FormalConjectures/ErdosProblems/17.lean	Apache-2.0
fc-erdosproblems-17-erdos-17-upper-elsholtz	Erdős problem 17, variant upper Elsholtz	mathematics	2	statement				number theory,elsholtz,arith,bound,christian	solved	https://github.com/google-deepmind/formal-conjectures/blob/main/FormalConjectures/ErdosProblems/17.lean	Apache-2.0
fc-erdosproblems-170-erdos170	Erdős problem 170	mathematics	3	statement				determine,limit,sequence,erdős problem,mathematics	open	https://github.com/google-deepmind/formal-conjectures/blob/main/FormalConjectures/ErdosProblems/170.lean	Apache-2.0
fc-erdosproblems-170-erdos170-existing-bounds	Erdős problem 170, existing bounds	mathematics	3	statement				bound,argument,existence,leech,limit	solved	https://github.com/google-deepmind/formal-conjectures/blob/main/FormalConjectures/ErdosProblems/170.lean	Apache-2.0
fc-erdosproblems-171-erdos-171	Erdős problem 171	mathematics	3	proved				coordinate,combinatorial,least,bounds,combinatorics	solved	https://github.com/google-deepmind/formal-conjectures/blob/main/FormalConjectures/ErdosProblems/171.lean	Apache-2.0
fc-erdosproblems-172-erdos-172	Erdős problem 172	mathematics	3	statement				finite,arbitrarily,colour,colouring,distinct	open	https://github.com/google-deepmind/formal-conjectures/blob/main/FormalConjectures/ErdosProblems/172.lean	Apache-2.0
fc-erdosproblems-175-erdos-175	Erdős problem 175	mathematics	3	proved				number theory,binomial,coefficient,squarefree,erdős problem	solved	https://github.com/google-deepmind/formal-conjectures/blob/main/FormalConjectures/ErdosProblems/175.lean	Apache-2.0
fc-erdosproblems-178-erdos-178	Erdős problem 178	mathematics	3	proved				number theory,infinite,affirmative,answer,certain	solved	https://github.com/google-deepmind/formal-conjectures/blob/main/FormalConjectures/ErdosProblems/178.lean	Apache-2.0
fc-erdosproblems-18-erdos-18a	Erdős problem 18	mathematics	3	statement				number theory,infinitely,practical,constant,precisely	open	https://github.com/google-deepmind/formal-conjectures/blob/main/FormalConjectures/ErdosProblems/18.lean	Apache-2.0
fc-erdosproblems-180-erdos-180	Erdős problem 180	mathematics	3	statement				family,finite,graphs,mathcal,mathrm	solved	https://github.com/google-deepmind/formal-conjectures/blob/main/FormalConjectures/ErdosProblems/180.lean	Apache-2.0
fc-erdosproblems-180-erdos-180-counterexample	Erdős problem 180, variant counterexample	mathematics	2	proved				acyclic,bipartite,compact,connected,counterexample	solved	https://github.com/google-deepmind/formal-conjectures/blob/main/FormalConjectures/ErdosProblems/180.lean	Apache-2.0
fc-erdosproblems-181-erdos-181	Erdős problem 181	mathematics	3	statement				dimensional,edges,graph,hypercube,vertices	open	https://github.com/google-deepmind/formal-conjectures/blob/main/FormalConjectures/ErdosProblems/181.lean	Apache-2.0
fc-erdosproblems-183-erdos-183	Erdős problem 183	mathematics	3	proved				bound,explicit,lower,openai,along	solved	https://github.com/google-deepmind/formal-conjectures/blob/main/FormalConjectures/ErdosProblems/183.lean	Apache-2.0
fc-erdosproblems-183-erdos-183-explicit-lower-bound	Erdős problem 183, variant explicit lower bound	mathematics	2	proved				behind,bound,erdos,explicit,right	solved	https://github.com/google-deepmind/formal-conjectures/blob/main/FormalConjectures/ErdosProblems/183.lean	Apache-2.0
fc-erdosproblems-184-erdos-184	Erdős problem 184	mathematics	3	statement				cycles,decomposed,edge-disjoint,edges,graph	open	https://github.com/google-deepmind/formal-conjectures/blob/main/FormalConjectures/ErdosProblems/184.lean	Apache-2.0
fc-erdosproblems-184-erdos-184-n-log-n	Erdős problem 184, variant n log n	mathematics	2	statement				cycles,edges,gallai,suffices,erdős problem	solved	https://github.com/google-deepmind/formal-conjectures/blob/main/FormalConjectures/ErdosProblems/184.lean	Apache-2.0
fc-erdosproblems-184-erdos-184-lower-bound	Erdős problem 184, variant lower bound	mathematics	2	statement				constant,cycles,edges,graph,least	solved	https://github.com/google-deepmind/formal-conjectures/blob/main/FormalConjectures/ErdosProblems/184.lean	Apache-2.0
fc-erdosproblems-184-erdos-184-covering	Erdős problem 184, variant covering	mathematics	2	statement				cycles,edge-disjoint,edges,pyber,require	solved	https://github.com/google-deepmind/formal-conjectures/blob/main/FormalConjectures/ErdosProblems/184.lean	Apache-2.0
fc-erdosproblems-184-erdos-184-bucic-montgomery	Erdős problem 184, variant bucic montgomery	mathematics	2	statement				available,bound,cycles,edges,function	solved	https://github.com/google-deepmind/formal-conjectures/blob/main/FormalConjectures/ErdosProblems/184.lean	Apache-2.0
fc-erdosproblems-184-erdos-184-conlon-fox-sudakov	Erdős problem 184, variant conlon fox sudakov	mathematics	2	statement				conlon,cycles,degree,edges,least	solved	https://github.com/google-deepmind/formal-conjectures/blob/main/FormalConjectures/ErdosProblems/184.lean	Apache-2.0
fc-erdosproblems-185-erdos-185	Erdős problem 185	mathematics	3	proved				number theory,maximal,moser,subset,answer	solved	https://github.com/google-deepmind/formal-conjectures/blob/main/FormalConjectures/ErdosProblems/185.lean	Apache-2.0
fc-erdosproblems-185-erdos-185-moser	Erdős problem 185, variant moser	mathematics	2	statement				number theory,moser,erdős problem,mathematics,solved	solved	https://github.com/google-deepmind/formal-conjectures/blob/main/FormalConjectures/ErdosProblems/185.lean	Apache-2.0
fc-erdosproblems-188-erdos-188	Erdős problem 188	mathematics	3	statement				distance,points,apart,arithmetic,coloured	open	https://github.com/google-deepmind/formal-conjectures/blob/main/FormalConjectures/ErdosProblems/188.lean	Apache-2.0
fc-erdosproblems-188-erdos-188-nonempty	Erdős problem 188, variant nonempty	mathematics	2	statement				contains,combinatorial,distance,graham,large	solved	https://github.com/google-deepmind/formal-conjectures/blob/main/FormalConjectures/ErdosProblems/188.lean	Apache-2.0
fc-erdosproblems-188-erdos-188-estimate	Erdős problem 188, variant estimate	mathematics	2	statement				combinatorial,currently,direction,estimate,graham	solved	https://github.com/google-deepmind/formal-conjectures/blob/main/FormalConjectures/ErdosProblems/188.lean	Apache-2.0
fc-erdosproblems-189-erdos-189	Erdős problem 189	mathematics	3	proved				geometry,measurable,alexeev,answer,aristotle	solved	https://github.com/google-deepmind/formal-conjectures/blob/main/FormalConjectures/ErdosProblems/189.lean	Apache-2.0
fc-erdosproblems-189-erdos-189-square	Erdős problem 189, variant square	mathematics	2	statement				geometry,claims,graham,erdős problem,mathematics	solved	https://github.com/google-deepmind/formal-conjectures/blob/main/FormalConjectures/ErdosProblems/189.lean	Apache-2.0
fc-erdosproblems-189-erdos-189-parallelogram	Erdős problem 189, variant parallelogram	mathematics	2	statement				geometry,january,seems,erdős problem,mathematics	open	https://github.com/google-deepmind/formal-conjectures/blob/main/FormalConjectures/ErdosProblems/189.lean	Apache-2.0
fc-erdosproblems-19-erdos-19	Erdős problem 19	mathematics	3	statement				copies,edge-disjoint,union,erdős problem,mathematics	open	https://github.com/google-deepmind/formal-conjectures/blob/main/FormalConjectures/ErdosProblems/19.lean	Apache-2.0
fc-erdosproblems-19-erdos-19-lt-ten	Erdős problem 19, variant lt ten	mathematics	2	statement				faber,hindman,erdős problem,mathematics,solved	solved	https://github.com/google-deepmind/formal-conjectures/blob/main/FormalConjectures/ErdosProblems/19.lean	Apache-2.0
fc-erdosproblems-19-erdos-19-kahn	Erdős problem 19, variant kahn	mathematics	2	statement				erdős problem,mathematics,solved,formal conjectures	solved	https://github.com/google-deepmind/formal-conjectures/blob/main/FormalConjectures/ErdosProblems/19.lean	Apache-2.0
fc-erdosproblems-19-erdos-19-large-n	Erdős problem 19, variant large n	mathematics	2	statement				faber,kelly,kkkmo,large,methuku	solved	https://github.com/google-deepmind/formal-conjectures/blob/main/FormalConjectures/ErdosProblems/19.lean	Apache-2.0
fc-erdosproblems-191-erdos-191	Erdős problem 191	mathematics	3	proved				colouring,monochromatic,answer,bound,large	solved	https://github.com/google-deepmind/formal-conjectures/blob/main/FormalConjectures/ErdosProblems/191.lean	Apache-2.0
fc-erdosproblems-191-erdos-191-conlon-fox-sudakov	Erdős problem 191, variant conlon fox sudakov	mathematics	2	statement				colouring,conlon,large,monochromatic,sudakov	solved	https://github.com/google-deepmind/formal-conjectures/blob/main/FormalConjectures/ErdosProblems/191.lean	Apache-2.0
fc-erdosproblems-191-erdos-191-rodl-upper	Erdős problem 191, variant rodl upper	mathematics	2	statement				colouring,constructed,monochromatic,erdős problem,mathematics	solved	https://github.com/google-deepmind/formal-conjectures/blob/main/FormalConjectures/ErdosProblems/191.lean	Apache-2.0
fc-erdosproblems-191-erdos-191-three-colours	Erdős problem 191, variant three colours	mathematics	2	statement				answer,colouring,colourings,consider,constant	solved	https://github.com/google-deepmind/formal-conjectures/blob/main/FormalConjectures/ErdosProblems/191.lean	Apache-2.0
fc-erdosproblems-192-erdos-192	Erdős problem 192	mathematics	3	proved				number theory,string,abelian,infinite,squares	solved	https://github.com/google-deepmind/formal-conjectures/blob/main/FormalConjectures/ErdosProblems/192.lean	Apache-2.0
fc-erdosproblems-193-erdos-193	Erdős problem 193	mathematics	3	proved				collinear,finite,infinite,points,answered	solved	https://github.com/google-deepmind/formal-conjectures/blob/main/FormalConjectures/ErdosProblems/193.lean	Apache-2.0
fc-erdosproblems-194-erdos-194	Erdős problem 194	mathematics	3	proved				arithmetic,progression,answer,ardal,brown	solved	https://github.com/google-deepmind/formal-conjectures/blob/main/FormalConjectures/ErdosProblems/194.lean	Apache-2.0
fc-erdosproblems-195-erdos-195	Erdős problem 195	mathematics	3	statement				arithmetic,progression,monotone,permutation,arrangement	open	https://github.com/google-deepmind/formal-conjectures/blob/main/FormalConjectures/ErdosProblems/195.lean	Apache-2.0
fc-erdosproblems-195-erdos-195-leq-5-bound	Erdős problem 195, variant leq 5 bound	mathematics	2	statement				geneson,erdős problem,mathematics,solved,formal conjectures	solved	https://github.com/google-deepmind/formal-conjectures/blob/main/FormalConjectures/ErdosProblems/195.lean	Apache-2.0
fc-erdosproblems-195-erdos-195-leq-4-bound	Erdős problem 195, variant leq 4 bound	mathematics	2	statement				adenwalla,erdős problem,mathematics,solved,formal conjectures	solved	https://github.com/google-deepmind/formal-conjectures/blob/main/FormalConjectures/ErdosProblems/195.lean	Apache-2.0
fc-erdosproblems-196-erdos-196	Erdős problem 196	mathematics	3	statement				number theory,arithmetic,contain,monotone,permutation	open	https://github.com/google-deepmind/formal-conjectures/blob/main/FormalConjectures/ErdosProblems/196.lean	Apache-2.0
fc-erdosproblems-197-erdos-197	Erdős problem 197	mathematics	3	statement				arithmetic,avoid,monotone,partitioned,permuted	open	https://github.com/google-deepmind/formal-conjectures/blob/main/FormalConjectures/ErdosProblems/197.lean	Apache-2.0
fc-erdosproblems-198-baumgartner-strong	Erdős problem 198	mathematics	3	statement				arithmetic,progression,author,claims,element	solved	https://github.com/google-deepmind/formal-conjectures/blob/main/FormalConjectures/ErdosProblems/198.lean	Apache-2.0
fc-erdosproblems-198-erdos-198-concrete	Erdős problem 198, variant concrete	mathematics	2	proved				number theory,found,alphaproof,sequence,erdős problem	solved	https://github.com/google-deepmind/formal-conjectures/blob/main/FormalConjectures/ErdosProblems/198.lean	Apache-2.0
fc-erdosproblems-199-erdos-199	Erdős problem 199	mathematics	3	proved				arithmetic,contain,progression,answered,baumgartner	solved	https://github.com/google-deepmind/formal-conjectures/blob/main/FormalConjectures/ErdosProblems/199.lean	Apache-2.0
fc-erdosproblems-2-erdos-2	Erdős problem 2	mathematics	3	statement				number theory,covering,modulus,system,answer	solved	https://github.com/google-deepmind/formal-conjectures/blob/main/FormalConjectures/ErdosProblems/2.lean	Apache-2.0
fc-erdosproblems-20-erdos-20	Erdős problem 20	mathematics	3	statement				constant,erdős problem,mathematics,open,formal conjectures	open	https://github.com/google-deepmind/formal-conjectures/blob/main/FormalConjectures/ErdosProblems/20.lean	Apache-2.0
fc-erdosproblems-20-erdos-20-erdos-rado-bound	Erdős problem 20, variant erdos rado bound	mathematics	2	proved				sunflower,bound,contains,factorial,family	solved	https://github.com/google-deepmind/formal-conjectures/blob/main/FormalConjectures/ErdosProblems/20.lean	Apache-2.0
fc-erdosproblems-200-erdos-200	Erdős problem 200	mathematics	3	statement				number theory,arithmetic,length,longest,primes	open	https://github.com/google-deepmind/formal-conjectures/blob/main/FormalConjectures/ErdosProblems/200.lean	Apache-2.0
fc-erdosproblems-200-erdos-200-upper	Erdős problem 200, variant upper	mathematics	2	statement				number theory,follows,length,prime,progression	solved	https://github.com/google-deepmind/formal-conjectures/blob/main/FormalConjectures/ErdosProblems/200.lean	Apache-2.0
fc-erdosproblems-202-erdos-202	Erdős problem 202	mathematics	3	proved				number theory,argument,associated,classes,congruence	solved	https://github.com/google-deepmind/formal-conjectures/blob/main/FormalConjectures/ErdosProblems/202.lean	Apache-2.0
fc-erdosproblems-202-erdos-202-erdos-szemeredi	Erdős problem 202, variant erdos szemeredi	mathematics	2	statement				number theory,stein,szemer,erdős problem,mathematics	solved	https://github.com/google-deepmind/formal-conjectures/blob/main/FormalConjectures/ErdosProblems/202.lean	Apache-2.0
fc-erdosproblems-203-erdos-203	Erdős problem 203	mathematics	3	statement				integer,prime,erdős problem,mathematics,open	open	https://github.com/google-deepmind/formal-conjectures/blob/main/FormalConjectures/ErdosProblems/203.lean	Apache-2.0
fc-erdosproblems-204-erdos-204	Erdős problem 204	mathematics	3	proved				equiv,integer,adenwalla,aristotle,associated	solved	https://github.com/google-deepmind/formal-conjectures/blob/main/FormalConjectures/ErdosProblems/204.lean	Apache-2.0
fc-erdosproblems-205-erdos-205-parts-i	Erdős problem 205, i	mathematics	3	statement				number theory,prime,alexeev,answer,aristotle	solved	https://github.com/google-deepmind/formal-conjectures/blob/main/FormalConjectures/ErdosProblems/205.lean	Apache-2.0
fc-erdosproblems-205-erdos-205-parts-ii	Erdős problem 205, ii	mathematics	3	statement				number theory,about,alexeev,answer,aristotle	solved	https://github.com/google-deepmind/formal-conjectures/blob/main/FormalConjectures/ErdosProblems/205.lean	Apache-2.0
fc-erdosproblems-205-erdos-205-parts-iii	Erdős problem 205, iii	mathematics	3	statement				number theory,alexeev,answer,aristotle,barreto	solved	https://github.com/google-deepmind/formal-conjectures/blob/main/FormalConjectures/ErdosProblems/205.lean	Apache-2.0
fc-erdosproblems-205-erdos-205-many-prime-factors	Erdős problem 205, variant many prime factors	mathematics	2	proved				number theory,factors,infinitely,least,prime	solved	https://github.com/google-deepmind/formal-conjectures/blob/main/FormalConjectures/ErdosProblems/205.lean	Apache-2.0
fc-erdosproblems-205-erdos-205-odd-counterexamples	Erdős problem 205, variant odd counterexamples	mathematics	2	statement				number theory,large,arbitrarily,constructed,counterexamples	open	https://github.com/google-deepmind/formal-conjectures/blob/main/FormalConjectures/ErdosProblems/205.lean	Apache-2.0
fc-erdosproblems-206-erdos-206	Erdős problem 206	mathematics	3	proved				number theory,eventually,greedy,underapproximations,almost	solved	https://github.com/google-deepmind/formal-conjectures/blob/main/FormalConjectures/ErdosProblems/206.lean	Apache-2.0
fc-erdosproblems-208-erdos-208-parts-i	Erdős problem 208, i	mathematics	3	statement				number theory,large,sequence,squarefree,erdős problem	open	https://github.com/google-deepmind/formal-conjectures/blob/main/FormalConjectures/ErdosProblems/208.lean	Apache-2.0
fc-erdosproblems-208-erdos-208-parts-ii	Erdős problem 208, ii	mathematics	3	statement				number theory,sequence,squarefree,erdős problem,mathematics	open	https://github.com/google-deepmind/formal-conjectures/blob/main/FormalConjectures/ErdosProblems/208.lean	Apache-2.0
fc-erdosproblems-208-erdos-208-log-bound	Erdős problem 208, variant log bound	mathematics	2	statement				number theory,doubtful,perhaps,problems,theory	open	https://github.com/google-deepmind/formal-conjectures/blob/main/FormalConjectures/ErdosProblems/208.lean	Apache-2.0
fc-erdosproblems-209-erdos-209	Erdős problem 209	mathematics	3	proved				convex geometry,lines,points,triangle,collection	solved	https://github.com/google-deepmind/formal-conjectures/blob/main/FormalConjectures/ErdosProblems/209.lean	Apache-2.0
fc-erdosproblems-21-erdos-21	Erdős problem 21	mathematics	3	proved				bound,upper,improved,answer,assuming	solved	https://github.com/google-deepmind/formal-conjectures/blob/main/FormalConjectures/ErdosProblems/21.lean	Apache-2.0
fc-erdosproblems-21-erdos-21-lower	Erdős problem 21, variant lower	mathematics	2	statement				erdős problem,mathematics,solved,formal conjectures	solved	https://github.com/google-deepmind/formal-conjectures/blob/main/FormalConjectures/ErdosProblems/21.lean	Apache-2.0
fc-erdosproblems-21-erdos-21-three-n	Erdős problem 21, variant three n	mathematics	2	statement				answer,correct,speculated,erdős problem,mathematics	open	https://github.com/google-deepmind/formal-conjectures/blob/main/FormalConjectures/ErdosProblems/21.lean	Apache-2.0
fc-erdosproblems-21-erdos-21-small-values	Erdős problem 21, variant small values	mathematics	2	statement				erdős problem,mathematics,solved,formal conjectures	solved	https://github.com/google-deepmind/formal-conjectures/blob/main/FormalConjectures/ErdosProblems/21.lean	Apache-2.0
fc-erdosproblems-212-erdos-212	Erdős problem 212	mathematics	3	statement				convex geometry,dense,distances,pairwise,rational	open	https://github.com/google-deepmind/formal-conjectures/blob/main/FormalConjectures/ErdosProblems/212.lean	Apache-2.0
fc-erdosproblems-213-erdos-213	Erdős problem 213	mathematics	3	statement				convex geometry,circle,distances,integers,pairwise	open	https://github.com/google-deepmind/formal-conjectures/blob/main/FormalConjectures/ErdosProblems/213.lean	Apache-2.0
fc-erdosproblems-213-erdos-213-kk08	Erdős problem 213, variant KK08	mathematics	2	statement				convex geometry,construction,kreisel,erdős problem,mathematics	solved	https://github.com/google-deepmind/formal-conjectures/blob/main/FormalConjectures/ErdosProblems/213.lean	Apache-2.0
fc-erdosproblems-214-erdos-214	Erdős problem 214	mathematics	3	proved				convex geometry,points,complement,contain,answer	solved	https://github.com/google-deepmind/formal-conjectures/blob/main/FormalConjectures/ErdosProblems/214.lean	Apache-2.0
fc-erdosproblems-214-erdos-214-juhasz	Erdős problem 214, variant juhasz	mathematics	2	statement				convex geometry,answer,complement,congruent,contain	solved	https://github.com/google-deepmind/formal-conjectures/blob/main/FormalConjectures/ErdosProblems/214.lean	Apache-2.0
fc-erdosproblems-214-erdos-214-egmrss	Erdős problem 214, variant egmrss	mathematics	2	statement				convex geometry,earlier,egmrss,graham,montgomery	solved	https://github.com/google-deepmind/formal-conjectures/blob/main/FormalConjectures/ErdosProblems/214.lean	Apache-2.0
fc-erdosproblems-214-erdos-214-juhasz-twelve-points	Erdős problem 214, variant juhasz twelve points	mathematics	2	statement				convex geometry,bound,improved,upper,erdős problem	solved	https://github.com/google-deepmind/formal-conjectures/blob/main/FormalConjectures/ErdosProblems/214.lean	Apache-2.0
fc-erdosproblems-214-erdos-214-csizmadia-toth	Erdős problem 214, variant csizmadia toth	mathematics	2	statement				convex geometry,bound,csizmadia,further,improved	solved	https://github.com/google-deepmind/formal-conjectures/blob/main/FormalConjectures/ErdosProblems/214.lean	Apache-2.0
fc-erdosproblems-214-erdos-214-bounds	Erdős problem 214, variant bounds	mathematics	2	statement				convex geometry,bounds,currently,erdős problem,mathematics	solved	https://github.com/google-deepmind/formal-conjectures/blob/main/FormalConjectures/ErdosProblems/214.lean	Apache-2.0
fc-erdosproblems-215-erdos-215	Erdős problem 215	mathematics	3	proved				convex geometry,congruent,after,almost,axiom	solved	https://github.com/google-deepmind/formal-conjectures/blob/main/FormalConjectures/ErdosProblems/215.lean	Apache-2.0
fc-erdosproblems-218-erdos-218-le	Erdős problem 218, variant le	mathematics	2	statement				number theory,prime,density,equal,followed	open	https://github.com/google-deepmind/formal-conjectures/blob/main/FormalConjectures/ErdosProblems/218.lean	Apache-2.0
fc-erdosproblems-218-erdos-218-ge	Erdős problem 218, variant ge	mathematics	2	statement				number theory,prime,density,equal,indices	open	https://github.com/google-deepmind/formal-conjectures/blob/main/FormalConjectures/ErdosProblems/218.lean	Apache-2.0
fc-erdosproblems-218-erdos-218-infinite-equal-prime-gap	Erdős problem 218, variant infinite equal prime gap	mathematics	2	statement				number theory,infinitely,prime,arithmetic,equal	open	https://github.com/google-deepmind/formal-conjectures/blob/main/FormalConjectures/ErdosProblems/218.lean	Apache-2.0
fc-erdosproblems-219-erdos-219	Erdős problem 219	mathematics	3	proved				number theory,arbitrarily,arithmetic,primes,progressions	solved	https://github.com/google-deepmind/formal-conjectures/blob/main/FormalConjectures/ErdosProblems/219.lean	Apache-2.0
fc-erdosproblems-22-erdos-22	Erdős problem 22	mathematics	3	proved				contains,depending,edges,graph,independent	solved	https://github.com/google-deepmind/formal-conjectures/blob/main/FormalConjectures/ErdosProblems/22.lean	Apache-2.0
fc-erdosproblems-22-erdos-22-szemeredi-upper	Erdős problem 22, variant szemeredi upper	mathematics	2	statement				edges,graph,vertices,bound,independence	solved	https://github.com/google-deepmind/formal-conjectures/blob/main/FormalConjectures/ErdosProblems/22.lean	Apache-2.0
fc-erdosproblems-22-erdos-22-bollobas-erdos-lower	Erdős problem 22, variant bollobas erdos lower	mathematics	2	statement				bollob,construction,density,edges,erdos	solved	https://github.com/google-deepmind/formal-conjectures/blob/main/FormalConjectures/ErdosProblems/22.lean	Apache-2.0
fc-erdosproblems-22-erdos-22-fox-loh-zhao	Erdős problem 22, variant fox loh zhao	mathematics	2	statement				constant,edges,graph,independent,large	solved	https://github.com/google-deepmind/formal-conjectures/blob/main/FormalConjectures/ErdosProblems/22.lean	Apache-2.0
fc-erdosproblems-220-erdos-220	Erdős problem 220	mathematics	3	proved				number theory,answer,cdots,collection,discussed	solved	https://github.com/google-deepmind/formal-conjectures/blob/main/FormalConjectures/ErdosProblems/220.lean	Apache-2.0
fc-erdosproblems-221-erdos-221	Erdős problem 221	mathematics	3	proved				number theory,large,ldots,lvert,rvert	solved	https://github.com/google-deepmind/formal-conjectures/blob/main/FormalConjectures/ErdosProblems/221.lean	Apache-2.0
fc-erdosproblems-224-erdos-224	Erdős problem 224	mathematics	3	proved				convex geometry,points,angle,danzer,determine	solved	https://github.com/google-deepmind/formal-conjectures/blob/main/FormalConjectures/ErdosProblems/224.lean	Apache-2.0
fc-erdosproblems-225-erdos-225	Erdős problem 225	mathematics	3	proved				complex analysis,harmonic analysis,theta,zeros,kristiansen	solved	https://github.com/google-deepmind/formal-conjectures/blob/main/FormalConjectures/ErdosProblems/225.lean	Apache-2.0
fc-erdosproblems-226-erdos-226	Erdős problem 226	mathematics	3	proved				complex analysis,barth,countable,dense,entire	solved	https://github.com/google-deepmind/formal-conjectures/blob/main/FormalConjectures/ErdosProblems/226.lean	Apache-2.0
fc-erdosproblems-229-erdos-229	Erdős problem 229	mathematics	3	proved				complex analysis,affirmative,alexeev,aristotle,attributed	solved	https://github.com/google-deepmind/formal-conjectures/blob/main/FormalConjectures/ErdosProblems/229.lean	Apache-2.0
fc-erdosproblems-23-erdos-23-n5	Erdős problem 23, variant n5	mathematics	2	statement				graphs,triangle-free,balogh-clemen-lidicky,bipartite,bipartization	solved	https://github.com/google-deepmind/formal-conjectures/blob/main/FormalConjectures/ErdosProblems/23.lean	Apache-2.0
fc-erdosproblems-23-erdos-23-n5-tight	Erdős problem 23, variant n5 tight	mathematics	2	statement				balanced,bipartite,blow-up,edges,graph	solved	https://github.com/google-deepmind/formal-conjectures/blob/main/FormalConjectures/ErdosProblems/23.lean	Apache-2.0
fc-erdosproblems-23-erdos-23	Erdős problem 23	mathematics	3	statement				bipartite,deleting,edges,graph,triangle-free	open	https://github.com/google-deepmind/formal-conjectures/blob/main/FormalConjectures/ErdosProblems/23.lean	Apache-2.0
fc-erdosproblems-230-erdos-230	Erdős problem 230	mathematics	3	proved				complex analysis,harmonic analysis,lvert,rvert,constructed	solved	https://github.com/google-deepmind/formal-conjectures/blob/main/FormalConjectures/ErdosProblems/230.lean	Apache-2.0
fc-erdosproblems-230-erdos-230-ultraflat	Erdős problem 230, variant ultraflat	mathematics	2	statement				complex analysis,harmonic analysis,constructed,kahane,polynomials	solved	https://github.com/google-deepmind/formal-conjectures/blob/main/FormalConjectures/ErdosProblems/230.lean	Apache-2.0
fc-erdosproblems-231-erdos-231	Erdős problem 231	mathematics	3	proved				abelian,string,answer,length,strings	solved	https://github.com/google-deepmind/formal-conjectures/blob/main/FormalConjectures/ErdosProblems/231.lean	Apache-2.0
fc-erdosproblems-231-erdos-231-two-pow	Erdős problem 231, variant two pow	mathematics	2	statement				abelian,characters,contains,example,indeed	solved	https://github.com/google-deepmind/formal-conjectures/blob/main/FormalConjectures/ErdosProblems/231.lean	Apache-2.0
fc-erdosproblems-231-erdos-231-two-pow-small	Erdős problem 231, variant two pow small	mathematics	2	statement				abelian,characters,contains,length,square	solved	https://github.com/google-deepmind/formal-conjectures/blob/main/FormalConjectures/ErdosProblems/231.lean	Apache-2.0
fc-erdosproblems-233-erdos-233	Erdős problem 233	mathematics	3	statement				number theory,behaves,between,consecutive,first	open	https://github.com/google-deepmind/formal-conjectures/blob/main/FormalConjectures/ErdosProblems/233.lean	Apache-2.0
fc-erdosproblems-233-erdos-233-upper-bound	Erdős problem 233, variant upper bound	mathematics	2	statement				number theory,bound,conditional,hypothesis,riemann	solved	https://github.com/google-deepmind/formal-conjectures/blob/main/FormalConjectures/ErdosProblems/233.lean	Apache-2.0
fc-erdosproblems-233-erdos-233-lower-bound	Erdős problem 233, variant lower bound	mathematics	2	proved				number theory,alphaproof,between,bound,consecutive	solved	https://github.com/google-deepmind/formal-conjectures/blob/main/FormalConjectures/ErdosProblems/233.lean	Apache-2.0
fc-erdosproblems-234-erdos-234	Erdős problem 234	mathematics	3	statement				number theory,continuous,density,function,integers	open	https://github.com/google-deepmind/formal-conjectures/blob/main/FormalConjectures/ErdosProblems/234.lean	Apache-2.0
fc-erdosproblems-236-erdos-236	Erdős problem 236	mathematics	3	statement				number theory,count,prime,solutions,erdős problem	open	https://github.com/google-deepmind/formal-conjectures/blob/main/FormalConjectures/ErdosProblems/236.lean	Apache-2.0
fc-erdosproblems-238-erdos-238	Erdős problem 238	mathematics	3	statement				number theory,between,consecutive,difference,large	open	https://github.com/google-deepmind/formal-conjectures/blob/main/FormalConjectures/ErdosProblems/238.lean	Apache-2.0
fc-erdosproblems-238-erdos-238-small-c1	Erdős problem 238, variant small c1	mathematics	2	statement				number theory,above,small,sufficiently,well-known	solved	https://github.com/google-deepmind/formal-conjectures/blob/main/FormalConjectures/ErdosProblems/238.lean	Apache-2.0
fc-erdosproblems-239-erdos-239	Erdős problem 239	mathematics	3	statement				number theory,always,answer,function,generalised	solved	https://github.com/google-deepmind/formal-conjectures/blob/main/FormalConjectures/ErdosProblems/239.lean	Apache-2.0
fc-erdosproblems-24-erdos-24	Erdős problem 24	mathematics	3	proved				answer,contain,copies,graph,grzesik	solved	https://github.com/google-deepmind/formal-conjectures/blob/main/FormalConjectures/ErdosProblems/24.lean	Apache-2.0
fc-erdosproblems-241-erdos-241	Erdős problem 241	mathematics	3	statement				asked,collection,discussed,originally,erdős problem	open	https://github.com/google-deepmind/formal-conjectures/blob/main/FormalConjectures/ErdosProblems/241.lean	Apache-2.0
fc-erdosproblems-241-erdos-241-lower-bound	Erdős problem 241, variant lower bound	mathematics	2	statement				chowla,construction,namely,provided,proving	solved	https://github.com/google-deepmind/formal-conjectures/blob/main/FormalConjectures/ErdosProblems/241.lean	Apache-2.0
fc-erdosproblems-241-erdos-241-upper-bound	Erdős problem 241, variant upper bound	mathematics	2	statement				bound,green,upper,erdős problem,mathematics	solved	https://github.com/google-deepmind/formal-conjectures/blob/main/FormalConjectures/ErdosProblems/241.lean	Apache-2.0
fc-erdosproblems-241-erdos-241-upper-bound-white	Erdős problem 241, variant upper bound white	mathematics	2	statement				gives,green,argument,bound,corollary	solved	https://github.com/google-deepmind/formal-conjectures/blob/main/FormalConjectures/ErdosProblems/241.lean	Apache-2.0
fc-erdosproblems-241-erdos-241-generalization	Erdős problem 241, variant generalization	mathematics	2	statement				aside,chowla,coincidences,distinct,generally	open	https://github.com/google-deepmind/formal-conjectures/blob/main/FormalConjectures/ErdosProblems/241.lean	Apache-2.0
fc-erdosproblems-241-erdos-241-r-eq-2	Erdős problem 241, variant r eq 2	mathematics	2	statement				erdős problem,mathematics,solved,formal conjectures	solved	https://github.com/google-deepmind/formal-conjectures/blob/main/FormalConjectures/ErdosProblems/241.lean	Apache-2.0
fc-erdosproblems-242-erdos-242	Erdős problem 242	mathematics	3	statement				number theory,distinct,integers,erdős problem,mathematics	open	https://github.com/google-deepmind/formal-conjectures/blob/main/FormalConjectures/ErdosProblems/242.lean	Apache-2.0
fc-erdosproblems-242-erdos-242-schinzel-generalization	Erdős problem 242, variant schinzel generalization	mathematics	2	statement				number theory,distinct,fixed,generalisation,integers	open	https://github.com/google-deepmind/formal-conjectures/blob/main/FormalConjectures/ErdosProblems/242.lean	Apache-2.0
fc-erdosproblems-243-erdos-243	Erdős problem 243	mathematics	3	statement				sequences and series,integers,large,sequence,sufficiently	open	https://github.com/google-deepmind/formal-conjectures/blob/main/FormalConjectures/ErdosProblems/243.lean	Apache-2.0
fc-erdosproblems-244-erdos-244	Erdős problem 244	mathematics	3	statement				number theory,density,integers,prime,erdős problem	open	https://github.com/google-deepmind/formal-conjectures/blob/main/FormalConjectures/ErdosProblems/244.lean	Apache-2.0
fc-erdosproblems-244-erdos-244-romanoff	Erdős problem 244, variant Romanoff	mathematics	2	statement				number theory,romanoff,additiven,answer,einige	solved	https://github.com/google-deepmind/formal-conjectures/blob/main/FormalConjectures/ErdosProblems/244.lean	Apache-2.0
fc-erdosproblems-245-erdos-245	Erdős problem 245	mathematics	3	statement				number theory,addition,answer,foundations,freiman	solved	https://github.com/google-deepmind/formal-conjectures/blob/main/FormalConjectures/ErdosProblems/245.lean	Apache-2.0
fc-erdosproblems-245-erdos-245-two	Erdős problem 245, variant two	mathematics	2	statement				number theory,infinite,infty,limsup,erdős problem	solved	https://github.com/google-deepmind/formal-conjectures/blob/main/FormalConjectures/ErdosProblems/245.lean	Apache-2.0
fc-erdosproblems-246-erdos-246	Erdős problem 246	mathematics	3	proved				number theory,birch,complete,distinct,integer	solved	https://github.com/google-deepmind/formal-conjectures/blob/main/FormalConjectures/ErdosProblems/246.lean	Apache-2.0
fc-erdosproblems-247-erdos-247	Erdős problem 247	mathematics	3	statement				number theory,infty,integers,limsup,sequence	open	https://github.com/google-deepmind/formal-conjectures/blob/main/FormalConjectures/ErdosProblems/247.lean	Apache-2.0
fc-erdosproblems-247-erdos-247-strong-condition	Erdős problem 247, variant strong condition	mathematics	2	statement				number theory,answer,combinatorial,condition,enseignement	solved	https://github.com/google-deepmind/formal-conjectures/blob/main/FormalConjectures/ErdosProblems/247.lean	Apache-2.0
fc-erdosproblems-248-erdos-248	Erdős problem 248	mathematics	3	proved				number theory,distinct,divisors,infinitely,prime	solved	https://github.com/google-deepmind/formal-conjectures/blob/main/FormalConjectures/ErdosProblems/248.lean	Apache-2.0
fc-erdosproblems-249-erdos-249	Erdős problem 249	mathematics	3	statement				number theory,euler,function,irrational,totient	open	https://github.com/google-deepmind/formal-conjectures/blob/main/FormalConjectures/ErdosProblems/249.lean	Apache-2.0
fc-erdosproblems-25-erdos-25	Erdős problem 25	mathematics	3	statement				number theory,integers,arbitrary,associated,class	open	https://github.com/google-deepmind/formal-conjectures/blob/main/FormalConjectures/ErdosProblems/25.lean	Apache-2.0
fc-erdosproblems-250-erdos-250	Erdős problem 250	mathematics	3	proved				number theory,nesterenko,answer,divisors,function	solved	https://github.com/google-deepmind/formal-conjectures/blob/main/FormalConjectures/ErdosProblems/250.lean	Apache-2.0
fc-erdosproblems-251-erdos-251	Erdős problem 251	mathematics	3	statement				number theory,irrational,prime,erdős problem,mathematics	open	https://github.com/google-deepmind/formal-conjectures/blob/main/FormalConjectures/ErdosProblems/251.lean	Apache-2.0
fc-erdosproblems-252-erdos-252	Erdős problem 252	mathematics	3	statement				number theory,irrationality,erdős problem,mathematics,open	open	https://github.com/google-deepmind/formal-conjectures/blob/main/FormalConjectures/ErdosProblems/252.lean	Apache-2.0
fc-erdosproblems-252-erdos-252-k-eq-zero	Erdős problem 252, variant k eq zero	mathematics	2	statement				number theory,irrational,erdős problem,mathematics,solved	solved	https://github.com/google-deepmind/formal-conjectures/blob/main/FormalConjectures/ErdosProblems/252.lean	Apache-2.0
fc-erdosproblems-252-erdos-252-k-eq-one	Erdős problem 252, variant k eq one	mathematics	2	statement				number theory,irrational,erdős problem,mathematics,solved	solved	https://github.com/google-deepmind/formal-conjectures/blob/main/FormalConjectures/ErdosProblems/252.lean	Apache-2.0
fc-erdosproblems-252-erdos-252-k-eq-two	Erdős problem 252, variant k eq two	mathematics	2	statement				number theory,irrational,erdős problem,mathematics,solved	solved	https://github.com/google-deepmind/formal-conjectures/blob/main/FormalConjectures/ErdosProblems/252.lean	Apache-2.0
fc-erdosproblems-252-erdos-252-k-eq-three	Erdős problem 252, variant k eq three	mathematics	2	statement				number theory,irrational,erdős problem,mathematics,solved	solved	https://github.com/google-deepmind/formal-conjectures/blob/main/FormalConjectures/ErdosProblems/252.lean	Apache-2.0
fc-erdosproblems-252-erdos-252-k-eq-four	Erdős problem 252, variant k eq four	mathematics	2	statement				number theory,irrational,erdős problem,mathematics,solved	solved	https://github.com/google-deepmind/formal-conjectures/blob/main/FormalConjectures/ErdosProblems/252.lean	Apache-2.0
fc-erdosproblems-252-erdos-252-k-ge-five	Erdős problem 252, variant k ge five	mathematics	2	statement				number theory,fixed,irrational,erdős problem,mathematics	open	https://github.com/google-deepmind/formal-conjectures/blob/main/FormalConjectures/ErdosProblems/252.lean	Apache-2.0
fc-erdosproblems-252-erdos-252-schinzel	Erdős problem 252, variant schinzel	mathematics	2	statement				number theory,irrational,schinzel,erdős problem,mathematics	solved	https://github.com/google-deepmind/formal-conjectures/blob/main/FormalConjectures/ErdosProblems/252.lean	Apache-2.0
fc-erdosproblems-252-erdos-252-prime-tuples	Erdős problem 252, variant prime tuples	mathematics	2	statement				number theory,irrational,prime,tuples,erdős problem	solved	https://github.com/google-deepmind/formal-conjectures/blob/main/FormalConjectures/ErdosProblems/252.lean	Apache-2.0
fc-erdosproblems-253-erdos-253	Erdős problem 253	mathematics	3	proved				number theory,distinct,integers,arithmetic,contains	solved	https://github.com/google-deepmind/formal-conjectures/blob/main/FormalConjectures/ErdosProblems/253.lean	Apache-2.0
fc-erdosproblems-254-erdos-254	Erdős problem 254	mathematics	3	proved				number theory,integer,distance,distinct,elements	solved	https://github.com/google-deepmind/formal-conjectures/blob/main/FormalConjectures/ErdosProblems/254.lean	Apache-2.0
fc-erdosproblems-254-erdos-254-cassels	Erdős problem 254, variant cassels	mathematics	2	statement				number theory,alternative,cassels,hypotheses,under	solved	https://github.com/google-deepmind/formal-conjectures/blob/main/FormalConjectures/ErdosProblems/254.lean	Apache-2.0
fc-erdosproblems-257-erdos-257	Erdős problem 257	mathematics	3	statement				number theory,infinite,irrational,erdős problem,mathematics	open	https://github.com/google-deepmind/formal-conjectures/blob/main/FormalConjectures/ErdosProblems/257.lean	Apache-2.0
fc-erdosproblems-257-erdos-257-tsum-top	Erdős problem 257, variant tsum top	mathematics	2	proved				number theory,arithmetical,indian,irrational,lambert	solved	https://github.com/google-deepmind/formal-conjectures/blob/main/FormalConjectures/ErdosProblems/257.lean	Apache-2.0
fc-erdosproblems-258-erdos-258	Erdős problem 258	mathematics	3	proved				number theory,affirmatively,chojecki,divisors,formalised	solved	https://github.com/google-deepmind/formal-conjectures/blob/main/FormalConjectures/ErdosProblems/258.lean	Apache-2.0
fc-erdosproblems-258-erdos-258-monotone	Erdős problem 258, variant monotone	mathematics	2	statement				number theory,divisors,irrational,lemma,monotone	solved	https://github.com/google-deepmind/formal-conjectures/blob/main/FormalConjectures/ErdosProblems/258.lean	Apache-2.0
fc-erdosproblems-258-erdos-258-constant	Erdős problem 258, variant constant	mathematics	2	proved				number theory,integer,irrational,problems,solution	solved	https://github.com/google-deepmind/formal-conjectures/blob/main/FormalConjectures/ErdosProblems/258.lean	Apache-2.0
fc-erdosproblems-259-erdos-259	Erdős problem 259	mathematics	3	proved				number theory,ruzsa,certain,hungar,irrational	solved	https://github.com/google-deepmind/formal-conjectures/blob/main/FormalConjectures/ErdosProblems/259.lean	Apache-2.0
fc-erdosproblems-26-erdos-26	Erdős problem 26	mathematics	3	proved				number theory,alexeev,almost,aristotle,divisor	solved	https://github.com/google-deepmind/formal-conjectures/blob/main/FormalConjectures/ErdosProblems/26.lean	Apache-2.0
fc-erdosproblems-26-erdos-26-rusza	Erdős problem 26, variant rusza	mathematics	2	proved				number theory,allow,counter-example,found,rusza	solved	https://github.com/google-deepmind/formal-conjectures/blob/main/FormalConjectures/ErdosProblems/26.lean	Apache-2.0
fc-erdosproblems-26-erdos-26-tenenbaum	Erdős problem 26, variant tenenbaum	mathematics	2	proved				number theory,agent,asked,deepmind,density	solved	https://github.com/google-deepmind/formal-conjectures/blob/main/FormalConjectures/ErdosProblems/26.lean	Apache-2.0
fc-erdosproblems-260-erdos-260	Erdős problem 260	mathematics	3	proved				number theory,arxiv,expansions,https,increasing	solved	https://github.com/google-deepmind/formal-conjectures/blob/main/FormalConjectures/ErdosProblems/260.lean	Apache-2.0
fc-erdosproblems-261-erdos-261-parts-i	Erdős problem 261, i	mathematics	3	statement				number theory,infinitely,integers,cusick,distinct	solved	https://github.com/google-deepmind/formal-conjectures/blob/main/FormalConjectures/ErdosProblems/261.lean	Apache-2.0
fc-erdosproblems-261-erdos-261-le-10000	Erdős problem 261, variant le 10000	mathematics	2	statement				number theory,integer,positive,property,required	solved	https://github.com/google-deepmind/formal-conjectures/blob/main/FormalConjectures/ErdosProblems/261.lean	Apache-2.0
fc-erdosproblems-261-erdos-261-parts-ii	Erdős problem 261, ii	mathematics	3	statement				number theory,integers,positive,property,required	open	https://github.com/google-deepmind/formal-conjectures/blob/main/FormalConjectures/ErdosProblems/261.lean	Apache-2.0
fc-erdosproblems-261-erdos-261-parts-iii	Erdős problem 261, iii	mathematics	3	statement				number theory,distinct,infty,integers,least	open	https://github.com/google-deepmind/formal-conjectures/blob/main/FormalConjectures/ErdosProblems/261.lean	Apache-2.0
fc-erdosproblems-261-erdos-261-two-representations	Erdős problem 261, variant two representations	mathematics	2	proved				number theory,answer,believed,distinct,erdos	solved	https://github.com/google-deepmind/formal-conjectures/blob/main/FormalConjectures/ErdosProblems/261.lean	Apache-2.0
fc-erdosproblems-263-erdos-263-parts-i	Erdős problem 263, i	mathematics	3	statement				number theory,above,irrationality,sense,sequence	open	https://github.com/google-deepmind/formal-conjectures/blob/main/FormalConjectures/ErdosProblems/263.lean	Apache-2.0
fc-erdosproblems-263-erdos-263-parts-ii	Erdős problem 263, ii	mathematics	3	statement				number theory,corrected,increasing,pre-correction,require	open	https://github.com/google-deepmind/formal-conjectures/blob/main/FormalConjectures/ErdosProblems/263.lean	Apache-2.0
fc-erdosproblems-263-erdos-263-folklore	Erdős problem 263, variant folklore	mathematics	2	statement				number theory,converging,folklore,irrational,result	solved	https://github.com/google-deepmind/formal-conjectures/blob/main/FormalConjectures/ErdosProblems/263.lean	Apache-2.0
fc-erdosproblems-263-erdos-263-sub-doubly-exponential	Erdős problem 263, variant sub doubly exponential	mathematics	2	statement				number theory,irrationality,sequence,above,ahmes	solved	https://github.com/google-deepmind/formal-conjectures/blob/main/FormalConjectures/ErdosProblems/263.lean	Apache-2.0
fc-erdosproblems-263-erdos-263-super-doubly-exponential	Erdős problem 263, variant super doubly exponential	mathematics	2	proved				number theory,folklore,above,erdos,irrationality	solved	https://github.com/google-deepmind/formal-conjectures/blob/main/FormalConjectures/ErdosProblems/263.lean	Apache-2.0
fc-erdosproblems-263-erdos-263-super-doubly-exponential-eventua	Erdős problem 263, variant super doubly exponential eventual	mathematics	2	statement				number theory,liminf,bound,covers,defaults	solved	https://github.com/google-deepmind/formal-conjectures/blob/main/FormalConjectures/ErdosProblems/263.lean	Apache-2.0
fc-erdosproblems-263-erdos-263-doubly-exponential-all-but-count	Erdős problem 263, variant doubly exponential all but countable	mathematics	2	statement				number theory,irrationality,koizumi,arxiv,countably	solved	https://github.com/google-deepmind/formal-conjectures/blob/main/FormalConjectures/ErdosProblems/263.lean	Apache-2.0
fc-erdosproblems-264-erdos-264-parts-i	Erdős problem 264, i	mathematics	3	statement				number theory,irrationality,ahmes,arxiv,example	solved	https://github.com/google-deepmind/formal-conjectures/blob/main/FormalConjectures/ErdosProblems/264.lean	Apache-2.0
fc-erdosproblems-264-erdos-264-parts-ii	Erdős problem 264, ii	mathematics	3	statement				number theory,example,irrationality,sequence,erdős problem	open	https://github.com/google-deepmind/formal-conjectures/blob/main/FormalConjectures/ErdosProblems/264.lean	Apache-2.0
fc-erdosproblems-264-erdos-264-example	Erdős problem 264, variant example	mathematics	2	statement				number theory,example,erdős problem,mathematics,solved	solved	https://github.com/google-deepmind/formal-conjectures/blob/main/FormalConjectures/ErdosProblems/264.lean	Apache-2.0
fc-erdosproblems-264-erdos-264-ko-tao-neg	Erdős problem 264, variant ko tao neg	mathematics	2	statement				number theory,irrationality,sequence,ahmes,arxiv	solved	https://github.com/google-deepmind/formal-conjectures/blob/main/FormalConjectures/ErdosProblems/264.lean	Apache-2.0
fc-erdosproblems-264-erdos-264-ko-tao-pos	Erdős problem 264, variant ko tao pos	mathematics	2	statement				number theory,irrationality,ahmes,arxiv,function	solved	https://github.com/google-deepmind/formal-conjectures/blob/main/FormalConjectures/ErdosProblems/264.lean	Apache-2.0
fc-erdosproblems-266-erdos-266	Erdős problem 266	mathematics	3	proved				number theory,arxiv,ahmes,converges,disproven	solved	https://github.com/google-deepmind/formal-conjectures/blob/main/FormalConjectures/ErdosProblems/266.lean	Apache-2.0
fc-erdosproblems-266-erdos-266-all-rationals	Erdős problem 266, variant all rationals:	mathematics	2	statement				number theory,arxiv,ahmes,converges,https	solved	https://github.com/google-deepmind/formal-conjectures/blob/main/FormalConjectures/ErdosProblems/266.lean	Apache-2.0
fc-erdosproblems-267-erdos-267	Erdős problem 267	mathematics	3	proved				number theory,sequence,fibonacci,infinite,irrational	solved	https://github.com/google-deepmind/formal-conjectures/blob/main/FormalConjectures/ErdosProblems/267.lean	Apache-2.0
fc-erdosproblems-267-erdos-267-generalisation-ratio-limit-to-in	Erdős problem 267, variant generalisation ratio limit to infinity	mathematics	2	statement				number theory,sequence,fibonacci,infinite,irrational	open	https://github.com/google-deepmind/formal-conjectures/blob/main/FormalConjectures/ErdosProblems/267.lean	Apache-2.0
fc-erdosproblems-267-erdos-267-specialization-pow-two	Erdős problem 267, variant specialization pow two	mathematics	2	proved				number theory,bicknell,fibonacci,hoggatt,reciprocal	solved	https://github.com/google-deepmind/formal-conjectures/blob/main/FormalConjectures/ErdosProblems/267.lean	Apache-2.0
fc-erdosproblems-267-erdos-267-fibonacci-inverse-sum	Erdős problem 267, variant fibonacci inverse sum	mathematics	2	statement				number theory,jeannin,certaines,currentes,inverses	solved	https://github.com/google-deepmind/formal-conjectures/blob/main/FormalConjectures/ErdosProblems/267.lean	Apache-2.0
fc-erdosproblems-268-erdos-268	Erdős problem 268	mathematics	3	proved				sequences and series,general topology,infinite,interior,nonempty	solved	https://github.com/google-deepmind/formal-conjectures/blob/main/FormalConjectures/ErdosProblems/268.lean	Apache-2.0
fc-erdosproblems-269-erdos-269-rational	Erdős problem 269, variant rational	mathematics	2	statement				number theory,factors,finite,infty,integers	open	https://github.com/google-deepmind/formal-conjectures/blob/main/FormalConjectures/ErdosProblems/269.lean	Apache-2.0
fc-erdosproblems-269-erdos-269-irrational	Erdős problem 269, variant irrational	mathematics	2	statement				number theory,factors,finite,infty,integers	open	https://github.com/google-deepmind/formal-conjectures/blob/main/FormalConjectures/ErdosProblems/269.lean	Apache-2.0
fc-erdosproblems-269-erdos-269-infinite	Erdős problem 269, variant infinite	mathematics	2	statement				number theory,addresses,infinite,irrational,primes	solved	https://github.com/google-deepmind/formal-conjectures/blob/main/FormalConjectures/ErdosProblems/269.lean	Apache-2.0
fc-erdosproblems-270-erdos-270	Erdős problem 270	mathematics	3	proved				number theory,cdots,answer,shown,affirmative	solved	https://github.com/google-deepmind/formal-conjectures/blob/main/FormalConjectures/ErdosProblems/270.lean	Apache-2.0
fc-erdosproblems-270-erdos-270-every-value	Erdős problem 270, variant every value	mathematics	2	proved				number theory,alpha,cdots,crmari,function	solved	https://github.com/google-deepmind/formal-conjectures/blob/main/FormalConjectures/ErdosProblems/270.lean	Apache-2.0
fc-erdosproblems-270-erdos-270-monotone	Erdős problem 270, variant monotone	mathematics	2	statement				number theory,possible,always,assumed,crmari	open	https://github.com/google-deepmind/formal-conjectures/blob/main/FormalConjectures/ErdosProblems/270.lean	Apache-2.0
fc-erdosproblems-270-erdos-270-linear	Erdős problem 270, variant linear	mathematics	2	statement				number theory,erdős problem,mathematics,open,formal conjectures	open	https://github.com/google-deepmind/formal-conjectures/blob/main/FormalConjectures/ErdosProblems/270.lean	Apache-2.0
fc-erdosproblems-272-erdos-272	Erdős problem 272	mathematics	3	statement				arithmetic,largest,non-empty,progression,erdős problem	open	https://github.com/google-deepmind/formal-conjectures/blob/main/FormalConjectures/ErdosProblems/272.lean	Apache-2.0
fc-erdosproblems-272-erdos-272-isbigo-sq	Erdős problem 272, variant isBigO sq	mathematics	2	statement				shown,simonovits,erdős problem,mathematics,solved	solved	https://github.com/google-deepmind/formal-conjectures/blob/main/FormalConjectures/ErdosProblems/272.lean	Apache-2.0
fc-erdosproblems-272-erdos-272-szabo	Erdős problem 272, variant szabo	mathematics	2	statement				equal,maximal,szabo,erdős problem,mathematics	solved	https://github.com/google-deepmind/formal-conjectures/blob/main/FormalConjectures/ErdosProblems/272.lean	Apache-2.0
fc-erdosproblems-272-erdos-272-szabo-strong	Erdős problem 272, variant szabo strong	mathematics	2	statement				maximal,szabo,erdős problem,mathematics,open	open	https://github.com/google-deepmind/formal-conjectures/blob/main/FormalConjectures/ErdosProblems/272.lean	Apache-2.0
fc-erdosproblems-273-erdos-273	Erdős problem 273	mathematics	3	statement				number theory,covering,moduli,primes,system	open	https://github.com/google-deepmind/formal-conjectures/blob/main/FormalConjectures/ErdosProblems/273.lean	Apache-2.0
fc-erdosproblems-273-erdos-273-three	Erdős problem 273, variant three	mathematics	2	statement				number theory,covering,moduli,primes,system	solved	https://github.com/google-deepmind/formal-conjectures/blob/main/FormalConjectures/ErdosProblems/273.lean	Apache-2.0
fc-erdosproblems-274-erdos-274	Erdős problem 274	mathematics	3	statement				group theory,covering,exact,answer,cardinality	open	https://github.com/google-deepmind/formal-conjectures/blob/main/FormalConjectures/ErdosProblems/274.lean	Apache-2.0
fc-erdosproblems-274-erdos-274-abelian	Erdős problem 274, variant abelian	mathematics	2	proved				group theory,cosets,abelian,cannot,contained	solved	https://github.com/google-deepmind/formal-conjectures/blob/main/FormalConjectures/ErdosProblems/274.lean	Apache-2.0
fc-erdosproblems-275-erdos-275	Erdős problem 275	mathematics	3	proved				number theory,covers,integers,system,alexeev	solved	https://github.com/google-deepmind/formal-conjectures/blob/main/FormalConjectures/ErdosProblems/275.lean	Apache-2.0
fc-erdosproblems-276-erdos-276	Erdős problem 276	mathematics	3	statement				number theory,sequence,common,composite,factor	open	https://github.com/google-deepmind/formal-conjectures/blob/main/FormalConjectures/ErdosProblems/276.lean	Apache-2.0
fc-erdosproblems-277-erdos-277	Erdős problem 277	mathematics	3	proved				number theory,affirmatively,answered,covering,divide	solved	https://github.com/google-deepmind/formal-conjectures/blob/main/FormalConjectures/ErdosProblems/277.lean	Apache-2.0
fc-erdosproblems-279-erdos-279	Erdős problem 279	mathematics	3	statement				number theory,prime,choice,classes,congruence	open	https://github.com/google-deepmind/formal-conjectures/blob/main/FormalConjectures/ErdosProblems/279.lean	Apache-2.0
fc-erdosproblems-28-erdos-28	Erdős problem 28	mathematics	3	statement				number theory,contains,finitely,integers,erdős problem	open	https://github.com/google-deepmind/formal-conjectures/blob/main/FormalConjectures/ErdosProblems/28.lean	Apache-2.0
fc-erdosproblems-280-erdos-280	Erdős problem 280	mathematics	3	proved				number theory,associated,cambie,equiv,infinite	solved	https://github.com/google-deepmind/formal-conjectures/blob/main/FormalConjectures/ErdosProblems/280.lean	Apache-2.0
fc-erdosproblems-281-erdos-281	Erdős problem 281	mathematics	3	proved				number theory,choice,classes,congruence,congruences	solved	https://github.com/google-deepmind/formal-conjectures/blob/main/FormalConjectures/ErdosProblems/281.lean	Apache-2.0
fc-erdosproblems-282-erdos-282	Erdős problem 282	mathematics	3	statement				after,algorithm,always,choose,consider	open	https://github.com/google-deepmind/formal-conjectures/blob/main/FormalConjectures/ErdosProblems/282.lean	Apache-2.0
fc-erdosproblems-282-erdos-282-general	Erdős problem 282, variant general	mathematics	2	statement				generally,pairs,process,terminate,erdős problem	open	https://github.com/google-deepmind/formal-conjectures/blob/main/FormalConjectures/ErdosProblems/282.lean	Apache-2.0
fc-erdosproblems-282-erdos-282-graham	Erdős problem 282, variant graham	mathematics	2	statement				algorithm,always,cases,denominators,distinct	open	https://github.com/google-deepmind/formal-conjectures/blob/main/FormalConjectures/ErdosProblems/282.lean	Apache-2.0
fc-erdosproblems-282-erdos-282-sq	Erdős problem 282, variant sq	mathematics	2	statement				always,graham,terminate,algorithm,almost	open	https://github.com/google-deepmind/formal-conjectures/blob/main/FormalConjectures/ErdosProblems/282.lean	Apache-2.0
fc-erdosproblems-283-erdos-283	Erdős problem 283	mathematics	3	proved				number theory,cdots,integers,rational,ammanamanchi	solved	https://github.com/google-deepmind/formal-conjectures/blob/main/FormalConjectures/ErdosProblems/283.lean	Apache-2.0
fc-erdosproblems-283-erdos-283-graham	Erdős problem 283, variant graham	mathematics	2	statement				number theory,graham,erdős problem,mathematics,solved	solved	https://github.com/google-deepmind/formal-conjectures/blob/main/FormalConjectures/ErdosProblems/283.lean	Apache-2.0
fc-erdosproblems-283-erdos-283-graham-alpha	Erdős problem 283, variant graham alpha	mathematics	2	statement				number theory,arbitrary,conjectures,depending,graham	solved	https://github.com/google-deepmind/formal-conjectures/blob/main/FormalConjectures/ErdosProblems/283.lean	Apache-2.0
fc-erdosproblems-283-erdos-283-cassels	Erdős problem 283, variant cassels	mathematics	2	statement				number theory,cassels,conditions,distinct,imply	solved	https://github.com/google-deepmind/formal-conjectures/blob/main/FormalConjectures/ErdosProblems/283.lean	Apache-2.0
fc-erdosproblems-283-erdos-283-burr	Erdős problem 283, variant burr	mathematics	2	statement				number theory,allow,erdős problem,mathematics,solved	solved	https://github.com/google-deepmind/formal-conjectures/blob/main/FormalConjectures/ErdosProblems/283.lean	Apache-2.0
fc-erdosproblems-283-erdos-283-alekseyev	Erdős problem 283, variant alekseyev	mathematics	2	statement				number theory,alekseyev,erdős problem,mathematics,solved	solved	https://github.com/google-deepmind/formal-conjectures/blob/main/FormalConjectures/ErdosProblems/283.lean	Apache-2.0
fc-erdosproblems-283-erdos-283-van-doorn-linear	Erdős problem 283, variant van doorn linear	mathematics	2	statement				number theory,doorn,example,investigated,large	solved	https://github.com/google-deepmind/formal-conjectures/blob/main/FormalConjectures/ErdosProblems/283.lean	Apache-2.0
fc-erdosproblems-283-erdos-283-van-doorn-quadratic	Erdős problem 283, variant van doorn quadratic	mathematics	2	statement				number theory,doorn,example,linear,original	solved	https://github.com/google-deepmind/formal-conjectures/blob/main/FormalConjectures/ErdosProblems/283.lean	Apache-2.0
fc-erdosproblems-285-erdos-285	Erdős problem 285	mathematics	3	statement				number theory,martin,arith,cdots,denser	solved	https://github.com/google-deepmind/formal-conjectures/blob/main/FormalConjectures/ErdosProblems/285.lean	Apache-2.0
fc-erdosproblems-285-erdos-285-lb	Erdős problem 285, variant lb	mathematics	2	statement				number theory,trivial,erdős problem,mathematics,solved	solved	https://github.com/google-deepmind/formal-conjectures/blob/main/FormalConjectures/ErdosProblems/285.lean	Apache-2.0
fc-erdosproblems-286-erdos-286	Erdős problem 286	mathematics	3	proved				number theory,answer,cdots,croot,integers	solved	https://github.com/google-deepmind/formal-conjectures/blob/main/FormalConjectures/ErdosProblems/286.lean	Apache-2.0
fc-erdosproblems-287-erdos-287	Erdős problem 287	mathematics	3	statement				number theory,distinct,integers,erdős problem,mathematics	open	https://github.com/google-deepmind/formal-conjectures/blob/main/FormalConjectures/ErdosProblems/287.lean	Apache-2.0
fc-erdosproblems-287-erdos-287-gap-at-least-two	Erdős problem 287, variant gap at least two	mathematics	2	proved				number theory,bound,consecutive,equivalent,integers	solved	https://github.com/google-deepmind/formal-conjectures/blob/main/FormalConjectures/ErdosProblems/287.lean	Apache-2.0
fc-erdosproblems-287-erdos-287-prime-conjecture	Erdős problem 287, variant prime conjecture	mathematics	2	statement				number theory,prime,erdos,exceptions,finitely	open	https://github.com/google-deepmind/formal-conjectures/blob/main/FormalConjectures/ErdosProblems/287.lean	Apache-2.0
fc-erdosproblems-288-erdos-288	Erdős problem 288	mathematics	3	statement				number theory,finitely,intervals,mathbb,pairs	open	https://github.com/google-deepmind/formal-conjectures/blob/main/FormalConjectures/ErdosProblems/288.lean	Apache-2.0
fc-erdosproblems-288-erdos-288-i2-card-eq-1	Erdős problem 288, variant i2 card eq 1	mathematics	2	statement				number theory,still,erdős problem,mathematics,open	open	https://github.com/google-deepmind/formal-conjectures/blob/main/FormalConjectures/ErdosProblems/288.lean	Apache-2.0
fc-erdosproblems-288-erdos-288-k-intervals	Erdős problem 288, variant k intervals	mathematics	2	statement				number theory,intervals,perhaps,replaced,erdős problem	open	https://github.com/google-deepmind/formal-conjectures/blob/main/FormalConjectures/ErdosProblems/288.lean	Apache-2.0
fc-erdosproblems-288-erdos-288-exists-k-gt-2	Erdős problem 288, variant exists k gt 2	mathematics	2	statement				number theory,condition,finitely,intervals,satisfy	open	https://github.com/google-deepmind/formal-conjectures/blob/main/FormalConjectures/ErdosProblems/288.lean	Apache-2.0
fc-erdosproblems-289-erdos-289	Erdős problem 289	mathematics	3	statement				number theory,adjacent,intervals,again,distinct	open	https://github.com/google-deepmind/formal-conjectures/blob/main/FormalConjectures/ErdosProblems/289.lean	Apache-2.0
fc-erdosproblems-29-erdos-29	Erdős problem 29	mathematics	3	proved				number theory,construction,existence,explicit,formal	solved	https://github.com/google-deepmind/formal-conjectures/blob/main/FormalConjectures/ErdosProblems/29.lean	Apache-2.0
fc-erdosproblems-290-erdos-290	Erdős problem 290	mathematics	3	proved				number theory,doorn,affirmative,always,considers	solved	https://github.com/google-deepmind/formal-conjectures/blob/main/FormalConjectures/ErdosProblems/290.lean	Apache-2.0
fc-erdosproblems-291-erdos-291-parts-i	Erdős problem 291, i	mathematics	3	statement				number theory,common,define,infinitely,least	open	https://github.com/google-deepmind/formal-conjectures/blob/main/FormalConjectures/ErdosProblems/291.lean	Apache-2.0
fc-erdosproblems-291-erdos-291-parts-ii	Erdős problem 291, ii	mathematics	3	statement				number theory,answer,begins,example,infinitely	solved	https://github.com/google-deepmind/formal-conjectures/blob/main/FormalConjectures/ErdosProblems/291.lean	Apache-2.0
fc-erdosproblems-291-erdos-291-steinerberger-generalization	Erdős problem 291, variant steinerberger generalization	mathematics	2	statement				number theory,digit,divides,leading,about	solved	https://github.com/google-deepmind/formal-conjectures/blob/main/FormalConjectures/ErdosProblems/291.lean	Apache-2.0
fc-erdosproblems-291-erdos-291-shiu-heuristic-asymptotic	Erdős problem 291, variant shiu heuristic asymptotic	mathematics	2	statement				number theory,example,heuristic,leads,prediction	open	https://github.com/google-deepmind/formal-conjectures/blob/main/FormalConjectures/ErdosProblems/291.lean	Apache-2.0
fc-erdosproblems-291-erdos-291-shiu-heuristic-density-zero	Erdős problem 291, variant shiu heuristic density zero	mathematics	2	statement				number theory,should,density,difficult,heuristic	open	https://github.com/google-deepmind/formal-conjectures/blob/main/FormalConjectures/ErdosProblems/291.lean	Apache-2.0
fc-erdosproblems-291-erdos-291-wu-yan	Erdős problem 291, variant wu yan	mathematics	2	statement				number theory,being,collection,conditional,consequence	solved	https://github.com/google-deepmind/formal-conjectures/blob/main/FormalConjectures/ErdosProblems/291.lean	Apache-2.0
fc-erdosproblems-292-erdos-292	Erdős problem 292	mathematics	3	proved				number theory,observed,prime,answer,asymp	solved	https://github.com/google-deepmind/formal-conjectures/blob/main/FormalConjectures/ErdosProblems/292.lean	Apache-2.0
fc-erdosproblems-292-erdos-292-martin	Erdős problem 292, variant martin	mathematics	2	statement				number theory,martin,erdős problem,mathematics,solved	solved	https://github.com/google-deepmind/formal-conjectures/blob/main/FormalConjectures/ErdosProblems/292.lean	Apache-2.0
fc-erdosproblems-292-erdos-292-mul	Erdős problem 292, variant mul	mathematics	2	statement				number theory,closed,multiplication,observed,straus	solved	https://github.com/google-deepmind/formal-conjectures/blob/main/FormalConjectures/ErdosProblems/292.lean	Apache-2.0
fc-erdosproblems-292-erdos-292-prime-pow	Erdős problem 292, variant prime pow	mathematics	2	statement				number theory,contain,power,prime,erdős problem	solved	https://github.com/google-deepmind/formal-conjectures/blob/main/FormalConjectures/ErdosProblems/292.lean	Apache-2.0
fc-erdosproblems-292-erdos-292-two-mul	Erdős problem 292, variant two mul	mathematics	2	statement				number theory,doorn,observed,erdős problem,mathematics	solved	https://github.com/google-deepmind/formal-conjectures/blob/main/FormalConjectures/ErdosProblems/292.lean	Apache-2.0
fc-erdosproblems-295-erdos-295	Erdős problem 295	mathematics	3	statement				number theory,denote,smallest,erdős problem,mathematics	open	https://github.com/google-deepmind/formal-conjectures/blob/main/FormalConjectures/ErdosProblems/295.lean	Apache-2.0
fc-erdosproblems-295-erdos-295-erdos-straus	Erdős problem 295, variant erdos straus	mathematics	2	statement				number theory,constant,existence,straus,erdős problem	solved	https://github.com/google-deepmind/formal-conjectures/blob/main/FormalConjectures/ErdosProblems/295.lean	Apache-2.0
fc-erdosproblems-296-erdos-296	Erdős problem 296	mathematics	3	proved				number theory,argument,bloom,disjoint,estimate	solved	https://github.com/google-deepmind/formal-conjectures/blob/main/FormalConjectures/ErdosProblems/296.lean	Apache-2.0
fc-erdosproblems-298-erdos-298	Erdős problem 298	mathematics	3	proved				number theory,density,positive,bloom,interpretation	solved	https://github.com/google-deepmind/formal-conjectures/blob/main/FormalConjectures/ErdosProblems/298.lean	Apache-2.0
fc-erdosproblems-298-erdos-298-natural-density	Erdős problem 298, variant natural density	mathematics	2	statement				number theory,follows,interpretation,literal,natural-density	solved	https://github.com/google-deepmind/formal-conjectures/blob/main/FormalConjectures/ErdosProblems/298.lean	Apache-2.0
fc-erdosproblems-299-erdos-299	Erdős problem 299	mathematics	3	proved				number theory,sequences and series,bloom,sequence,equal	solved	https://github.com/google-deepmind/formal-conjectures/blob/main/FormalConjectures/ErdosProblems/299.lean	Apache-2.0
fc-erdosproblems-299-erdos-299-density	Erdős problem 299, variant density	mathematics	2	statement				number theory,sequences and series,density,positive,follows	solved	https://github.com/google-deepmind/formal-conjectures/blob/main/FormalConjectures/ErdosProblems/299.lean	Apache-2.0
fc-erdosproblems-3-erdos-3	Erdős problem 3	mathematics	3	statement				number theory,arbitrarily,arithmetic,contain,progressions	open	https://github.com/google-deepmind/formal-conjectures/blob/main/FormalConjectures/ErdosProblems/3.lean	Apache-2.0
fc-erdosproblems-3-erdos-3-three	Erdős problem 3, variant three	mathematics	2	statement				number theory,arithmetic,bloom,contains,non-trivial	solved	https://github.com/google-deepmind/formal-conjectures/blob/main/FormalConjectures/ErdosProblems/3.lean	Apache-2.0
fc-erdosproblems-3-erdos-3-kelley-meka	Erdős problem 3, variant kelley meka	mathematics	2	statement				number theory,kelley,erdős problem,mathematics,solved	solved	https://github.com/google-deepmind/formal-conjectures/blob/main/FormalConjectures/ErdosProblems/3.lean	Apache-2.0
fc-erdosproblems-3-erdos-3-green-tao	Erdős problem 3, variant green tao	mathematics	2	statement				number theory,green,erdős problem,mathematics,solved	solved	https://github.com/google-deepmind/formal-conjectures/blob/main/FormalConjectures/ErdosProblems/3.lean	Apache-2.0
fc-erdosproblems-3-erdos-3-gowers	Erdős problem 3, variant gowers	mathematics	2	statement				number theory,gowers,erdős problem,mathematics,solved	solved	https://github.com/google-deepmind/formal-conjectures/blob/main/FormalConjectures/ErdosProblems/3.lean	Apache-2.0
fc-erdosproblems-3-erdos-3-leng-sah-sawhney	Erdős problem 3, variant leng sah sawhney	mathematics	2	statement				number theory,sawhney,erdős problem,mathematics,solved	solved	https://github.com/google-deepmind/formal-conjectures/blob/main/FormalConjectures/ErdosProblems/3.lean	Apache-2.0
fc-erdosproblems-30-erdos-30	Erdős problem 30	mathematics	3	statement				number theory,erdős problem,mathematics,open,formal conjectures	open	https://github.com/google-deepmind/formal-conjectures/blob/main/FormalConjectures/ErdosProblems/30.lean	Apache-2.0
fc-erdosproblems-30-erdos-30-o-one	Erdős problem 30, variant O one	mathematics	2	statement				number theory,optimistic,perhaps,stronger,thought	open	https://github.com/google-deepmind/formal-conjectures/blob/main/FormalConjectures/ErdosProblems/30.lean	Apache-2.0
fc-erdosproblems-30-erdos-30-erdos-turan	Erdős problem 30, variant erdos turan	mathematics	2	statement				number theory,erdős problem,mathematics,solved,formal conjectures	solved	https://github.com/google-deepmind/formal-conjectures/blob/main/FormalConjectures/ErdosProblems/30.lean	Apache-2.0
fc-erdosproblems-30-erdos-30-lindstrom	Erdős problem 30, variant lindstrom	mathematics	2	statement				number theory,lindstr,proofs,erdős problem,mathematics	solved	https://github.com/google-deepmind/formal-conjectures/blob/main/FormalConjectures/ErdosProblems/30.lean	Apache-2.0
fc-erdosproblems-30-erdos-30-balogh-furedi-roy	Erdős problem 30, variant balogh furedi roy	mathematics	2	statement				number theory,balogh,large,sufficiently,erdős problem	solved	https://github.com/google-deepmind/formal-conjectures/blob/main/FormalConjectures/ErdosProblems/30.lean	Apache-2.0
fc-erdosproblems-30-erdos-30-obryant	Erdős problem 30, variant obryant	mathematics	2	statement				number theory,bryant,large,sufficiently,erdős problem	solved	https://github.com/google-deepmind/formal-conjectures/blob/main/FormalConjectures/ErdosProblems/30.lean	Apache-2.0
fc-erdosproblems-30-erdos-30-carter-hunter-obryant	Erdős problem 30, variant carter hunter obryant	mathematics	2	statement				number theory,bound,bryant,carter,current	solved	https://github.com/google-deepmind/formal-conjectures/blob/main/FormalConjectures/ErdosProblems/30.lean	Apache-2.0
fc-erdosproblems-30-erdos-30-singer	Erdős problem 30, variant singer	mathematics	2	statement				number theory,construction,shows,singer,erdős problem	solved	https://github.com/google-deepmind/formal-conjectures/blob/main/FormalConjectures/ErdosProblems/30.lean	Apache-2.0
fc-erdosproblems-30-erdos-30-isequivalent-sqrt	Erdős problem 30, variant isEquivalent sqrt	mathematics	2	statement				number theory,bound,combining,lower,singer	solved	https://github.com/google-deepmind/formal-conjectures/blob/main/FormalConjectures/ErdosProblems/30.lean	Apache-2.0
fc-erdosproblems-300-erdos-300	Erdős problem 300	mathematics	3	proved				number theory,answer,believe,cardinality,constant	solved	https://github.com/google-deepmind/formal-conjectures/blob/main/FormalConjectures/ErdosProblems/300.lean	Apache-2.0
fc-erdosproblems-300-erdos-300-erdos-graham	Erdős problem 300, variant erdos graham	mathematics	2	proved				number theory,believed,croot,disproved,graham	solved	https://github.com/google-deepmind/formal-conjectures/blob/main/FormalConjectures/ErdosProblems/300.lean	Apache-2.0
fc-erdosproblems-302-erdos-302-parts-i	Erdős problem 302, i	mathematics	3	statement				number theory,brown,colouring,distinct,estimate	open	https://github.com/google-deepmind/formal-conjectures/blob/main/FormalConjectures/ErdosProblems/302.lean	Apache-2.0
fc-erdosproblems-302-erdos-302-parts-ii	Erdős problem 302, ii	mathematics	3	statement				number theory,below,bound,cambie,contradicted	solved	https://github.com/google-deepmind/formal-conjectures/blob/main/FormalConjectures/ErdosProblems/302.lean	Apache-2.0
fc-erdosproblems-302-erdos-302-lower-half	Erdős problem 302, variant lower half	mathematics	2	statement				number theory,integers,either,erdős problem,mathematics	solved	https://github.com/google-deepmind/formal-conjectures/blob/main/FormalConjectures/ErdosProblems/302.lean	Apache-2.0
fc-erdosproblems-302-erdos-302-lower-five-eighths	Erdős problem 302, variant lower five eighths	mathematics	2	statement				number theory,integers,cambie,observed,stijn	solved	https://github.com/google-deepmind/formal-conjectures/blob/main/FormalConjectures/ErdosProblems/302.lean	Apache-2.0
fc-erdosproblems-302-erdos-302-upper-nine-tenths	Erdős problem 302, variant upper nine tenths	mathematics	2	statement				number theory,doorn,wouter,erdős problem,mathematics	solved	https://github.com/google-deepmind/formal-conjectures/blob/main/FormalConjectures/ErdosProblems/302.lean	Apache-2.0
fc-erdosproblems-302-erdos-302-upper-0-8461739827964010	Erdős problem 302, variant upper 0 8461739827964010	mathematics	2	proved				number theory,erdos-,github,kitaken,upper-bound	solved	https://github.com/google-deepmind/formal-conjectures/blob/main/FormalConjectures/ErdosProblems/302.lean	Apache-2.0
fc-erdosproblems-303-erdos-303	Erdős problem 303	mathematics	3	proved				number theory,brown,colouring,distinct,finite	solved	https://github.com/google-deepmind/formal-conjectures/blob/main/FormalConjectures/ErdosProblems/303.lean	Apache-2.0
fc-erdosproblems-304-erdos-304-upper-1950	Erdős problem 304, variant upper 1950	mathematics	2	statement				number theory,bound,egyenlet,lapok,megold	solved	https://github.com/google-deepmind/formal-conjectures/blob/main/FormalConjectures/ErdosProblems/304.lean	Apache-2.0
fc-erdosproblems-304-erdos-304-lower-1950	Erdős problem 304, variant lower 1950	mathematics	2	proved				number theory,bound,egyenlet,lapok,lower	solved	https://github.com/google-deepmind/formal-conjectures/blob/main/FormalConjectures/ErdosProblems/304.lean	Apache-2.0
fc-erdosproblems-304-erdos-304-upper-1985	Erdős problem 304, variant upper 1985	mathematics	2	statement				number theory,bound,egyptian,fractions,london	solved	https://github.com/google-deepmind/formal-conjectures/blob/main/FormalConjectures/ErdosProblems/304.lean	Apache-2.0
fc-erdosproblems-304-upper-bound	Erdős problem 304	mathematics	3	statement				number theory,erdős problem,mathematics,open,formal conjectures	open	https://github.com/google-deepmind/formal-conjectures/blob/main/FormalConjectures/ErdosProblems/304.lean	Apache-2.0
fc-erdosproblems-305-erdos-305	Erdős problem 305	mathematics	3	proved				number theory,integers,bleicher,cdots,estimate	solved	https://github.com/google-deepmind/formal-conjectures/blob/main/FormalConjectures/ErdosProblems/305.lean	Apache-2.0
fc-erdosproblems-305-erdos-305-bleicher-erdos	Erdős problem 305, variant bleicher erdos	mathematics	2	statement				number theory,bleicher,shown,erdős problem,mathematics	solved	https://github.com/google-deepmind/formal-conjectures/blob/main/FormalConjectures/ErdosProblems/305.lean	Apache-2.0
fc-erdosproblems-305-erdos-305-prime-lower-bound	Erdős problem 305, variant prime lower bound	mathematics	2	statement				number theory,prime,erdős problem,mathematics,solved	solved	https://github.com/google-deepmind/formal-conjectures/blob/main/FormalConjectures/ErdosProblems/305.lean	Apache-2.0
fc-erdosproblems-305-erdos-305-yokota	Erdős problem 305, variant yokota	mathematics	2	statement				number theory,yokota,erdős problem,mathematics,solved	solved	https://github.com/google-deepmind/formal-conjectures/blob/main/FormalConjectures/ErdosProblems/305.lean	Apache-2.0
fc-erdosproblems-305-erdos-305-liu-sawhney	Erdős problem 305, variant liu sawhney	mathematics	2	statement				number theory,sawhney,erdős problem,mathematics,solved	solved	https://github.com/google-deepmind/formal-conjectures/blob/main/FormalConjectures/ErdosProblems/305.lean	Apache-2.0
fc-erdosproblems-306-erdos-306	Erdős problem 306	mathematics	3	statement				number theory,distinct,integers,primes,product	open	https://github.com/google-deepmind/formal-conjectures/blob/main/FormalConjectures/ErdosProblems/306.lean	Apache-2.0
fc-erdosproblems-306-erdos-306-integer-three-primes	Erdős problem 306, variant integer three primes	mathematics	2	statement				number theory,denominator,distinct,egyptian,expressed	solved	https://github.com/google-deepmind/formal-conjectures/blob/main/FormalConjectures/ErdosProblems/306.lean	Apache-2.0
fc-erdosproblems-307-erdos-307	Erdős problem 307	mathematics	3	statement				number theory,barbeau,right,asked,brute	open	https://github.com/google-deepmind/formal-conjectures/blob/main/FormalConjectures/ErdosProblems/307.lean	Apache-2.0
fc-erdosproblems-307-erdos-307-coprime-one-notmem	Erdős problem 307, variant coprime one notMem	mathematics	2	statement				number theory,coprime,examples,insist,version	open	https://github.com/google-deepmind/formal-conjectures/blob/main/FormalConjectures/ErdosProblems/307.lean	Apache-2.0
fc-erdosproblems-307-erdos-307-barrier	Erdős problem 307, barrier	mathematics	3	proved				number theory,barrier,closed,decide,primes	solved	https://github.com/google-deepmind/formal-conjectures/blob/main/FormalConjectures/ErdosProblems/307.lean	Apache-2.0
fc-erdosproblems-307-erdos-307-barrier-sixty	Erdős problem 307, barrier sixty	mathematics	3	proved				number theory,decide,native,prime,sixty	solved	https://github.com/google-deepmind/formal-conjectures/blob/main/FormalConjectures/ErdosProblems/307.lean	Apache-2.0
fc-erdosproblems-308-erdos-308-parts-i	Erdős problem 308, i	mathematics	3	proved				number theory,croot,integer,smallest,denominators	solved	https://github.com/google-deepmind/formal-conjectures/blob/main/FormalConjectures/ErdosProblems/308.lean	Apache-2.0
fc-erdosproblems-308-erdos-308-parts-ii	Erdős problem 308, ii	mathematics	3	proved				number theory,bounds,croot,denominators,distinct	solved	https://github.com/google-deepmind/formal-conjectures/blob/main/FormalConjectures/ErdosProblems/308.lean	Apache-2.0
fc-erdosproblems-308-erdos-308-shape	Erdős problem 308, variant shape	mathematics	2	proved				number theory,either,integers,large,representable	solved	https://github.com/google-deepmind/formal-conjectures/blob/main/FormalConjectures/ErdosProblems/308.lean	Apache-2.0
fc-erdosproblems-308-erdos-308-croot	Erdős problem 308, variant croot	mathematics	2	statement				number theory,integer,lfloor,rfloor,right	solved	https://github.com/google-deepmind/formal-conjectures/blob/main/FormalConjectures/ErdosProblems/308.lean	Apache-2.0
fc-erdosproblems-308-erdos-308-all-n	Erdős problem 308, variant all N	mathematics	2	statement				number theory,denominators,distinct,fractions,integers	open	https://github.com/google-deepmind/formal-conjectures/blob/main/FormalConjectures/ErdosProblems/308.lean	Apache-2.0
fc-erdosproblems-309-erdos-309	Erdős problem 309	mathematics	3	proved				number theory,integers,represented,yokota,answer	solved	https://github.com/google-deepmind/formal-conjectures/blob/main/FormalConjectures/ErdosProblems/309.lean	Apache-2.0
fc-erdosproblems-309-erdos-309-asymptotic	Erdős problem 309, variant asymptotic	mathematics	2	proved				number theory,integers,representable,satisfies,erdős problem	solved	https://github.com/google-deepmind/formal-conjectures/blob/main/FormalConjectures/ErdosProblems/309.lean	Apache-2.0
fc-erdosproblems-31-erdos-31	Erdős problem 31	mathematics	3	proved				number theory,contains,density,except,finitely	solved	https://github.com/google-deepmind/formal-conjectures/blob/main/FormalConjectures/ErdosProblems/31.lean	Apache-2.0
fc-erdosproblems-310-erdos-310	Erdős problem 310	mathematics	3	proved				number theory,bloom,dependence,implies,observe	solved	https://github.com/google-deepmind/formal-conjectures/blob/main/FormalConjectures/ErdosProblems/310.lean	Apache-2.0
fc-erdosproblems-310-erdos-310-liu-sawhney	Erdős problem 310, variant liu sawhney	mathematics	2	statement				number theory,sawhney,erdős problem,mathematics,solved	solved	https://github.com/google-deepmind/formal-conjectures/blob/main/FormalConjectures/ErdosProblems/310.lean	Apache-2.0
fc-erdosproblems-312-erdos-312	Erdős problem 312	mathematics	3	statement				number theory,constant,finite,integers,large	open	https://github.com/google-deepmind/formal-conjectures/blob/main/FormalConjectures/ErdosProblems/312.lean	Apache-2.0
fc-erdosproblems-313-erdos-313	Erdős problem 313	mathematics	3	statement				number theory,distinct,equation,following,infinitely	open	https://github.com/google-deepmind/formal-conjectures/blob/main/FormalConjectures/ErdosProblems/313.lean	Apache-2.0
fc-erdosproblems-313-erdos-313-primary-pseudoperfect-are-infini	Erdős problem 313, variant primary pseudoperfect are infinite	mathematics	2	statement				number theory,infinite,primary,pseudoperfect,erdős problem	open	https://github.com/google-deepmind/formal-conjectures/blob/main/FormalConjectures/ErdosProblems/313.lean	Apache-2.0
fc-erdosproblems-314-erdos-314	Erdős problem 314	mathematics	3	proved				number theory,sequences and series,epsilon,steinerberger,believe	solved	https://github.com/google-deepmind/formal-conjectures/blob/main/FormalConjectures/ErdosProblems/314.lean	Apache-2.0
fc-erdosproblems-315-erdos-315	Erdős problem 315	mathematics	3	proved				number theory,sequence,cdots,constant,above	solved	https://github.com/google-deepmind/formal-conjectures/blob/main/FormalConjectures/ErdosProblems/315.lean	Apache-2.0
fc-erdosproblems-316-erdos-316	Erdős problem 316	mathematics	3	statement				number theory,counterexample,finite,formalized,found	solved	https://github.com/google-deepmind/formal-conjectures/blob/main/FormalConjectures/ErdosProblems/316.lean	Apache-2.0
fc-erdosproblems-316-erdos-316-generalized	Erdős problem 316, variant generalized	mathematics	2	statement				number theory,parts,counterexample,divisors,empty	solved	https://github.com/google-deepmind/formal-conjectures/blob/main/FormalConjectures/ErdosProblems/316.lean	Apache-2.0
fc-erdosproblems-317-erdos-317	Erdős problem 317	mathematics	3	statement				number theory,constant,delta,lvert,right	open	https://github.com/google-deepmind/formal-conjectures/blob/main/FormalConjectures/ErdosProblems/317.lean	Apache-2.0
fc-erdosproblems-317-erdos-317-claim2	Erdős problem 317, variant claim2	mathematics	2	statement				number theory,delta,large,ldots,left-hand	open	https://github.com/google-deepmind/formal-conjectures/blob/main/FormalConjectures/ErdosProblems/317.lean	Apache-2.0
fc-erdosproblems-318-erdos-318-univ	Erdős problem 318, variant univ	mathematics	2	proved				number theory,property,erdős problem,mathematics,solved	solved	https://github.com/google-deepmind/formal-conjectures/blob/main/FormalConjectures/ErdosProblems/318.lean	Apache-2.0
fc-erdosproblems-318-erdos-318-odd	Erdős problem 318, variant odd	mathematics	2	proved				number theory,property,sattler,erdős problem,mathematics	solved	https://github.com/google-deepmind/formal-conjectures/blob/main/FormalConjectures/ErdosProblems/318.lean	Apache-2.0
fc-erdosproblems-318-erdos-318-contain-single-even	Erdős problem 318, variant contain single even	mathematics	2	statement				number theory,after,containing,counted,credits	solved	https://github.com/google-deepmind/formal-conjectures/blob/main/FormalConjectures/ErdosProblems/318.lean	Apache-2.0
fc-erdosproblems-318-erdos-318-parts-i	Erdős problem 318, i	mathematics	3	statement				number theory,density,positive,contain,erdos	solved	https://github.com/google-deepmind/formal-conjectures/blob/main/FormalConjectures/ErdosProblems/318.lean	Apache-2.0
fc-erdosproblems-318-erdos-318-infinite-ap	Erdős problem 318, variant infinite AP	mathematics	2	proved				number theory,arithmetic,infinite,progression,property	solved	https://github.com/google-deepmind/formal-conjectures/blob/main/FormalConjectures/ErdosProblems/318.lean	Apache-2.0
fc-erdosproblems-318-erdos-318-parts-ii	Erdős problem 318, ii	mathematics	3	statement				number theory,property,excluding,larsen,squares	solved	https://github.com/google-deepmind/formal-conjectures/blob/main/FormalConjectures/ErdosProblems/318.lean	Apache-2.0
fc-erdosproblems-319-erdos-319	Erdős problem 319	mathematics	3	statement				delta,function,largest,non-empty,erdős problem	open	https://github.com/google-deepmind/formal-conjectures/blob/main/FormalConjectures/ErdosProblems/319.lean	Apache-2.0
fc-erdosproblems-319-erdos-319-istheta	Erdős problem 319, variant isTheta	mathematics	2	statement				delta,function,largest,non-empty,erdős problem	open	https://github.com/google-deepmind/formal-conjectures/blob/main/FormalConjectures/ErdosProblems/319.lean	Apache-2.0
fc-erdosproblems-319-erdos-319-lb	Erdős problem 319, variant lb	mathematics	2	statement				croot,adenwalla,arith,bound,denominators	solved	https://github.com/google-deepmind/formal-conjectures/blob/main/FormalConjectures/ErdosProblems/319.lean	Apache-2.0
fc-erdosproblems-32-erdos-32-log-squared	Erdős problem 32, variant log squared	mathematics	2	statement				number theory,additive,complement,primes,erdős problem	solved	https://github.com/google-deepmind/formal-conjectures/blob/main/FormalConjectures/ErdosProblems/32.lean	Apache-2.0
fc-erdosproblems-32-erdos-32-liminf-gt-one	Erdős problem 32, variant liminf gt one	mathematics	2	statement				number theory,additive,complement,primes,satisfy	solved	https://github.com/google-deepmind/formal-conjectures/blob/main/FormalConjectures/ErdosProblems/32.lean	Apache-2.0
fc-erdosproblems-32-erdos-32	Erdős problem 32	mathematics	3	statement				number theory,integer,large,prime,sufficiently	open	https://github.com/google-deepmind/formal-conjectures/blob/main/FormalConjectures/ErdosProblems/32.lean	Apache-2.0
fc-erdosproblems-32-erdos-32-log-bound	Erdős problem 32, variant log bound	mathematics	2	statement				number theory,achieved,additive,bound,complement	open	https://github.com/google-deepmind/formal-conjectures/blob/main/FormalConjectures/ErdosProblems/32.lean	Apache-2.0
fc-erdosproblems-32-erdos-32-ruzsa	Erdős problem 32, variant ruzsa	mathematics	2	statement				number theory,additive,complement,constant,euler-mascheroni	solved	https://github.com/google-deepmind/formal-conjectures/blob/main/FormalConjectures/ErdosProblems/32.lean	Apache-2.0
fc-erdosproblems-321-erdos-321	Erdős problem 321	mathematics	3	statement				number theory,distinct,largest,erdős problem,mathematics	open	https://github.com/google-deepmind/formal-conjectures/blob/main/FormalConjectures/ErdosProblems/321.lean	Apache-2.0
fc-erdosproblems-321-erdos-321-istheta	Erdős problem 321, variant isTheta	mathematics	2	statement				number theory,distinct,largest,erdős problem,mathematics	open	https://github.com/google-deepmind/formal-conjectures/blob/main/FormalConjectures/ErdosProblems/321.lean	Apache-2.0
fc-erdosproblems-321-erdos-321-isbigo	Erdős problem 321, variant isBigO	mathematics	2	statement				number theory,distinct,largest,simplest,erdős problem	open	https://github.com/google-deepmind/formal-conjectures/blob/main/FormalConjectures/ErdosProblems/321.lean	Apache-2.0
fc-erdosproblems-321-erdos-321-islittleo	Erdős problem 321, variant isLittleO	mathematics	2	statement				number theory,distinct,largest,simplest,erdős problem	open	https://github.com/google-deepmind/formal-conjectures/blob/main/FormalConjectures/ErdosProblems/321.lean	Apache-2.0
fc-erdosproblems-321-erdos-321-lower	Erdős problem 321, variant lower	mathematics	2	statement				number theory,bleicher,bounds,denominators,denotes	solved	https://github.com/google-deepmind/formal-conjectures/blob/main/FormalConjectures/ErdosProblems/321.lean	Apache-2.0
fc-erdosproblems-321-erdos-321-upper	Erdős problem 321, variant upper	mathematics	2	statement				number theory,bleicher,iterated,logarithm,bounds	solved	https://github.com/google-deepmind/formal-conjectures/blob/main/FormalConjectures/ErdosProblems/321.lean	Apache-2.0
fc-erdosproblems-322-erdos-322	Erdős problem 322	mathematics	3	statement				number theory,powers,growth,infinitely,order	open	https://github.com/google-deepmind/formal-conjectures/blob/main/FormalConjectures/ErdosProblems/322.lean	Apache-2.0
fc-erdosproblems-323-erdos-323-parts-i	Erdős problem 323, i	mathematics	3	statement				number theory,applications,describe,disposal,graham	open	https://github.com/google-deepmind/formal-conjectures/blob/main/FormalConjectures/ErdosProblems/323.lean	Apache-2.0
fc-erdosproblems-323-erdos-323-parts-ii	Erdős problem 323, ii	mathematics	3	statement				number theory,large,sufficiently,erdős problem,mathematics	open	https://github.com/google-deepmind/formal-conjectures/blob/main/FormalConjectures/ErdosProblems/323.lean	Apache-2.0
fc-erdosproblems-323-erdos-323-k-eq-2	Erdős problem 323, variant k eq 2	mathematics	2	statement				number theory,constant,landau,resolved,erdős problem	solved	https://github.com/google-deepmind/formal-conjectures/blob/main/FormalConjectures/ErdosProblems/323.lean	Apache-2.0
fc-erdosproblems-323-erdos-323-k-gt-2	Erdős problem 323, variant k gt 2	mathematics	2	statement				number theory,erdős problem,mathematics,open,formal conjectures	open	https://github.com/google-deepmind/formal-conjectures/blob/main/FormalConjectures/ErdosProblems/323.lean	Apache-2.0
fc-erdosproblems-324-erdos-324	Erdős problem 324	mathematics	3	statement				number theory,distinct,integers,nonnegative,polynomial	open	https://github.com/google-deepmind/formal-conjectures/blob/main/FormalConjectures/ErdosProblems/324.lean	Apache-2.0
fc-erdosproblems-324-erdos-324-quintic	Erdős problem 324, variant quintic	mathematics	2	statement				number theory,distinct,integers,nonnegative,probably	open	https://github.com/google-deepmind/formal-conjectures/blob/main/FormalConjectures/ErdosProblems/324.lean	Apache-2.0
fc-erdosproblems-325-erdos-325	Erdős problem 325	mathematics	3	statement				number theory,integers,powers,writing,erdős problem	open	https://github.com/google-deepmind/formal-conjectures/blob/main/FormalConjectures/ErdosProblems/325.lean	Apache-2.0
fc-erdosproblems-325-erdos-325-weaker	Erdős problem 325, variant weaker	mathematics	2	statement				number theory,integers,powers,writing,erdős problem	open	https://github.com/google-deepmind/formal-conjectures/blob/main/FormalConjectures/ErdosProblems/325.lean	Apache-2.0
fc-erdosproblems-325-erdos-325-wooley	Erdős problem 325, variant wooley	mathematics	2	statement				number theory,wooley,arith,cubes,trevor	solved	https://github.com/google-deepmind/formal-conjectures/blob/main/FormalConjectures/ErdosProblems/325.lean	Apache-2.0
fc-erdosproblems-326-erdos-326	Erdős problem 326	mathematics	3	statement				number theory,minimal,basis,order,answer	open	https://github.com/google-deepmind/formal-conjectures/blob/main/FormalConjectures/ErdosProblems/326.lean	Apache-2.0
fc-erdosproblems-326-erdos-326-eq	Erdős problem 326, variant eq	mathematics	2	statement				number theory,erdős problem,mathematics,solved,formal conjectures	solved	https://github.com/google-deepmind/formal-conjectures/blob/main/FormalConjectures/ErdosProblems/326.lean	Apache-2.0
fc-erdosproblems-328-erdos-328	Erdős problem 328	mathematics	3	proved				number theory,answer,counts,representation,shown	solved	https://github.com/google-deepmind/formal-conjectures/blob/main/FormalConjectures/ErdosProblems/328.lean	Apache-2.0
fc-erdosproblems-329-erdos-329	Erdős problem 329	mathematics	3	statement				number theory,large,sidon,erdős problem,mathematics	open	https://github.com/google-deepmind/formal-conjectures/blob/main/FormalConjectures/ErdosProblems/329.lean	Apache-2.0
fc-erdosproblems-329-erdos-329-lower-bound	Erdős problem 329, variant lower bound	mathematics	2	statement				number theory,density,upper,attained,least	solved	https://github.com/google-deepmind/formal-conjectures/blob/main/FormalConjectures/ErdosProblems/329.lean	Apache-2.0
fc-erdosproblems-329-erdos-329-kruckeberg-1961	Erdős problem 329, variant kruckeberg 1961	mathematics	2	statement				number theory,ckeberg,angew,bound,earlier	solved	https://github.com/google-deepmind/formal-conjectures/blob/main/FormalConjectures/ErdosProblems/329.lean	Apache-2.0
fc-erdosproblems-329-erdos-329-turan-1941	Erdős problem 329, variant turan 1941	mathematics	2	statement				number theory,additive,bound,london,problems	solved	https://github.com/google-deepmind/formal-conjectures/blob/main/FormalConjectures/ErdosProblems/329.lean	Apache-2.0
fc-erdosproblems-329-erdos-329-converse-implication	Erdős problem 329, variant converse implication	mathematics	2	statement				number theory,density,maximum,implication,sidon	open	https://github.com/google-deepmind/formal-conjectures/blob/main/FormalConjectures/ErdosProblems/329.lean	Apache-2.0
fc-erdosproblems-33-erdos-33	Erdős problem 33	mathematics	3	statement				number theory,integer,possible,smallest,value	open	https://github.com/google-deepmind/formal-conjectures/blob/main/FormalConjectures/ErdosProblems/33.lean	Apache-2.0
fc-erdosproblems-33-erdos-33-one-mem-lowerbounds	Erdős problem 33, variant one mem lowerBounds	mathematics	2	statement				number theory,bound,erdos,lower,admissible	solved	https://github.com/google-deepmind/formal-conjectures/blob/main/FormalConjectures/ErdosProblems/33.lean	Apache-2.0
fc-erdosproblems-33-erdos-33-vandoorn	Erdős problem 33, variant vanDoorn	mathematics	2	statement				number theory,doorn,equal,golden,possible	solved	https://github.com/google-deepmind/formal-conjectures/blob/main/FormalConjectures/ErdosProblems/33.lean	Apache-2.0
fc-erdosproblems-330-erdos-330-statement	Erdős problem 330	mathematics	3	proved				number theory,density,positive,upper,integers	solved	https://github.com/google-deepmind/formal-conjectures/blob/main/FormalConjectures/ErdosProblems/330.lean	Apache-2.0
fc-erdosproblems-331-erdos-331	Erdős problem 331	mathematics	3	proved				number theory,digits,ldots,lvert,non-zero	solved	https://github.com/google-deepmind/formal-conjectures/blob/main/FormalConjectures/ErdosProblems/331.lean	Apache-2.0
fc-erdosproblems-331-erdos-331-ruzsa	Erdős problem 331, variant ruzsa	mathematics	2	statement				number theory,non-trivial,finitely,solutions,answer	solved	https://github.com/google-deepmind/formal-conjectures/blob/main/FormalConjectures/ErdosProblems/331.lean	Apache-2.0
fc-erdosproblems-332-erdos-332	Erdős problem 332	mathematics	3	statement				number theory,condition,conditions,sufficient,answer	open	https://github.com/google-deepmind/formal-conjectures/blob/main/FormalConjectures/ErdosProblems/332.lean	Apache-2.0
fc-erdosproblems-333-erdos-333	Erdős problem 333	mathematics	3	proved				number theory,answer,already,density,graham	solved	https://github.com/google-deepmind/formal-conjectures/blob/main/FormalConjectures/ErdosProblems/333.lean	Apache-2.0
fc-erdosproblems-337-erdos-337	Erdős problem 337	mathematics	3	proved				number theory,basis,additive,counting,finite	solved	https://github.com/google-deepmind/formal-conjectures/blob/main/FormalConjectures/ErdosProblems/337.lean	Apache-2.0
fc-erdosproblems-337-erdos-337-h-fold	Erdős problem 337, variant h fold	mathematics	2	statement				number theory,generalised,replacement,ruzsa,sumset	solved	https://github.com/google-deepmind/formal-conjectures/blob/main/FormalConjectures/ErdosProblems/337.lean	Apache-2.0
fc-erdosproblems-337-erdos-337-ruzsa-turjanyi	Erdős problem 337, variant ruzsa turjanyi	mathematics	2	proved				number theory,infty,ldots,lvert,ruzsa	solved	https://github.com/google-deepmind/formal-conjectures/blob/main/FormalConjectures/ErdosProblems/337.lean	Apache-2.0
fc-erdosproblems-337-erdos-337-three-fold	Erdős problem 337, variant three fold	mathematics	2	proved				number theory,erdos,infty,ldots,lvert	solved	https://github.com/google-deepmind/formal-conjectures/blob/main/FormalConjectures/ErdosProblems/337.lean	Apache-2.0
fc-erdosproblems-34-erdos-34	Erdős problem 34	mathematics	3	proved				number theory,consecutive,count,counterexample,distinct	solved	https://github.com/google-deepmind/formal-conjectures/blob/main/FormalConjectures/ErdosProblems/34.lean	Apache-2.0
fc-erdosproblems-340-erdos-340	Erdős problem 340	mathematics	3	statement				sidon,begin,greedy,growth,include	open	https://github.com/google-deepmind/formal-conjectures/blob/main/FormalConjectures/ErdosProblems/340.lean	Apache-2.0
fc-erdosproblems-340-erdos-340-istheta	Erdős problem 340, variant isTheta	mathematics	2	statement				sidon,begin,greedy,growth,include	open	https://github.com/google-deepmind/formal-conjectures/blob/main/FormalConjectures/ErdosProblems/340.lean	Apache-2.0
fc-erdosproblems-340-erdos-340-sub-hasposdensity	Erdős problem 340, variant sub hasPosDensity	mathematics	2	statement				graham,about,asked,combinatorial,density	open	https://github.com/google-deepmind/formal-conjectures/blob/main/FormalConjectures/ErdosProblems/340.lean	Apache-2.0
fc-erdosproblems-340-erdos-340-22-mem-sub	Erdős problem 340, variant  22 mem sub	mathematics	2	statement				graham,about,asked,combinatorial,contains	solved	https://github.com/google-deepmind/formal-conjectures/blob/main/FormalConjectures/ErdosProblems/340.lean	Apache-2.0
fc-erdosproblems-340-erdos-340-33-mem-sub	Erdős problem 340, variant  33 mem sub	mathematics	2	statement				integer,smallest,erdős problem,mathematics,open	open	https://github.com/google-deepmind/formal-conjectures/blob/main/FormalConjectures/ErdosProblems/340.lean	Apache-2.0
fc-erdosproblems-340-erdos-340-cofinite-sub	Erdős problem 340, variant cofinite sub	mathematics	2	statement				almost,integers,erdős problem,mathematics,open	open	https://github.com/google-deepmind/formal-conjectures/blob/main/FormalConjectures/ErdosProblems/340.lean	Apache-2.0
fc-erdosproblems-340-erdos-340-co-density-zero-sub	Erdős problem 340, variant co density zero sub	mathematics	2	statement				almost,integers,erdős problem,mathematics,open	open	https://github.com/google-deepmind/formal-conjectures/blob/main/FormalConjectures/ErdosProblems/340.lean	Apache-2.0
fc-erdosproblems-341-erdos-341	Erdős problem 341	mathematics	3	proved				number theory,sequence,eventually,periodic,differences	solved	https://github.com/google-deepmind/formal-conjectures/blob/main/FormalConjectures/ErdosProblems/341.lean	Apache-2.0
fc-erdosproblems-342-erdos-342-parts-i	Erdős problem 342, i	mathematics	3	statement				number theory,sequences and series,infinitely,occur,pairs	open	https://github.com/google-deepmind/formal-conjectures/blob/main/FormalConjectures/ErdosProblems/342.lean	Apache-2.0
fc-erdosproblems-342-erdos-342-parts-ii	Erdős problem 342, ii	mathematics	3	statement				number theory,sequences and series,eventually,periodic,differences	open	https://github.com/google-deepmind/formal-conjectures/blob/main/FormalConjectures/ErdosProblems/342.lean	Apache-2.0
fc-erdosproblems-342-erdos-342-parts-iii	Erdős problem 342, iii	mathematics	3	statement				number theory,sequences and series,density,sequence,erdős problem	open	https://github.com/google-deepmind/formal-conjectures/blob/main/FormalConjectures/ErdosProblems/342.lean	Apache-2.0
fc-erdosproblems-346-erdos-346	Erdős problem 346	mathematics	3	statement				number theory,complete,ratios,successive,answer	solved	https://github.com/google-deepmind/formal-conjectures/blob/main/FormalConjectures/ErdosProblems/346.lean	Apache-2.0
fc-erdosproblems-346-erdos-346-f-isaddstronglycompletenatseq	Erdős problem 346, variant f isAddStronglyCompleteNatSeq	mathematics	2	statement				number theory,complete,sequence,strongly,erdős problem	solved	https://github.com/google-deepmind/formal-conjectures/blob/main/FormalConjectures/ErdosProblems/346.lean	Apache-2.0
fc-erdosproblems-346-erdos-346-f-not-isaddcomplete	Erdős problem 346, variant f not isAddComplete	mathematics	2	statement				number theory,complete,infinitely,removed,sequence	solved	https://github.com/google-deepmind/formal-conjectures/blob/main/FormalConjectures/ErdosProblems/346.lean	Apache-2.0
fc-erdosproblems-346-erdos-346-gt-goldenratio-not-isaddcomplete	Erdős problem 346, variant gt goldenRatio not IsAddComplete	mathematics	2	statement				number theory,automatically,graham,property,remark	solved	https://github.com/google-deepmind/formal-conjectures/blob/main/FormalConjectures/ErdosProblems/346.lean	Apache-2.0
fc-erdosproblems-346-erdos-346-example	Erdős problem 346, variant example	mathematics	2	statement				number theory,complete,aforementioned,construct,graham	solved	https://github.com/google-deepmind/formal-conjectures/blob/main/FormalConjectures/ErdosProblems/346.lean	Apache-2.0
fc-erdosproblems-347-erdos-347	Erdős problem 347	mathematics	3	proved				number theory,affirmative,aristotle,barschkis,based	solved	https://github.com/google-deepmind/formal-conjectures/blob/main/FormalConjectures/ErdosProblems/347.lean	Apache-2.0
fc-erdosproblems-348-erdos-348	Erdős problem 348	mathematics	3	statement				number theory,complete,after,elements,removing	open	https://github.com/google-deepmind/formal-conjectures/blob/main/FormalConjectures/ErdosProblems/348.lean	Apache-2.0
fc-erdosproblems-349-erdos-349	Erdős problem 349	mathematics	3	statement				number theory,integers,complete,distinct,large	open	https://github.com/google-deepmind/formal-conjectures/blob/main/FormalConjectures/ErdosProblems/349.lean	Apache-2.0
fc-erdosproblems-349-erdos-349-floor-3-halves-odd	Erdős problem 349, variant floor 3 halves odd	mathematics	2	statement				number theory,infinitely,often,sequence,terms	open	https://github.com/google-deepmind/formal-conjectures/blob/main/FormalConjectures/ErdosProblems/349.lean	Apache-2.0
fc-erdosproblems-349-erdos-349-floor-3-halves-even	Erdős problem 349, variant floor 3 halves even	mathematics	2	statement				number theory,infinitely,often,sequence,terms	open	https://github.com/google-deepmind/formal-conjectures/blob/main/FormalConjectures/ErdosProblems/349.lean	Apache-2.0
fc-erdosproblems-35-erdos-35	Erdős problem 35	mathematics	3	proved				number theory,alpha,stronger,additive,assumptions	solved	https://github.com/google-deepmind/formal-conjectures/blob/main/FormalConjectures/ErdosProblems/35.lean	Apache-2.0
fc-erdosproblems-35-erdos-35-plunnecke	Erdős problem 35, variant plunnecke	mathematics	2	statement				number theory,additive,basis,nnecke,order	solved	https://github.com/google-deepmind/formal-conjectures/blob/main/FormalConjectures/ErdosProblems/35.lean	Apache-2.0
fc-erdosproblems-350-erdos-350	Erdős problem 350	mathematics	3	proved				number theory,ryavec,alexeev,appear,aristotle	solved	https://github.com/google-deepmind/formal-conjectures/blob/main/FormalConjectures/ErdosProblems/350.lean	Apache-2.0
fc-erdosproblems-350-erdos-350-strengthening	Erdős problem 350, variant strengthening	mathematics	2	statement				number theory,because,counts,distinct,elements	solved	https://github.com/google-deepmind/formal-conjectures/blob/main/FormalConjectures/ErdosProblems/350.lean	Apache-2.0
fc-erdosproblems-351-erdos-351	Erdős problem 351	mathematics	3	proved				number theory,finite,coefficient,complete,contains	solved	https://github.com/google-deepmind/formal-conjectures/blob/main/FormalConjectures/ErdosProblems/351.lean	Apache-2.0
fc-erdosproblems-351-erdos-351-x-sq	Erdős problem 351, variant X sq	mathematics	2	statement				number theory,finite,complete,contains,integers	solved	https://github.com/google-deepmind/formal-conjectures/blob/main/FormalConjectures/ErdosProblems/351.lean	Apache-2.0
fc-erdosproblems-352-erdos-352	Erdős problem 352	mathematics	3	statement				geometry,contains,measurable,measure,triangle	open	https://github.com/google-deepmind/formal-conjectures/blob/main/FormalConjectures/ErdosProblems/352.lean	Apache-2.0
fc-erdosproblems-353-erdos-353	Erdős problem 353	mathematics	3	proved				measure theory,geometry,isosceles,triangle,measure	solved	https://github.com/google-deepmind/formal-conjectures/blob/main/FormalConjectures/ErdosProblems/353.lean	Apache-2.0
fc-erdosproblems-353-erdos-353-isosceles-triangle	Erdős problem 353, variant isosceles triangle	mathematics	2	proved				measure theory,geometry,isosceles,triangle,infinite	solved	https://github.com/google-deepmind/formal-conjectures/blob/main/FormalConjectures/ErdosProblems/353.lean	Apache-2.0
fc-erdosproblems-353-erdos-353-right-angled-triangle	Erdős problem 353, variant right angled triangle	mathematics	2	proved				measure theory,geometry,triangle,infinite,isosceles	solved	https://github.com/google-deepmind/formal-conjectures/blob/main/FormalConjectures/ErdosProblems/353.lean	Apache-2.0
fc-erdosproblems-353-erdos-353-cyclic-quadrilateral	Erdős problem 353, variant cyclic quadrilateral	mathematics	2	proved				measure theory,geometry,points,quadrilateral,contains	solved	https://github.com/google-deepmind/formal-conjectures/blob/main/FormalConjectures/ErdosProblems/353.lean	Apache-2.0
fc-erdosproblems-353-erdos-353-congruent-sides	Erdős problem 353, variant congruent sides	mathematics	2	proved				measure theory,geometry,congruent,convex,sides	solved	https://github.com/google-deepmind/formal-conjectures/blob/main/FormalConjectures/ErdosProblems/353.lean	Apache-2.0
fc-erdosproblems-354-erdos-354-parts-i	Erdős problem 354, i	mathematics	3	statement				number theory,lfloor,rfloor,alpha,ldots	open	https://github.com/google-deepmind/formal-conjectures/blob/main/FormalConjectures/ErdosProblems/354.lean	Apache-2.0
fc-erdosproblems-354-erdos-354-parts-ii	Erdős problem 354, ii	mathematics	3	statement				number theory,lfloor,rfloor,gamma,alpha	open	https://github.com/google-deepmind/formal-conjectures/blob/main/FormalConjectures/ErdosProblems/354.lean	Apache-2.0
fc-erdosproblems-355-erdos-355	Erdős problem 355	mathematics	3	proved				number theory,answer,doorn,aristotle,bleicher	solved	https://github.com/google-deepmind/formal-conjectures/blob/main/FormalConjectures/ErdosProblems/355.lean	Apache-2.0
fc-erdosproblems-357-erdos-357-parts-i	Erdős problem 357, i	mathematics	3	statement				number theory,distinct,integers,maximal,shape	open	https://github.com/google-deepmind/formal-conjectures/blob/main/FormalConjectures/ErdosProblems/357.lean	Apache-2.0
fc-erdosproblems-357-erdos-357-parts-ii-bigo-version	Erdős problem 357, bigO version	mathematics	3	statement				number theory,distinct,explicit,function,integers	open	https://github.com/google-deepmind/formal-conjectures/blob/main/FormalConjectures/ErdosProblems/357.lean	Apache-2.0
fc-erdosproblems-357-erdos-357-parts-ii-bigo-version-symm	Erdős problem 357, bigO version symm	mathematics	3	statement				number theory,distinct,explicit,function,integers	open	https://github.com/google-deepmind/formal-conjectures/blob/main/FormalConjectures/ErdosProblems/357.lean	Apache-2.0
fc-erdosproblems-357-erdos-357-parts-ii-bigtheta-version	Erdős problem 357, bigTheta version	mathematics	3	statement				number theory,distinct,explicit,function,integers	open	https://github.com/google-deepmind/formal-conjectures/blob/main/FormalConjectures/ErdosProblems/357.lean	Apache-2.0
fc-erdosproblems-357-erdos-357-parts-ii-littleo-version	Erdős problem 357, littleO version	mathematics	3	statement				number theory,distinct,explicit,function,integers	open	https://github.com/google-deepmind/formal-conjectures/blob/main/FormalConjectures/ErdosProblems/357.lean	Apache-2.0
fc-erdosproblems-357-erdos-357-parts-ii-littleo-version-symm	Erdős problem 357, littleO version symm	mathematics	3	statement				number theory,distinct,explicit,function,integers	open	https://github.com/google-deepmind/formal-conjectures/blob/main/FormalConjectures/ErdosProblems/357.lean	Apache-2.0
fc-erdosproblems-357-erdos-357-weisenberg	Erdős problem 357, variant weisenberg	mathematics	2	statement				number theory,comment,desmond,distinct,forum	solved	https://github.com/google-deepmind/formal-conjectures/blob/main/FormalConjectures/ErdosProblems/357.lean	Apache-2.0
fc-erdosproblems-357-erdos-357-infinite-set-lower-density	Erdős problem 357, variant infinite set lower density	mathematics	2	statement				number theory,consecutive,density,distinct,finite	solved	https://github.com/google-deepmind/formal-conjectures/blob/main/FormalConjectures/ErdosProblems/357.lean	Apache-2.0
fc-erdosproblems-357-erdos-357-infinite-set-density	Erdős problem 357, variant infinite set density	mathematics	2	statement				number theory,consecutive,density,distinct,finite	open	https://github.com/google-deepmind/formal-conjectures/blob/main/FormalConjectures/ErdosProblems/357.lean	Apache-2.0
fc-erdosproblems-357-erdos-357-infinite-set-sum	Erdős problem 357, variant infinite set sum	mathematics	2	statement				number theory,consecutive,converges,distinct,finite	open	https://github.com/google-deepmind/formal-conjectures/blob/main/FormalConjectures/ErdosProblems/357.lean	Apache-2.0
fc-erdosproblems-357-erdos-357-hegyvari	Erdős problem 357, variant hegyvari	mathematics	2	statement				number theory,right,distinct,hegyv,integers	solved	https://github.com/google-deepmind/formal-conjectures/blob/main/FormalConjectures/ErdosProblems/357.lean	Apache-2.0
fc-erdosproblems-357-erdos-357-monotone-parts-i	Erdős problem 357, variant monotone parts i	mathematics	2	statement				number theory,distinct,integers,maximal,shape	open	https://github.com/google-deepmind/formal-conjectures/blob/main/FormalConjectures/ErdosProblems/357.lean	Apache-2.0
fc-erdosproblems-357-erdos-357-monotone-parts-ii-bigo-version	Erdős problem 357, variant monotone parts ii bigO version	mathematics	2	statement				number theory,distinct,explicit,function,integers	open	https://github.com/google-deepmind/formal-conjectures/blob/main/FormalConjectures/ErdosProblems/357.lean	Apache-2.0
fc-erdosproblems-357-erdos-357-monotone-parts-ii-bigo-version-s	Erdős problem 357, variant monotone parts ii bigO version symm	mathematics	2	statement				number theory,distinct,explicit,function,integers	open	https://github.com/google-deepmind/formal-conjectures/blob/main/FormalConjectures/ErdosProblems/357.lean	Apache-2.0
fc-erdosproblems-357-erdos-357-monotone-parts-ii-bigtheta-versi	Erdős problem 357, variant monotone parts ii bigTheta version	mathematics	2	statement				number theory,distinct,explicit,function,integers	open	https://github.com/google-deepmind/formal-conjectures/blob/main/FormalConjectures/ErdosProblems/357.lean	Apache-2.0
fc-erdosproblems-357-erdos-357-monotone-parts-ii-littleo-versio	Erdős problem 357, variant monotone parts ii littleO version	mathematics	2	statement				number theory,distinct,explicit,function,integers	open	https://github.com/google-deepmind/formal-conjectures/blob/main/FormalConjectures/ErdosProblems/357.lean	Apache-2.0
fc-erdosproblems-357-erdos-357-monotone-parts-ii-littleo-versio-2	Erdős problem 357, variant monotone parts ii littleO version symm	mathematics	2	statement				number theory,distinct,explicit,function,integers	open	https://github.com/google-deepmind/formal-conjectures/blob/main/FormalConjectures/ErdosProblems/357.lean	Apache-2.0
fc-erdosproblems-358-erdos-358-parts-i	Erdős problem 358, i	mathematics	3	proved				number theory,sequence,constructed,count,infinite	solved	https://github.com/google-deepmind/formal-conjectures/blob/main/FormalConjectures/ErdosProblems/358.lean	Apache-2.0
fc-erdosproblems-358-erdos-358-parts-ii	Erdős problem 358, ii	mathematics	3	proved				number theory,construction,count,follows,infinite	solved	https://github.com/google-deepmind/formal-conjectures/blob/main/FormalConjectures/ErdosProblems/358.lean	Apache-2.0
fc-erdosproblems-358-erdos-358-prime-set	Erdős problem 358, variant prime set	mathematics	2	statement				number theory,corresponds,infinite,primes,representations	open	https://github.com/google-deepmind/formal-conjectures/blob/main/FormalConjectures/ErdosProblems/358.lean	Apache-2.0
fc-erdosproblems-358-erdos-358-prime-set-density-representation	Erdős problem 358, variant prime set density representation	mathematics	2	statement				number theory,corresponds,density,positive,primes	open	https://github.com/google-deepmind/formal-conjectures/blob/main/FormalConjectures/ErdosProblems/358.lean	Apache-2.0
fc-erdosproblems-358-erdos-358-one-le	Erdős problem 358, variant one le	mathematics	2	statement				number theory,asked,consecutive,construction,count	solved	https://github.com/google-deepmind/formal-conjectures/blob/main/FormalConjectures/ErdosProblems/358.lean	Apache-2.0
fc-erdosproblems-359-erdos-359-parts-i	Erdős problem 359, i	mathematics	3	statement				number theory,consecutive,earlier,infinite,integer	open	https://github.com/google-deepmind/formal-conjectures/blob/main/FormalConjectures/ErdosProblems/359.lean	Apache-2.0
fc-erdosproblems-359-erdos-359-parts-ii	Erdős problem 359, ii	mathematics	3	statement				number theory,consecutive,earlier,infinite,integer	open	https://github.com/google-deepmind/formal-conjectures/blob/main/FormalConjectures/ErdosProblems/359.lean	Apache-2.0
fc-erdosproblems-359-erdos-359-isgoodfor-1-asymptotic	Erdős problem 359, variant isGoodFor 1 asymptotic	mathematics	2	statement				number theory,cannot,consecutive,following,monotone	open	https://github.com/google-deepmind/formal-conjectures/blob/main/FormalConjectures/ErdosProblems/359.lean	Apache-2.0
fc-erdosproblems-36-minimum-overlap-lower-scherk-1955	Erdős problem 36, variant lower scherk 1955	mathematics	2	statement				number theory,bound,communication,eudml,https	solved	https://github.com/google-deepmind/formal-conjectures/blob/main/FormalConjectures/ErdosProblems/36.lean	Apache-2.0
fc-erdosproblems-36-minimum-overlap-lower-swierczkowski-1958	Erdős problem 36, variant lower swierczkowski 1958	mathematics	2	statement				number theory,articles,bibliotekanauki,bound,colloquium	solved	https://github.com/google-deepmind/formal-conjectures/blob/main/FormalConjectures/ErdosProblems/36.lean	Apache-2.0
fc-erdosproblems-36-minimum-overlap-lower-haugland-1996	Erdős problem 36, variant lower haugland 1996	mathematics	2	statement				number theory,bound,lower,erdős problem,mathematics	solved	https://github.com/google-deepmind/formal-conjectures/blob/main/FormalConjectures/ErdosProblems/36.lean	Apache-2.0
fc-erdosproblems-36-minimum-overlap-lower-white-2022	Erdős problem 36, variant lower white 2022	mathematics	2	statement				number theory,minimum,overlap,arxiv,bound	solved	https://github.com/google-deepmind/formal-conjectures/blob/main/FormalConjectures/ErdosProblems/36.lean	Apache-2.0
fc-erdosproblems-36-minimum-overlap-upper-erdos-1955	Erdős problem 36, variant upper erdos 1955	mathematics	2	statement				number theory,bound,example,shows,upper	solved	https://github.com/google-deepmind/formal-conjectures/blob/main/FormalConjectures/ErdosProblems/36.lean	Apache-2.0
fc-erdosproblems-36-minimum-overlap-upper-mrs-1956	Erdős problem 36, variant upper MRS 1956	mathematics	2	statement				number theory,bound,bulletin-of-the-american-mathematical-society,https,issue-	solved	https://github.com/google-deepmind/formal-conjectures/blob/main/FormalConjectures/ErdosProblems/36.lean	Apache-2.0
fc-erdosproblems-36-minimum-overlap-upper-haugland-1996	Erdős problem 36, variant upper haugland 1996	mathematics	2	statement				number theory,advances,bound,fjnth,haugland	solved	https://github.com/google-deepmind/formal-conjectures/blob/main/FormalConjectures/ErdosProblems/36.lean	Apache-2.0
fc-erdosproblems-36-minimum-overlap-upper-haugland-2022	Erdős problem 36, variant upper haugland 2022	mathematics	2	statement				number theory,bound,haugland,https,index	solved	https://github.com/google-deepmind/formal-conjectures/blob/main/FormalConjectures/ErdosProblems/36.lean	Apache-2.0
fc-erdosproblems-36-erdos-36-lower	Erdős problem 36, variant lower:	mathematics	2	statement				number theory,better,bound,lower,erdős problem	open	https://github.com/google-deepmind/formal-conjectures/blob/main/FormalConjectures/ErdosProblems/36.lean	Apache-2.0
fc-erdosproblems-36-erdos-36-upper	Erdős problem 36, variant upper	mathematics	2	statement				number theory,better,bound,upper,erdős problem	open	https://github.com/google-deepmind/formal-conjectures/blob/main/FormalConjectures/ErdosProblems/36.lean	Apache-2.0
fc-erdosproblems-36-erdos-36-exists	Erdős problem 36, variant exists	mathematics	2	statement				number theory,limit,minoverlapquotient,erdős problem,mathematics	solved	https://github.com/google-deepmind/formal-conjectures/blob/main/FormalConjectures/ErdosProblems/36.lean	Apache-2.0
fc-erdosproblems-36-erdos-36	Erdős problem 36	mathematics	3	statement				number theory,limit,minoverlapquotient,value,erdős problem	open	https://github.com/google-deepmind/formal-conjectures/blob/main/FormalConjectures/ErdosProblems/36.lean	Apache-2.0
fc-erdosproblems-361-erdos-361	Erdős problem 361	mathematics	3	statement				number theory,depend,integer,irregular,large	open	https://github.com/google-deepmind/formal-conjectures/blob/main/FormalConjectures/ErdosProblems/361.lean	Apache-2.0
fc-erdosproblems-362-erdos-362	Erdős problem 362	mathematics	3	proved				number theory,first,additional,affirmative,answering	solved	https://github.com/google-deepmind/formal-conjectures/blob/main/FormalConjectures/ErdosProblems/362.lean	Apache-2.0
fc-erdosproblems-362-erdos-362-fixed-card	Erdős problem 362, variant fixed card	mathematics	2	proved				number theory,affirmative,answered,consequence,constant	solved	https://github.com/google-deepmind/formal-conjectures/blob/main/FormalConjectures/ErdosProblems/362.lean	Apache-2.0
fc-erdosproblems-363-erdos-363	Erdős problem 363	mathematics	3	proved				number theory,fixed,sizes,collections,intervals	solved	https://github.com/google-deepmind/formal-conjectures/blob/main/FormalConjectures/ErdosProblems/363.lean	Apache-2.0
fc-erdosproblems-364-erdos-364	Erdős problem 364	mathematics	3	statement				number theory,consecutive,powerful,triple,erdős problem	open	https://github.com/google-deepmind/formal-conjectures/blob/main/FormalConjectures/ErdosProblems/364.lean	Apache-2.0
fc-erdosproblems-364-erdos-364-strong	Erdős problem 364, variant strong	mathematics	2	statement				number theory,manitoba,conference,consecutive,constant	open	https://github.com/google-deepmind/formal-conjectures/blob/main/FormalConjectures/ErdosProblems/364.lean	Apache-2.0
fc-erdosproblems-366-erdos-366	Erdős problem 366	mathematics	3	statement				number theory,erdős problem,mathematics,open,formal conjectures	open	https://github.com/google-deepmind/formal-conjectures/blob/main/FormalConjectures/ErdosProblems/366.lean	Apache-2.0
fc-erdosproblems-366-erdos-366-three-two	Erdős problem 366, variant three two	mathematics	2	statement				number theory,already,another,answer,asked	solved	https://github.com/google-deepmind/formal-conjectures/blob/main/FormalConjectures/ErdosProblems/366.lean	Apache-2.0
fc-erdosproblems-366-erdos-366-weaker	Erdős problem 366, variant weaker	mathematics	2	statement				number theory,consecutive,integers,pairs,erdős problem	open	https://github.com/google-deepmind/formal-conjectures/blob/main/FormalConjectures/ErdosProblems/366.lean	Apache-2.0
fc-erdosproblems-367-erdos-367-parts-i	Erdős problem 367, i	mathematics	3	statement				number theory,divide,exactly,fixed,primes	open	https://github.com/google-deepmind/formal-conjectures/blob/main/FormalConjectures/ErdosProblems/367.lean	Apache-2.0
fc-erdosproblems-367-erdos-367-parts-ii	Erdős problem 367, ii	mathematics	3	statement				number theory,doorn,fails,notes,perhaps	solved	https://github.com/google-deepmind/formal-conjectures/blob/main/FormalConjectures/ErdosProblems/367.lean	Apache-2.0
fc-erdosproblems-367-erdos-367-k-le-two	Erdős problem 367, variant k le two	mathematics	2	statement				number theory,doorn,notes,trivially,erdős problem	solved	https://github.com/google-deepmind/formal-conjectures/blob/main/FormalConjectures/ErdosProblems/367.lean	Apache-2.0
fc-erdosproblems-367-erdos-367-k-ge-three-lower	Erdős problem 367, variant k ge three lower	mathematics	2	statement				number theory,fails,infinitely,often,erdős problem	solved	https://github.com/google-deepmind/formal-conjectures/blob/main/FormalConjectures/ErdosProblems/367.lean	Apache-2.0
fc-erdosproblems-367-erdos-367-higher-full-parts	Erdős problem 367, variant higher full parts	mathematics	2	statement				number theory,product,fixed,reading,analogous	open	https://github.com/google-deepmind/formal-conjectures/blob/main/FormalConjectures/ErdosProblems/367.lean	Apache-2.0
fc-erdosproblems-369-erdos-369	Erdős problem 369	mathematics	3	proved				number theory,consecutive,integers,large,sequence	solved	https://github.com/google-deepmind/formal-conjectures/blob/main/FormalConjectures/ErdosProblems/369.lean	Apache-2.0
fc-erdosproblems-370-erdos-370	Erdős problem 370	mathematics	3	proved				number theory,factor,largest,prime,alexeev	solved	https://github.com/google-deepmind/formal-conjectures/blob/main/FormalConjectures/ErdosProblems/370.lean	Apache-2.0
fc-erdosproblems-371-erdos-371	Erdős problem 371	mathematics	3	statement				number theory,denote,density,factor,largest	open	https://github.com/google-deepmind/formal-conjectures/blob/main/FormalConjectures/ErdosProblems/371.lean	Apache-2.0
fc-erdosproblems-372-erdos-372	Erdős problem 372	mathematics	3	statement				number theory,denote,factor,infinitely,largest	solved	https://github.com/google-deepmind/formal-conjectures/blob/main/FormalConjectures/ErdosProblems/372.lean	Apache-2.0
fc-erdosproblems-373-erdos-373	Erdős problem 373	mathematics	3	statement				number theory,equation,finitely,solutions,erdős problem	open	https://github.com/google-deepmind/formal-conjectures/blob/main/FormalConjectures/ErdosProblems/373.lean	Apache-2.0
fc-erdosproblems-373-erdos-373-of-limit	Erdős problem 373, variant of limit	mathematics	2	statement				number theory,denotes,equation,factor,finitely	solved	https://github.com/google-deepmind/formal-conjectures/blob/main/FormalConjectures/ErdosProblems/373.lean	Apache-2.0
fc-erdosproblems-373-erdos-373-of-lower-bound	Erdős problem 373, variant of lower bound	mathematics	2	statement				number theory,denotes,enough,equation,factor	solved	https://github.com/google-deepmind/formal-conjectures/blob/main/FormalConjectures/ErdosProblems/373.lean	Apache-2.0
fc-erdosproblems-373-erdos-373-maximal-solution	Erdős problem 373, variant maximal solution	mathematics	2	statement				number theory,equation,hickerson,largest,solution	open	https://github.com/google-deepmind/formal-conjectures/blob/main/FormalConjectures/ErdosProblems/373.lean	Apache-2.0
fc-erdosproblems-373-erdos-373-suranyi	Erdős problem 373, variant suranyi	mathematics	2	statement				number theory,first,non-trivial,solution,erdős problem	open	https://github.com/google-deepmind/formal-conjectures/blob/main/FormalConjectures/ErdosProblems/373.lean	Apache-2.0
fc-erdosproblems-375-erdos-375	Erdős problem 375	mathematics	3	statement				number theory,erdos,erdős problem,mathematics,open	open	https://github.com/google-deepmind/formal-conjectures/blob/main/FormalConjectures/ErdosProblems/375.lean	Apache-2.0
fc-erdosproblems-375-erdos-375-bounded-gap	Erdős problem 375, variant bounded gap	mathematics	2	statement				number theory,prime,erdos,erdős problem,mathematics	solved	https://github.com/google-deepmind/formal-conjectures/blob/main/FormalConjectures/ErdosProblems/375.lean	Apache-2.0
fc-erdosproblems-375-erdos-375-legendre	Erdős problem 375, variant legendre	mathematics	2	statement				number theory,asymptotically,erdos,legendre,particular	solved	https://github.com/google-deepmind/formal-conjectures/blob/main/FormalConjectures/ErdosProblems/375.lean	Apache-2.0
fc-erdosproblems-375-erdos-375-le-two	Erdős problem 375, variant le two	mathematics	2	statement				number theory,composite,distinct,primes,erdős problem	solved	https://github.com/google-deepmind/formal-conjectures/blob/main/FormalConjectures/ErdosProblems/375.lean	Apache-2.0
fc-erdosproblems-375-erdos-375-log	Erdős problem 375, variant log	mathematics	2	statement				number theory,large,always,because,consider	solved	https://github.com/google-deepmind/formal-conjectures/blob/main/FormalConjectures/ErdosProblems/375.lean	Apache-2.0
fc-erdosproblems-376-erdos-376	Erdős problem 376	mathematics	3	statement				number theory,coprime,infinitely,erdős problem,mathematics	open	https://github.com/google-deepmind/formal-conjectures/blob/main/FormalConjectures/ErdosProblems/376.lean	Apache-2.0
fc-erdosproblems-376-erdos-376-prime	Erdős problem 376, variant prime	mathematics	2	statement				number theory,coprime,graham,infinite,primes	solved	https://github.com/google-deepmind/formal-conjectures/blob/main/FormalConjectures/ErdosProblems/376.lean	Apache-2.0
fc-erdosproblems-377-erdos-377	Erdős problem 377	mathematics	3	statement				number theory,absolute,choose,constant,erdős problem	open	https://github.com/google-deepmind/formal-conjectures/blob/main/FormalConjectures/ErdosProblems/377.lean	Apache-2.0
fc-erdosproblems-377-erdos-377-limit-i	Erdős problem 377, variant limit i	mathematics	2	statement				number theory,gamma,graham,infty,ruzsa	solved	https://github.com/google-deepmind/formal-conjectures/blob/main/FormalConjectures/ErdosProblems/377.lean	Apache-2.0
fc-erdosproblems-377-erdos-377-limit-ii	Erdős problem 377, variant limit ii	mathematics	2	statement				number theory,gamma,graham,infty,ruzsa	solved	https://github.com/google-deepmind/formal-conjectures/blob/main/FormalConjectures/ErdosProblems/377.lean	Apache-2.0
fc-erdosproblems-377-erdos-377-ae	Erdős problem 377, variant ae	mathematics	2	statement				number theory,graham,ruzsa,straus,almost	solved	https://github.com/google-deepmind/formal-conjectures/blob/main/FormalConjectures/ErdosProblems/377.lean	Apache-2.0
fc-erdosproblems-377-erdos-377-ub	Erdős problem 377, variant ub	mathematics	2	statement				number theory,graham,ruzsa,straus,choose	solved	https://github.com/google-deepmind/formal-conjectures/blob/main/FormalConjectures/ErdosProblems/377.lean	Apache-2.0
fc-erdosproblems-379-erdos-379	Erdős problem 379	mathematics	3	proved				number theory,binomial,coefficient,denote,depending	solved	https://github.com/google-deepmind/formal-conjectures/blob/main/FormalConjectures/ErdosProblems/379.lean	Apache-2.0
fc-erdosproblems-38-erdos-38	Erdős problem 38	mathematics	3	proved				number theory,additive,basis,alpha,elements	solved	https://github.com/google-deepmind/formal-conjectures/blob/main/FormalConjectures/ErdosProblems/38.lean	Apache-2.0
fc-erdosproblems-383-erdos-383	Erdős problem 383	mathematics	3	statement				number theory,divisor,infinitely,largest,prime	open	https://github.com/google-deepmind/formal-conjectures/blob/main/FormalConjectures/ErdosProblems/383.lean	Apache-2.0
fc-erdosproblems-384-erdos-384	Erdős problem 384	mathematics	3	statement				number theory,prime,divisible,ecklund,exception	solved	https://github.com/google-deepmind/formal-conjectures/blob/main/FormalConjectures/ErdosProblems/384.lean	Apache-2.0
fc-erdosproblems-384-erdos-384-strict	Erdős problem 384, variant strict	mathematics	2	proved				number theory,divisor,inequality,prime,statement	solved	https://github.com/google-deepmind/formal-conjectures/blob/main/FormalConjectures/ErdosProblems/384.lean	Apache-2.0
fc-erdosproblems-385-erdos-385-parts-i	Erdős problem 385, i	mathematics	3	statement				number theory,divisor,large,least,prime	open	https://github.com/google-deepmind/formal-conjectures/blob/main/FormalConjectures/ErdosProblems/385.lean	Apache-2.0
fc-erdosproblems-385-erdos-385-parts-ii	Erdős problem 385, ii	mathematics	3	statement				number theory,divisor,least,prime,erdős problem	open	https://github.com/google-deepmind/formal-conjectures/blob/main/FormalConjectures/ErdosProblems/385.lean	Apache-2.0
fc-erdosproblems-385-erdos-385-lb	Erdős problem 385, variant lb	mathematics	2	statement				number theory,always,eggleton,least,possible	open	https://github.com/google-deepmind/formal-conjectures/blob/main/FormalConjectures/ErdosProblems/385.lean	Apache-2.0
fc-erdosproblems-386-erdos-386	Erdős problem 386	mathematics	3	statement				number theory,infinitely,often,admissible,binomial	open	https://github.com/google-deepmind/formal-conjectures/blob/main/FormalConjectures/ErdosProblems/386.lean	Apache-2.0
fc-erdosproblems-386-erdos-386-forall	Erdős problem 386, variant forall	mathematics	2	statement				number theory,consecutive,infinitely,often,primes	open	https://github.com/google-deepmind/formal-conjectures/blob/main/FormalConjectures/ErdosProblems/386.lean	Apache-2.0
fc-erdosproblems-386-erdos-386-two	Erdős problem 386, variant two	mathematics	2	statement				number theory,consecutive,infinitely,often,primes	open	https://github.com/google-deepmind/formal-conjectures/blob/main/FormalConjectures/ErdosProblems/386.lean	Apache-2.0
fc-erdosproblems-387-erdos-387	Erdős problem 387	mathematics	3	statement				number theory,absolute,answered,binomial,coefficient	solved	https://github.com/google-deepmind/formal-conjectures/blob/main/FormalConjectures/ErdosProblems/387.lean	Apache-2.0
fc-erdosproblems-387-erdos-387-schinzel	Erdős problem 387, variant schinzel	mathematics	2	statement				number theory,appears,following,schinzel,erdős problem	open	https://github.com/google-deepmind/formal-conjectures/blob/main/FormalConjectures/ErdosProblems/387.lean	Apache-2.0
fc-erdosproblems-387-erdos-387-easy	Erdős problem 387, variant easy	mathematics	2	statement				number theory,choose,divisor,erdős problem,mathematics	solved	https://github.com/google-deepmind/formal-conjectures/blob/main/FormalConjectures/ErdosProblems/387.lean	Apache-2.0
fc-erdosproblems-387-erdos-387-guy	Erdős problem 387, variant guy	mathematics	2	statement				number theory,answered,appears,divisor,large	solved	https://github.com/google-deepmind/formal-conjectures/blob/main/FormalConjectures/ErdosProblems/387.lean	Apache-2.0
fc-erdosproblems-389-erdos-389	Erdős problem 389	mathematics	3	statement				number theory,cdots,erdős problem,mathematics,open	open	https://github.com/google-deepmind/formal-conjectures/blob/main/FormalConjectures/ErdosProblems/389.lean	Apache-2.0
fc-erdosproblems-39-erdos-39	Erdős problem 39	mathematics	3	statement				number theory,infinite,sidon,erdős problem,mathematics	open	https://github.com/google-deepmind/formal-conjectures/blob/main/FormalConjectures/ErdosProblems/39.lean	Apache-2.0
fc-erdosproblems-390-erdos-390-theta	Erdős problem 390, variant theta	mathematics	2	statement				number theory,erdős problem,mathematics,solved,formal conjectures	solved	https://github.com/google-deepmind/formal-conjectures/blob/main/FormalConjectures/ErdosProblems/390.lean	Apache-2.0
fc-erdosproblems-390-erdos-390	Erdős problem 390	mathematics	3	statement				number theory,constant,erdős problem,mathematics,open	open	https://github.com/google-deepmind/formal-conjectures/blob/main/FormalConjectures/ErdosProblems/390.lean	Apache-2.0
fc-erdosproblems-391-erdos-391	Erdős problem 391	mathematics	3	proved				number theory,straus,acrstuv,alexeev,alladi	solved	https://github.com/google-deepmind/formal-conjectures/blob/main/FormalConjectures/ErdosProblems/391.lean	Apache-2.0
fc-erdosproblems-391-erdos-391-deficit	Erdős problem 391, variant deficit	mathematics	2	proved				number theory,acrstuv,affirmative,alexeev,answered	solved	https://github.com/google-deepmind/formal-conjectures/blob/main/FormalConjectures/ErdosProblems/391.lean	Apache-2.0
fc-erdosproblems-392-erdos-392	Erdős problem 392	mathematics	3	proved				number theory,cdots,denote,least,right	solved	https://github.com/google-deepmind/formal-conjectures/blob/main/FormalConjectures/ErdosProblems/392.lean	Apache-2.0
fc-erdosproblems-392-erdos-392-lower	Erdős problem 392, variant lower	mathematics	2	statement				number theory,change,condition,right,shown	solved	https://github.com/google-deepmind/formal-conjectures/blob/main/FormalConjectures/ErdosProblems/392.lean	Apache-2.0
fc-erdosproblems-392-erdos-392-implication	Erdős problem 392, variant implication	mathematics	2	statement				number theory,follows,above,answer,approximation	solved	https://github.com/google-deepmind/formal-conjectures/blob/main/FormalConjectures/ErdosProblems/392.lean	Apache-2.0
fc-erdosproblems-394-erdos-394-parts-i	Erdős problem 394, i	mathematics	3	proved				number theory,erdős problem,mathematics,solved,formal conjectures	solved	https://github.com/google-deepmind/formal-conjectures/blob/main/FormalConjectures/ErdosProblems/394.lean	Apache-2.0
fc-erdosproblems-394-erdos-394-parts-ii	Erdős problem 394, ii	mathematics	3	proved				number theory,erdős problem,mathematics,solved,formal conjectures	solved	https://github.com/google-deepmind/formal-conjectures/blob/main/FormalConjectures/ErdosProblems/394.lean	Apache-2.0
fc-erdosproblems-394-erdos-394-hall-bound	Erdős problem 394, variant hall bound	mathematics	2	statement				number theory,mention,erdős problem,mathematics,solved	solved	https://github.com/google-deepmind/formal-conjectures/blob/main/FormalConjectures/ErdosProblems/394.lean	Apache-2.0
fc-erdosproblems-394-erdos-394-hall-conjecture	Erdős problem 394, variant hall conjecture	mathematics	2	statement				number theory,erdős problem,mathematics,open,formal conjectures	open	https://github.com/google-deepmind/formal-conjectures/blob/main/FormalConjectures/ErdosProblems/394.lean	Apache-2.0
fc-erdosproblems-394-erdos-394-lower-bound	Erdős problem 394, variant lower bound	mathematics	2	statement				number theory,prime,since,trivial,erdős problem	solved	https://github.com/google-deepmind/formal-conjectures/blob/main/FormalConjectures/ErdosProblems/394.lean	Apache-2.0
fc-erdosproblems-394-erdos-394-factorial-gap-conjecture	Erdős problem 394, variant factorial gap conjecture	mathematics	2	statement				number theory,about,behaviour,infinitely,erdős problem	open	https://github.com/google-deepmind/formal-conjectures/blob/main/FormalConjectures/ErdosProblems/394.lean	Apache-2.0
fc-erdosproblems-394-erdos-394-factorial-gap-10	Erdős problem 394, variant factorial gap 10	mathematics	2	statement				number theory,selfridge,erdős problem,mathematics,solved	solved	https://github.com/google-deepmind/formal-conjectures/blob/main/FormalConjectures/ErdosProblems/394.lean	Apache-2.0
fc-erdosproblems-395-erdos-395	Erdős problem 395	mathematics	3	proved				probability,epsilon,affirmative,always,asked	solved	https://github.com/google-deepmind/formal-conjectures/blob/main/FormalConjectures/ErdosProblems/395.lean	Apache-2.0
fc-erdosproblems-395-erdos-395-one	Erdős problem 395, variant one	mathematics	2	statement				probability,always,asked,carnielli,carolino	solved	https://github.com/google-deepmind/formal-conjectures/blob/main/FormalConjectures/ErdosProblems/395.lean	Apache-2.0
fc-erdosproblems-395-erdos-395-sharp	Erdős problem 395, variant sharp	mathematics	2	statement				probability,bound,https,otherwise,possible	solved	https://github.com/google-deepmind/formal-conjectures/blob/main/FormalConjectures/ErdosProblems/395.lean	Apache-2.0
fc-erdosproblems-396-erdos-396	Erdős problem 396	mathematics	3	statement				number theory,binom,erdős problem,mathematics,open	open	https://github.com/google-deepmind/formal-conjectures/blob/main/FormalConjectures/ErdosProblems/396.lean	Apache-2.0
fc-erdosproblems-397-erdos-397	Erdős problem 397	mathematics	3	proved				number theory,solutions,binom,elkies,using	solved	https://github.com/google-deepmind/formal-conjectures/blob/main/FormalConjectures/ErdosProblems/397.lean	Apache-2.0
fc-erdosproblems-398-erdos-398	Erdős problem 398	mathematics	3	statement				number theory,brocard,integer,solutions,erdős problem	open	https://github.com/google-deepmind/formal-conjectures/blob/main/FormalConjectures/ErdosProblems/398.lean	Apache-2.0
fc-erdosproblems-399-erdos-399	Erdős problem 399	mathematics	3	statement				number theory,answer,barfield,codex,collection	solved	https://github.com/google-deepmind/formal-conjectures/blob/main/FormalConjectures/ErdosProblems/399.lean	Apache-2.0
fc-erdosproblems-399-erdos-399-erdos-oblath	Erdős problem 399, variant erdos oblath	mathematics	2	statement				number theory,erdős problem,mathematics,solved,formal conjectures	solved	https://github.com/google-deepmind/formal-conjectures/blob/main/FormalConjectures/ErdosProblems/399.lean	Apache-2.0
fc-erdosproblems-399-erdos-399-pollack-shapiro	Erdős problem 399, variant pollack shapiro	mathematics	2	statement				number theory,pollack,shapiro,solutions,erdős problem	solved	https://github.com/google-deepmind/formal-conjectures/blob/main/FormalConjectures/ErdosProblems/399.lean	Apache-2.0
fc-erdosproblems-399-erdos-399-cambie	Erdős problem 399, variant cambie	mathematics	2	statement				number theory,cambie,considerations,modulo,observed	solved	https://github.com/google-deepmind/formal-conjectures/blob/main/FormalConjectures/ErdosProblems/399.lean	Apache-2.0
fc-erdosproblems-399-erdos-399-sum-two-squares	Erdős problem 399, variant sum two squares	mathematics	2	statement				number theory,bertrand-style,breusch,congruent,except	solved	https://github.com/google-deepmind/formal-conjectures/blob/main/FormalConjectures/ErdosProblems/399.lean	Apache-2.0
fc-erdosproblems-4-erdos-4	Erdős problem 4	mathematics	3	statement				number theory,infinitely,erdős problem,mathematics,solved	solved	https://github.com/google-deepmind/formal-conjectures/blob/main/FormalConjectures/ErdosProblems/4.lean	Apache-2.0
fc-erdosproblems-4-erdos-4-rankin	Erdős problem 4, variant rankin	mathematics	2	statement				number theory,constant,erdos,positive,rankin	solved	https://github.com/google-deepmind/formal-conjectures/blob/main/FormalConjectures/ErdosProblems/4.lean	Apache-2.0
fc-erdosproblems-40-erdos-40	Erdős problem 40	mathematics	3	statement				number theory,functions,implies,ldots,lvert	open	https://github.com/google-deepmind/formal-conjectures/blob/main/FormalConjectures/ErdosProblems/40.lean	Apache-2.0
fc-erdosproblems-40-erdos-40-weaker	Erdős problem 40, variant weaker	mathematics	2	statement				number theory,already,answers,basis,because	open	https://github.com/google-deepmind/formal-conjectures/blob/main/FormalConjectures/ErdosProblems/40.lean	Apache-2.0
fc-erdosproblems-400-erdos-400-parts-i	Erdős problem 400, i	mathematics	3	statement				number theory,constant,erdős problem,mathematics,open	open	https://github.com/google-deepmind/formal-conjectures/blob/main/FormalConjectures/ErdosProblems/400.lean	Apache-2.0
fc-erdosproblems-400-erdos-400-parts-ii	Erdős problem 400, ii	mathematics	3	statement				number theory,almost,constant,erdős problem,mathematics	open	https://github.com/google-deepmind/formal-conjectures/blob/main/FormalConjectures/ErdosProblems/400.lean	Apache-2.0
fc-erdosproblems-400-erdos-400-upper-bound	Erdős problem 400, variant upper bound	mathematics	2	statement				number theory,always,constant,graham,possible	solved	https://github.com/google-deepmind/formal-conjectures/blob/main/FormalConjectures/ErdosProblems/400.lean	Apache-2.0
fc-erdosproblems-401-erdos-401	Erdős problem 401	mathematics	3	proved				number theory,intended,ambiguous,answer,barreto	solved	https://github.com/google-deepmind/formal-conjectures/blob/main/FormalConjectures/ErdosProblems/401.lean	Apache-2.0
fc-erdosproblems-402-erdos-402	Erdős problem 402	mathematics	3	statement				number theory,finite,erdős problem,mathematics,solved	solved	https://github.com/google-deepmind/formal-conjectures/blob/main/FormalConjectures/ErdosProblems/402.lean	Apache-2.0
fc-erdosproblems-402-erdos-402-equality	Erdős problem 402, variant equality	mathematics	2	statement				number theory,achieved,equality,assuming,cases	solved	https://github.com/google-deepmind/formal-conjectures/blob/main/FormalConjectures/ErdosProblems/402.lean	Apache-2.0
fc-erdosproblems-402-erdos-402-szegedy-zaharescu-weak	Erdős problem 402, variant szegedy zaharescu weak	mathematics	2	statement				number theory,equality,following,characterises,computable	solved	https://github.com/google-deepmind/formal-conjectures/blob/main/FormalConjectures/ErdosProblems/402.lean	Apache-2.0
fc-erdosproblems-403-erdos-403	Erdős problem 403	mathematics	3	proved				number theory,solutions,below,largest,solution	solved	https://github.com/google-deepmind/formal-conjectures/blob/main/FormalConjectures/ErdosProblems/403.lean	Apache-2.0
fc-erdosproblems-405-erdos-405	Erdős problem 405	mathematics	3	statement				number theory,finitely,solutions,brindza,equation	solved	https://github.com/google-deepmind/formal-conjectures/blob/main/FormalConjectures/ErdosProblems/405.lean	Apache-2.0
fc-erdosproblems-405-erdos-405-yu-liu	Erdős problem 405, variant yu liu	mathematics	2	statement				number theory,prime,solutions,erdős problem,mathematics	solved	https://github.com/google-deepmind/formal-conjectures/blob/main/FormalConjectures/ErdosProblems/405.lean	Apache-2.0
fc-erdosproblems-406-erdos-406	Erdős problem 406	mathematics	3	statement				number theory,digits,finitely,powers,written	open	https://github.com/google-deepmind/formal-conjectures/blob/main/FormalConjectures/ErdosProblems/406.lean	Apache-2.0
fc-erdosproblems-406-erdos-406-one-two	Erdős problem 406, variant one two	mathematics	2	statement				number theory,allow,digits,largest,power	open	https://github.com/google-deepmind/formal-conjectures/blob/main/FormalConjectures/ErdosProblems/406.lean	Apache-2.0
fc-erdosproblems-407-erdos-407	Erdős problem 407	mathematics	3	proved				number theory,distinct,solutions,tijdeman,absolute	solved	https://github.com/google-deepmind/formal-conjectures/blob/main/FormalConjectures/ErdosProblems/407.lean	Apache-2.0
fc-erdosproblems-409-erdos-409-parts-i	Erdős problem 409, i	mathematics	3	statement				number theory,erdős problem,mathematics,open,formal conjectures	open	https://github.com/google-deepmind/formal-conjectures/blob/main/FormalConjectures/ErdosProblems/409.lean	Apache-2.0
fc-erdosproblems-409-erdos-409-parts-i-istheta	Erdős problem 409, isTheta	mathematics	3	statement				number theory,before,iterations,minimum,prime	open	https://github.com/google-deepmind/formal-conjectures/blob/main/FormalConjectures/ErdosProblems/409.lean	Apache-2.0
fc-erdosproblems-409-erdos-409-parts-i-isbigo	Erdős problem 409, isBigO	mathematics	3	statement				number theory,before,function,iterations,minimum	open	https://github.com/google-deepmind/formal-conjectures/blob/main/FormalConjectures/ErdosProblems/409.lean	Apache-2.0
fc-erdosproblems-409-erdos-409-parts-i-islittleo	Erdős problem 409, isLittleO	mathematics	3	statement				number theory,before,function,iterations,minimum	open	https://github.com/google-deepmind/formal-conjectures/blob/main/FormalConjectures/ErdosProblems/409.lean	Apache-2.0
fc-erdosproblems-409-erdos-409-parts-ii	Erdős problem 409, ii	mathematics	3	statement				number theory,infinitely,iteration,prime,reach	open	https://github.com/google-deepmind/formal-conjectures/blob/main/FormalConjectures/ErdosProblems/409.lean	Apache-2.0
fc-erdosproblems-409-erdos-409-parts-iii	Erdős problem 409, iii	mathematics	3	statement				number theory,density,fixed,iteration,prime	open	https://github.com/google-deepmind/formal-conjectures/blob/main/FormalConjectures/ErdosProblems/409.lean	Apache-2.0
fc-erdosproblems-409-erdos-409-sigma	Erdős problem 409, variant sigma	mathematics	2	statement				number theory,erdős problem,mathematics,open,formal conjectures	open	https://github.com/google-deepmind/formal-conjectures/blob/main/FormalConjectures/ErdosProblems/409.lean	Apache-2.0
fc-erdosproblems-409-erdos-409-sigma-termination	Erdős problem 409, variant sigma termination	mathematics	2	statement				number theory,iteration,always,clear,decreasing	open	https://github.com/google-deepmind/formal-conjectures/blob/main/FormalConjectures/ErdosProblems/409.lean	Apache-2.0
fc-erdosproblems-409-erdos-409-sigma-istheta	Erdős problem 409, variant sigma isTheta	mathematics	2	statement				number theory,before,iterations,minimum,prime	open	https://github.com/google-deepmind/formal-conjectures/blob/main/FormalConjectures/ErdosProblems/409.lean	Apache-2.0
fc-erdosproblems-409-erdos-409-sigma-isbigo	Erdős problem 409, variant sigma isBigO	mathematics	2	statement				number theory,before,function,iterations,minimum	open	https://github.com/google-deepmind/formal-conjectures/blob/main/FormalConjectures/ErdosProblems/409.lean	Apache-2.0
fc-erdosproblems-409-erdos-409-sigma-islittleo	Erdős problem 409, variant sigma isLittleO	mathematics	2	statement				number theory,before,function,iterations,minimum	open	https://github.com/google-deepmind/formal-conjectures/blob/main/FormalConjectures/ErdosProblems/409.lean	Apache-2.0
fc-erdosproblems-409-erdos-409-sigma-prime-termination	Erdős problem 409, variant sigma prime termination	mathematics	2	statement				number theory,always,iterates,prime,reach	open	https://github.com/google-deepmind/formal-conjectures/blob/main/FormalConjectures/ErdosProblems/409.lean	Apache-2.0
fc-erdosproblems-41-erdos-41	Erdős problem 41	mathematics	3	statement				number theory,aside,coincidences,distinct,infinite	open	https://github.com/google-deepmind/formal-conjectures/blob/main/FormalConjectures/ErdosProblems/41.lean	Apache-2.0
fc-erdosproblems-41-erdos-41-pairwise	Erdős problem 41, variant pairwise	mathematics	2	statement				number theory,aside,coincidences,distinct,infty	solved	https://github.com/google-deepmind/formal-conjectures/blob/main/FormalConjectures/ErdosProblems/41.lean	Apache-2.0
fc-erdosproblems-410-erdos-410	Erdős problem 410	mathematics	3	statement				number theory,analytic,arithmetical,behavior,divisors	open	https://github.com/google-deepmind/formal-conjectures/blob/main/FormalConjectures/ErdosProblems/410.lean	Apache-2.0
fc-erdosproblems-412-erdos-412	Erdős problem 412	mathematics	3	statement				number theory,divisors,function,erdős problem,mathematics	open	https://github.com/google-deepmind/formal-conjectures/blob/main/FormalConjectures/ErdosProblems/412.lean	Apache-2.0
fc-erdosproblems-413-erdos-413-parts-i	Erdős problem 413, i	mathematics	3	statement				number theory,barriers,infinitely,erdős problem,mathematics	open	https://github.com/google-deepmind/formal-conjectures/blob/main/FormalConjectures/ErdosProblems/413.lean	Apache-2.0
fc-erdosproblems-413-erdos-413-hasposdensity-barrier-expprod	Erdős problem 413, variant hasPosDensity barrier expProd	mathematics	2	statement				number theory,density,positive,barrier,expprod	solved	https://github.com/google-deepmind/formal-conjectures/blob/main/FormalConjectures/ErdosProblems/413.lean	Apache-2.0
fc-erdosproblems-413-erdos-413-bigomega	Erdős problem 413, variant bigOmega	mathematics	2	statement				number theory,barriers,believed,infinitely,multiplicity	open	https://github.com/google-deepmind/formal-conjectures/blob/main/FormalConjectures/ErdosProblems/413.lean	Apache-2.0
fc-erdosproblems-413-erdos-413-bigomega-largest-barrier-lt-100k	Erdős problem 413, variant bigOmega largest barrier lt 100k	mathematics	2	statement				number theory,barrier,below,computed,largest	solved	https://github.com/google-deepmind/formal-conjectures/blob/main/FormalConjectures/ErdosProblems/413.lean	Apache-2.0
fc-erdosproblems-413-erdos-413-parts-ii	Erdős problem 413, ii	mathematics	3	statement				number theory,barriers,infinitely,erdős problem,mathematics	open	https://github.com/google-deepmind/formal-conjectures/blob/main/FormalConjectures/ErdosProblems/413.lean	Apache-2.0
fc-erdosproblems-414-erdos-414	Erdős problem 414	mathematics	3	statement				number theory,erdős problem,mathematics,open,formal conjectures	open	https://github.com/google-deepmind/formal-conjectures/blob/main/FormalConjectures/ErdosProblems/414.lean	Apache-2.0
fc-erdosproblems-416-erdos-416-parts-i	Erdős problem 416, i	mathematics	3	statement				number theory,count,solvable,erdős problem,mathematics	open	https://github.com/google-deepmind/formal-conjectures/blob/main/FormalConjectures/ErdosProblems/416.lean	Apache-2.0
fc-erdosproblems-416-erdos-416-parts-ii	Erdős problem 416, ii	mathematics	3	statement				number theory,asymptotic,count,formula,solvable	open	https://github.com/google-deepmind/formal-conjectures/blob/main/FormalConjectures/ErdosProblems/416.lean	Apache-2.0
fc-erdosproblems-416-erdos-416-pillai	Erdős problem 416, variant Pillai	mathematics	2	statement				number theory,pillai,connected,count,functions	solved	https://github.com/google-deepmind/formal-conjectures/blob/main/FormalConjectures/ErdosProblems/416.lean	Apache-2.0
fc-erdosproblems-416-erdos-416-erdos	Erdős problem 416, variant Erdos	mathematics	2	statement				number theory,concerning,count,euler,factors	solved	https://github.com/google-deepmind/formal-conjectures/blob/main/FormalConjectures/ErdosProblems/416.lean	Apache-2.0
fc-erdosproblems-416-erdos-416-maier-pomerance	Erdős problem 416, variant Maier Pomerance	mathematics	2	statement				number theory,constant,count,distinct,euler	solved	https://github.com/google-deepmind/formal-conjectures/blob/main/FormalConjectures/ErdosProblems/416.lean	Apache-2.0
fc-erdosproblems-416-erdos-416-ford	Erdős problem 416, variant Ford	mathematics	2	statement				number theory,count,distribution,kevin,solvable	solved	https://github.com/google-deepmind/formal-conjectures/blob/main/FormalConjectures/ErdosProblems/416.lean	Apache-2.0
fc-erdosproblems-417-erdos-417-parts-i	Erdős problem 417, i	mathematics	3	statement				number theory,erdős problem,mathematics,open,formal conjectures	open	https://github.com/google-deepmind/formal-conjectures/blob/main/FormalConjectures/ErdosProblems/417.lean	Apache-2.0
fc-erdosproblems-417-erdos-417-parts-ii	Erdős problem 417, ii	mathematics	3	statement				number theory,erdős problem,mathematics,open,formal conjectures	open	https://github.com/google-deepmind/formal-conjectures/blob/main/FormalConjectures/ErdosProblems/417.lean	Apache-2.0
fc-erdosproblems-418-erdos-418	Erdős problem 418	mathematics	3	proved				number theory,affirmative,alexeev,answer,aristotle	solved	https://github.com/google-deepmind/formal-conjectures/blob/main/FormalConjectures/ErdosProblems/418.lean	Apache-2.0
fc-erdosproblems-418-erdos-418-conditional	Erdős problem 418, variant conditional	mathematics	2	statement				number theory,written,goldbach,greater,primes	solved	https://github.com/google-deepmind/formal-conjectures/blob/main/FormalConjectures/ErdosProblems/418.lean	Apache-2.0
fc-erdosproblems-418-erdos-418-odd-noncototient	Erdős problem 418, variant odd noncototient	mathematics	2	statement				number theory,noncototient,conditional,derives,equivalently	open	https://github.com/google-deepmind/formal-conjectures/blob/main/FormalConjectures/ErdosProblems/418.lean	Apache-2.0
fc-erdosproblems-418-erdos-418-sigma	Erdős problem 418, variant sigma	mathematics	2	statement				number theory,density,positive,lower,natural	solved	https://github.com/google-deepmind/formal-conjectures/blob/main/FormalConjectures/ErdosProblems/418.lean	Apache-2.0
fc-erdosproblems-418-erdos-418-soln	Erdős problem 418, variant soln	mathematics	2	statement				number theory,browkin,erdos,integer,schinzel	solved	https://github.com/google-deepmind/formal-conjectures/blob/main/FormalConjectures/ErdosProblems/418.lean	Apache-2.0
fc-erdosproblems-418-erdos-418-density	Erdős problem 418, variant density	mathematics	2	statement				number theory,density,lower,non-cototients,positive	open	https://github.com/google-deepmind/formal-conjectures/blob/main/FormalConjectures/ErdosProblems/418.lean	Apache-2.0
fc-erdosproblems-419-erdos-419	Erdős problem 419	mathematics	3	proved				number theory,limit,points,counts,divisors	solved	https://github.com/google-deepmind/formal-conjectures/blob/main/FormalConjectures/ErdosProblems/419.lean	Apache-2.0
fc-erdosproblems-42-erdos-42	Erdős problem 42	mathematics	3	proved				number theory,sidon,another,details,discussion	solved	https://github.com/google-deepmind/formal-conjectures/blob/main/FormalConjectures/ErdosProblems/42.lean	Apache-2.0
fc-erdosproblems-42-erdos-42-constructive	Erdős problem 42, variant constructive	mathematics	2	proved				number theory,sidon,another,apart,asking	solved	https://github.com/google-deepmind/formal-conjectures/blob/main/FormalConjectures/ErdosProblems/42.lean	Apache-2.0
fc-erdosproblems-421-erdos-421	Erdős problem 421	mathematics	3	proved				number theory,affirmatively,density,distinct,pratt	solved	https://github.com/google-deepmind/formal-conjectures/blob/main/FormalConjectures/ErdosProblems/421.lean	Apache-2.0
fc-erdosproblems-422-erdos-422	Erdős problem 422	mathematics	3	statement				number theory,infinitely,integers,erdős problem,mathematics	open	https://github.com/google-deepmind/formal-conjectures/blob/main/FormalConjectures/ErdosProblems/422.lean	Apache-2.0
fc-erdosproblems-422-erdos-422-surjective	Erdős problem 422, variant surjective	mathematics	2	statement				number theory,surjective,erdős problem,mathematics,open	open	https://github.com/google-deepmind/formal-conjectures/blob/main/FormalConjectures/ErdosProblems/422.lean	Apache-2.0
fc-erdosproblems-422-erdos-422-growth-rate	Erdős problem 422, variant growth rate	mathematics	2	statement				number theory,erdős problem,mathematics,open,formal conjectures	open	https://github.com/google-deepmind/formal-conjectures/blob/main/FormalConjectures/ErdosProblems/422.lean	Apache-2.0
fc-erdosproblems-422-erdos-422-eventually-const	Erdős problem 422, variant eventually const	mathematics	2	statement				number theory,become,point,stationary,erdős problem	open	https://github.com/google-deepmind/formal-conjectures/blob/main/FormalConjectures/ErdosProblems/422.lean	Apache-2.0
fc-erdosproblems-423-erdos-423	Erdős problem 423	mathematics	3	statement				number theory,least,sequence,asymptotic,behaviour	open	https://github.com/google-deepmind/formal-conjectures/blob/main/FormalConjectures/ErdosProblems/423.lean	Apache-2.0
fc-erdosproblems-423-erdos-423-nondecreasing	Erdős problem 423, variant nondecreasing	mathematics	2	statement				number theory,bolan,independently,nondecreasing,erdős problem	solved	https://github.com/google-deepmind/formal-conjectures/blob/main/FormalConjectures/ErdosProblems/423.lean	Apache-2.0
fc-erdosproblems-423-erdos-423-unbounded	Erdős problem 423, variant unbounded	mathematics	2	statement				number theory,bolan,independently,erdős problem,mathematics	solved	https://github.com/google-deepmind/formal-conjectures/blob/main/FormalConjectures/ErdosProblems/423.lean	Apache-2.0
fc-erdosproblems-423-erdos-423-infinite-complement	Erdős problem 423, variant infinite complement	mathematics	2	statement				number theory,bolan,hofstadter,independently,infinitely	solved	https://github.com/google-deepmind/formal-conjectures/blob/main/FormalConjectures/ErdosProblems/423.lean	Apache-2.0
fc-erdosproblems-423-erdos-423-upper-bound	Erdős problem 423, variant upper bound	mathematics	2	statement				number theory,bound,convex,cushman,finite	solved	https://github.com/google-deepmind/formal-conjectures/blob/main/FormalConjectures/ErdosProblems/423.lean	Apache-2.0
fc-erdosproblems-423-erdos-423-lower-bound	Erdős problem 423, variant lower bound	mathematics	2	statement				number theory,bound,lower,erdős problem,mathematics	solved	https://github.com/google-deepmind/formal-conjectures/blob/main/FormalConjectures/ErdosProblems/423.lean	Apache-2.0
fc-erdosproblems-424-erdos-424	Erdős problem 424	mathematics	3	proved				number theory,density,positive,appear,generatedset	solved	https://github.com/google-deepmind/formal-conjectures/blob/main/FormalConjectures/ErdosProblems/424.lean	Apache-2.0
fc-erdosproblems-424-erdos-424-exact-density	Erdős problem 424, variant exact density	mathematics	2	statement				number theory,density,positive,agree,generatedset	open	https://github.com/google-deepmind/formal-conjectures/blob/main/FormalConjectures/ErdosProblems/424.lean	Apache-2.0
fc-erdosproblems-426-erdos-426	Erdős problem 426	mathematics	3	proved				unique,counts,exactly,subgraphs,binom	solved	https://github.com/google-deepmind/formal-conjectures/blob/main/FormalConjectures/ErdosProblems/426.lean	Apache-2.0
fc-erdosproblems-427-erdos-427-shiu	Erdős problem 427, variant shiu	mathematics	2	statement				number theory,congruent,primes,ahead,already	solved	https://github.com/google-deepmind/formal-conjectures/blob/main/FormalConjectures/ErdosProblems/427.lean	Apache-2.0
fc-erdosproblems-427-erdos-427	Erdős problem 427	mathematics	3	proved				number theory,cdots,denotes,prime,erdős problem	solved	https://github.com/google-deepmind/formal-conjectures/blob/main/FormalConjectures/ErdosProblems/427.lean	Apache-2.0
fc-erdosproblems-428-erdos-428	Erdős problem 428	mathematics	3	statement				number theory,infinitely,liminf,lvert,prime	open	https://github.com/google-deepmind/formal-conjectures/blob/main/FormalConjectures/ErdosProblems/428.lean	Apache-2.0
fc-erdosproblems-429-erdos-429	Erdős problem 429	mathematics	3	proved				number theory,prime,modulo,residue,sparse	solved	https://github.com/google-deepmind/formal-conjectures/blob/main/FormalConjectures/ErdosProblems/429.lean	Apache-2.0
fc-erdosproblems-43-erdos-43-parts-i	Erdős problem 43, i	mathematics	3	statement				number theory,binom,lvert,rvert,answer	solved	https://github.com/google-deepmind/formal-conjectures/blob/main/FormalConjectures/ErdosProblems/43.lean	Apache-2.0
fc-erdosproblems-43-erdos-43-parts-ii	Erdős problem 43, ii	mathematics	3	statement				number theory,binom,answer,lvert,rvert	solved	https://github.com/google-deepmind/formal-conjectures/blob/main/FormalConjectures/ErdosProblems/43.lean	Apache-2.0
fc-erdosproblems-431-erdos-431	Erdős problem 431	mathematics	3	statement				number theory,agrees,exceptions,finitely,infinite	open	https://github.com/google-deepmind/formal-conjectures/blob/main/FormalConjectures/ErdosProblems/431.lean	Apache-2.0
fc-erdosproblems-433-erdos-433	Erdős problem 433	mathematics	3	statement				number theory,dixmier,fixed,graham,erdős problem	solved	https://github.com/google-deepmind/formal-conjectures/blob/main/FormalConjectures/ErdosProblems/433.lean	Apache-2.0
fc-erdosproblems-434-erdos-434-parts-i	Erdős problem 434, i	mathematics	3	proved				number theory,choice,admissible,allowed,assumes	solved	https://github.com/google-deepmind/formal-conjectures/blob/main/FormalConjectures/ErdosProblems/434.lean	Apache-2.0
fc-erdosproblems-434-erdos-434-parts-ii	Erdős problem 434, ii	mathematics	3	proved				number theory,allowed,elements,finitely,integers	solved	https://github.com/google-deepmind/formal-conjectures/blob/main/FormalConjectures/ErdosProblems/434.lean	Apache-2.0
fc-erdosproblems-435-erdos-435	Erdős problem 435	mathematics	3	proved				number theory,binom,integer,largest,cambie	solved	https://github.com/google-deepmind/formal-conjectures/blob/main/FormalConjectures/ErdosProblems/435.lean	Apache-2.0
fc-erdosproblems-437-erdos-437	Erdős problem 437	mathematics	3	proved				number theory,squares,answer,follows,noted	solved	https://github.com/google-deepmind/formal-conjectures/blob/main/FormalConjectures/ErdosProblems/437.lean	Apache-2.0
fc-erdosproblems-437-erdos-437-little-o	Erdős problem 437, variant little o	mathematics	2	statement				number theory,trivial,although,graham,quite	solved	https://github.com/google-deepmind/formal-conjectures/blob/main/FormalConjectures/ErdosProblems/437.lean	Apache-2.0
fc-erdosproblems-437-erdos-437-tao	Erdős problem 437, variant tao	mathematics	2	statement				number theory,shows,erdős problem,mathematics,solved	solved	https://github.com/google-deepmind/formal-conjectures/blob/main/FormalConjectures/ErdosProblems/437.lean	Apache-2.0
fc-erdosproblems-438-erdos-438	Erdős problem 438	mathematics	3	proved				number theory,integers,sharp,contains,general	solved	https://github.com/google-deepmind/formal-conjectures/blob/main/FormalConjectures/ErdosProblems/438.lean	Apache-2.0
fc-erdosproblems-44-erdos-44	Erdős problem 44	mathematics	3	statement				number theory,sidon,density,achieve,arbitrarily	open	https://github.com/google-deepmind/formal-conjectures/blob/main/FormalConjectures/ErdosProblems/44.lean	Apache-2.0
fc-erdosproblems-44-erdos-44-empty-start	Erdős problem 44, variant empty start	mathematics	2	statement				number theory,sidon,answer,consecutive,constructed	solved	https://github.com/google-deepmind/formal-conjectures/blob/main/FormalConjectures/ErdosProblems/44.lean	Apache-2.0
fc-erdosproblems-440-erdos-440-parts-i	Erdős problem 440, i	mathematics	3	proved				number theory,erdos,answer,bound,count	solved	https://github.com/google-deepmind/formal-conjectures/blob/main/FormalConjectures/ErdosProblems/440.lean	Apache-2.0
fc-erdosproblems-440-erdos-440-parts-ii	Erdős problem 440, ii	mathematics	3	proved				number theory,always,large,liminf,possible	solved	https://github.com/google-deepmind/formal-conjectures/blob/main/FormalConjectures/ErdosProblems/440.lean	Apache-2.0
fc-erdosproblems-440-erdos-440-erdos-szemeredi	Erdős problem 440, variant erdos szemeredi	mathematics	2	proved				number theory,approx,constant,doorn,later	solved	https://github.com/google-deepmind/formal-conjectures/blob/main/FormalConjectures/ErdosProblems/440.lean	Apache-2.0
fc-erdosproblems-441-erdos-441	Erdős problem 441	mathematics	3	proved				number theory,construction,right,infinitely,integers	solved	https://github.com/google-deepmind/formal-conjectures/blob/main/FormalConjectures/ErdosProblems/441.lean	Apache-2.0
fc-erdosproblems-441-erdos-441-chen-dai-infinitely-often	Erdős problem 441, variant chen dai infinitely often	mathematics	2	statement				number theory,construction,infinitely,bound,iterated	solved	https://github.com/google-deepmind/formal-conjectures/blob/main/FormalConjectures/ErdosProblems/441.lean	Apache-2.0
fc-erdosproblems-441-erdos-441-lower-bound	Erdős problem 441, variant lower bound	mathematics	2	statement				number theory,construction,proves,erdős problem,mathematics	solved	https://github.com/google-deepmind/formal-conjectures/blob/main/FormalConjectures/ErdosProblems/441.lean	Apache-2.0
fc-erdosproblems-441-erdos-441-erdos-upper-bound	Erdős problem 441, variant erdos upper bound	mathematics	2	statement				number theory,erdős problem,mathematics,solved,formal conjectures	solved	https://github.com/google-deepmind/formal-conjectures/blob/main/FormalConjectures/ErdosProblems/441.lean	Apache-2.0
fc-erdosproblems-441-erdos-441-chen	Erdős problem 441, variant chen	mathematics	2	statement				number theory,asymptotic,established,erdős problem,mathematics	solved	https://github.com/google-deepmind/formal-conjectures/blob/main/FormalConjectures/ErdosProblems/441.lean	Apache-2.0
fc-erdosproblems-441-erdos-441-chen-dai-upper-bound	Erdős problem 441, variant chen dai upper bound	mathematics	2	statement				number theory,erdős problem,mathematics,solved,formal conjectures	solved	https://github.com/google-deepmind/formal-conjectures/blob/main/FormalConjectures/ErdosProblems/441.lean	Apache-2.0
fc-erdosproblems-442-erdos-442	Erdős problem 442	mathematics	3	proved				number theory,arxiv,infty,operatorname,common	solved	https://github.com/google-deepmind/formal-conjectures/blob/main/FormalConjectures/ErdosProblems/442.lean	Apache-2.0
fc-erdosproblems-442-erdos-442-tao	Erdős problem 442, variant tao	mathematics	2	statement				number theory,right,operatorname,theorem,arxiv	solved	https://github.com/google-deepmind/formal-conjectures/blob/main/FormalConjectures/ErdosProblems/442.lean	Apache-2.0
fc-erdosproblems-443-erdos-443-parts-i	Erdős problem 443, i	mathematics	3	proved				number theory,question,arbitrarily,cambie,hegyv	solved	https://github.com/google-deepmind/formal-conjectures/blob/main/FormalConjectures/ErdosProblems/443.lean	Apache-2.0
fc-erdosproblems-443-erdos-443-parts-ii	Erdős problem 443, ii	mathematics	3	proved				number theory,question,cambie,hegyv,independently	solved	https://github.com/google-deepmind/formal-conjectures/blob/main/FormalConjectures/ErdosProblems/443.lean	Apache-2.0
fc-erdosproblems-445-erdos-445	Erdős problem 445	mathematics	3	statement				number theory,mathoverflow,discussed,large,prime	open	https://github.com/google-deepmind/formal-conjectures/blob/main/FormalConjectures/ErdosProblems/445.lean	Apache-2.0
fc-erdosproblems-445-erdos-445-heilbronn	Erdős problem 445, variant heilbronn	mathematics	2	statement				number theory,close,heilbronn,sufficiently,unpublished	solved	https://github.com/google-deepmind/formal-conjectures/blob/main/FormalConjectures/ErdosProblems/445.lean	Apache-2.0
fc-erdosproblems-445-erdos-445-heath-brown	Erdős problem 445, variant heath brown	mathematics	2	statement				number theory,heath-brown,kloosterman,erdős problem,mathematics	solved	https://github.com/google-deepmind/formal-conjectures/blob/main/FormalConjectures/ErdosProblems/445.lean	Apache-2.0
fc-erdosproblems-447-erdos-447-parts-i	Erdős problem 447, i	mathematics	3	statement				union-free,collection,distinct,estimate,large	solved	https://github.com/google-deepmind/formal-conjectures/blob/main/FormalConjectures/ErdosProblems/447.lean	Apache-2.0
fc-erdosproblems-447-erdos-447-parts-ii	Erdős problem 447, ii	mathematics	3	proved				binom,lfloor,lvert,mathcal,rfloor	solved	https://github.com/google-deepmind/formal-conjectures/blob/main/FormalConjectures/ErdosProblems/447.lean	Apache-2.0
fc-erdosproblems-448-erdos-448	Erdős problem 448	mathematics	3	proved				number theory,tenenbaum,alpha,count,density	solved	https://github.com/google-deepmind/formal-conjectures/blob/main/FormalConjectures/ErdosProblems/448.lean	Apache-2.0
fc-erdosproblems-448-erdos-448-erdos-tenenbaum	Erdős problem 448, variant erdos tenenbaum	mathematics	2	statement				number theory,answer,density,equivalently,erdos	solved	https://github.com/google-deepmind/formal-conjectures/blob/main/FormalConjectures/ErdosProblems/448.lean	Apache-2.0
fc-erdosproblems-448-erdos-448-hall-tenenbaum-upper-bound	Erdős problem 448, variant hall tenenbaum upper bound	mathematics	2	statement				number theory,density,precise,result,tenenbaum	solved	https://github.com/google-deepmind/formal-conjectures/blob/main/FormalConjectures/ErdosProblems/448.lean	Apache-2.0
fc-erdosproblems-448-erdos-448-hall-tenenbaum-distribution	Erdős problem 448, variant hall tenenbaum distribution	mathematics	2	statement				number theory,distribution,function,tenenbaum,asked	solved	https://github.com/google-deepmind/formal-conjectures/blob/main/FormalConjectures/ErdosProblems/448.lean	Apache-2.0
fc-erdosproblems-448-erdos-448-ford	Erdős problem 448, variant ford	mathematics	2	statement				number theory,alpha,answered,asked,asymp	solved	https://github.com/google-deepmind/formal-conjectures/blob/main/FormalConjectures/ErdosProblems/448.lean	Apache-2.0
fc-erdosproblems-45-erdos-45	Erdős problem 45	mathematics	3	proved				number theory,bound,colouring,croot,result	solved	https://github.com/google-deepmind/formal-conjectures/blob/main/FormalConjectures/ErdosProblems/45.lean	Apache-2.0
fc-erdosproblems-450-erdos-450	Erdős problem 450	mathematics	3	statement				number theory,large,least,linear,scale	open	https://github.com/google-deepmind/formal-conjectures/blob/main/FormalConjectures/ErdosProblems/450.lean	Apache-2.0
fc-erdosproblems-450-erdos-450-linear-scale-suffices	Erdős problem 450, linear scale suffices	mathematics	3	proved				number theory,scale,asked,bound,erdos	solved	https://github.com/google-deepmind/formal-conjectures/blob/main/FormalConjectures/ErdosProblems/450.lean	Apache-2.0
fc-erdosproblems-452-erdos-452	Erdős problem 452	mathematics	3	statement				number theory,determine,everywhere,interval,largest	open	https://github.com/google-deepmind/formal-conjectures/blob/main/FormalConjectures/ErdosProblems/452.lean	Apache-2.0
fc-erdosproblems-453-erdos-453	Erdős problem 453	mathematics	3	proved				number theory,answer,large,pomerance,prime	solved	https://github.com/google-deepmind/formal-conjectures/blob/main/FormalConjectures/ErdosProblems/453.lean	Apache-2.0
fc-erdosproblems-454-erdos-454	Erdős problem 454	mathematics	3	statement				number theory,attop,limsup,prime,erdős problem	open	https://github.com/google-deepmind/formal-conjectures/blob/main/FormalConjectures/ErdosProblems/454.lean	Apache-2.0
fc-erdosproblems-454-erdos-454-two-le-limsup	Erdős problem 454, variant two le limsup	mathematics	2	statement				number theory,attop,limsup,prime,erdős problem	solved	https://github.com/google-deepmind/formal-conjectures/blob/main/FormalConjectures/ErdosProblems/454.lean	Apache-2.0
fc-erdosproblems-455-erdos-455	Erdős problem 455	mathematics	3	statement				number theory,increasing,primes,sequence,strictly	open	https://github.com/google-deepmind/formal-conjectures/blob/main/FormalConjectures/ErdosProblems/455.lean	Apache-2.0
fc-erdosproblems-455-erdos-455-liminf	Erdős problem 455, variant liminf	mathematics	2	statement				number theory,increasing,liminf,primes,sequence	solved	https://github.com/google-deepmind/formal-conjectures/blob/main/FormalConjectures/ErdosProblems/455.lean	Apache-2.0
fc-erdosproblems-456-erdos-456-parts-i	Erdős problem 456, i	mathematics	3	statement				number theory,almost,erdős problem,mathematics,open	open	https://github.com/google-deepmind/formal-conjectures/blob/main/FormalConjectures/ErdosProblems/456.lean	Apache-2.0
fc-erdosproblems-456-erdos-456-parts-ii	Erdős problem 456, ii	mathematics	3	statement				number theory,almost,erdős problem,mathematics,open	open	https://github.com/google-deepmind/formal-conjectures/blob/main/FormalConjectures/ErdosProblems/456.lean	Apache-2.0
fc-erdosproblems-456-erdos-456-parts-iii	Erdős problem 456, iii	mathematics	3	statement				number theory,infinitely,primes,erdős problem,mathematics	open	https://github.com/google-deepmind/formal-conjectures/blob/main/FormalConjectures/ErdosProblems/456.lean	Apache-2.0
fc-erdosproblems-456-erdos-456-linniks-theorem	Erdős problem 456, variant linniks theorem	mathematics	2	statement				number theory,implies,linnik,theorem,erdős problem	solved	https://github.com/google-deepmind/formal-conjectures/blob/main/FormalConjectures/ErdosProblems/456.lean	Apache-2.0
fc-erdosproblems-456-erdos-456-infinitely-many-n	Erdős problem 456, variant infinitely many n	mathematics	2	statement				number theory,infinitely,writes,erdős problem,mathematics	solved	https://github.com/google-deepmind/formal-conjectures/blob/main/FormalConjectures/ErdosProblems/456.lean	Apache-2.0
fc-erdosproblems-456-erdos-456-m-div-n	Erdős problem 456, variant m div n	mathematics	2	statement				number theory,almost,writes,erdős problem,mathematics	solved	https://github.com/google-deepmind/formal-conjectures/blob/main/FormalConjectures/ErdosProblems/456.lean	Apache-2.0
fc-erdosproblems-457-erdos-457	Erdős problem 457	mathematics	3	proved				number theory,aristotle,baretto,divide,doorn	solved	https://github.com/google-deepmind/formal-conjectures/blob/main/FormalConjectures/ErdosProblems/457.lean	Apache-2.0
fc-erdosproblems-457-erdos-457-qnk	Erdős problem 457, variant qnk	mathematics	2	statement				number theory,denote,divide,generally,infinitely	open	https://github.com/google-deepmind/formal-conjectures/blob/main/FormalConjectures/ErdosProblems/457.lean	Apache-2.0
fc-erdosproblems-457-erdos-457-one-sub	Erdős problem 457, variant one sub	mathematics	2	statement				number theory,between,example,gives,large	open	https://github.com/google-deepmind/formal-conjectures/blob/main/FormalConjectures/ErdosProblems/457.lean	Apache-2.0
fc-erdosproblems-458-erdos-458	Erdős problem 458	mathematics	3	statement				number theory,common,denote,least,multiple	open	https://github.com/google-deepmind/formal-conjectures/blob/main/FormalConjectures/ErdosProblems/458.lean	Apache-2.0
fc-erdosproblems-459-erdos-459	Erdős problem 459	mathematics	3	proved				number theory,bound,estimate,almost,attained	solved	https://github.com/google-deepmind/formal-conjectures/blob/main/FormalConjectures/ErdosProblems/459.lean	Apache-2.0
fc-erdosproblems-459-erdos-459-upper-tight	Erdős problem 459, variant upper tight	mathematics	2	proved				number theory,attained,bound,exactly,prime	solved	https://github.com/google-deepmind/formal-conjectures/blob/main/FormalConjectures/ErdosProblems/459.lean	Apache-2.0
fc-erdosproblems-46-erdos-46	Erdős problem 46	mathematics	3	proved				number theory,monochromatic,answer,colouring,croot	solved	https://github.com/google-deepmind/formal-conjectures/blob/main/FormalConjectures/ErdosProblems/46.lean	Apache-2.0
fc-erdosproblems-46-erdos-46-infinitely-many-disjoint	Erdős problem 46, variant infinitely many disjoint	mathematics	2	statement				number theory,croot,disjoint,infinitely,monochromatic	solved	https://github.com/google-deepmind/formal-conjectures/blob/main/FormalConjectures/ErdosProblems/46.lean	Apache-2.0
fc-erdosproblems-46-erdos-46-positive-rat	Erdős problem 46, variant positive rat	mathematics	2	statement				number theory,monochromatic,representation,erdős problem,mathematics	solved	https://github.com/google-deepmind/formal-conjectures/blob/main/FormalConjectures/ErdosProblems/46.lean	Apache-2.0
fc-erdosproblems-462-erdos-462	Erdős problem 462	mathematics	3	statement				number theory,constant,denote,factor,large	open	https://github.com/google-deepmind/formal-conjectures/blob/main/FormalConjectures/ErdosProblems/462.lean	Apache-2.0
fc-erdosproblems-463-erdos-463	Erdős problem 463	mathematics	3	statement				number theory,composite,factor,function,large	open	https://github.com/google-deepmind/formal-conjectures/blob/main/FormalConjectures/ErdosProblems/463.lean	Apache-2.0
fc-erdosproblems-464-erdos-464	Erdős problem 464	mathematics	3	proved				number theory,epsilon,dense,theta,bound	solved	https://github.com/google-deepmind/formal-conjectures/blob/main/FormalConjectures/ErdosProblems/464.lean	Apache-2.0
fc-erdosproblems-466-erdos-466	Erdős problem 466	mathematics	3	proved				number theory,convex geometry,delta,infty,chosen	solved	https://github.com/google-deepmind/formal-conjectures/blob/main/FormalConjectures/ErdosProblems/466.lean	Apache-2.0
fc-erdosproblems-466-erdos-466-graham	Erdős problem 466, variant graham	mathematics	2	statement				number theory,convex geometry,graham,erdős problem,mathematics	solved	https://github.com/google-deepmind/formal-conjectures/blob/main/FormalConjectures/ErdosProblems/466.lean	Apache-2.0
fc-erdosproblems-466-erdos-466-sarkozy	Erdős problem 466, variant sarkozy	mathematics	2	statement				number theory,convex geometry,sufficiently,large,small	solved	https://github.com/google-deepmind/formal-conjectures/blob/main/FormalConjectures/ErdosProblems/466.lean	Apache-2.0
fc-erdosproblems-469-erdos-469	Erdős problem 469	mathematics	3	proved				number theory,converge,converges,distinct,divisors	solved	https://github.com/google-deepmind/formal-conjectures/blob/main/FormalConjectures/ErdosProblems/469.lean	Apache-2.0
fc-erdosproblems-47-erdos-47	Erdős problem 47	mathematics	3	proved				number theory,affirmative,bloom,large,sufficiently	solved	https://github.com/google-deepmind/formal-conjectures/blob/main/FormalConjectures/ErdosProblems/47.lean	Apache-2.0
fc-erdosproblems-470-erdos-470-parts-i	Erdős problem 470, i	mathematics	3	statement				number theory,weird,erdős problem,mathematics,open	open	https://github.com/google-deepmind/formal-conjectures/blob/main/FormalConjectures/ErdosProblems/470.lean	Apache-2.0
fc-erdosproblems-470-erdos-470-parts-ii	Erdős problem 470, ii	mathematics	3	statement				number theory,infinitely,primitive,weird,erdős problem	open	https://github.com/google-deepmind/formal-conjectures/blob/main/FormalConjectures/ErdosProblems/470.lean	Apache-2.0
fc-erdosproblems-470-erdos-470-weird-pos-density	Erdős problem 470, variant weird pos density	mathematics	2	statement				number theory,density,positive,weird,abundant	solved	https://github.com/google-deepmind/formal-conjectures/blob/main/FormalConjectures/ErdosProblems/470.lean	Apache-2.0
fc-erdosproblems-470-erdos-470-prime-gap-imp-inf-prim-weird	Erdős problem 470, variant prime gap imp inf prim weird	mathematics	2	statement				number theory,mathscinet,concerning,conditional,conjectures	solved	https://github.com/google-deepmind/formal-conjectures/blob/main/FormalConjectures/ErdosProblems/470.lean	Apache-2.0
fc-erdosproblems-470-erdos-470-odd-weird-10-pow-21	Erdős problem 470, variant odd weird 10 pow 21	mathematics	2	statement				number theory,arxiv,below,https,shown	solved	https://github.com/google-deepmind/formal-conjectures/blob/main/FormalConjectures/ErdosProblems/470.lean	Apache-2.0
fc-erdosproblems-470-erdos-470-odd-weird-prime-div	Erdős problem 470, variant odd weird prime div	mathematics	2	statement				number theory,divisors,honors,https,ideaexchange	solved	https://github.com/google-deepmind/formal-conjectures/blob/main/FormalConjectures/ErdosProblems/470.lean	Apache-2.0
fc-erdosproblems-470-erdos-470-abundancy-index	Erdős problem 470, variant abundancy index	mathematics	2	proved				number theory,weird,abundancy,index,erdős problem	solved	https://github.com/google-deepmind/formal-conjectures/blob/main/FormalConjectures/ErdosProblems/470.lean	Apache-2.0
fc-erdosproblems-473-erdos-473	Erdős problem 473	mathematics	3	proved				number theory,integers,permutation,positive,prime	solved	https://github.com/google-deepmind/formal-conjectures/blob/main/FormalConjectures/ErdosProblems/473.lean	Apache-2.0
fc-erdosproblems-473-erdos-473-finite	Erdős problem 473, variant finite	mathematics	2	statement				number theory,asked,infinitely,permutation,prime	open	https://github.com/google-deepmind/formal-conjectures/blob/main/FormalConjectures/ErdosProblems/473.lean	Apache-2.0
fc-erdosproblems-476-erdos-476	Erdős problem 476	mathematics	3	proved				number theory,lvert,hamidoune,inequality,rvert	solved	https://github.com/google-deepmind/formal-conjectures/blob/main/FormalConjectures/ErdosProblems/476.lean	Apache-2.0
fc-erdosproblems-477-erdos-477	Erdős problem 477	mathematics	3	proved				field theory,degree,answer,codex,complement	solved	https://github.com/google-deepmind/formal-conjectures/blob/main/FormalConjectures/ErdosProblems/477.lean	Apache-2.0
fc-erdosproblems-477-erdos-477-s-sq	Erdős problem 477, variant S sq	mathematics	2	statement				field theory,polynomial,shown,erdős problem,mathematics	solved	https://github.com/google-deepmind/formal-conjectures/blob/main/FormalConjectures/ErdosProblems/477.lean	Apache-2.0
fc-erdosproblems-477-erdos-477-degree-two-dvd-condition-b-ne-ze	Erdős problem 477, variant degree two dvd condition b ne zero	mathematics	2	statement				field theory,alphaproof,found,generalised,instance	solved	https://github.com/google-deepmind/formal-conjectures/blob/main/FormalConjectures/ErdosProblems/477.lean	Apache-2.0
fc-erdosproblems-477-erdos-477-x-pow-three	Erdős problem 477, variant X pow three	mathematics	2	statement				field theory,polynomial,probably,erdős problem,mathematics	open	https://github.com/google-deepmind/formal-conjectures/blob/main/FormalConjectures/ErdosProblems/477.lean	Apache-2.0
fc-erdosproblems-477-erdos-477-monomial	Erdős problem 477, variant monomial	mathematics	2	proved				field theory,asked,complement,formal,gives	solved	https://github.com/google-deepmind/formal-conjectures/blob/main/FormalConjectures/ErdosProblems/477.lean	Apache-2.0
fc-erdosproblems-478-erdos-478	Erdős problem 478	mathematics	3	statement				number theory,lvert,prime,rvert,tfrac	open	https://github.com/google-deepmind/formal-conjectures/blob/main/FormalConjectures/ErdosProblems/478.lean	Apache-2.0
fc-erdosproblems-479-erdos-479	Erdős problem 479	mathematics	3	statement				number theory,infinitely,integer,erdős problem,mathematics	open	https://github.com/google-deepmind/formal-conjectures/blob/main/FormalConjectures/ErdosProblems/479.lean	Apache-2.0
fc-erdosproblems-48-erdos-48	Erdős problem 48	mathematics	3	proved				number theory,infinitely,integers,erdős problem,mathematics	solved	https://github.com/google-deepmind/formal-conjectures/blob/main/FormalConjectures/ErdosProblems/48.lean	Apache-2.0
fc-erdosproblems-480-erdos-480	Erdős problem 480	mathematics	3	proved				number theory,approx,infinite,infty,liminf	solved	https://github.com/google-deepmind/formal-conjectures/blob/main/FormalConjectures/ErdosProblems/480.lean	Apache-2.0
fc-erdosproblems-480-erdos-480-chung-graham	Erdős problem 480, variant chung graham	mathematics	2	statement				number theory,approx,cdots,chung,fibonacci	solved	https://github.com/google-deepmind/formal-conjectures/blob/main/FormalConjectures/ErdosProblems/480.lean	Apache-2.0
fc-erdosproblems-480-erdos-480-chung-graham-best-possible	Erdős problem 480, variant chung graham best possible	mathematics	2	statement				number theory,constant,possible,erdős problem,mathematics	solved	https://github.com/google-deepmind/formal-conjectures/blob/main/FormalConjectures/ErdosProblems/480.lean	Apache-2.0
fc-erdosproblems-481-erdos-481	Erdős problem 481	mathematics	3	statement				number theory,sequence,appears,barreto,comment	solved	https://github.com/google-deepmind/formal-conjectures/blob/main/FormalConjectures/ErdosProblems/481.lean	Apache-2.0
fc-erdosproblems-482-erdos-482	Erdős problem 482	mathematics	3	proved				number theory,digit,binary,expansion,digits	solved	https://github.com/google-deepmind/formal-conjectures/blob/main/FormalConjectures/ErdosProblems/482.lean	Apache-2.0
fc-erdosproblems-482-erdos-482-stoll-general	Erdős problem 482, variant stoll general	mathematics	2	proved				number theory,base-,answer,corresponding,digit	solved	https://github.com/google-deepmind/formal-conjectures/blob/main/FormalConjectures/ErdosProblems/482.lean	Apache-2.0
fc-erdosproblems-482-erdos-482-binary-explicit	Erdős problem 482, variant binary explicit	mathematics	2	proved				number theory,binary,coefficients,digits,answer	solved	https://github.com/google-deepmind/formal-conjectures/blob/main/FormalConjectures/ErdosProblems/482.lean	Apache-2.0
fc-erdosproblems-484-erdos-484	Erdős problem 484	mathematics	3	proved				number theory,least,absolute,class,colour	solved	https://github.com/google-deepmind/formal-conjectures/blob/main/FormalConjectures/ErdosProblems/484.lean	Apache-2.0
fc-erdosproblems-485-erdos-485	Erdős problem 485	mathematics	3	proved				number theory,field theory,schinzel,terms,answer	solved	https://github.com/google-deepmind/formal-conjectures/blob/main/FormalConjectures/ErdosProblems/485.lean	Apache-2.0
fc-erdosproblems-486-erdos-486	Erdős problem 486	mathematics	3	proved				number theory,density,logarithmic,moduli,allow	solved	https://github.com/google-deepmind/formal-conjectures/blob/main/FormalConjectures/ErdosProblems/486.lean	Apache-2.0
fc-erdosproblems-487-erdos-487	Erdős problem 487	mathematics	3	proved				number theory,positive,density,assumption,common	solved	https://github.com/google-deepmind/formal-conjectures/blob/main/FormalConjectures/ErdosProblems/487.lean	Apache-2.0
fc-erdosproblems-488-erdos-488	Erdős problem 488	mathematics	3	statement				number theory,lvert,rvert,finite,textrm	open	https://github.com/google-deepmind/formal-conjectures/blob/main/FormalConjectures/ErdosProblems/488.lean	Apache-2.0
fc-erdosproblems-489-erdos-489	Erdős problem 489	mathematics	3	proved				number theory,example,existence,finite,infty	solved	https://github.com/google-deepmind/formal-conjectures/blob/main/FormalConjectures/ErdosProblems/489.lean	Apache-2.0
fc-erdosproblems-489-erdos-489-squarefree	Erdős problem 489, variant squarefree	mathematics	2	statement				number theory,existence,limit,squarefree,erdős problem	solved	https://github.com/google-deepmind/formal-conjectures/blob/main/FormalConjectures/ErdosProblems/489.lean	Apache-2.0
fc-erdosproblems-490-erdos-490	Erdős problem 490	mathematics	3	proved				number theory,lvert,rvert,https,distinct	solved	https://github.com/google-deepmind/formal-conjectures/blob/main/FormalConjectures/ErdosProblems/490.lean	Apache-2.0
fc-erdosproblems-490-erdos-490-limit	Erdős problem 490, variant limit	mathematics	2	statement				number theory,lvert,rvert,determine,distinct	open	https://github.com/google-deepmind/formal-conjectures/blob/main/FormalConjectures/ErdosProblems/490.lean	Apache-2.0
fc-erdosproblems-491-erdos-491	Erdős problem 491	mathematics	3	proved				number theory,additive,answer,constant,erdos	solved	https://github.com/google-deepmind/formal-conjectures/blob/main/FormalConjectures/ErdosProblems/491.lean	Apache-2.0
fc-erdosproblems-493-erdos-493	Erdős problem 493	mathematics	3	proved				number theory,schinzel,additional,answer,attributes	solved	https://github.com/google-deepmind/formal-conjectures/blob/main/FormalConjectures/ErdosProblems/493.lean	Apache-2.0
fc-erdosproblems-494-erdos-494-k-eq-2-card-not-pow-two	Erdős problem 494, variant k eq 2 card not pow two	mathematics	2	statement				counterexamples,selfridge,straus,erdős problem,mathematics	solved	https://github.com/google-deepmind/formal-conjectures/blob/main/FormalConjectures/ErdosProblems/494.lean	Apache-2.0
fc-erdosproblems-494-erdos-494-k-eq-2-card-pow-two	Erdős problem 494, variant k eq 2 card pow two	mathematics	2	proved				counterexamples,selfridge,straus,erdős problem,mathematics	solved	https://github.com/google-deepmind/formal-conjectures/blob/main/FormalConjectures/ErdosProblems/494.lean	Apache-2.0
fc-erdosproblems-494-erdos-494-k-eq-3-card-gt-6	Erdős problem 494, variant k eq 3 card gt 6	mathematics	2	statement				these,cases,determined,distinct,divisible	solved	https://github.com/google-deepmind/formal-conjectures/blob/main/FormalConjectures/ErdosProblems/494.lean	Apache-2.0
fc-erdosproblems-494-erdos-494-k-eq-4-card-gt-12	Erdős problem 494, variant k eq 4 card gt 12	mathematics	2	statement				selfridge,straus,erdős problem,mathematics,solved	solved	https://github.com/google-deepmind/formal-conjectures/blob/main/FormalConjectures/ErdosProblems/494.lean	Apache-2.0
fc-erdosproblems-494-erdos-494-card-divisible-by-prime-gt-k	Erdős problem 494, variant card divisible by prime gt k	mathematics	2	statement				determined,divisible,greater,prime,selfridge	solved	https://github.com/google-deepmind/formal-conjectures/blob/main/FormalConjectures/ErdosProblems/494.lean	Apache-2.0
fc-erdosproblems-494-erdos-494-k-eq-card	Erdős problem 494, variant k eq card	mathematics	2	proved				appropriate,around,fails,kruyt,noted	solved	https://github.com/google-deepmind/formal-conjectures/blob/main/FormalConjectures/ErdosProblems/494.lean	Apache-2.0
fc-erdosproblems-494-erdos-494-card-eq-2k	Erdős problem 494, variant card eq 2k	mathematics	2	proved				considering,fails,noted,similarly,taking	solved	https://github.com/google-deepmind/formal-conjectures/blob/main/FormalConjectures/ErdosProblems/494.lean	Apache-2.0
fc-erdosproblems-494-erdos-494-gordon-fraenkel-straus	Erdős problem 494, variant gordon fraenkel straus	mathematics	2	statement				claim,fraenkel,gordon,large,straus	solved	https://github.com/google-deepmind/formal-conjectures/blob/main/FormalConjectures/ErdosProblems/494.lean	Apache-2.0
fc-erdosproblems-494-erdos-494-product	Erdős problem 494, variant product	mathematics	2	proved				counterexample,product,steinerberger,version,erdős problem	solved	https://github.com/google-deepmind/formal-conjectures/blob/main/FormalConjectures/ErdosProblems/494.lean	Apache-2.0
fc-erdosproblems-495-erdos-495	Erdős problem 495	mathematics	3	statement				number theory,alpha,infty,liminf,littlewood	open	https://github.com/google-deepmind/formal-conjectures/blob/main/FormalConjectures/ErdosProblems/495.lean	Apache-2.0
fc-erdosproblems-497-erdos-497	Erdős problem 497	mathematics	3	proved				families,antichains,binom,dedekind,family	solved	https://github.com/google-deepmind/formal-conjectures/blob/main/FormalConjectures/ErdosProblems/497.lean	Apache-2.0
fc-erdosproblems-498-erdos-498	Erdős problem 498	mathematics	3	proved				arbitrary,epsilon,affirmative,bound,general	solved	https://github.com/google-deepmind/formal-conjectures/blob/main/FormalConjectures/ErdosProblems/498.lean	Apache-2.0
fc-erdosproblems-499-erdos-499	Erdős problem 499	mathematics	3	proved				linear algebra,doubly,marcus,stochastic,henryk	solved	https://github.com/google-deepmind/formal-conjectures/blob/main/FormalConjectures/ErdosProblems/499.lean	Apache-2.0
fc-erdosproblems-499-erdos-499-one-le	Erdős problem 499, variant one le	mathematics	2	statement				linear algebra,doubly,marcus,stochastic,diagonals	solved	https://github.com/google-deepmind/formal-conjectures/blob/main/FormalConjectures/ErdosProblems/499.lean	Apache-2.0
fc-erdosproblems-5-erdos-5	Erdős problem 5	mathematics	3	statement				number theory,sequence,between,consecutive,infinite	open	https://github.com/google-deepmind/formal-conjectures/blob/main/FormalConjectures/ErdosProblems/5.lean	Apache-2.0
fc-erdosproblems-5-erdos-5-limit-point-set	Erdős problem 5, variant limit point set	mathematics	2	statement				number theory,content,equality,erdos,finite	open	https://github.com/google-deepmind/formal-conjectures/blob/main/FormalConjectures/ErdosProblems/5.lean	Apache-2.0
fc-erdosproblems-5-erdos-5-westzynthius	Erdős problem 5, variant westzynthius	mathematics	2	statement				number theory,large,prime,result,westzynthius	solved	https://github.com/google-deepmind/formal-conjectures/blob/main/FormalConjectures/ErdosProblems/5.lean	Apache-2.0
fc-erdosproblems-5-erdos-5-goldston-pintz-yildirim	Erdős problem 5, variant goldston pintz yildirim	mathematics	2	statement				number theory,goldston,pintz,prime,small	solved	https://github.com/google-deepmind/formal-conjectures/blob/main/FormalConjectures/ErdosProblems/5.lean	Apache-2.0
fc-erdosproblems-5-erdos-5-erdos-ricci	Erdős problem 5, variant erdos ricci	mathematics	2	statement				number theory,independently,lebesgue,measure,positive	solved	https://github.com/google-deepmind/formal-conjectures/blob/main/FormalConjectures/ErdosProblems/5.lean	Apache-2.0
fc-erdosproblems-5-erdos-5-hildebrand-maier	Erdős problem 5, variant hildebrand maier	mathematics	2	statement				number theory,arbitrarily,contains,finite,hildebrand	solved	https://github.com/google-deepmind/formal-conjectures/blob/main/FormalConjectures/ErdosProblems/5.lean	Apache-2.0
fc-erdosproblems-5-erdos-5-hildebrand-maier-measure	Erdős problem 5, variant hildebrand maier measure	mathematics	2	statement				number theory,constant,large,statement,stronger	solved	https://github.com/google-deepmind/formal-conjectures/blob/main/FormalConjectures/ErdosProblems/5.lean	Apache-2.0
fc-erdosproblems-5-erdos-5-pintz	Erdős problem 5, variant pintz	mathematics	2	statement				number theory,constant,pintz,small,erdős problem	solved	https://github.com/google-deepmind/formal-conjectures/blob/main/FormalConjectures/ErdosProblems/5.lean	Apache-2.0
fc-erdosproblems-5-erdos-5-banks-freiberg-maynard	Erdős problem 5, variant banks freiberg maynard	mathematics	2	statement				number theory,belongs,least,banks,differences	solved	https://github.com/google-deepmind/formal-conjectures/blob/main/FormalConjectures/ErdosProblems/5.lean	Apache-2.0
fc-erdosproblems-5-erdos-5-banks-freiberg-maynard-measure	Erdős problem 5, variant banks freiberg maynard measure	mathematics	2	statement				number theory,asymptotically,attained,bound,claim	solved	https://github.com/google-deepmind/formal-conjectures/blob/main/FormalConjectures/ErdosProblems/5.lean	Apache-2.0
fc-erdosproblems-5-erdos-5-merikoski	Erdős problem 5, variant merikoski	mathematics	2	statement				number theory,belongs,least,banks,contrast	solved	https://github.com/google-deepmind/formal-conjectures/blob/main/FormalConjectures/ErdosProblems/5.lean	Apache-2.0
fc-erdosproblems-5-erdos-5-merikoski-measure	Erdős problem 5, variant merikoski measure	mathematics	2	statement				number theory,bound,claim,corollary,error	solved	https://github.com/google-deepmind/formal-conjectures/blob/main/FormalConjectures/ErdosProblems/5.lean	Apache-2.0
fc-erdosproblems-5-erdos-5-merikoski-bounded-gaps	Erdős problem 5, variant merikoski bounded gaps	mathematics	2	statement				number theory,bounded,constant,corollary,ineffective	solved	https://github.com/google-deepmind/formal-conjectures/blob/main/FormalConjectures/ErdosProblems/5.lean	Apache-2.0
fc-erdosproblems-5-erdos-5-dense	Erdős problem 5, variant dense	mathematics	2	statement				number theory,asking,clearly,closed,dense	open	https://github.com/google-deepmind/formal-conjectures/blob/main/FormalConjectures/ErdosProblems/5.lean	Apache-2.0
fc-erdosproblems-50-erdos-50-schoenberg	Erdős problem 50	mathematics	3	statement				number theory,function,distribution,limit,approaches	solved	https://github.com/google-deepmind/formal-conjectures/blob/main/FormalConjectures/ErdosProblems/50.lean	Apache-2.0
fc-erdosproblems-501-erdos-501	Erdős problem 501	mathematics	3	statement				measure theory,independent,infinite,measure,answer	open	https://github.com/google-deepmind/formal-conjectures/blob/main/FormalConjectures/ErdosProblems/501.lean	Apache-2.0
fc-erdosproblems-501-erdos-501-erdoshajnal-finite	Erdős problem 501, variant erdosHajnal finite	mathematics	2	statement				measure theory,finite,hajnal,independent,arbitrarily	solved	https://github.com/google-deepmind/formal-conjectures/blob/main/FormalConjectures/ErdosProblems/501.lean	Apache-2.0
fc-erdosproblems-501-erdos-501-hechler-ch	Erdős problem 501, variant hechler CH	mathematics	2	statement				measure theory,assuming,answer,bounded,continuum	solved	https://github.com/google-deepmind/formal-conjectures/blob/main/FormalConjectures/ErdosProblems/501.lean	Apache-2.0
fc-erdosproblems-501-erdos-501-closed-size3	Erdős problem 501, variant closed size3	mathematics	2	proved				measure theory,independent,closed,existence,below	solved	https://github.com/google-deepmind/formal-conjectures/blob/main/FormalConjectures/ErdosProblems/501.lean	Apache-2.0
fc-erdosproblems-501-erdos-501-newelski-pawlikowski-seredynski	Erdős problem 501, variant newelski pawlikowski seredynski	mathematics	2	proved				measure theory,closed,independent,infinite,affirmative	solved	https://github.com/google-deepmind/formal-conjectures/blob/main/FormalConjectures/ErdosProblems/501.lean	Apache-2.0
fc-erdosproblems-501-erdos-501-gladysz-size2	Erdős problem 501, variant gladysz size2	mathematics	2	statement				measure theory,closed,gladysz,before,distinct	solved	https://github.com/google-deepmind/formal-conjectures/blob/main/FormalConjectures/ErdosProblems/501.lean	Apache-2.0
fc-erdosproblems-502-erdos-502	Erdős problem 502	mathematics	3	proved				geometry,convex geometry,bannai,bound,lvert	solved	https://github.com/google-deepmind/formal-conjectures/blob/main/FormalConjectures/ErdosProblems/502.lean	Apache-2.0
fc-erdosproblems-503-erdos-503	Erdős problem 503	mathematics	3	statement				geometry,points,determine,distances,equal	open	https://github.com/google-deepmind/formal-conjectures/blob/main/FormalConjectures/ErdosProblems/503.lean	Apache-2.0
fc-erdosproblems-503-erdos-503-r2	Erdős problem 503, variant R2	mathematics	2	statement				geometry,kelly,solutions,alternative,answer	solved	https://github.com/google-deepmind/formal-conjectures/blob/main/FormalConjectures/ErdosProblems/503.lean	Apache-2.0
fc-erdosproblems-503-erdos-503-r3	Erdős problem 503, variant R3	mathematics	2	statement				geometry,croft,point,answer,configurations	solved	https://github.com/google-deepmind/formal-conjectures/blob/main/FormalConjectures/ErdosProblems/503.lean	Apache-2.0
fc-erdosproblems-503-erdos-503-upper-bound	Erdős problem 503, variant upper bound	mathematics	2	statement				geometry,binom,blokhius,blokhuis,bound	solved	https://github.com/google-deepmind/formal-conjectures/blob/main/FormalConjectures/ErdosProblems/503.lean	Apache-2.0
fc-erdosproblems-503-erdos-503-lower-bound	Erdős problem 503, variant lower bound	mathematics	2	statement				geometry,subset,vectors,alweiss,bound	solved	https://github.com/google-deepmind/formal-conjectures/blob/main/FormalConjectures/ErdosProblems/503.lean	Apache-2.0
fc-erdosproblems-505-erdos-505	Erdős problem 505	mathematics	3	proved				convex geometry,disproved,alexeev,aristotle,boris	solved	https://github.com/google-deepmind/formal-conjectures/blob/main/FormalConjectures/ErdosProblems/505.lean	Apache-2.0
fc-erdosproblems-505-erdos-505-small-dim	Erdős problem 505, small dim	mathematics	3	statement				convex geometry,borsuk,borsukconjecture,dimensions,eggleston	solved	https://github.com/google-deepmind/formal-conjectures/blob/main/FormalConjectures/ErdosProblems/505.lean	Apache-2.0
fc-erdosproblems-506-erdos-506	Erdős problem 506	mathematics	3	statement				geometry,convex geometry,erdős problem,mathematics,open	open	https://github.com/google-deepmind/formal-conjectures/blob/main/FormalConjectures/ErdosProblems/506.lean	Apache-2.0
fc-erdosproblems-506-erdos-506-large-n	Erdős problem 506, variant large n	mathematics	2	statement				geometry,convex geometry,circle,answer,attained	solved	https://github.com/google-deepmind/formal-conjectures/blob/main/FormalConjectures/ErdosProblems/506.lean	Apache-2.0
fc-erdosproblems-506-erdos-506-small-n	Erdős problem 506, variant small n	mathematics	2	statement				geometry,convex geometry,answer,appears,circle	open	https://github.com/google-deepmind/formal-conjectures/blob/main/FormalConjectures/ErdosProblems/506.lean	Apache-2.0
fc-erdosproblems-506-erdos-506-segre-n-eq-eight	Erdős problem 506, variant segre n eq eight	mathematics	2	statement				geometry,convex geometry,already,bound,circles	solved	https://github.com/google-deepmind/formal-conjectures/blob/main/FormalConjectures/ErdosProblems/506.lean	Apache-2.0
fc-erdosproblems-507-erdos-507-equivalent	Erdős problem 507, equivalent:	mathematics	3	statement				geometry,points,contains,determine,estimate	open	https://github.com/google-deepmind/formal-conjectures/blob/main/FormalConjectures/ErdosProblems/507.lean	Apache-2.0
fc-erdosproblems-507-erdos-507-lower	Erdős problem 507, lower:	mathematics	3	statement				geometry,bound,estimate,lower,erdős problem	open	https://github.com/google-deepmind/formal-conjectures/blob/main/FormalConjectures/ErdosProblems/507.lean	Apache-2.0
fc-erdosproblems-507-erdos-507-upper	Erdős problem 507, upper:	mathematics	3	statement				geometry,bound,estimate,upper,erdős problem	open	https://github.com/google-deepmind/formal-conjectures/blob/main/FormalConjectures/ErdosProblems/507.lean	Apache-2.0
fc-erdosproblems-507-erdos-507-upper-trivial	Erdős problem 507, variant upper trivial	mathematics	2	statement				geometry,trivial,erdős problem,mathematics,solved	solved	https://github.com/google-deepmind/formal-conjectures/blob/main/FormalConjectures/ErdosProblems/507.lean	Apache-2.0
fc-erdosproblems-507-erdos-507-lower-erdos	Erdős problem 507, variant lower erdos	mathematics	2	statement				geometry,observed,erdős problem,mathematics,solved	solved	https://github.com/google-deepmind/formal-conjectures/blob/main/FormalConjectures/ErdosProblems/507.lean	Apache-2.0
fc-erdosproblems-507-erdos-507-lower-kps82	Erdős problem 507, variant lower kps82	mathematics	2	statement				geometry,bound,current,lower,erdős problem	solved	https://github.com/google-deepmind/formal-conjectures/blob/main/FormalConjectures/ErdosProblems/507.lean	Apache-2.0
fc-erdosproblems-507-erdos-507-upper-cpz24	Erdős problem 507, variant upper cpz24	mathematics	2	statement				geometry,bound,current,upper,erdős problem	solved	https://github.com/google-deepmind/formal-conjectures/blob/main/FormalConjectures/ErdosProblems/507.lean	Apache-2.0
fc-erdosproblems-508-hadwigernelsonproblem	Erdős problem 508	mathematics	3	statement				convex geometry,color,colors,distance,hadwiger	open	https://github.com/google-deepmind/formal-conjectures/blob/main/FormalConjectures/ErdosProblems/508.lean	Apache-2.0
fc-erdosproblems-509-erdos-509	Erdős problem 509	mathematics	3	statement				complex analysis,closed,covered,discs,monic	open	https://github.com/google-deepmind/formal-conjectures/blob/main/FormalConjectures/ErdosProblems/509.lean	Apache-2.0
fc-erdosproblems-509-erdos-509-cartan-bound	Erdős problem 509, variant Cartan bound	mathematics	2	statement				complex analysis,cartan,aires,applications,article	solved	https://github.com/google-deepmind/formal-conjectures/blob/main/FormalConjectures/ErdosProblems/509.lean	Apache-2.0
fc-erdosproblems-509-erdos-509-pommerenke-bound	Erdős problem 509, variant Pommerenke bound	mathematics	2	statement				complex analysis,closed,covered,discs,monic	solved	https://github.com/google-deepmind/formal-conjectures/blob/main/FormalConjectures/ErdosProblems/509.lean	Apache-2.0
fc-erdosproblems-509-erdos-509-pommerenke-connected	Erdős problem 509, variant Pommerenke connected	mathematics	2	statement				complex analysis,circles,connected,covered,monic	solved	https://github.com/google-deepmind/formal-conjectures/blob/main/FormalConjectures/ErdosProblems/509.lean	Apache-2.0
fc-erdosproblems-51-erdos-51	Erdős problem 51	mathematics	3	statement				number theory,integer,infinite,smallest,erdős problem	open	https://github.com/google-deepmind/formal-conjectures/blob/main/FormalConjectures/ErdosProblems/51.lean	Apache-2.0
fc-erdosproblems-510-erdos-510	Erdős problem 510	mathematics	3	statement				number theory,absolute,chowla,constant,cosine	open	https://github.com/google-deepmind/formal-conjectures/blob/main/FormalConjectures/ErdosProblems/510.lean	Apache-2.0
fc-erdosproblems-510-erdos-510-ruzsa	Erdős problem 510, variant ruzsa	mathematics	2	statement				number theory,bound,ruzsa,upper,erdős problem	solved	https://github.com/google-deepmind/formal-conjectures/blob/main/FormalConjectures/ErdosProblems/510.lean	Apache-2.0
fc-erdosproblems-510-erdos-510-bedert	Erdős problem 510, variant bedert	mathematics	2	statement				number theory,bedert,bound,upper,erdős problem	solved	https://github.com/google-deepmind/formal-conjectures/blob/main/FormalConjectures/ErdosProblems/510.lean	Apache-2.0
fc-erdosproblems-512-erdos-512	Erdős problem 512	mathematics	3	proved				number theory,harmonic analysis,theta,finite,independently	solved	https://github.com/google-deepmind/formal-conjectures/blob/main/FormalConjectures/ErdosProblems/512.lean	Apache-2.0
fc-erdosproblems-513-erdos-513	Erdős problem 513	mathematics	3	statement				complex analysis,attop,entire,function,greatest	open	https://github.com/google-deepmind/formal-conjectures/blob/main/FormalConjectures/ErdosProblems/513.lean	Apache-2.0
fc-erdosproblems-513-erdos-513-upper-bound	Erdős problem 513, variant upper bound	mathematics	2	statement				complex analysis,attop,entire,function,liminf	solved	https://github.com/google-deepmind/formal-conjectures/blob/main/FormalConjectures/ErdosProblems/513.lean	Apache-2.0
fc-erdosproblems-513-erdos-513-lower-bound	Erdős problem 513, variant lower bound	mathematics	2	statement				complex analysis,attop,entire,function,liminf	solved	https://github.com/google-deepmind/formal-conjectures/blob/main/FormalConjectures/ErdosProblems/513.lean	Apache-2.0
fc-erdosproblems-516-erdos-516	Erdős problem 516	mathematics	3	proved				complex analysis,attop,entire,finite,function	solved	https://github.com/google-deepmind/formal-conjectures/blob/main/FormalConjectures/ErdosProblems/516.lean	Apache-2.0
fc-erdosproblems-516-erdos-516-limsup-ratio-eq-one	Erdős problem 516, variant limsup ratio eq one	mathematics	2	statement				complex analysis,exponents,attop,cancel,coefficients	solved	https://github.com/google-deepmind/formal-conjectures/blob/main/FormalConjectures/ErdosProblems/516.lean	Apache-2.0
fc-erdosproblems-516-erdos-516-limsup-ratio-eq-one-of-hasfejerg	Erdős problem 516, variant limsup ratio eq one of hasFejerGaps	mathematics	2	statement				complex analysis,attop,entire,functions,limsup	open	https://github.com/google-deepmind/formal-conjectures/blob/main/FormalConjectures/ErdosProblems/516.lean	Apache-2.0
fc-erdosproblems-517-erdos-517	Erdős problem 517	mathematics	3	statement				complex analysis,assumes,entire,function,infinitely	open	https://github.com/google-deepmind/formal-conjectures/blob/main/FormalConjectures/ErdosProblems/517.lean	Apache-2.0
fc-erdosproblems-517-erdos-517-fejer	Erdős problem 517, variant fejer	mathematics	2	statement				complex analysis,assumes,entire,function,infinitely	solved	https://github.com/google-deepmind/formal-conjectures/blob/main/FormalConjectures/ErdosProblems/517.lean	Apache-2.0
fc-erdosproblems-519-erdos-519	Erdős problem 519	mathematics	3	proved				complex analysis,absolute,atkinson,constant,lvert	solved	https://github.com/google-deepmind/formal-conjectures/blob/main/FormalConjectures/ErdosProblems/519.lean	Apache-2.0
fc-erdosproblems-52-erdos-52	Erdős problem 52	mathematics	3	statement				number theory,finite,integers,erdős problem,mathematics	open	https://github.com/google-deepmind/formal-conjectures/blob/main/FormalConjectures/ErdosProblems/52.lean	Apache-2.0
fc-erdosproblems-520-erdos-520	Erdős problem 520	mathematics	3	proved				number theory,probability,almost,surely,function	solved	https://github.com/google-deepmind/formal-conjectures/blob/main/FormalConjectures/ErdosProblems/520.lean	Apache-2.0
fc-erdosproblems-521-erdos-521	Erdős problem 521	mathematics	3	proved				number theory,probability,almost,almost-sure,answer	solved	https://github.com/google-deepmind/formal-conjectures/blob/main/FormalConjectures/ErdosProblems/521.lean	Apache-2.0
fc-erdosproblems-522-erdos-522	Erdős problem 522	mathematics	3	proved				field theory,probability,independently,proofs,random	solved	https://github.com/google-deepmind/formal-conjectures/blob/main/FormalConjectures/ErdosProblems/522.lean	Apache-2.0
fc-erdosproblems-522-erdos-522-zero-one	Erdős problem 522, variant zero one	mathematics	2	proved				field theory,probability,random,almost,independently	solved	https://github.com/google-deepmind/formal-conjectures/blob/main/FormalConjectures/ErdosProblems/522.lean	Apache-2.0
fc-erdosproblems-522-erdos-522-number-real-roots	Erdős problem 522, variant number real roots	mathematics	2	statement				field theory,probability,coefficients,degree,offord	solved	https://github.com/google-deepmind/formal-conjectures/blob/main/FormalConjectures/ErdosProblems/522.lean	Apache-2.0
fc-erdosproblems-522-erdos-522-yakir-solution	Erdős problem 522, variant yakir solution	mathematics	2	statement				field theory,probability,almost,polynomials,roots	solved	https://github.com/google-deepmind/formal-conjectures/blob/main/FormalConjectures/ErdosProblems/522.lean	Apache-2.0
fc-erdosproblems-525-erdos-525-parts-i	Erdős problem 525, i	mathematics	3	proved				complex analysis,probability,almost,answer,coefficients	solved	https://github.com/google-deepmind/formal-conjectures/blob/main/FormalConjectures/ErdosProblems/525.lean	Apache-2.0
fc-erdosproblems-525-erdos-525-parts-ii	Erdős problem 525, ii	mathematics	3	proved				complex analysis,probability,epsilon,lvert,rvert	solved	https://github.com/google-deepmind/formal-conjectures/blob/main/FormalConjectures/ErdosProblems/525.lean	Apache-2.0
fc-erdosproblems-525-erdos-525-kashin	Erdős problem 525, variant kashin	mathematics	2	statement				complex analysis,probability,almost,kashin,littlewood	solved	https://github.com/google-deepmind/formal-conjectures/blob/main/FormalConjectures/ErdosProblems/525.lean	Apache-2.0
fc-erdosproblems-525-erdos-525-konyagin	Erdős problem 525, variant konyagin	mathematics	2	statement				complex analysis,probability,almost,konyagin,surely	solved	https://github.com/google-deepmind/formal-conjectures/blob/main/FormalConjectures/ErdosProblems/525.lean	Apache-2.0
fc-erdosproblems-525-erdos-525-konyagin-schlag	Erdős problem 525, variant konyagin schlag	mathematics	2	statement				complex analysis,probability,epsilon,infty,konyagin	solved	https://github.com/google-deepmind/formal-conjectures/blob/main/FormalConjectures/ErdosProblems/525.lean	Apache-2.0
fc-erdosproblems-53-erdos-53	Erdős problem 53	mathematics	3	proved				number theory,integers,distinct,elements,large	solved	https://github.com/google-deepmind/formal-conjectures/blob/main/FormalConjectures/ErdosProblems/53.lean	Apache-2.0
fc-erdosproblems-53-erdos-53-upper	Erdős problem 53, variant upper	mathematics	2	statement				number theory,lvert,rvert,arbitrarily,constant	solved	https://github.com/google-deepmind/formal-conjectures/blob/main/FormalConjectures/ErdosProblems/53.lean	Apache-2.0
fc-erdosproblems-532-erdos-532	Erdős problem 532	mathematics	3	proved				finite,asked,coloured,colours,graham	solved	https://github.com/google-deepmind/formal-conjectures/blob/main/FormalConjectures/ErdosProblems/532.lean	Apache-2.0
fc-erdosproblems-533-erdos-533	Erdős problem 533	mathematics	3	proved				vertices,construction,edges,epsilon,graph	solved	https://github.com/google-deepmind/formal-conjectures/blob/main/FormalConjectures/ErdosProblems/533.lean	Apache-2.0
fc-erdosproblems-533-erdos-533-ehsss-upper	Erdős problem 533, variant ehsss upper	mathematics	2	statement				vertices,bound,edges,ehsss,graph	solved	https://github.com/google-deepmind/formal-conjectures/blob/main/FormalConjectures/ErdosProblems/533.lean	Apache-2.0
fc-erdosproblems-533-erdos-533-lrss-lower	Erdős problem 533, variant lrss lower	mathematics	2	statement				vertices,balogh,bound,construction,earlier	solved	https://github.com/google-deepmind/formal-conjectures/blob/main/FormalConjectures/ErdosProblems/533.lean	Apache-2.0
fc-erdosproblems-533-erdos-533-delta-four-eq-zero	Erdős problem 533, variant delta four eq zero	mathematics	2	statement				least,analogue,contains,contrasting,edges	solved	https://github.com/google-deepmind/formal-conjectures/blob/main/FormalConjectures/ErdosProblems/533.lean	Apache-2.0
fc-erdosproblems-533-erdos-533-delta-seven-ge-quarter	Erdős problem 533, variant delta seven ge quarter	mathematics	2	statement				vertices,construction,edges,ehsss,graph	solved	https://github.com/google-deepmind/formal-conjectures/blob/main/FormalConjectures/ErdosProblems/533.lean	Apache-2.0
fc-erdosproblems-534-erdos-534	Erdős problem 534	mathematics	3	proved				number theory,achieved,ahlswede,contains,distinct	solved	https://github.com/google-deepmind/formal-conjectures/blob/main/FormalConjectures/ErdosProblems/534.lean	Apache-2.0
fc-erdosproblems-535-erdos-535	Erdős problem 535	mathematics	3	statement				number theory,bound,subset,upper,between	open	https://github.com/google-deepmind/formal-conjectures/blob/main/FormalConjectures/ErdosProblems/535.lean	Apache-2.0
fc-erdosproblems-535-erdos-535-first-open-case	Erdős problem 535, variant first open case	mathematics	2	statement				number theory,first,large,should,sufficiently	open	https://github.com/google-deepmind/formal-conjectures/blob/main/FormalConjectures/ErdosProblems/535.lean	Apache-2.0
fc-erdosproblems-535-erdos-535-erdos-upper-bound	Erdős problem 535, variant erdos upper bound	mathematics	2	statement				number theory,erdős problem,mathematics,solved,formal conjectures	solved	https://github.com/google-deepmind/formal-conjectures/blob/main/FormalConjectures/ErdosProblems/535.lean	Apache-2.0
fc-erdosproblems-535-erdos-535-lower-bound	Erdős problem 535, variant lower bound	mathematics	2	statement				number theory,constant,erdős problem,mathematics,solved	solved	https://github.com/google-deepmind/formal-conjectures/blob/main/FormalConjectures/ErdosProblems/535.lean	Apache-2.0
fc-erdosproblems-535-erdos-535-abbott-hanson	Erdős problem 535, variant abbott hanson	mathematics	2	statement				number theory,abbott,bound,hanson,improved	solved	https://github.com/google-deepmind/formal-conjectures/blob/main/FormalConjectures/ErdosProblems/535.lean	Apache-2.0
fc-erdosproblems-535-erdos-535-sunflower-strong	Erdős problem 535, variant sunflower strong	mathematics	2	statement				number theory,stronger,abbott,auxiliary,bound	open	https://github.com/google-deepmind/formal-conjectures/blob/main/FormalConjectures/ErdosProblems/535.lean	Apache-2.0
fc-erdosproblems-535-erdos-535-sunflower-erdos-rado	Erdős problem 535, variant sunflower erdos rado	mathematics	2	statement				number theory,above,bound,gives,method	solved	https://github.com/google-deepmind/formal-conjectures/blob/main/FormalConjectures/ErdosProblems/535.lean	Apache-2.0
fc-erdosproblems-536-erdos-536	Erdős problem 536	mathematics	3	statement				number theory,least,common,denotes,distinct	open	https://github.com/google-deepmind/formal-conjectures/blob/main/FormalConjectures/ErdosProblems/536.lean	Apache-2.0
fc-erdosproblems-537-erdos-537	Erdős problem 537	mathematics	3	proved				number theory,distinct,hence,large,positive	solved	https://github.com/google-deepmind/formal-conjectures/blob/main/FormalConjectures/ErdosProblems/537.lean	Apache-2.0
fc-erdosproblems-538-erdos-538	Erdős problem 538	mathematics	3	statement				number theory,bound,order,possible,upper	open	https://github.com/google-deepmind/formal-conjectures/blob/main/FormalConjectures/ErdosProblems/538.lean	Apache-2.0
fc-erdosproblems-538-erdos-538-matching-order	Erdős problem 538, matching order	mathematics	3	proved				number theory,order,bound,upper,achieving	solved	https://github.com/google-deepmind/formal-conjectures/blob/main/FormalConjectures/ErdosProblems/538.lean	Apache-2.0
fc-erdosproblems-539-erdos-539	Erdős problem 539	mathematics	3	statement				number theory,estimate,least,maximal,right	open	https://github.com/google-deepmind/formal-conjectures/blob/main/FormalConjectures/ErdosProblems/539.lean	Apache-2.0
fc-erdosproblems-539-erdos-539-sq	Erdős problem 539, variant sq	mathematics	2	proved				number theory,least,maximal,right,erdős problem	solved	https://github.com/google-deepmind/formal-conjectures/blob/main/FormalConjectures/ErdosProblems/539.lean	Apache-2.0
fc-erdosproblems-539-erdos-539-sq-isbigo	Erdős problem 539, variant sq isBigO	mathematics	2	statement				number theory,szemer,erdős problem,mathematics,solved	solved	https://github.com/google-deepmind/formal-conjectures/blob/main/FormalConjectures/ErdosProblems/539.lean	Apache-2.0
fc-erdosproblems-539-erdos-539-isbigo-sq	Erdős problem 539, variant isBigO sq	mathematics	2	proved				number theory,erdős problem,mathematics,solved,formal conjectures	solved	https://github.com/google-deepmind/formal-conjectures/blob/main/FormalConjectures/ErdosProblems/539.lean	Apache-2.0
fc-erdosproblems-539-erdos-539-sq-cube-root	Erdős problem 539, variant sq cube root	mathematics	2	proved				number theory,answer,least,linked,maximal	solved	https://github.com/google-deepmind/formal-conjectures/blob/main/FormalConjectures/ErdosProblems/539.lean	Apache-2.0
fc-erdosproblems-539-erdos-539-isbigo-sq-cube-root	Erdős problem 539, variant isBigO sq cube root	mathematics	2	statement				number theory,granville,roesler,erdős problem,mathematics	solved	https://github.com/google-deepmind/formal-conjectures/blob/main/FormalConjectures/ErdosProblems/539.lean	Apache-2.0
fc-erdosproblems-539-erdos-539-sq-cube-root-isbigo	Erdős problem 539, variant sq cube root isBigO	mathematics	2	proved				number theory,bound,linked,lower,theorem	solved	https://github.com/google-deepmind/formal-conjectures/blob/main/FormalConjectures/ErdosProblems/539.lean	Apache-2.0
fc-erdosproblems-539-erdos-539-limit	Erdős problem 539, variant limit	mathematics	2	proved				number theory,determination,difficult,infty,limit	solved	https://github.com/google-deepmind/formal-conjectures/blob/main/FormalConjectures/ErdosProblems/539.lean	Apache-2.0
fc-erdosproblems-540-erdos-540	Erdős problem 540	mathematics	3	proved				number theory,abelian,answer,arbitrary,finite	solved	https://github.com/google-deepmind/formal-conjectures/blob/main/FormalConjectures/ErdosProblems/540.lean	Apache-2.0
fc-erdosproblems-541-erdos-541	Erdős problem 541	mathematics	3	proved				number theory,distinct,residues,alexeev,amongst	solved	https://github.com/google-deepmind/formal-conjectures/blob/main/FormalConjectures/ErdosProblems/541.lean	Apache-2.0
fc-erdosproblems-541-erdos-541-general-moduli	Erdős problem 541, variant general moduli	mathematics	2	statement				number theory,hamidoune,moduli,necessarily,prime	solved	https://github.com/google-deepmind/formal-conjectures/blob/main/FormalConjectures/ErdosProblems/541.lean	Apache-2.0
fc-erdosproblems-541-erdos-541-large-primes	Erdős problem 541, variant large primes	mathematics	2	statement				number theory,large,sufficiently,szemer,erdős problem	solved	https://github.com/google-deepmind/formal-conjectures/blob/main/FormalConjectures/ErdosProblems/541.lean	Apache-2.0
fc-erdosproblems-542-erdos-542-parts-i	Erdős problem 542, i	mathematics	3	proved				number theory,answer,bound,common,demonstrates	solved	https://github.com/google-deepmind/formal-conjectures/blob/main/FormalConjectures/ErdosProblems/542.lean	Apache-2.0
fc-erdosproblems-542-erdos-542-sharp	Erdős problem 542, variant sharp	mathematics	2	proved				number theory,attained,bound,erdős problem,mathematics	solved	https://github.com/google-deepmind/formal-conjectures/blob/main/FormalConjectures/ErdosProblems/542.lean	Apache-2.0
fc-erdosproblems-542-erdos-542-parts-ii	Erdős problem 542, ii	mathematics	3	proved				number theory,answer,divisible,element,excluded	solved	https://github.com/google-deepmind/formal-conjectures/blob/main/FormalConjectures/ErdosProblems/542.lean	Apache-2.0
fc-erdosproblems-542-erdos-542-schinzel-szekeres	Erdős problem 542, variant schinzel szekeres	mathematics	2	proved				number theory,schinzel,szekeres,uncovered,erdős problem	solved	https://github.com/google-deepmind/formal-conjectures/blob/main/FormalConjectures/ErdosProblems/542.lean	Apache-2.0
fc-erdosproblems-542-erdos-542-log-power	Erdős problem 542, variant log power	mathematics	2	statement				number theory,constant,examples,schinzel,szekeres	solved	https://github.com/google-deepmind/formal-conjectures/blob/main/FormalConjectures/ErdosProblems/542.lean	Apache-2.0
fc-erdosproblems-542-erdos-542-chen	Erdős problem 542, variant chen	mathematics	2	statement				number theory,erdős problem,mathematics,solved,formal conjectures	solved	https://github.com/google-deepmind/formal-conjectures/blob/main/FormalConjectures/ErdosProblems/542.lean	Apache-2.0
fc-erdosproblems-542-erdos-542-one-add-little-o	Erdős problem 542, variant one add little o	mathematics	2	statement				number theory,further,speculates,erdős problem,mathematics	open	https://github.com/google-deepmind/formal-conjectures/blob/main/FormalConjectures/ErdosProblems/542.lean	Apache-2.0
fc-erdosproblems-542-erdos-542-only-two	Erdős problem 542, variant only two	mathematics	2	statement				number theory,mentions,schinzel,sequences,szekeres	open	https://github.com/google-deepmind/formal-conjectures/blob/main/FormalConjectures/ErdosProblems/542.lean	Apache-2.0
fc-erdosproblems-544-erdos-544-parts-i	Erdős problem 544, i	mathematics	3	statement				collection,graphs,infty,ramsey,theory	open	https://github.com/google-deepmind/formal-conjectures/blob/main/FormalConjectures/ErdosProblems/544.lean	Apache-2.0
fc-erdosproblems-544-erdos-544-parts-ii	Erdős problem 544, ii	mathematics	3	statement				disprove,similarly,erdős problem,mathematics,open	open	https://github.com/google-deepmind/formal-conjectures/blob/main/FormalConjectures/ErdosProblems/544.lean	Apache-2.0
fc-erdosproblems-545-erdos-545	Erdős problem 545	mathematics	3	statement				edges,graph,large,ramsey,sufficiently	open	https://github.com/google-deepmind/formal-conjectures/blob/main/FormalConjectures/ErdosProblems/545.lean	Apache-2.0
fc-erdosproblems-546-erdos-546	Erdős problem 546	mathematics	3	statement				collection,edges,graph,graphs,isolated	solved	https://github.com/google-deepmind/formal-conjectures/blob/main/FormalConjectures/ErdosProblems/546.lean	Apache-2.0
fc-erdosproblems-547-erdos-547	Erdős problem 547	mathematics	3	statement				collection,graphs,ramsey,theory,vertices	open	https://github.com/google-deepmind/formal-conjectures/blob/main/FormalConjectures/ErdosProblems/547.lean	Apache-2.0
fc-erdosproblems-547-erdos-547-sufficiently-large	Erdős problem 547, variant sufficiently large	mathematics	2	statement				large,satisfies,sufficiently,vertices,erdős problem	solved	https://github.com/google-deepmind/formal-conjectures/blob/main/FormalConjectures/ErdosProblems/547.lean	Apache-2.0
fc-erdosproblems-548-erdos-548	Erdős problem 548	mathematics	3	proved				vertices,contains,edges,graph,least	solved	https://github.com/google-deepmind/formal-conjectures/blob/main/FormalConjectures/ErdosProblems/548.lean	Apache-2.0
fc-erdosproblems-549-erdos-549	Erdős problem 549	mathematics	3	statement				vertices,class,stars,bipartite,centre	solved	https://github.com/google-deepmind/formal-conjectures/blob/main/FormalConjectures/ErdosProblems/549.lean	Apache-2.0
fc-erdosproblems-550-erdos-550	Erdős problem 550	mathematics	3	proved				complete,graph,multipartite,theorem,vertex	solved	https://github.com/google-deepmind/formal-conjectures/blob/main/FormalConjectures/ErdosProblems/550.lean	Apache-2.0
fc-erdosproblems-551-erdos-551	Erdős problem 551	mathematics	3	statement				asked,collection,except,faudree,graphs	open	https://github.com/google-deepmind/formal-conjectures/blob/main/FormalConjectures/ErdosProblems/551.lean	Apache-2.0
fc-erdosproblems-551-erdos-551-sufficiently-large	Erdős problem 551, variant sufficiently large	mathematics	2	statement				large,sufficiently,constant,establishing,identity	solved	https://github.com/google-deepmind/formal-conjectures/blob/main/FormalConjectures/ErdosProblems/551.lean	Apache-2.0
fc-erdosproblems-552-erdos-552-parts-i	Erdős problem 552, i	mathematics	3	statement				ramsey,befrs,collection,determine,faudree	open	https://github.com/google-deepmind/formal-conjectures/blob/main/FormalConjectures/ErdosProblems/552.lean	Apache-2.0
fc-erdosproblems-552-erdos-552-parts-ii	Erdős problem 552, ii	mathematics	3	statement				infinitely,particular,erdős problem,mathematics,open	open	https://github.com/google-deepmind/formal-conjectures/blob/main/FormalConjectures/ErdosProblems/552.lean	Apache-2.0
fc-erdosproblems-559-erdos-559	Erdős problem 559	mathematics	3	proved				degree,edges,graph,maximum,ramsey	solved	https://github.com/google-deepmind/formal-conjectures/blob/main/FormalConjectures/ErdosProblems/559.lean	Apache-2.0
fc-erdosproblems-559-erdos-559-degree-three	Erdős problem 559, variant degree three	mathematics	2	proved				already,bound,degree,disproved,linear	solved	https://github.com/google-deepmind/formal-conjectures/blob/main/FormalConjectures/ErdosProblems/559.lean	Apache-2.0
fc-erdosproblems-559-erdos-559-rodl-szemeredi	Erdős problem 559, variant rodl szemeredi	mathematics	2	statement				absolute,constant,constructed,degree,graph	solved	https://github.com/google-deepmind/formal-conjectures/blob/main/FormalConjectures/ErdosProblems/559.lean	Apache-2.0
fc-erdosproblems-559-erdos-559-tikhomirov	Erdős problem 559, variant tikhomirov	mathematics	2	statement				improved,tikhomirov,erdős problem,mathematics,solved	solved	https://github.com/google-deepmind/formal-conjectures/blob/main/FormalConjectures/ErdosProblems/559.lean	Apache-2.0
fc-erdosproblems-559-erdos-559-trees	Erdős problem 559, variant trees	mathematics	2	statement				bound,friedman,linear,pippenger,erdős problem	solved	https://github.com/google-deepmind/formal-conjectures/blob/main/FormalConjectures/ErdosProblems/559.lean	Apache-2.0
fc-erdosproblems-559-erdos-559-draganic-petrova	Erdős problem 559, variant draganic petrova	mathematics	2	statement				bound,degree,dragani,graphs,maximum	solved	https://github.com/google-deepmind/formal-conjectures/blob/main/FormalConjectures/ErdosProblems/559.lean	Apache-2.0
fc-erdosproblems-56-erdos-56	Erdős problem 56	mathematics	3	proved				number theory,prime,avoid,counterexamples,elements	solved	https://github.com/google-deepmind/formal-conjectures/blob/main/FormalConjectures/ErdosProblems/56.lean	Apache-2.0
fc-erdosproblems-562-erdos-562	Erdős problem 562	mathematics	3	statement				hypergraph,uniform,complete,vertices,asymp	open	https://github.com/google-deepmind/formal-conjectures/blob/main/FormalConjectures/ErdosProblems/562.lean	Apache-2.0
fc-erdosproblems-563-erdos-563	Erdős problem 563	mathematics	3	statement				alpha,edges,collection,colour,colouring	open	https://github.com/google-deepmind/formal-conjectures/blob/main/FormalConjectures/ErdosProblems/563.lean	Apache-2.0
fc-erdosproblems-564-erdos-564	Erdős problem 564	mathematics	3	statement				hypergraph,uniform,vertices,coloured,complete	open	https://github.com/google-deepmind/formal-conjectures/blob/main/FormalConjectures/ErdosProblems/564.lean	Apache-2.0
fc-erdosproblems-566-erdos-566	Erdős problem 566	mathematics	3	statement				edges,vertices,subgraph,induced,isolated	open	https://github.com/google-deepmind/formal-conjectures/blob/main/FormalConjectures/ErdosProblems/566.lean	Apache-2.0
fc-erdosproblems-567-erdos-567-parts-i	Erdős problem 567, i	mathematics	3	statement				dimensional,hypercube,linear,ramsey,erdős problem	open	https://github.com/google-deepmind/formal-conjectures/blob/main/FormalConjectures/ErdosProblems/567.lean	Apache-2.0
fc-erdosproblems-567-erdos-567-parts-ii	Erdős problem 567, ii	mathematics	3	statement				linear,ramsey,erdős problem,mathematics,open	open	https://github.com/google-deepmind/formal-conjectures/blob/main/FormalConjectures/ErdosProblems/567.lean	Apache-2.0
fc-erdosproblems-567-erdos-567-parts-iii	Erdős problem 567, iii	mathematics	3	statement				chords,linear,ramsey,vertex-disjoint,erdős problem	open	https://github.com/google-deepmind/formal-conjectures/blob/main/FormalConjectures/ErdosProblems/567.lean	Apache-2.0
fc-erdosproblems-568-erdos-568	Erdős problem 568	mathematics	3	statement				ramsey,vertices,collection,edges,graph	open	https://github.com/google-deepmind/formal-conjectures/blob/main/FormalConjectures/ErdosProblems/568.lean	Apache-2.0
fc-erdosproblems-569-erdos-569	Erdős problem 569	mathematics	3	statement				collection,edges,graph,graphs,isolated	open	https://github.com/google-deepmind/formal-conjectures/blob/main/FormalConjectures/ErdosProblems/569.lean	Apache-2.0
fc-erdosproblems-57-erdos-57	Erdős problem 57	mathematics	3	proved				oddcyclereciprocal,below,chromatic,codex,conclusion	solved	https://github.com/google-deepmind/formal-conjectures/blob/main/FormalConjectures/ErdosProblems/57.lean	Apache-2.0
fc-erdosproblems-570-erdos-570	Erdős problem 570	mathematics	3	statement				cambie,cfmpp,collection,edges,faudree	solved	https://github.com/google-deepmind/formal-conjectures/blob/main/FormalConjectures/ErdosProblems/570.lean	Apache-2.0
fc-erdosproblems-571-erdos-571	Erdős problem 571	mathematics	3	proved				rational,rooted,alpha,arbitrary,asymp	solved	https://github.com/google-deepmind/formal-conjectures/blob/main/FormalConjectures/ErdosProblems/571.lean	Apache-2.0
fc-erdosproblems-572-erdos-572	Erdős problem 572	mathematics	3	statement				collection,extremal,graph,graphs,mathrm	open	https://github.com/google-deepmind/formal-conjectures/blob/main/FormalConjectures/ErdosProblems/572.lean	Apache-2.0
fc-erdosproblems-579-erdos-579	Erdős problem 579	mathematics	3	statement				graph,large,arbitrary,complete,completemultipartitegraph	open	https://github.com/google-deepmind/formal-conjectures/blob/main/FormalConjectures/ErdosProblems/579.lean	Apache-2.0
fc-erdosproblems-579-erdos-579-ehss-large-delta	Erdős problem 579, variant ehss large delta	mathematics	2	statement				least,coefficient,edge-density,edges,erdos	solved	https://github.com/google-deepmind/formal-conjectures/blob/main/FormalConjectures/ErdosProblems/579.lean	Apache-2.0
fc-erdosproblems-58-erdos-58	Erdős problem 58	mathematics	3	statement				contains,bollob,cycles,different,equality	solved	https://github.com/google-deepmind/formal-conjectures/blob/main/FormalConjectures/ErdosProblems/58.lean	Apache-2.0
fc-erdosproblems-581-erdos-581	Erdős problem 581	mathematics	3	proved				edges,graph,bipartite,constants,contain	solved	https://github.com/google-deepmind/formal-conjectures/blob/main/FormalConjectures/ErdosProblems/581.lean	Apache-2.0
fc-erdosproblems-582-erdos-582	Erdős problem 582	mathematics	3	proved				graph,bound,bounds,existence,folkman	solved	https://github.com/google-deepmind/formal-conjectures/blob/main/FormalConjectures/ErdosProblems/582.lean	Apache-2.0
fc-erdosproblems-583-erdos-583	Erdős problem 583	mathematics	3	statement				connected,edge-disjoint,gallai,graph,partitioned	open	https://github.com/google-deepmind/formal-conjectures/blob/main/FormalConjectures/ErdosProblems/583.lean	Apache-2.0
fc-erdosproblems-586-erdos-586	Erdős problem 586	mathematics	3	proved				number theory,moduli,answer,asked,balister	solved	https://github.com/google-deepmind/formal-conjectures/blob/main/FormalConjectures/ErdosProblems/586.lean	Apache-2.0
fc-erdosproblems-587-erdos-587-nguyen-vu	Erdős problem 587, variant nguyen vu	mathematics	2	statement				number theory,nguyen,erdős problem,mathematics,solved	solved	https://github.com/google-deepmind/formal-conjectures/blob/main/FormalConjectures/ErdosProblems/587.lean	Apache-2.0
fc-erdosproblems-590-erdos-590	Erdős problem 590	mathematics	3	proved				chang,colouring,edges,either,infinite	solved	https://github.com/google-deepmind/formal-conjectures/blob/main/FormalConjectures/ErdosProblems/590.lean	Apache-2.0
fc-erdosproblems-590-erdos-590-two	Erdős problem 590, variant two	mathematics	2	statement				colouring,edges,either,specker,erdős problem	solved	https://github.com/google-deepmind/formal-conjectures/blob/main/FormalConjectures/ErdosProblems/590.lean	Apache-2.0
fc-erdosproblems-590-erdos-590-ge-three-false	Erdős problem 590, variant ge three false	mathematics	2	statement				colouring,edges,either,specker,erdős problem	solved	https://github.com/google-deepmind/formal-conjectures/blob/main/FormalConjectures/ErdosProblems/590.lean	Apache-2.0
fc-erdosproblems-590-erdos-590-finite-cardinal	Erdős problem 590, variant finite cardinal	mathematics	2	statement				cardinal,colouring,edges,either,finite	solved	https://github.com/google-deepmind/formal-conjectures/blob/main/FormalConjectures/ErdosProblems/590.lean	Apache-2.0
fc-erdosproblems-591-erdos-591	Erdős problem 591	mathematics	3	statement				colouring,darby,edges,either,independently	solved	https://github.com/google-deepmind/formal-conjectures/blob/main/FormalConjectures/ErdosProblems/591.lean	Apache-2.0
fc-erdosproblems-592-erdos-592	Erdős problem 592	mathematics	3	statement				colouring,countable,determine,edges,either	open	https://github.com/google-deepmind/formal-conjectures/blob/main/FormalConjectures/ErdosProblems/592.lean	Apache-2.0
fc-erdosproblems-593-erdos-593	Erdős problem 593	mathematics	3	statement				graphs,aleph,arxiv,bipartite,claimed	open	https://github.com/google-deepmind/formal-conjectures/blob/main/FormalConjectures/ErdosProblems/593.lean	Apache-2.0
fc-erdosproblems-593-erdos-593-obligatory-implies-two-colorable	Erdős problem 593, variant obligatory implies two colorable	mathematics	2	statement				colorable,obligatory,uniform,chromatic,hypergraph	solved	https://github.com/google-deepmind/formal-conjectures/blob/main/FormalConjectures/ErdosProblems/593.lean	Apache-2.0
fc-erdosproblems-593-erdos-593-two-colorable-implies-obligatory	Erdős problem 593, variant two colorable implies obligatory	mathematics	2	statement				colorable,hypergraph,obligatory,uniform,appear	solved	https://github.com/google-deepmind/formal-conjectures/blob/main/FormalConjectures/ErdosProblems/593.lean	Apache-2.0
fc-erdosproblems-593-erdos-593-common-pair-not-obligatory	Erdős problem 593, variant common pair not obligatory	mathematics	2	statement				triples,appear,arbitrarily,chromatic,commonpair	solved	https://github.com/google-deepmind/formal-conjectures/blob/main/FormalConjectures/ErdosProblems/593.lean	Apache-2.0
fc-erdosproblems-593-erdos-593-graph-case-bipartite-obligatory	Erdős problem 593, variant graph case bipartite obligatory	mathematics	2	statement				graph,bipartite,cardinal,chromatic,embedding	solved	https://github.com/google-deepmind/formal-conjectures/blob/main/FormalConjectures/ErdosProblems/593.lean	Apache-2.0
fc-erdosproblems-593-erdos-593-graph-case-no-odd-cycle	Erdős problem 593, variant graph case no odd cycle	mathematics	2	statement				cycle,graph,graphs,obligatory,analogue	solved	https://github.com/google-deepmind/formal-conjectures/blob/main/FormalConjectures/ErdosProblems/593.lean	Apache-2.0
fc-erdosproblems-594-erdos-594	Erdős problem 594	mathematics	3	proved				chromatic,graph,hajnal,admits,answer	solved	https://github.com/google-deepmind/formal-conjectures/blob/main/FormalConjectures/ErdosProblems/594.lean	Apache-2.0
fc-erdosproblems-594-erdos-594-erdos-hajnal	Erdős problem 594, variant erdos hajnal	mathematics	2	statement				chromatic,colouring,colours,contains,cycles	solved	https://github.com/google-deepmind/formal-conjectures/blob/main/FormalConjectures/ErdosProblems/594.lean	Apache-2.0
fc-erdosproblems-595-erdos-595	Erdős problem 595	mathematics	3	statement				countably,graphs,hajnal,triangle-free,union	open	https://github.com/google-deepmind/formal-conjectures/blob/main/FormalConjectures/ErdosProblems/595.lean	Apache-2.0
fc-erdosproblems-595-erdos-595-folkman-finite	Erdős problem 595, variant folkman finite	mathematics	2	statement				finite,folkman,graph,graphs,simplegraph	solved	https://github.com/google-deepmind/formal-conjectures/blob/main/FormalConjectures/ErdosProblems/595.lean	Apache-2.0
fc-erdosproblems-596-erdos-596	Erdős problem 596	mathematics	3	statement				graph,hajnal,colouring,edges,monochromatic	open	https://github.com/google-deepmind/formal-conjectures/blob/main/FormalConjectures/ErdosProblems/596.lean	Apache-2.0
fc-erdosproblems-596-erdos-596-exists-exceptional	Erdős problem 596, variant exists exceptional	mathematics	2	statement				direction,erdos,exceptional,hajnal,pairs	solved	https://github.com/google-deepmind/formal-conjectures/blob/main/FormalConjectures/ErdosProblems/596.lean	Apache-2.0
fc-erdosproblems-596-erdos-596-c4-free-countable-escape	Erdős problem 596, variant C4 free countable escape	mathematics	2	statement				countable,trees,acyclic,escape,giving	solved	https://github.com/google-deepmind/formal-conjectures/blob/main/FormalConjectures/ErdosProblems/596.lean	Apache-2.0
fc-erdosproblems-596-erdos-596-c4-c6-finite-ramsey	Erdős problem 596, variant C4 C6 finite ramsey	mathematics	2	statement				cannot,coloured,edges,graph,monochromatic	solved	https://github.com/google-deepmind/formal-conjectures/blob/main/FormalConjectures/ErdosProblems/596.lean	Apache-2.0
fc-erdosproblems-596-erdos-596-c4-c6-is-exceptional	Erdős problem 596, variant C4 C6 is exceptional	mathematics	2	statement				combines,countable,escape,exceptional,finite	solved	https://github.com/google-deepmind/formal-conjectures/blob/main/FormalConjectures/ErdosProblems/596.lean	Apache-2.0
fc-erdosproblems-596-erdos-596-original-conjecture-is-false	Erdős problem 596, variant original conjecture is false	mathematics	2	statement				exceptional,hajnal,original,witnessed,erdős problem	solved	https://github.com/google-deepmind/formal-conjectures/blob/main/FormalConjectures/ErdosProblems/596.lean	Apache-2.0
fc-erdosproblems-596-erdos-596-k4-k3-exceptional-iff	Erdős problem 596, variant K4 K3 exceptional iff	mathematics	2	statement				content,countable,exceptional,finite,folkman	open	https://github.com/google-deepmind/formal-conjectures/blob/main/FormalConjectures/ErdosProblems/596.lean	Apache-2.0
fc-erdosproblems-596-erdos-596-k4-k3-finite-ramsey	Erdős problem 596, variant K4 K3 finite ramsey	mathematics	2	statement				cannot,coloured,edges,folkman,graph	solved	https://github.com/google-deepmind/formal-conjectures/blob/main/FormalConjectures/ErdosProblems/596.lean	Apache-2.0
fc-erdosproblems-598-erdos-598	Erdős problem 598	mathematics	3	statement				cardinal,colours,subsets,colour,contains	open	https://github.com/google-deepmind/formal-conjectures/blob/main/FormalConjectures/ErdosProblems/598.lean	Apache-2.0
fc-erdosproblems-599-erdos-599	Erdős problem 599	mathematics	3	statement				menger,vertex,vertices,aharoni,answer	solved	https://github.com/google-deepmind/formal-conjectures/blob/main/FormalConjectures/ErdosProblems/599.lean	Apache-2.0
fc-erdosproblems-599-erdos-599-aharoni-berger	Erdős problem 599, variant aharoni berger	mathematics	2	statement				aharoni,berger,infinite,theorem,vertex	solved	https://github.com/google-deepmind/formal-conjectures/blob/main/FormalConjectures/ErdosProblems/599.lean	Apache-2.0
fc-erdosproblems-6-erdos-6	Erdős problem 6	mathematics	3	statement				number theory,denotes,function,infinitely,prime	solved	https://github.com/google-deepmind/formal-conjectures/blob/main/FormalConjectures/ErdosProblems/6.lean	Apache-2.0
fc-erdosproblems-6-erdos-6-increasing	Erdős problem 6, variant increasing	mathematics	2	statement				number theory,application,banks,between,bounded	solved	https://github.com/google-deepmind/formal-conjectures/blob/main/FormalConjectures/ErdosProblems/6.lean	Apache-2.0
fc-erdosproblems-6-erdos-6-decreasing	Erdős problem 6, variant decreasing	mathematics	2	statement				number theory,application,banks,between,bounded	solved	https://github.com/google-deepmind/formal-conjectures/blob/main/FormalConjectures/ErdosProblems/6.lean	Apache-2.0
fc-erdosproblems-60-erdos-60	Erdős problem 60	mathematics	3	statement				contain,copies,edges,graph,vertices	open	https://github.com/google-deepmind/formal-conjectures/blob/main/FormalConjectures/ErdosProblems/60.lean	Apache-2.0
fc-erdosproblems-60-erdos-60-he-ma-yang	Erdős problem 60, variant he ma yang	mathematics	2	statement				contains,copies,edges,graph,hemaya	solved	https://github.com/google-deepmind/formal-conjectures/blob/main/FormalConjectures/ErdosProblems/60.lean	Apache-2.0
fc-erdosproblems-60-erdos-60-two-copies	Erdős problem 60, variant two copies	mathematics	2	statement				copies,guaranteed,least,simonovits,erdős problem	solved	https://github.com/google-deepmind/formal-conjectures/blob/main/FormalConjectures/ErdosProblems/60.lean	Apache-2.0
fc-erdosproblems-600-erdos-600-parts-i	Erdős problem 600, i	mathematics	3	statement				erdős problem,mathematics,open,formal conjectures	open	https://github.com/google-deepmind/formal-conjectures/blob/main/FormalConjectures/ErdosProblems/600.lean	Apache-2.0
fc-erdosproblems-600-erdos-600-parts-ii	Erdős problem 600, ii	mathematics	3	statement				erdős problem,mathematics,open,formal conjectures	open	https://github.com/google-deepmind/formal-conjectures/blob/main/FormalConjectures/ErdosProblems/600.lean	Apache-2.0
fc-erdosproblems-600-erdos-600-ruzsa-szemeredi-upper-bound	Erdős problem 600, variant ruzsa szemeredi upper bound	mathematics	2	statement				fixed,ruzsa,szemer,erdős problem,mathematics	solved	https://github.com/google-deepmind/formal-conjectures/blob/main/FormalConjectures/ErdosProblems/600.lean	Apache-2.0
fc-erdosproblems-602-erdos-602	Erdős problem 602	mathematics	3	statement				almost-disjoint,countably,infinite,families,family	open	https://github.com/google-deepmind/formal-conjectures/blob/main/FormalConjectures/ErdosProblems/602.lean	Apache-2.0
fc-erdosproblems-602-erdos-602-disjoint	Erdős problem 602, variant disjoint	mathematics	2	statement				colour,disjoint,pairwise,arbitrarily,assigns	solved	https://github.com/google-deepmind/formal-conjectures/blob/main/FormalConjectures/ErdosProblems/602.lean	Apache-2.0
fc-erdosproblems-602-erdos-602-countable-index	Erdős problem 602, variant countable index	mathematics	2	statement				countable,index,answer,bernstein,condition	solved	https://github.com/google-deepmind/formal-conjectures/blob/main/FormalConjectures/ErdosProblems/602.lean	Apache-2.0
fc-erdosproblems-602-erdos-602-two-sets	Erdős problem 602, variant two sets	mathematics	2	statement				colour,distinct,infinite,intersection,monochromatic	solved	https://github.com/google-deepmind/formal-conjectures/blob/main/FormalConjectures/ErdosProblems/602.lean	Apache-2.0
fc-erdosproblems-602-disjoint-without-infinite-claim-disproof	Erdős problem 602, disproof	mathematics	3	statement				colouring,disjoint,monochromatic,claim,counterexample	solved	https://github.com/google-deepmind/formal-conjectures/blob/main/FormalConjectures/ErdosProblems/602.lean	Apache-2.0
fc-erdosproblems-609-erdos-609	Erdős problem 609	mathematics	3	statement				coloured,colours,cycle,edges,estimate	open	https://github.com/google-deepmind/formal-conjectures/blob/main/FormalConjectures/ErdosProblems/609.lean	Apache-2.0
fc-erdosproblems-61-erdos-61	Erdős problem 61	mathematics	3	statement				above,constant,formulation,hajnal,states	open	https://github.com/google-deepmind/formal-conjectures/blob/main/FormalConjectures/ErdosProblems/61.lean	Apache-2.0
fc-erdosproblems-61-erdos-61-erha89	Erdős problem 61, variant erha89	mathematics	2	statement				hajnal,constant,depending,discrete,ramsey-type	solved	https://github.com/google-deepmind/formal-conjectures/blob/main/FormalConjectures/ErdosProblems/61.lean	Apache-2.0
fc-erdosproblems-61-erdos-61-bnss23	Erdős problem 61, variant bnss23	mathematics	2	statement				nguyen,scott,seymour,constant,depending	solved	https://github.com/google-deepmind/formal-conjectures/blob/main/FormalConjectures/ErdosProblems/61.lean	Apache-2.0
fc-erdosproblems-61-erdos-61-p5	Erdős problem 61, variant p5	mathematics	2	statement				arxiv,nguyen,scott,seymour,vertices	solved	https://github.com/google-deepmind/formal-conjectures/blob/main/FormalConjectures/ErdosProblems/61.lean	Apache-2.0
fc-erdosproblems-61-erdos-61-c5	Erdős problem 61, variant c5	mathematics	2	statement				chudnovsky,scott,seymour,spirkl,clique	solved	https://github.com/google-deepmind/formal-conjectures/blob/main/FormalConjectures/ErdosProblems/61.lean	Apache-2.0
fc-erdosproblems-613-erdos-613	Erdős problem 613	mathematics	3	proved				graph,bipartite,degree,edges,maximum	solved	https://github.com/google-deepmind/formal-conjectures/blob/main/FormalConjectures/ErdosProblems/613.lean	Apache-2.0
fc-erdosproblems-615-erdos-615	Erdős problem 615	mathematics	3	proved				least,vertices,answer,constant,contain	solved	https://github.com/google-deepmind/formal-conjectures/blob/main/FormalConjectures/ErdosProblems/615.lean	Apache-2.0
fc-erdosproblems-615-erdos-615-fox-loh-zhao	Erdős problem 615, variant fox loh zhao	mathematics	2	statement				applied,disproves,disproving,edges,graph	solved	https://github.com/google-deepmind/formal-conjectures/blob/main/FormalConjectures/ErdosProblems/615.lean	Apache-2.0
fc-erdosproblems-615-erdos-615-sudakov	Erdős problem 615, variant sudakov	mathematics	2	statement				complementary,edges,graph,independence,large	solved	https://github.com/google-deepmind/formal-conjectures/blob/main/FormalConjectures/ErdosProblems/615.lean	Apache-2.0
fc-erdosproblems-617-erdos-617	Erdős problem 617	mathematics	3	statement				edges,balanced,colour,coloured,colouring	open	https://github.com/google-deepmind/formal-conjectures/blob/main/FormalConjectures/ErdosProblems/617.lean	Apache-2.0
fc-erdosproblems-617-erdos-617-r-eq-3	Erdős problem 617, variant r eq 3	mathematics	2	statement				erdős problem,mathematics,solved,formal conjectures	solved	https://github.com/google-deepmind/formal-conjectures/blob/main/FormalConjectures/ErdosProblems/617.lean	Apache-2.0
fc-erdosproblems-617-erdos-617-r-eq-4	Erdős problem 617, variant r eq 4	mathematics	2	statement				erdős problem,mathematics,solved,formal conjectures	solved	https://github.com/google-deepmind/formal-conjectures/blob/main/FormalConjectures/ErdosProblems/617.lean	Apache-2.0
fc-erdosproblems-617-erdos-617-r2	Erdős problem 617, variant r2	mathematics	2	statement				fails,infinitely,property,replace,erdős problem	solved	https://github.com/google-deepmind/formal-conjectures/blob/main/FormalConjectures/ErdosProblems/617.lean	Apache-2.0
fc-erdosproblems-618-erdos-618	Erdős problem 618	mathematics	3	proved				degree,maximum,triangle-free,added,affirmative	solved	https://github.com/google-deepmind/formal-conjectures/blob/main/FormalConjectures/ErdosProblems/618.lean	Apache-2.0
fc-erdosproblems-619-erdos-619	Erdős problem 619	mathematics	3	proved				triangle-free,connected,constant,fable,graph	solved	https://github.com/google-deepmind/formal-conjectures/blob/main/FormalConjectures/ErdosProblems/619.lean	Apache-2.0
fc-erdosproblems-619-erdos-619-add-edges-diam-three	Erdős problem 619, variant add edges diam three	mathematics	2	statement				graph,triangle-free,adding,connected,defining	solved	https://github.com/google-deepmind/formal-conjectures/blob/main/FormalConjectures/ErdosProblems/619.lean	Apache-2.0
fc-erdosproblems-619-erdos-619-h-three-le	Erdős problem 619, variant h three le	mathematics	2	statement				connected,graph,ruszink,triangle-free,vertices	solved	https://github.com/google-deepmind/formal-conjectures/blob/main/FormalConjectures/ErdosProblems/619.lean	Apache-2.0
fc-erdosproblems-619-erdos-619-h-five-le	Erdős problem 619, variant h five le	mathematics	2	statement				connected,graph,ruszink,triangle-free,vertices	solved	https://github.com/google-deepmind/formal-conjectures/blob/main/FormalConjectures/ErdosProblems/619.lean	Apache-2.0
fc-erdosproblems-619-erdos-619-h-three-lower	Erdős problem 619, variant h three lower	mathematics	2	statement				connected,constant,graphs,ruszink,triangle-free	solved	https://github.com/google-deepmind/formal-conjectures/blob/main/FormalConjectures/ErdosProblems/619.lean	Apache-2.0
fc-erdosproblems-621-erdos-621	Erdős problem 621	mathematics	3	proved				graph,edges,triangle,alpha,bipartite	solved	https://github.com/google-deepmind/formal-conjectures/blob/main/FormalConjectures/ErdosProblems/621.lean	Apache-2.0
fc-erdosproblems-623-erdos-623	Erdős problem 623	mathematics	3	statement				finite,cardinality,function,independent,infinite	open	https://github.com/google-deepmind/formal-conjectures/blob/main/FormalConjectures/ErdosProblems/623.lean	Apache-2.0
fc-erdosproblems-624-erdos-624	Erdős problem 624	mathematics	3	statement				finite,function,erdős problem,mathematics,open	open	https://github.com/google-deepmind/formal-conjectures/blob/main/FormalConjectures/ErdosProblems/624.lean	Apache-2.0
fc-erdosproblems-628-erdos-628	Erdős problem 628	mathematics	3	statement				chromatic,containing,disjoint,graph,respectively	open	https://github.com/google-deepmind/formal-conjectures/blob/main/FormalConjectures/ErdosProblems/628.lean	Apache-2.0
fc-erdosproblems-628-erdos-628-k-5-a-3-b-3	Erdős problem 628, variant k 5 a 3 b 3	mathematics	2	statement				about,asked,brown,contain,cycles	solved	https://github.com/google-deepmind/formal-conjectures/blob/main/FormalConjectures/ErdosProblems/628.lean	Apache-2.0
fc-erdosproblems-628-erdos-628-quasi-line	Erdős problem 628, variant quasi line	mathematics	2	statement				balogh,graphs,kostochka,prince,quasi-line	solved	https://github.com/google-deepmind/formal-conjectures/blob/main/FormalConjectures/ErdosProblems/628.lean	Apache-2.0
fc-erdosproblems-628-erdos-628-independence-number-2	Erdős problem 628, variant independence number 2	mathematics	2	statement				balogh,graphs,independence,kostochka,prince	solved	https://github.com/google-deepmind/formal-conjectures/blob/main/FormalConjectures/ErdosProblems/628.lean	Apache-2.0
fc-erdosproblems-63-erdos-63	Erdős problem 63	mathematics	3	proved				hascyclelength,infinite,affirmatively,chromatic,codex	solved	https://github.com/google-deepmind/formal-conjectures/blob/main/FormalConjectures/ErdosProblems/63.lean	Apache-2.0
fc-erdosproblems-633-iscuttable-iff-issquare-of-linearindepende	Erdős problem 633	mathematics	3	statement				geometry,angles,congruent,cuttable,independent	solved	https://github.com/google-deepmind/formal-conjectures/blob/main/FormalConjectures/ErdosProblems/633.lean	Apache-2.0
fc-erdosproblems-633-issimilicuttable-of-ne-zero-two-three-five	Erdős problem 633, of ne zero two three five	mathematics	3	statement				geometry,except,similar,simili-cuttable,triangle	solved	https://github.com/google-deepmind/formal-conjectures/blob/main/FormalConjectures/ErdosProblems/633.lean	Apache-2.0
fc-erdosproblems-639-erdos-639	Erdős problem 639	mathematics	3	proved				edges,monochromatic,large,solved,triangle	solved	https://github.com/google-deepmind/formal-conjectures/blob/main/FormalConjectures/ErdosProblems/639.lean	Apache-2.0
fc-erdosproblems-64-erdos-64	Erdős problem 64	mathematics	3	statement				contain,cycle,degree,finite,graph	open	https://github.com/google-deepmind/formal-conjectures/blob/main/FormalConjectures/ErdosProblems/64.lean	Apache-2.0
fc-erdosproblems-645-erdos-645	Erdős problem 645	mathematics	3	proved				number theory,alexeev,always,aristotle,arithmetic	solved	https://github.com/google-deepmind/formal-conjectures/blob/main/FormalConjectures/ErdosProblems/645.lean	Apache-2.0
fc-erdosproblems-646-erdos-646	Erdős problem 646	mathematics	3	proved				number theory,primes,answer,berend,bound	solved	https://github.com/google-deepmind/formal-conjectures/blob/main/FormalConjectures/ErdosProblems/646.lean	Apache-2.0
fc-erdosproblems-647-erdos-647	Erdős problem 647	mathematics	3	statement				number theory,count,divisors,erdős problem,mathematics	open	https://github.com/google-deepmind/formal-conjectures/blob/main/FormalConjectures/ErdosProblems/647.lean	Apache-2.0
fc-erdosproblems-647-erdos-647-twenty-four	Erdős problem 647, variant twenty four	mathematics	2	statement				number theory,erdős problem,mathematics,solved,formal conjectures	solved	https://github.com/google-deepmind/formal-conjectures/blob/main/FormalConjectures/ErdosProblems/647.lean	Apache-2.0
fc-erdosproblems-647-erdos-647-lim	Erdős problem 647, variant lim	mathematics	2	statement				number theory,infty,doubtful,extremely,infinitely	open	https://github.com/google-deepmind/formal-conjectures/blob/main/FormalConjectures/ErdosProblems/647.lean	Apache-2.0
fc-erdosproblems-647-erdos-647-infinite	Erdős problem 647, variant infinite	mathematics	2	statement				number theory,certain,infinitely,seems,erdős problem	open	https://github.com/google-deepmind/formal-conjectures/blob/main/FormalConjectures/ErdosProblems/647.lean	Apache-2.0
fc-erdosproblems-648-erdos-648	Erdős problem 648	mathematics	3	proved				number theory,cambie,factor,greatest,prime	solved	https://github.com/google-deepmind/formal-conjectures/blob/main/FormalConjectures/ErdosProblems/648.lean	Apache-2.0
fc-erdosproblems-649-erdos-649	Erdős problem 649	mathematics	3	proved				number theory,primes,amending,answer,assumes	solved	https://github.com/google-deepmind/formal-conjectures/blob/main/FormalConjectures/ErdosProblems/649.lean	Apache-2.0
fc-erdosproblems-649-erdos-649-tong	Erdős problem 649, variant tong	mathematics	2	statement				number theory,modulo,prime,quadratic,residue	solved	https://github.com/google-deepmind/formal-conjectures/blob/main/FormalConjectures/ErdosProblems/649.lean	Apache-2.0
fc-erdosproblems-649-erdos-649-tong-question	Erdős problem 649, variant tong question	mathematics	2	statement				number theory,infinitely,integer,prime,primes	open	https://github.com/google-deepmind/formal-conjectures/blob/main/FormalConjectures/ErdosProblems/649.lean	Apache-2.0
fc-erdosproblems-65-erdos-65-parts-i	Erdős problem 65, i	mathematics	3	statement				assume,cycles,edges,graph,lengths	solved	https://github.com/google-deepmind/formal-conjectures/blob/main/FormalConjectures/ErdosProblems/65.lean	Apache-2.0
fc-erdosproblems-65-erdos-65-parts-ii	Erdős problem 65, ii	mathematics	3	statement				graph,bipartite,collection,complete,extremal	open	https://github.com/google-deepmind/formal-conjectures/blob/main/FormalConjectures/ErdosProblems/65.lean	Apache-2.0
fc-erdosproblems-650-erdos-650-parts-i	Erdős problem 650, i	mathematics	3	proved				number theory,aristotle,distinct,doorn,bound	solved	https://github.com/google-deepmind/formal-conjectures/blob/main/FormalConjectures/ErdosProblems/650.lean	Apache-2.0
fc-erdosproblems-650-erdos-650-parts-ii	Erdős problem 650, ii	mathematics	3	proved				number theory,aristotle,distinct,doorn,bound	solved	https://github.com/google-deepmind/formal-conjectures/blob/main/FormalConjectures/ErdosProblems/650.lean	Apache-2.0
fc-erdosproblems-650-erdos-650-erdos-suranyi	Erdős problem 650, variant erdos suranyi	mathematics	2	statement				number theory,erdős problem,mathematics,solved,formal conjectures	solved	https://github.com/google-deepmind/formal-conjectures/blob/main/FormalConjectures/ErdosProblems/650.lean	Apache-2.0
fc-erdosproblems-650-erdos-650-erdos-selfridge	Erdős problem 650, variant erdos selfridge	mathematics	2	statement				number theory,implies,selfridge,erdős problem,mathematics	solved	https://github.com/google-deepmind/formal-conjectures/blob/main/FormalConjectures/ErdosProblems/650.lean	Apache-2.0
fc-erdosproblems-653-erdos-653	Erdős problem 653	mathematics	3	statement				convex geometry,cdots,distinct,maximum,ordered	open	https://github.com/google-deepmind/formal-conjectures/blob/main/FormalConjectures/ErdosProblems/653.lean	Apache-2.0
fc-erdosproblems-655-erdos-655	Erdős problem 655	mathematics	3	proved				convex geometry,points,circle,distances,distinct	solved	https://github.com/google-deepmind/formal-conjectures/blob/main/FormalConjectures/ErdosProblems/655.lean	Apache-2.0
fc-erdosproblems-655-erdos-655-general-position	Erdős problem 655, variant general position	mathematics	2	statement				convex geometry,circle,points,assumption,between	open	https://github.com/google-deepmind/formal-conjectures/blob/main/FormalConjectures/ErdosProblems/655.lean	Apache-2.0
fc-erdosproblems-658-erdos-658	Erdős problem 658	mathematics	3	proved				number theory,square,axis-aligned,graham,version	solved	https://github.com/google-deepmind/formal-conjectures/blob/main/FormalConjectures/ErdosProblems/658.lean	Apache-2.0
fc-erdosproblems-659-erdos-659	Erdős problem 659	mathematics	3	statement				convex geometry,distances,points,configuration,noted	solved	https://github.com/google-deepmind/formal-conjectures/blob/main/FormalConjectures/ErdosProblems/659.lean	Apache-2.0
fc-erdosproblems-66-erdos-66	Erdős problem 66	mathematics	3	statement				number theory,infty,erdős problem,mathematics,open	open	https://github.com/google-deepmind/formal-conjectures/blob/main/FormalConjectures/ErdosProblems/66.lean	Apache-2.0
fc-erdosproblems-660-erdos-660	Erdős problem 660	mathematics	3	statement				geometry,convex geometry,convex,distances,distinct	open	https://github.com/google-deepmind/formal-conjectures/blob/main/FormalConjectures/ErdosProblems/660.lean	Apache-2.0
fc-erdosproblems-660-erdos-660-altman-planar	Erdős problem 660, variant altman planar	mathematics	2	statement				geometry,convex geometry,altman,always,distances	solved	https://github.com/google-deepmind/formal-conjectures/blob/main/FormalConjectures/ErdosProblems/660.lean	Apache-2.0
fc-erdosproblems-660-erdos-660-er75f	Erdős problem 660, variant Er75f	mathematics	2	statement				geometry,convex geometry,altman,claims,determine	open	https://github.com/google-deepmind/formal-conjectures/blob/main/FormalConjectures/ErdosProblems/660.lean	Apache-2.0
fc-erdosproblems-664-erdos-664	Erdős problem 664	mathematics	3	proved				answer,constant,intersection,large,non-empty	solved	https://github.com/google-deepmind/formal-conjectures/blob/main/FormalConjectures/ErdosProblems/664.lean	Apache-2.0
fc-erdosproblems-664-erdos-664-two-fifths	Erdős problem 664, variant two fifths	mathematics	2	proved				already,counterexample,works,erdős problem,mathematics	solved	https://github.com/google-deepmind/formal-conjectures/blob/main/FormalConjectures/ErdosProblems/664.lean	Apache-2.0
fc-erdosproblems-664-erdos-664-block-design	Erdős problem 664, variant block design	mathematics	2	statement				condition,although,answer,balanced,being	open	https://github.com/google-deepmind/formal-conjectures/blob/main/FormalConjectures/ErdosProblems/664.lean	Apache-2.0
fc-erdosproblems-666-erdos-666	Erdős problem 666	mathematics	3	proved				edges,answer,brouwer,chung,constructed	solved	https://github.com/google-deepmind/formal-conjectures/blob/main/FormalConjectures/ErdosProblems/666.lean	Apache-2.0
fc-erdosproblems-67-erdos-67	Erdős problem 67	mathematics	3	statement				number theory,discrepancy,lvert,right,rvert	solved	https://github.com/google-deepmind/formal-conjectures/blob/main/FormalConjectures/ErdosProblems/67.lean	Apache-2.0
fc-erdosproblems-67-erdos-67-complex	Erdős problem 67, variant complex	mathematics	2	statement				number theory,complex,discrepancy,lvert,right	solved	https://github.com/google-deepmind/formal-conjectures/blob/main/FormalConjectures/ErdosProblems/67.lean	Apache-2.0
fc-erdosproblems-672-erdos-672	Erdős problem 672	mathematics	3	statement				number theory,arithmetic,believed,erdos,integers	open	https://github.com/google-deepmind/formal-conjectures/blob/main/FormalConjectures/ErdosProblems/672.lean	Apache-2.0
fc-erdosproblems-672-erdos-672-euler	Erdős problem 672, variant euler	mathematics	2	proved				number theory,according,euler,https,erdős problem	solved	https://github.com/google-deepmind/formal-conjectures/blob/main/FormalConjectures/ErdosProblems/672.lean	Apache-2.0
fc-erdosproblems-672-erdos-672-oblath	Erdős problem 672, variant oblath	mathematics	2	statement				number theory,according,aufeinander,bemerkung,folgender	solved	https://github.com/google-deepmind/formal-conjectures/blob/main/FormalConjectures/ErdosProblems/672.lean	Apache-2.0
fc-erdosproblems-673-erdos-673-parts-i	Erdős problem 673, i	mathematics	3	proved				number theory,almost,answer,behaves,divisors	solved	https://github.com/google-deepmind/formal-conjectures/blob/main/FormalConjectures/ErdosProblems/673.lean	Apache-2.0
fc-erdosproblems-673-erdos-673-parts-ii	Erdős problem 673, ii	mathematics	3	proved				number theory,asymptotic,formula,indeed,erdős problem	solved	https://github.com/google-deepmind/formal-conjectures/blob/main/FormalConjectures/ErdosProblems/673.lean	Apache-2.0
fc-erdosproblems-673-erdos-673-average	Erdős problem 673, variant average	mathematics	2	proved				number theory,writes,erdős problem,mathematics,solved	solved	https://github.com/google-deepmind/formal-conjectures/blob/main/FormalConjectures/ErdosProblems/673.lean	Apache-2.0
fc-erdosproblems-674-erdos-674	Erdős problem 674	mathematics	3	proved				number theory,solutions,example,general,infinitely	solved	https://github.com/google-deepmind/formal-conjectures/blob/main/FormalConjectures/ErdosProblems/674.lean	Apache-2.0
fc-erdosproblems-674-erdos-674-infinite	Erdős problem 674, variant infinite	mathematics	2	proved				number theory,infinitely,integer,solutions,erdős problem	solved	https://github.com/google-deepmind/formal-conjectures/blob/main/FormalConjectures/ErdosProblems/674.lean	Apache-2.0
fc-erdosproblems-677-erdos-677	Erdős problem 677	mathematics	3	statement				number theory,common,denote,finite,least	open	https://github.com/google-deepmind/formal-conjectures/blob/main/FormalConjectures/ErdosProblems/677.lean	Apache-2.0
fc-erdosproblems-678-erdos-678	Erdős problem 678	mathematics	3	proved				number theory,infinitely,least,cambie,common	solved	https://github.com/google-deepmind/formal-conjectures/blob/main/FormalConjectures/ErdosProblems/678.lean	Apache-2.0
fc-erdosproblems-678-erdos-678-infinitely-many-triples	Erdős problem 678, variant infinitely many triples	mathematics	2	proved				number theory,allowed,answers,cambie,infinite	solved	https://github.com/google-deepmind/formal-conjectures/blob/main/FormalConjectures/ErdosProblems/678.lean	Apache-2.0
fc-erdosproblems-678-erdos-678-not-infinitely-many-pairs	Erdős problem 678, variant not infinitely many pairs	mathematics	2	proved				number theory,large,pairs,asking,bounds	solved	https://github.com/google-deepmind/formal-conjectures/blob/main/FormalConjectures/ErdosProblems/678.lean	Apache-2.0
fc-erdosproblems-68-erdos-68	Erdős problem 68	mathematics	3	statement				number theory,infty,irrational,erdős problem,mathematics	open	https://github.com/google-deepmind/formal-conjectures/blob/main/FormalConjectures/ErdosProblems/68.lean	Apache-2.0
fc-erdosproblems-680-erdos-680-parts-i	Erdős problem 680, i	mathematics	3	statement				number theory,denotes,factor,large,least	open	https://github.com/google-deepmind/formal-conjectures/blob/main/FormalConjectures/ErdosProblems/680.lean	Apache-2.0
fc-erdosproblems-680-erdos-680-parts-ii	Erdős problem 680, ii	mathematics	3	statement				number theory,constant,replace,erdős problem,mathematics	open	https://github.com/google-deepmind/formal-conjectures/blob/main/FormalConjectures/ErdosProblems/680.lean	Apache-2.0
fc-erdosproblems-681-erdos-681	Erdős problem 681	mathematics	3	statement				number theory,composite,factor,large,least	open	https://github.com/google-deepmind/formal-conjectures/blob/main/FormalConjectures/ErdosProblems/681.lean	Apache-2.0
fc-erdosproblems-682-erdos-682	Erdős problem 682	mathematics	3	proved				number theory,affirmative,almost,codex,denotes	solved	https://github.com/google-deepmind/formal-conjectures/blob/main/FormalConjectures/ErdosProblems/682.lean	Apache-2.0
fc-erdosproblems-682-erdos-682-exceptional-count	Erdős problem 682, variant exceptional count	mathematics	2	statement				number theory,exceptional,gafni,theorem,erdős problem	solved	https://github.com/google-deepmind/formal-conjectures/blob/main/FormalConjectures/ErdosProblems/682.lean	Apache-2.0
fc-erdosproblems-683-erdos-683	Erdős problem 683	mathematics	3	statement				number theory,factor,https,prime,bound	open	https://github.com/google-deepmind/formal-conjectures/blob/main/FormalConjectures/ErdosProblems/683.lean	Apache-2.0
fc-erdosproblems-683-erdos-683-variant-sylvester-schur	Erdős problem 683, sylvester schur	mathematics	3	statement				number theory,schur,sylvester,erdős problem,mathematics	solved	https://github.com/google-deepmind/formal-conjectures/blob/main/FormalConjectures/ErdosProblems/683.lean	Apache-2.0
fc-erdosproblems-683-erdos-683-variant-erdos-log	Erdős problem 683, erdos log	mathematics	3	statement				number theory,cannot,dropped,improved,minimum	solved	https://github.com/google-deepmind/formal-conjectures/blob/main/FormalConjectures/ErdosProblems/683.lean	Apache-2.0
fc-erdosproblems-683-erdos-683-variant-exp-sqrt	Erdős problem 683, exp sqrt	mathematics	3	statement				number theory,constant,heuristics,standard,suggest	open	https://github.com/google-deepmind/formal-conjectures/blob/main/FormalConjectures/ErdosProblems/683.lean	Apache-2.0
fc-erdosproblems-686-erdos-686	Erdős problem 686	mathematics	3	statement				number theory,integer,written,erdős problem,mathematics	open	https://github.com/google-deepmind/formal-conjectures/blob/main/FormalConjectures/ErdosProblems/686.lean	Apache-2.0
fc-erdosproblems-686-erdos-686-square	Erdős problem 686, variant square	mathematics	2	statement				number theory,square,written,erdős problem,mathematics	open	https://github.com/google-deepmind/formal-conjectures/blob/main/FormalConjectures/ErdosProblems/686.lean	Apache-2.0
fc-erdosproblems-686-erdos-686-four	Erdős problem 686, variant four	mathematics	2	statement				number theory,written,erdős problem,mathematics,open	open	https://github.com/google-deepmind/formal-conjectures/blob/main/FormalConjectures/ErdosProblems/686.lean	Apache-2.0
fc-erdosproblems-686-erdos-686-four-two	Erdős problem 686, variant four two	mathematics	2	statement				number theory,cannot,written,erdős problem,mathematics	solved	https://github.com/google-deepmind/formal-conjectures/blob/main/FormalConjectures/ErdosProblems/686.lean	Apache-2.0
fc-erdosproblems-686-erdos-686-four-three	Erdős problem 686, variant four three	mathematics	2	statement				number theory,cannot,comment,forum,https	solved	https://github.com/google-deepmind/formal-conjectures/blob/main/FormalConjectures/ErdosProblems/686.lean	Apache-2.0
fc-erdosproblems-686-erdos-686-nine	Erdős problem 686, variant nine	mathematics	2	statement				number theory,written,erdős problem,mathematics,solved	solved	https://github.com/google-deepmind/formal-conjectures/blob/main/FormalConjectures/ErdosProblems/686.lean	Apache-2.0
fc-erdosproblems-686-erdos-686-twenty-five	Erdős problem 686, variant twenty five	mathematics	2	statement				number theory,written,erdős problem,mathematics,open	open	https://github.com/google-deepmind/formal-conjectures/blob/main/FormalConjectures/ErdosProblems/686.lean	Apache-2.0
fc-erdosproblems-686-erdos-686-non-square	Erdős problem 686, variant non square	mathematics	2	statement				number theory,non-square,written,erdős problem,mathematics	solved	https://github.com/google-deepmind/formal-conjectures/blob/main/FormalConjectures/ErdosProblems/686.lean	Apache-2.0
fc-erdosproblems-688-erdos-688-parts-i	Erdős problem 688, i	mathematics	3	statement				number theory,estimate,erdős problem,mathematics,open	open	https://github.com/google-deepmind/formal-conjectures/blob/main/FormalConjectures/ErdosProblems/688.lean	Apache-2.0
fc-erdosproblems-688-erdos-688-parts-ii	Erdős problem 688, ii	mathematics	3	statement				number theory,particular,erdős problem,mathematics,open	open	https://github.com/google-deepmind/formal-conjectures/blob/main/FormalConjectures/ErdosProblems/688.lean	Apache-2.0
fc-erdosproblems-688-erdos-688-lglglg-over-lglg-is-big-o	Erdős problem 688, variant lglglg over lglg is big o	mathematics	2	statement				number theory,claims,difficult,erdős problem,mathematics	solved	https://github.com/google-deepmind/formal-conjectures/blob/main/FormalConjectures/ErdosProblems/688.lean	Apache-2.0
fc-erdosproblems-689-erdos-689	Erdős problem 689	mathematics	3	statement				number theory,choice,class,congruence,congruences	open	https://github.com/google-deepmind/formal-conjectures/blob/main/FormalConjectures/ErdosProblems/689.lean	Apache-2.0
fc-erdosproblems-69-erdos-69-specialisation-of-erdos-257	Erdős problem 69, variant specialisation of erdos 257	mathematics	2	statement				number theory,erdos,observed,omega,since	solved	https://github.com/google-deepmind/formal-conjectures/blob/main/FormalConjectures/ErdosProblems/69.lean	Apache-2.0
fc-erdosproblems-690-erdos-690	Erdős problem 690	mathematics	3	proved				number theory,unimodular,answer,cambie,decreases	solved	https://github.com/google-deepmind/formal-conjectures/blob/main/FormalConjectures/ErdosProblems/690.lean	Apache-2.0
fc-erdosproblems-690-erdos-690-hasdensity	Erdős problem 690, variant hasDensity	mathematics	2	proved				number theory,prime,density,factor,integers	solved	https://github.com/google-deepmind/formal-conjectures/blob/main/FormalConjectures/ErdosProblems/690.lean	Apache-2.0
fc-erdosproblems-690-erdos-690-cambie-unimodal	Erdős problem 690, variant cambie unimodal	mathematics	2	proved				number theory,cambie,shown,unimodular,erdős problem	solved	https://github.com/google-deepmind/formal-conjectures/blob/main/FormalConjectures/ErdosProblems/690.lean	Apache-2.0
fc-erdosproblems-690-erdos-690-cambie-not-unimodal	Erdős problem 690, variant cambie not unimodal	mathematics	2	proved				number theory,cambie,shown,unimodular,erdős problem	solved	https://github.com/google-deepmind/formal-conjectures/blob/main/FormalConjectures/ErdosProblems/690.lean	Apache-2.0
fc-erdosproblems-690-erdos-690-large-k	Erdős problem 690, variant large k	mathematics	2	statement				number theory,unimodular,erdős problem,mathematics,open	open	https://github.com/google-deepmind/formal-conjectures/blob/main/FormalConjectures/ErdosProblems/690.lean	Apache-2.0
fc-erdosproblems-692-erdos-692-parts-i	Erdős problem 692, i	mathematics	3	proved				number theory,aristotle,calculated,cambie,decreases	solved	https://github.com/google-deepmind/formal-conjectures/blob/main/FormalConjectures/ErdosProblems/692.lean	Apache-2.0
fc-erdosproblems-692-erdos-692-parts-ii	Erdős problem 692, ii	mathematics	3	statement				number theory,achieve,density,divisor,exactly	open	https://github.com/google-deepmind/formal-conjectures/blob/main/FormalConjectures/ErdosProblems/692.lean	Apache-2.0
fc-erdosproblems-692-erdos-692-erdos-upper-bound	Erdős problem 692, variant erdos upper bound	mathematics	2	statement				number theory,constant,delta,erdős problem,mathematics	solved	https://github.com/google-deepmind/formal-conjectures/blob/main/FormalConjectures/ErdosProblems/692.lean	Apache-2.0
fc-erdosproblems-692-erdos-692-cambie-three	Erdős problem 692, variant cambie three	mathematics	2	statement				number theory,delta,approx,calculated,cambie	solved	https://github.com/google-deepmind/formal-conjectures/blob/main/FormalConjectures/ErdosProblems/692.lean	Apache-2.0
fc-erdosproblems-692-erdos-692-cambie-local-maxima	Erdős problem 692, variant cambie local maxima	mathematics	2	statement				number theory,local,sequence,values,after	solved	https://github.com/google-deepmind/formal-conjectures/blob/main/FormalConjectures/ErdosProblems/692.lean	Apache-2.0
fc-erdosproblems-694-erdos-694	Erdős problem 694	mathematics	3	statement				number theory,theorem,totient,asked,conditional	solved	https://github.com/google-deepmind/formal-conjectures/blob/main/FormalConjectures/ErdosProblems/694.lean	Apache-2.0
fc-erdosproblems-694-erdos-694-carmichael	Erdős problem 694, variant carmichael	mathematics	2	statement				number theory,asked,carmichael,exactly,integer	open	https://github.com/google-deepmind/formal-conjectures/blob/main/FormalConjectures/ErdosProblems/694.lean	Apache-2.0
fc-erdosproblems-694-erdos-694-inf-unique	Erdős problem 694, variant inf unique	mathematics	2	statement				number theory,exactly,infinitely,integer,solution	solved	https://github.com/google-deepmind/formal-conjectures/blob/main/FormalConjectures/ErdosProblems/694.lean	Apache-2.0
fc-erdosproblems-695-erdos-695	Erdős problem 695	mathematics	3	statement				number theory,infty,primes,sequence,erdős problem	open	https://github.com/google-deepmind/formal-conjectures/blob/main/FormalConjectures/ErdosProblems/695.lean	Apache-2.0
fc-erdosproblems-695-erdos-695-upperbound	Erdős problem 695, variant upperBound	mathematics	2	statement				number theory,primes,sequence,erdős problem,mathematics	open	https://github.com/google-deepmind/formal-conjectures/blob/main/FormalConjectures/ErdosProblems/695.lean	Apache-2.0
fc-erdosproblems-697-density-exists	Erdős problem 697	mathematics	3	statement				number theory,density,divisible,integers,erdős problem	solved	https://github.com/google-deepmind/formal-conjectures/blob/main/FormalConjectures/ErdosProblems/697.lean	Apache-2.0
fc-erdosproblems-697-erdos-697-delta-lt	Erdős problem 697, variant delta lt	mathematics	2	statement				number theory,bound,requires,shows,sides	solved	https://github.com/google-deepmind/formal-conjectures/blob/main/FormalConjectures/ErdosProblems/697.lean	Apache-2.0
fc-erdosproblems-697-erdos-697-parts-i	Erdős problem 697, i	mathematics	3	statement				number theory,erdős problem,mathematics,solved,formal conjectures	solved	https://github.com/google-deepmind/formal-conjectures/blob/main/FormalConjectures/ErdosProblems/697.lean	Apache-2.0
fc-erdosproblems-697-erdos-697-parts-ii	Erdős problem 697, ii	mathematics	3	statement				number theory,erdős problem,mathematics,solved,formal conjectures	solved	https://github.com/google-deepmind/formal-conjectures/blob/main/FormalConjectures/ErdosProblems/697.lean	Apache-2.0
fc-erdosproblems-698-erdos-698	Erdős problem 698	mathematics	3	proved				number theory,binom,bergman,right,textrm	solved	https://github.com/google-deepmind/formal-conjectures/blob/main/FormalConjectures/ErdosProblems/698.lean	Apache-2.0
fc-erdosproblems-698-erdos-698-erdos-szekeres	Erdős problem 698, variant erdos szekeres	mathematics	2	statement				number theory,binom,always,common,divisor	solved	https://github.com/google-deepmind/formal-conjectures/blob/main/FormalConjectures/ErdosProblems/698.lean	Apache-2.0
fc-erdosproblems-698-erdos-698-erdos-szekeres-sharp	Erdős problem 698, variant erdos szekeres sharp	mathematics	2	statement				number theory,inequality,sharp,erdős problem,mathematics	solved	https://github.com/google-deepmind/formal-conjectures/blob/main/FormalConjectures/ErdosProblems/698.lean	Apache-2.0
fc-erdosproblems-698-erdos-698-bergman	Erdős problem 698, variant bergman	mathematics	2	proved				number theory,binom,absolute,bergman,constant	solved	https://github.com/google-deepmind/formal-conjectures/blob/main/FormalConjectures/ErdosProblems/698.lean	Apache-2.0
fc-erdosproblems-699-sylvester-schur	Erdős problem 699	mathematics	3	proved				number theory,choose,dividing,prime,schur	solved	https://github.com/google-deepmind/formal-conjectures/blob/main/FormalConjectures/ErdosProblems/699.lean	Apache-2.0
fc-erdosproblems-7-erdos-7	Erdős problem 7	mathematics	3	statement				number theory,covering,greater,moduli,system	open	https://github.com/google-deepmind/formal-conjectures/blob/main/FormalConjectures/ErdosProblems/7.lean	Apache-2.0
fc-erdosproblems-70-erdos-70	Erdős problem 70	mathematics	3	statement				begins,cases,compare,content,countable	open	https://github.com/google-deepmind/formal-conjectures/blob/main/FormalConjectures/ErdosProblems/70.lean	Apache-2.0
fc-erdosproblems-700-erdos-700-parts-i	Erdős problem 700, i	mathematics	3	statement				number theory,composite,prime,characterisation,characterise	open	https://github.com/google-deepmind/formal-conjectures/blob/main/FormalConjectures/ErdosProblems/700.lean	Apache-2.0
fc-erdosproblems-700-erdos-700-parts-ii	Erdős problem 700, ii	mathematics	3	statement				number theory,infinitely,composite,could,factor	open	https://github.com/google-deepmind/formal-conjectures/blob/main/FormalConjectures/ErdosProblems/700.lean	Apache-2.0
fc-erdosproblems-700-erdos-700-parts-iii	Erdős problem 700, iii	mathematics	3	statement				number theory,composite,bound,constant,depending	open	https://github.com/google-deepmind/formal-conjectures/blob/main/FormalConjectures/ErdosProblems/700.lean	Apache-2.0
fc-erdosproblems-700-erdos-700-prime-pow	Erdős problem 700, variant prime pow	mathematics	2	statement				number theory,prime,particular,power,recorded	solved	https://github.com/google-deepmind/formal-conjectures/blob/main/FormalConjectures/ErdosProblems/700.lean	Apache-2.0
fc-erdosproblems-700-erdos-700-prime-mul	Erdős problem 700, variant prime mul	mathematics	2	statement				number theory,always,distinct,gives,lucas	solved	https://github.com/google-deepmind/formal-conjectures/blob/main/FormalConjectures/ErdosProblems/700.lean	Apache-2.0
fc-erdosproblems-701-erdos-701	Erdős problem 701	mathematics	3	statement				lvert,mathcal,rvert,closed,element	open	https://github.com/google-deepmind/formal-conjectures/blob/main/FormalConjectures/ErdosProblems/701.lean	Apache-2.0
fc-erdosproblems-703-erdos-703	Erdős problem 703	mathematics	3	proved				answer,define,delta,estimate,family	solved	https://github.com/google-deepmind/formal-conjectures/blob/main/FormalConjectures/ErdosProblems/703.lean	Apache-2.0
fc-erdosproblems-703-erdos-703-frankl-furedi	Erdős problem 703, variant frankl furedi	mathematics	2	statement				lvert,rvert,ldots,mathcal,right	solved	https://github.com/google-deepmind/formal-conjectures/blob/main/FormalConjectures/ErdosProblems/703.lean	Apache-2.0
fc-erdosproblems-705-erdos-705	Erdős problem 705	mathematics	3	proved				distance,finite,girth,arbitrarily,chromatic	solved	https://github.com/google-deepmind/formal-conjectures/blob/main/FormalConjectures/ErdosProblems/705.lean	Apache-2.0
fc-erdosproblems-707-erdos-707	Erdős problem 707	mathematics	3	proved				number theory,formalized,alexeev,arxiv,below	solved	https://github.com/google-deepmind/formal-conjectures/blob/main/FormalConjectures/ErdosProblems/707.lean	Apache-2.0
fc-erdosproblems-707-erdos-707-prime-power	Erdős problem 707, variant prime power	mathematics	2	statement				number theory,arxiv,below,counterexample,described	solved	https://github.com/google-deepmind/formal-conjectures/blob/main/FormalConjectures/ErdosProblems/707.lean	Apache-2.0
fc-erdosproblems-707-erdos-707-prime	Erdős problem 707, variant prime	mathematics	2	statement				number theory,arxiv,below,counterexample,described	solved	https://github.com/google-deepmind/formal-conjectures/blob/main/FormalConjectures/ErdosProblems/707.lean	Apache-2.0
fc-erdosproblems-707-erdos-707-counterexample-prime	Erdős problem 707, variant counterexample prime	mathematics	2	statement				number theory,alexeev,arxiv,cannot,difference	solved	https://github.com/google-deepmind/formal-conjectures/blob/main/FormalConjectures/ErdosProblems/707.lean	Apache-2.0
fc-erdosproblems-707-erdos-707-counterexample-mian-chowla	Erdős problem 707, variant counterexample mian chowla	mathematics	2	statement				number theory,difference,perfect,alexeev,arxiv	solved	https://github.com/google-deepmind/formal-conjectures/blob/main/FormalConjectures/ErdosProblems/707.lean	Apache-2.0
fc-erdosproblems-707-erdos-707-counterexample-hall	Erdős problem 707, variant counterexample hall	mathematics	2	statement				number theory,actually,arxiv,asked,before	solved	https://github.com/google-deepmind/formal-conjectures/blob/main/FormalConjectures/ErdosProblems/707.lean	Apache-2.0
fc-erdosproblems-71-erdos-71	Erdős problem 71	mathematics	3	proved				contains,cycle,length,arithmetic,average	solved	https://github.com/google-deepmind/formal-conjectures/blob/main/FormalConjectures/ErdosProblems/71.lean	Apache-2.0
fc-erdosproblems-713-erdos-713-parts-i	Erdős problem 713, i	mathematics	3	statement				alpha,asymptotic,bipartite,condition,degenerate	open	https://github.com/google-deepmind/formal-conjectures/blob/main/FormalConjectures/ErdosProblems/713.lean	Apache-2.0
fc-erdosproblems-713-erdos-713-parts-ii	Erdős problem 713, ii	mathematics	3	statement				canonical,condition,embedding,image,means	open	https://github.com/google-deepmind/formal-conjectures/blob/main/FormalConjectures/ErdosProblems/713.lean	Apache-2.0
fc-erdosproblems-714-erdos-714	Erdős problem 714	mathematics	3	statement				mathrm,erdős problem,mathematics,open,formal conjectures	open	https://github.com/google-deepmind/formal-conjectures/blob/main/FormalConjectures/ErdosProblems/714.lean	Apache-2.0
fc-erdosproblems-72-erdos-72	Erdős problem 72	mathematics	3	proved				average,degree,powers,vertices,almost	solved	https://github.com/google-deepmind/formal-conjectures/blob/main/FormalConjectures/ErdosProblems/72.lean	Apache-2.0
fc-erdosproblems-72-erdos-72-powers-of-two	Erdős problem 72, variant powers of two	mathematics	2	proved				average,constant,contains,cycle,degree	solved	https://github.com/google-deepmind/formal-conjectures/blob/main/FormalConjectures/ErdosProblems/72.lean	Apache-2.0
fc-erdosproblems-720-erdos-720-parts-i	Erdős problem 720, i	mathematics	3	proved				edges,answer,colouring,denote,graph	solved	https://github.com/google-deepmind/formal-conjectures/blob/main/FormalConjectures/ErdosProblems/720.lean	Apache-2.0
fc-erdosproblems-720-erdos-720-parts-ii	Erdős problem 720, ii	mathematics	3	proved				answer,length,erdős problem,mathematics,solved	solved	https://github.com/google-deepmind/formal-conjectures/blob/main/FormalConjectures/ErdosProblems/720.lean	Apache-2.0
fc-erdosproblems-720-erdos-720-parts-iii	Erdős problem 720, iii	mathematics	3	proved				answer,cycle,edges,erdős problem,mathematics	solved	https://github.com/google-deepmind/formal-conjectures/blob/main/FormalConjectures/ErdosProblems/720.lean	Apache-2.0
fc-erdosproblems-720-erdos-720-beck	Erdős problem 720, variant beck	mathematics	2	proved				erdős problem,mathematics,solved,formal conjectures	solved	https://github.com/google-deepmind/formal-conjectures/blob/main/FormalConjectures/ErdosProblems/720.lean	Apache-2.0
fc-erdosproblems-723-erdos-723	Erdős problem 723	mathematics	3	statement				finite,order,plane,power,prime	open	https://github.com/google-deepmind/formal-conjectures/blob/main/FormalConjectures/ErdosProblems/723.lean	Apache-2.0
fc-erdosproblems-723-erdos-723-prime-power-is-projplane-order	Erdős problem 723, variant prime power is projplane order	mathematics	2	statement				always,power,prime,these,erdős problem	solved	https://github.com/google-deepmind/formal-conjectures/blob/main/FormalConjectures/ErdosProblems/723.lean	Apache-2.0
fc-erdosproblems-723-erdos-723-leq-11	Erdős problem 723, variant leq 11	mathematics	2	statement				erdős problem,mathematics,solved,formal conjectures	solved	https://github.com/google-deepmind/formal-conjectures/blob/main/FormalConjectures/ErdosProblems/723.lean	Apache-2.0
fc-erdosproblems-723-erdos-723-eq-12	Erdős problem 723, variant eq 12	mathematics	2	statement				order,plane,projective,erdős problem,mathematics	open	https://github.com/google-deepmind/formal-conjectures/blob/main/FormalConjectures/ErdosProblems/723.lean	Apache-2.0
fc-erdosproblems-723-erdos-723-bruck-ryser	Erdős problem 723, variant bruck ryser	mathematics	2	statement				bruck,ryser,squares,erdős problem,mathematics	solved	https://github.com/google-deepmind/formal-conjectures/blob/main/FormalConjectures/ErdosProblems/723.lean	Apache-2.0
fc-erdosproblems-726-erdos-726	Erdős problem 726	mathematics	3	statement				number theory,before,casting,computed,graham	open	https://github.com/google-deepmind/formal-conjectures/blob/main/FormalConjectures/ErdosProblems/726.lean	Apache-2.0
fc-erdosproblems-726-erdos-726-mertens-estimate	Erdős problem 726, variant mertens estimate	mathematics	2	statement				number theory,classical,estimate,mertens,states	solved	https://github.com/google-deepmind/formal-conjectures/blob/main/FormalConjectures/ErdosProblems/726.lean	Apache-2.0
fc-erdosproblems-727-erdos-727	Erdős problem 727	mathematics	3	statement				number theory,infinitely,erdős problem,mathematics,open	open	https://github.com/google-deepmind/formal-conjectures/blob/main/FormalConjectures/ErdosProblems/727.lean	Apache-2.0
fc-erdosproblems-727-erdos-727-k-2	Erdős problem 727, variant k 2	mathematics	2	statement				number theory,infinitely,erdős problem,mathematics,open	open	https://github.com/google-deepmind/formal-conjectures/blob/main/FormalConjectures/ErdosProblems/727.lean	Apache-2.0
fc-erdosproblems-727-erdos-727-k-1	Erdős problem 727, variant k 1	mathematics	2	statement				number theory,balakran,infinitely,erdős problem,mathematics	solved	https://github.com/google-deepmind/formal-conjectures/blob/main/FormalConjectures/ErdosProblems/727.lean	Apache-2.0
fc-erdosproblems-727-erdos-727-k-1-2	Erdős problem 727, variant k 1 2	mathematics	2	statement				number theory,balakran,further,graham,infinitely	solved	https://github.com/google-deepmind/formal-conjectures/blob/main/FormalConjectures/ErdosProblems/727.lean	Apache-2.0
fc-erdosproblems-728-erdos-728	Erdős problem 728	mathematics	3	proved				number theory,alexeev,answer,appears,aristotle	solved	https://github.com/google-deepmind/formal-conjectures/blob/main/FormalConjectures/ErdosProblems/728.lean	Apache-2.0
fc-erdosproblems-729-erdos-729	Erdős problem 729	mathematics	3	proved				number theory,affirmative,argument,aristotle,barreto	solved	https://github.com/google-deepmind/formal-conjectures/blob/main/FormalConjectures/ErdosProblems/729.lean	Apache-2.0
fc-erdosproblems-73-erdos-73	Erdős problem 73	mathematics	3	proved				graph,subgraph,vertices,alexeev,argument	solved	https://github.com/google-deepmind/formal-conjectures/blob/main/FormalConjectures/ErdosProblems/73.lean	Apache-2.0
fc-erdosproblems-730-erdos-730	Erdős problem 730	mathematics	3	proved				number theory,infinitely,pairs,consecutive,divisors	solved	https://github.com/google-deepmind/formal-conjectures/blob/main/FormalConjectures/ErdosProblems/730.lean	Apache-2.0
fc-erdosproblems-730-erdos-730-delta-ne-one	Erdős problem 730, variant delta ne one	mathematics	2	statement				number theory,alphaproof,already,although,examples	solved	https://github.com/google-deepmind/formal-conjectures/blob/main/FormalConjectures/ErdosProblems/730.lean	Apache-2.0
fc-erdosproblems-74-erdos-74	Erdős problem 74	mathematics	3	proved				chromatic,finite,graph,answer,bipartite	solved	https://github.com/google-deepmind/formal-conjectures/blob/main/FormalConjectures/ErdosProblems/74.lean	Apache-2.0
fc-erdosproblems-74-erdos-74-sqrt	Erdős problem 74, variant sqrt	mathematics	2	statement				bipartite,chromatic,deleting,edges,finite	open	https://github.com/google-deepmind/formal-conjectures/blob/main/FormalConjectures/ErdosProblems/74.lean	Apache-2.0
fc-erdosproblems-740-erdos-740	Erdős problem 740	mathematics	3	statement				chromatic,contain,cardinal,cycle,graph	open	https://github.com/google-deepmind/formal-conjectures/blob/main/FormalConjectures/ErdosProblems/740.lean	Apache-2.0
fc-erdosproblems-741-erdos-741-parts-i	Erdős problem 741, i	mathematics	3	proved				density,positive,upper,agent,always	solved	https://github.com/google-deepmind/formal-conjectures/blob/main/FormalConjectures/ErdosProblems/741.lean	Apache-2.0
fc-erdosproblems-741-erdos-741-lower	Erdős problem 741, variant lower	mathematics	2	statement				density,lower,positive,always,decompose	open	https://github.com/google-deepmind/formal-conjectures/blob/main/FormalConjectures/ErdosProblems/741.lean	Apache-2.0
fc-erdosproblems-741-erdos-741-exact-density	Erdős problem 741, variant exact density	mathematics	2	proved				density,positive,sense,agent,always	solved	https://github.com/google-deepmind/formal-conjectures/blob/main/FormalConjectures/ErdosProblems/741.lean	Apache-2.0
fc-erdosproblems-741-erdos-741-parts-ii	Erdős problem 741, ii	mathematics	3	proved				agent,basis,bounded,cannot,deepmind	solved	https://github.com/google-deepmind/formal-conjectures/blob/main/FormalConjectures/ErdosProblems/741.lean	Apache-2.0
fc-erdosproblems-742-erdos-742	Erdős problem 742	mathematics	3	statement				diameter,graph,balanced,bipartite,check	open	https://github.com/google-deepmind/formal-conjectures/blob/main/FormalConjectures/ErdosProblems/742.lean	Apache-2.0
fc-erdosproblems-748-erdos-748	Erdős problem 748	mathematics	3	proved				number theory,cameron,contains,count,formalised	solved	https://github.com/google-deepmind/formal-conjectures/blob/main/FormalConjectures/ErdosProblems/748.lean	Apache-2.0
fc-erdosproblems-748-erdos-748-green-sapozhenko	Erdős problem 748, variant green sapozhenko	mathematics	2	statement				number theory,green,sapozhenko,erdős problem,mathematics	solved	https://github.com/google-deepmind/formal-conjectures/blob/main/FormalConjectures/ErdosProblems/748.lean	Apache-2.0
fc-erdosproblems-748-erdos-748-asymptotic	Erdős problem 748, variant asymptotic	mathematics	2	statement				number theory,asymptotic,depending,green,parity	solved	https://github.com/google-deepmind/formal-conjectures/blob/main/FormalConjectures/ErdosProblems/748.lean	Apache-2.0
fc-erdosproblems-749-erdos-749	Erdős problem 749	mathematics	3	statement				number theory,density,least,lower,erdős problem	open	https://github.com/google-deepmind/formal-conjectures/blob/main/FormalConjectures/ErdosProblems/749.lean	Apache-2.0
fc-erdosproblems-75-erdos-75	Erdős problem 75	mathematics	3	statement				vertices,chromatic,contains,graph,independent	open	https://github.com/google-deepmind/formal-conjectures/blob/main/FormalConjectures/ErdosProblems/75.lean	Apache-2.0
fc-erdosproblems-750-erdos-750-stiebitz	Erdős problem 750, variant stiebitz	mathematics	2	statement				chromatic,ahead,already,assumes,assuming	solved	https://github.com/google-deepmind/formal-conjectures/blob/main/FormalConjectures/ErdosProblems/750.lean	Apache-2.0
fc-erdosproblems-750-erdos-750	Erdős problem 750	mathematics	3	proved				graph,vertices,chromatic,function,infinite	solved	https://github.com/google-deepmind/formal-conjectures/blob/main/FormalConjectures/ErdosProblems/750.lean	Apache-2.0
fc-erdosproblems-750-erdos-750-epsilon	Erdős problem 750, variant epsilon	mathematics	2	statement				conjectures,described,fixed,follows,hajnal	solved	https://github.com/google-deepmind/formal-conjectures/blob/main/FormalConjectures/ErdosProblems/750.lean	Apache-2.0
fc-erdosproblems-750-erdos-750-c-gt-quarter	Erdős problem 750, variant c gt quarter	mathematics	2	statement				hajnal,erdős problem,mathematics,solved,formal conjectures	solved	https://github.com/google-deepmind/formal-conjectures/blob/main/FormalConjectures/ErdosProblems/750.lean	Apache-2.0
fc-erdosproblems-751-erdos-751-parts-i	Erdős problem 751, i	mathematics	3	statement				cycles,graph,finite,bruijn-erd,chromatic	solved	https://github.com/google-deepmind/formal-conjectures/blob/main/FormalConjectures/ErdosProblems/751.lean	Apache-2.0
fc-erdosproblems-751-erdos-751-parts-ii	Erdős problem 751, ii	mathematics	3	statement				graph,chromatic,cycles,large,lengths	solved	https://github.com/google-deepmind/formal-conjectures/blob/main/FormalConjectures/ErdosProblems/751.lean	Apache-2.0
fc-erdosproblems-751-erdos-751-bondy-vince	Erdős problem 751, variant bondy vince	mathematics	2	statement				bondy,cycles,degree,differ,graph	solved	https://github.com/google-deepmind/formal-conjectures/blob/main/FormalConjectures/ErdosProblems/751.lean	Apache-2.0
fc-erdosproblems-751-erdos-751-finite	Erdős problem 751, variant finite	mathematics	2	proved				degree,erdos,finite,minimum,alone	solved	https://github.com/google-deepmind/formal-conjectures/blob/main/FormalConjectures/ErdosProblems/751.lean	Apache-2.0
fc-erdosproblems-753-erdos-753	Erdős problem 753	mathematics	3	proved				vertices,colours,constant,different,graph	solved	https://github.com/google-deepmind/formal-conjectures/blob/main/FormalConjectures/ErdosProblems/753.lean	Apache-2.0
fc-erdosproblems-753-erdos-753-alon	Erdős problem 753, variant alon	mathematics	2	statement				absolute,constant,graph,implied,vertices	solved	https://github.com/google-deepmind/formal-conjectures/blob/main/FormalConjectures/ErdosProblems/753.lean	Apache-2.0
fc-erdosproblems-755-erdos-755	Erdős problem 755	mathematics	3	proved				convex geometry,equilateral,triangles,any-size,asked	solved	https://github.com/google-deepmind/formal-conjectures/blob/main/FormalConjectures/ErdosProblems/755.lean	Apache-2.0
fc-erdosproblems-755-erdos-755-any-size-cdl	Erdős problem 755, variant any size cdl	mathematics	2	statement				convex geometry,clemen,counted,dumitrescu,equilateral	solved	https://github.com/google-deepmind/formal-conjectures/blob/main/FormalConjectures/ErdosProblems/755.lean	Apache-2.0
fc-erdosproblems-756-erdos-756	Erdős problem 756	mathematics	3	statement				convex geometry,distances,points,answer,bhowmick	solved	https://github.com/google-deepmind/formal-conjectures/blob/main/FormalConjectures/ErdosProblems/756.lean	Apache-2.0
fc-erdosproblems-756-erdos-756-bhowmick	Erdős problem 756, variant bhowmick	mathematics	2	proved				convex geometry,bhowmick,constructs,distances,least	solved	https://github.com/google-deepmind/formal-conjectures/blob/main/FormalConjectures/ErdosProblems/756.lean	Apache-2.0
fc-erdosproblems-756-erdos-756-bhowmick-general	Erdős problem 756, variant bhowmick general	mathematics	2	statement				convex geometry,construct,distances,generally,integer	solved	https://github.com/google-deepmind/formal-conjectures/blob/main/FormalConjectures/ErdosProblems/756.lean	Apache-2.0
fc-erdosproblems-757-erdos-757	Erdős problem 757	mathematics	3	statement				admissible,supremum,erdős problem,mathematics,open	open	https://github.com/google-deepmind/formal-conjectures/blob/main/FormalConjectures/ErdosProblems/757.lean	Apache-2.0
fc-erdosproblems-757-erdos-757-lowerbound	Erdős problem 757, variant lowerBound	mathematics	2	statement				larger,strictly,supremum,erdős problem,mathematics	solved	https://github.com/google-deepmind/formal-conjectures/blob/main/FormalConjectures/ErdosProblems/757.lean	Apache-2.0
fc-erdosproblems-757-erdos-757-upperbound	Erdős problem 757, variant upperBound	mathematics	2	statement				authors,smaller,supremum,erdős problem,mathematics	solved	https://github.com/google-deepmind/formal-conjectures/blob/main/FormalConjectures/ErdosProblems/757.lean	Apache-2.0
fc-erdosproblems-760-erdos-760	Erdős problem 760	mathematics	3	proved				graph,colour,complete,subgraph,answer	solved	https://github.com/google-deepmind/formal-conjectures/blob/main/FormalConjectures/ErdosProblems/760.lean	Apache-2.0
fc-erdosproblems-760-erdos-760-erdos-gimbel	Erdős problem 760, variant erdos gimbel	mathematics	2	statement				gimbel,right,subgraph,erdős problem,mathematics	solved	https://github.com/google-deepmind/formal-conjectures/blob/main/FormalConjectures/ErdosProblems/760.lean	Apache-2.0
fc-erdosproblems-762-erdos-762	Erdős problem 762	mathematics	3	proved				graph,colour,class,cochromatic,colours	solved	https://github.com/google-deepmind/formal-conjectures/blob/main/FormalConjectures/ErdosProblems/762.lean	Apache-2.0
fc-erdosproblems-762-erdos-762-bounded-clique-number	Erdős problem 762, variant bounded clique number	mathematics	2	statement				clique,contains,gimbel,straight,vertices	solved	https://github.com/google-deepmind/formal-conjectures/blob/main/FormalConjectures/ErdosProblems/762.lean	Apache-2.0
fc-erdosproblems-762-erdos-762-steiner	Erdős problem 762, variant steiner	mathematics	2	statement				constructed,disproved,graph,steiner,erdős problem	solved	https://github.com/google-deepmind/formal-conjectures/blob/main/FormalConjectures/ErdosProblems/762.lean	Apache-2.0
fc-erdosproblems-763-erdos-763	Erdős problem 763	mathematics	3	proved				number theory,answer,constant,error,fuchs	solved	https://github.com/google-deepmind/formal-conjectures/blob/main/FormalConjectures/ErdosProblems/763.lean	Apache-2.0
fc-erdosproblems-763-erdos-763-erdos-fuchs	Erdős problem 763, variant erdos fuchs	mathematics	2	statement				number theory,fuchs,impossible,erdős problem,mathematics	solved	https://github.com/google-deepmind/formal-conjectures/blob/main/FormalConjectures/ErdosProblems/763.lean	Apache-2.0
fc-erdosproblems-763-erdos-763-montgomery-vaughan	Erdős problem 763, variant montgomery vaughan	mathematics	2	statement				number theory,impossible,jurkat,montgomery,unpublished	solved	https://github.com/google-deepmind/formal-conjectures/blob/main/FormalConjectures/ErdosProblems/763.lean	Apache-2.0
fc-erdosproblems-764-erdos-764	Erdős problem 764	mathematics	3	proved				number theory,vaughan,answer,applies,constant	solved	https://github.com/google-deepmind/formal-conjectures/blob/main/FormalConjectures/ErdosProblems/764.lean	Apache-2.0
fc-erdosproblems-764-erdos-764-vaughan	Erdős problem 764, variant vaughan	mathematics	2	statement				number theory,impossible,vaughan,erdős problem,mathematics	solved	https://github.com/google-deepmind/formal-conjectures/blob/main/FormalConjectures/ErdosProblems/764.lean	Apache-2.0
fc-erdosproblems-765-erdos-765	Erdős problem 765	mathematics	3	proved				reiman,asymptotic,bound,brown,construction	solved	https://github.com/google-deepmind/formal-conjectures/blob/main/FormalConjectures/ErdosProblems/765.lean	Apache-2.0
fc-erdosproblems-765-erdos-765-second-term	Erdős problem 765, variant second term	mathematics	2	statement				absolute,bound,constant,density,having	solved	https://github.com/google-deepmind/formal-conjectures/blob/main/FormalConjectures/ErdosProblems/765.lean	Apache-2.0
fc-erdosproblems-767-erdos-767	Erdős problem 767	mathematics	3	proved				cycle,answer,chords,contain,edges	solved	https://github.com/google-deepmind/formal-conjectures/blob/main/FormalConjectures/ErdosProblems/767.lean	Apache-2.0
fc-erdosproblems-767-erdos-767-czipszer	Erdős problem 767, variant czipszer	mathematics	2	statement				czipszer,erdős problem,mathematics,solved,formal conjectures	solved	https://github.com/google-deepmind/formal-conjectures/blob/main/FormalConjectures/ErdosProblems/767.lean	Apache-2.0
fc-erdosproblems-767-erdos-767-posa	Erdős problem 767, variant posa	mathematics	2	statement				erdős problem,mathematics,solved,formal conjectures	solved	https://github.com/google-deepmind/formal-conjectures/blob/main/FormalConjectures/ErdosProblems/767.lean	Apache-2.0
fc-erdosproblems-769-erdos-769	Erdős problem 769	mathematics	3	proved				convex geometry,bounds,cubes,dimensional,homothetic	solved	https://github.com/google-deepmind/formal-conjectures/blob/main/FormalConjectures/ErdosProblems/769.lean	Apache-2.0
fc-erdosproblems-769-erdos-769-growth-rate	Erdős problem 769, variant growth rate	mathematics	2	statement				convex geometry,cutoff,asked,bounds,condition	open	https://github.com/google-deepmind/formal-conjectures/blob/main/FormalConjectures/ErdosProblems/769.lean	Apache-2.0
fc-erdosproblems-77-erdos-77	Erdős problem 77	mathematics	3	statement				ramsey,collection,colouring,contains,edges	open	https://github.com/google-deepmind/formal-conjectures/blob/main/FormalConjectures/ErdosProblems/77.lean	Apache-2.0
fc-erdosproblems-770-erdos-770-parts-i	Erdős problem 770, i	mathematics	3	statement				number theory,density,integers,prime,erdős problem	open	https://github.com/google-deepmind/formal-conjectures/blob/main/FormalConjectures/ErdosProblems/770.lean	Apache-2.0
fc-erdosproblems-770-erdos-770-parts-ii	Erdős problem 770, ii	mathematics	3	statement				number theory,liminf,erdős problem,mathematics,open	open	https://github.com/google-deepmind/formal-conjectures/blob/main/FormalConjectures/ErdosProblems/770.lean	Apache-2.0
fc-erdosproblems-770-erdos-770-parts-iii	Erdős problem 770, iii	mathematics	3	statement				number theory,greatest,prime,erdős problem,mathematics	open	https://github.com/google-deepmind/formal-conjectures/blob/main/FormalConjectures/ErdosProblems/770.lean	Apache-2.0
fc-erdosproblems-770-erdos-770-three	Erdős problem 770, variant three	mathematics	2	statement				number theory,infinitely,probably,erdős problem,mathematics	open	https://github.com/google-deepmind/formal-conjectures/blob/main/FormalConjectures/ErdosProblems/770.lean	Apache-2.0
fc-erdosproblems-772-erdos-772-parts-i	Erdős problem 772, i	mathematics	3	proved				number theory,answer,contains,least,maximal	solved	https://github.com/google-deepmind/formal-conjectures/blob/main/FormalConjectures/ErdosProblems/772.lean	Apache-2.0
fc-erdosproblems-772-erdos-772-parts-ii	Erdős problem 772, ii	mathematics	3	proved				number theory,answer,constant,erdős problem,mathematics	solved	https://github.com/google-deepmind/formal-conjectures/blob/main/FormalConjectures/ErdosProblems/772.lean	Apache-2.0
fc-erdosproblems-772-erdos-772-alon-erdos	Erdős problem 772, variant alon erdos	mathematics	2	statement				number theory,erdős problem,mathematics,solved,formal conjectures	solved	https://github.com/google-deepmind/formal-conjectures/blob/main/FormalConjectures/ErdosProblems/772.lean	Apache-2.0
fc-erdosproblems-772-erdos-772-upper-bound	Erdős problem 772, variant upper bound	mathematics	2	statement				number theory,bound,ordered,sidon,subsets	solved	https://github.com/google-deepmind/formal-conjectures/blob/main/FormalConjectures/ErdosProblems/772.lean	Apache-2.0
fc-erdosproblems-773-erdos-773	Erdős problem 773	mathematics	3	statement				number theory,largest,sidon,subset,erdős problem	open	https://github.com/google-deepmind/formal-conjectures/blob/main/FormalConjectures/ErdosProblems/773.lean	Apache-2.0
fc-erdosproblems-774-erdos-774	Erdős problem 774	mathematics	3	statement				dissociated,finite,infinite,proportionately,union	open	https://github.com/google-deepmind/formal-conjectures/blob/main/FormalConjectures/ErdosProblems/774.lean	Apache-2.0
fc-erdosproblems-775-erdos-775	Erdős problem 775	mathematics	3	proved				cliques,contains,different,hypergraph,sizes	solved	https://github.com/google-deepmind/formal-conjectures/blob/main/FormalConjectures/ErdosProblems/775.lean	Apache-2.0
fc-erdosproblems-775-erdos-775-gao	Erdős problem 775, variant gao	mathematics	2	statement				answer,cliques,contains,different,generally	solved	https://github.com/google-deepmind/formal-conjectures/blob/main/FormalConjectures/ErdosProblems/775.lean	Apache-2.0
fc-erdosproblems-775-erdos-775-spencer	Erdős problem 775, variant spencer	mathematics	2	statement				cliques,constructed,contains,different,graph	solved	https://github.com/google-deepmind/formal-conjectures/blob/main/FormalConjectures/ErdosProblems/775.lean	Apache-2.0
fc-erdosproblems-775-erdos-775-moon-moser	Erdős problem 775, variant moon moser	mathematics	2	statement				cliques,constructed,contains,different,graph	solved	https://github.com/google-deepmind/formal-conjectures/blob/main/FormalConjectures/ErdosProblems/775.lean	Apache-2.0
fc-erdosproblems-779-erdos-779	Erdős problem 779	mathematics	3	statement				number theory,erdős problem,mathematics,open,formal conjectures	open	https://github.com/google-deepmind/formal-conjectures/blob/main/FormalConjectures/ErdosProblems/779.lean	Apache-2.0
fc-erdosproblems-78-erdos-78	Erdős problem 78	mathematics	3	statement				computer science,explicit,constant,graphs,polynomial	open	https://github.com/google-deepmind/formal-conjectures/blob/main/FormalConjectures/ErdosProblems/78.lean	Apache-2.0
fc-erdosproblems-78-erdos-78-nonconstructive	Erdős problem 78, variant nonconstructive	mathematics	2	statement				constant,non-constructive,probabilistic,simple,erdős problem	solved	https://github.com/google-deepmind/formal-conjectures/blob/main/FormalConjectures/ErdosProblems/78.lean	Apache-2.0
fc-erdosproblems-78-erdos-78-little-o-sqrt	Erdős problem 78, variant little o sqrt	mathematics	2	statement				computer science,asked,clique,construction,constructions	solved	https://github.com/google-deepmind/formal-conjectures/blob/main/FormalConjectures/ErdosProblems/78.lean	Apache-2.0
fc-erdosproblems-78-erdos-78-cohen	Erdős problem 78, variant cohen	mathematics	2	statement				computer science,clique,cohen,constant,constructed	solved	https://github.com/google-deepmind/formal-conjectures/blob/main/FormalConjectures/ErdosProblems/78.lean	Apache-2.0
fc-erdosproblems-78-erdos-78-li	Erdős problem 78, variant li	mathematics	2	statement				computer science,clique,constant,explicit,graphs	solved	https://github.com/google-deepmind/formal-conjectures/blob/main/FormalConjectures/ErdosProblems/78.lean	Apache-2.0
fc-erdosproblems-78-erdos-78-strongly-explicit	Erdős problem 78, variant strongly explicit	mathematics	2	statement				computer science,explicit,adjacency,answered,clique	open	https://github.com/google-deepmind/formal-conjectures/blob/main/FormalConjectures/ErdosProblems/78.lean	Apache-2.0
fc-erdosproblems-78-erdos-78-li-strongly-explicit	Erdős problem 78, variant li strongly explicit	mathematics	2	statement				computer science,adjacency,answered,clique,constant	solved	https://github.com/google-deepmind/formal-conjectures/blob/main/FormalConjectures/ErdosProblems/78.lean	Apache-2.0
fc-erdosproblems-780-erdos-780	Erdős problem 780	mathematics	3	proved				edges,hypergraph,kneser,chromatic,class	solved	https://github.com/google-deepmind/formal-conjectures/blob/main/FormalConjectures/ErdosProblems/780.lean	Apache-2.0
fc-erdosproblems-781-erdos-781-parts-i	Erdős problem 781, i	mathematics	3	proved				number theory,brown,colouring,contains,descending	solved	https://github.com/google-deepmind/formal-conjectures/blob/main/FormalConjectures/ErdosProblems/781.lean	Apache-2.0
fc-erdosproblems-781-erdos-781-parts-ii	Erdős problem 781, ii	mathematics	3	proved				number theory,answer,since,spencer,erdős problem	solved	https://github.com/google-deepmind/formal-conjectures/blob/main/FormalConjectures/ErdosProblems/781.lean	Apache-2.0
fc-erdosproblems-781-erdos-781-brown-erdos-freedman	Erdős problem 781, variant brown erdos freedman	mathematics	2	statement				number theory,brown,freedman,erdős problem,mathematics	solved	https://github.com/google-deepmind/formal-conjectures/blob/main/FormalConjectures/ErdosProblems/781.lean	Apache-2.0
fc-erdosproblems-785-erdos-785	Erdős problem 785	mathematics	3	proved				number theory,integers,actually,answer,aristotle	solved	https://github.com/google-deepmind/formal-conjectures/blob/main/FormalConjectures/ErdosProblems/785.lean	Apache-2.0
fc-erdosproblems-785-erdos-785-danzer	Erdős problem 785, variant danzer	mathematics	2	statement				number theory,additive,complements,danzer,earlier	solved	https://github.com/google-deepmind/formal-conjectures/blob/main/FormalConjectures/ErdosProblems/785.lean	Apache-2.0
fc-erdosproblems-785-erdos-785-sarkozy-szemeredi	Erdős problem 785, variant sarkozy szemeredi	mathematics	2	statement				number theory,impossible,szemer,erdős problem,mathematics	solved	https://github.com/google-deepmind/formal-conjectures/blob/main/FormalConjectures/ErdosProblems/785.lean	Apache-2.0
fc-erdosproblems-785-erdos-785-chen-fang	Erdős problem 785, variant chen fang	mathematics	2	statement				number theory,cannot,constant,particular,sparser	solved	https://github.com/google-deepmind/formal-conjectures/blob/main/FormalConjectures/ErdosProblems/785.lean	Apache-2.0
fc-erdosproblems-785-erdos-785-narkiewicz	Erdős problem 785, variant narkiewicz	mathematics	2	statement				number theory,assumptions,narkiewicz,perhaps,swapping	solved	https://github.com/google-deepmind/formal-conjectures/blob/main/FormalConjectures/ErdosProblems/785.lean	Apache-2.0
fc-erdosproblems-785-erdos-785-ruzsa-upper-bound	Erdős problem 785, variant ruzsa upper bound	mathematics	2	statement				number theory,constructed,function,infinitely,ruzsa	solved	https://github.com/google-deepmind/formal-conjectures/blob/main/FormalConjectures/ErdosProblems/785.lean	Apache-2.0
fc-erdosproblems-785-erdos-785-ruzsa-lower-bound	Erdős problem 785, variant ruzsa lower bound	mathematics	2	statement				number theory,after,changing,conditions,possibly	solved	https://github.com/google-deepmind/formal-conjectures/blob/main/FormalConjectures/ErdosProblems/785.lean	Apache-2.0
fc-erdosproblems-785-erdos-785-chen-fang-limsup	Erdős problem 785, variant chen fang limsup	mathematics	2	statement				number theory,contains,improved,infinite,infty	solved	https://github.com/google-deepmind/formal-conjectures/blob/main/FormalConjectures/ErdosProblems/785.lean	Apache-2.0
fc-erdosproblems-785-erdos-785-chen-conjecture	Erdős problem 785, variant chen conjecture	mathematics	2	statement				number theory,conjectures,should,erdős problem,mathematics	open	https://github.com/google-deepmind/formal-conjectures/blob/main/FormalConjectures/ErdosProblems/785.lean	Apache-2.0
fc-erdosproblems-785-erdos-785-chen-fang-sharp	Erdős problem 785, variant chen fang sharp	mathematics	2	statement				number theory,infinitely,infty,limsup,sharp	solved	https://github.com/google-deepmind/formal-conjectures/blob/main/FormalConjectures/ErdosProblems/785.lean	Apache-2.0
fc-erdosproblems-786-erdos-786-parts-i	Erdős problem 786, i	mathematics	3	statement				number theory,density,erdős problem,mathematics,open	open	https://github.com/google-deepmind/formal-conjectures/blob/main/FormalConjectures/ErdosProblems/786.lean	Apache-2.0
fc-erdosproblems-786-erdos-786-parts-ii	Erdős problem 786, ii	mathematics	3	statement				number theory,erdős problem,mathematics,open,formal conjectures	open	https://github.com/google-deepmind/formal-conjectures/blob/main/FormalConjectures/ErdosProblems/786.lean	Apache-2.0
fc-erdosproblems-786-erdos-786-parts-i-selfridge	Erdős problem 786, selfridge	mathematics	3	statement				number theory,consecutive,density,divisible,exactly	solved	https://github.com/google-deepmind/formal-conjectures/blob/main/FormalConjectures/ErdosProblems/786.lean	Apache-2.0
fc-erdosproblems-789-erdos-789	Erdős problem 789	mathematics	3	statement				estimate,maximal,erdős problem,mathematics,open	open	https://github.com/google-deepmind/formal-conjectures/blob/main/FormalConjectures/ErdosProblems/789.lean	Apache-2.0
fc-erdosproblems-789-erdos-789-sq	Erdős problem 789, variant sq	mathematics	2	statement				maximal,erdős problem,mathematics,open,formal conjectures	open	https://github.com/google-deepmind/formal-conjectures/blob/main/FormalConjectures/ErdosProblems/789.lean	Apache-2.0
fc-erdosproblems-789-erdos-789-isbigo-sq	Erdős problem 789, variant isBigO sq	mathematics	2	statement				straus,erdős problem,mathematics,solved,formal conjectures	solved	https://github.com/google-deepmind/formal-conjectures/blob/main/FormalConjectures/ErdosProblems/789.lean	Apache-2.0
fc-erdosproblems-789-erdos-789-sq-isbigo	Erdős problem 789, variant sq isBigO	mathematics	2	statement				erdos,variants,isbigo,order,solved	open	https://github.com/google-deepmind/formal-conjectures/blob/main/FormalConjectures/ErdosProblems/789.lean	Apache-2.0
fc-erdosproblems-789-erdos-789-sqrt-loglog-div-log-isbigo	Erdős problem 789, variant sqrt loglog div log isBigO	mathematics	2	proved				korsky,erdős problem,mathematics,solved,formal conjectures	solved	https://github.com/google-deepmind/formal-conjectures/blob/main/FormalConjectures/ErdosProblems/789.lean	Apache-2.0
fc-erdosproblems-789-erdos-789-cube-root-linearithmic-isbigo	Erdős problem 789, variant cube root linearithmic isBigO	mathematics	2	proved				erdos,follows,isbigo,loglog,variants	solved	https://github.com/google-deepmind/formal-conjectures/blob/main/FormalConjectures/ErdosProblems/789.lean	Apache-2.0
fc-erdosproblems-789-erdos-789-isbigo-cube-root-linearithmic	Erdős problem 789, variant isBigO cube root linearithmic	mathematics	2	proved				erdos,follows,isbigo,loglog,variants	solved	https://github.com/google-deepmind/formal-conjectures/blob/main/FormalConjectures/ErdosProblems/789.lean	Apache-2.0
fc-erdosproblems-789-erdos-789-cube-root-linearithmic	Erdős problem 789, variant cube root linearithmic	mathematics	2	proved				erdos,follows,isbigo,linearithmic,variants	solved	https://github.com/google-deepmind/formal-conjectures/blob/main/FormalConjectures/ErdosProblems/789.lean	Apache-2.0
fc-erdosproblems-79-erdos-79	Erdős problem 79	mathematics	3	statement				graphs,infinitely,linear,ramsey,asked	solved	https://github.com/google-deepmind/formal-conjectures/blob/main/FormalConjectures/ErdosProblems/79.lean	Apache-2.0
fc-erdosproblems-793-erdos-793	Erdős problem 793	mathematics	3	statement				number theory,constant,answer,argument,chojecki	solved	https://github.com/google-deepmind/formal-conjectures/blob/main/FormalConjectures/ErdosProblems/793.lean	Apache-2.0
fc-erdosproblems-793-erdos-793-constant	Erdős problem 793, variant constant	mathematics	2	proved				number theory,aristotle,constant,doorn,following	solved	https://github.com/google-deepmind/formal-conjectures/blob/main/FormalConjectures/ErdosProblems/793.lean	Apache-2.0
fc-erdosproblems-794-erdos-794	Erdős problem 794	mathematics	3	proved				edges,vertices,subgraph,uniform,adding	solved	https://github.com/google-deepmind/formal-conjectures/blob/main/FormalConjectures/ErdosProblems/794.lean	Apache-2.0
fc-erdosproblems-794-erdos-794-balogh	Erdős problem 794, variant balogh	mathematics	2	statement				edges,graph,spanning,vertices,balogh	solved	https://github.com/google-deepmind/formal-conjectures/blob/main/FormalConjectures/ErdosProblems/794.lean	Apache-2.0
fc-erdosproblems-794-erdos-794-harris	Erdős problem 794, variant harris	mathematics	2	statement				edges,adding,choosing,counterexample,element	solved	https://github.com/google-deepmind/formal-conjectures/blob/main/FormalConjectures/ErdosProblems/794.lean	Apache-2.0
fc-erdosproblems-794-erdos-794-frankl-furedi	Erdős problem 794, variant frankl furedi	mathematics	2	statement				before,density,although,asking,construction	solved	https://github.com/google-deepmind/formal-conjectures/blob/main/FormalConjectures/ErdosProblems/794.lean	Apache-2.0
fc-erdosproblems-796-erdos-796	Erdős problem 796	mathematics	3	proved				number theory,answer,constant,converges,error	solved	https://github.com/google-deepmind/formal-conjectures/blob/main/FormalConjectures/ErdosProblems/796.lean	Apache-2.0
fc-erdosproblems-798-erdos-798	Erdős problem 798	mathematics	3	proved				convex geometry,points,cover,determined,estimate	solved	https://github.com/google-deepmind/formal-conjectures/blob/main/FormalConjectures/ErdosProblems/798.lean	Apache-2.0
fc-erdosproblems-798-erdos-798-lower-bound	Erdős problem 798, variant lower bound	mathematics	2	statement				convex geometry,purdy,erdős problem,mathematics,solved	solved	https://github.com/google-deepmind/formal-conjectures/blob/main/FormalConjectures/ErdosProblems/798.lean	Apache-2.0
fc-erdosproblems-798-erdos-798-upper-bound	Erdős problem 798, variant upper bound	mathematics	2	statement				convex geometry,resolved,erdős problem,mathematics,solved	solved	https://github.com/google-deepmind/formal-conjectures/blob/main/FormalConjectures/ErdosProblems/798.lean	Apache-2.0
fc-erdosproblems-80-erdos-80-parts-i	Erdős problem 80, i	mathematics	3	statement				graph,least,different,edges,vertices	solved	https://github.com/google-deepmind/formal-conjectures/blob/main/FormalConjectures/ErdosProblems/80.lean	Apache-2.0
fc-erdosproblems-80-erdos-80-parts-ii	Erdős problem 80, ii	mathematics	3	statement				above,bound,feasibility,question,weaker	open	https://github.com/google-deepmind/formal-conjectures/blob/main/FormalConjectures/ErdosProblems/80.lean	Apache-2.0
fc-erdosproblems-800-erdos-800	Erdős problem 800	mathematics	3	statement				vertices,absolute,adjacent,affirmative,constant	solved	https://github.com/google-deepmind/formal-conjectures/blob/main/FormalConjectures/ErdosProblems/800.lean	Apache-2.0
fc-erdosproblems-801-erdos-801	Erdős problem 801	mathematics	3	proved				vertices,containing,edges,graph,independent	solved	https://github.com/google-deepmind/formal-conjectures/blob/main/FormalConjectures/ErdosProblems/801.lean	Apache-2.0
fc-erdosproblems-803-erdos-803	Erdős problem 803	mathematics	3	proved				edges,balanced,graph,vertices,degree	solved	https://github.com/google-deepmind/formal-conjectures/blob/main/FormalConjectures/ErdosProblems/803.lean	Apache-2.0
fc-erdosproblems-803-erdos-803-alon	Erdős problem 803, variant alon	mathematics	2	statement				edges,vertices,balanced,graph,large	solved	https://github.com/google-deepmind/formal-conjectures/blob/main/FormalConjectures/ErdosProblems/803.lean	Apache-2.0
fc-erdosproblems-803-erdos-803-janzer-sudakov	Erdős problem 803, variant janzer sudakov	mathematics	2	statement				edges,vertices,balanced,contains,graph	solved	https://github.com/google-deepmind/formal-conjectures/blob/main/FormalConjectures/ErdosProblems/803.lean	Apache-2.0
fc-erdosproblems-804-erdos-804-parts-i	Erdős problem 804, i	mathematics	3	proved				independent,least,vertices,answer,contain	solved	https://github.com/google-deepmind/formal-conjectures/blob/main/FormalConjectures/ErdosProblems/804.lean	Apache-2.0
fc-erdosproblems-804-erdos-804-parts-ii	Erdős problem 804, ii	mathematics	3	proved				answer,asymp,sudakov,erdős problem,mathematics	solved	https://github.com/google-deepmind/formal-conjectures/blob/main/FormalConjectures/ErdosProblems/804.lean	Apache-2.0
fc-erdosproblems-804-erdos-804-alon-sudakov	Erdős problem 804, variant alon sudakov	mathematics	2	proved				asymp,sudakov,erdős problem,mathematics,solved	solved	https://github.com/google-deepmind/formal-conjectures/blob/main/FormalConjectures/ErdosProblems/804.lean	Apache-2.0
fc-erdosproblems-806-erdos-806	Erdős problem 806	mathematics	3	proved				number theory,lvert,rvert,https,newman	solved	https://github.com/google-deepmind/formal-conjectures/blob/main/FormalConjectures/ErdosProblems/806.lean	Apache-2.0
fc-erdosproblems-806-erdos-806-alon-bukh-sudakov	Erdős problem 806, variant alon bukh sudakov	mathematics	2	statement				number theory,sudakov,erdős problem,mathematics,solved	solved	https://github.com/google-deepmind/formal-conjectures/blob/main/FormalConjectures/ErdosProblems/806.lean	Apache-2.0
fc-erdosproblems-806-erdos-806-erdos-newman	Erdős problem 806, variant erdos newman	mathematics	2	statement				number theory,newman,erdős problem,mathematics,solved	solved	https://github.com/google-deepmind/formal-conjectures/blob/main/FormalConjectures/ErdosProblems/806.lean	Apache-2.0
fc-erdosproblems-812-erdos-812-parts-i	Erdős problem 812, i	mathematics	3	statement				constant,large,erdős problem,mathematics,open	open	https://github.com/google-deepmind/formal-conjectures/blob/main/FormalConjectures/ErdosProblems/812.lean	Apache-2.0
fc-erdosproblems-812-erdos-812-parts-ii	Erdős problem 812, ii	mathematics	3	statement				erdős problem,mathematics,open,formal conjectures	open	https://github.com/google-deepmind/formal-conjectures/blob/main/FormalConjectures/ErdosProblems/812.lean	Apache-2.0
fc-erdosproblems-812-erdos-812-lower-bound	Erdős problem 812, variant lower bound	mathematics	2	statement				faudree,schelp,erdős problem,mathematics,solved	solved	https://github.com/google-deepmind/formal-conjectures/blob/main/FormalConjectures/ErdosProblems/812.lean	Apache-2.0
fc-erdosproblems-814-erdos-814	Erdős problem 814	mathematics	3	proved				vertices,subgraph,binom,contain,degree	solved	https://github.com/google-deepmind/formal-conjectures/blob/main/FormalConjectures/ErdosProblems/814.lean	Apache-2.0
fc-erdosproblems-814-erdos-814-at-least	Erdős problem 814, variant at least	mathematics	2	proved				conclusion,edges,least,sauermann,erdős problem	solved	https://github.com/google-deepmind/formal-conjectures/blob/main/FormalConjectures/ErdosProblems/814.lean	Apache-2.0
fc-erdosproblems-814-erdos-814-sauermann	Erdős problem 814, variant sauermann	mathematics	2	statement				sauermann,erdős problem,mathematics,solved,formal conjectures	solved	https://github.com/google-deepmind/formal-conjectures/blob/main/FormalConjectures/ErdosProblems/814.lean	Apache-2.0
fc-erdosproblems-816-erdos-816	Erdős problem 816	mathematics	3	proved				vertices,edges,length,contain,degree	solved	https://github.com/google-deepmind/formal-conjectures/blob/main/FormalConjectures/ErdosProblems/816.lean	Apache-2.0
fc-erdosproblems-816-erdos-816-chen-ma	Erdős problem 816, variant chen ma	mathematics	2	statement				vertices,contain,degree,edges,except	solved	https://github.com/google-deepmind/formal-conjectures/blob/main/FormalConjectures/ErdosProblems/816.lean	Apache-2.0
fc-erdosproblems-816-erdos-816-complete-bipartite	Erdős problem 816, variant complete bipartite	mathematics	2	statement				edges,example,fails,shows,erdős problem	solved	https://github.com/google-deepmind/formal-conjectures/blob/main/FormalConjectures/ErdosProblems/816.lean	Apache-2.0
fc-erdosproblems-817-erdos-817	Erdős problem 817	mathematics	3	statement				number theory,erdős problem,mathematics,open,formal conjectures	open	https://github.com/google-deepmind/formal-conjectures/blob/main/FormalConjectures/ErdosProblems/817.lean	Apache-2.0
fc-erdosproblems-817-erdos-817-bdd-power	Erdős problem 817, variant bdd power	mathematics	2	statement				number theory,erdős problem,mathematics,solved,formal conjectures	solved	https://github.com/google-deepmind/formal-conjectures/blob/main/FormalConjectures/ErdosProblems/817.lean	Apache-2.0
fc-erdosproblems-818-erdos-818	Erdős problem 818	mathematics	3	proved				number theory,lvert,rvert,constant,finite	solved	https://github.com/google-deepmind/formal-conjectures/blob/main/FormalConjectures/ErdosProblems/818.lean	Apache-2.0
fc-erdosproblems-818-erdos-818-solymosi	Erdős problem 818, variant solymosi	mathematics	2	statement				number theory,lvert,rvert,solymosi,strong	solved	https://github.com/google-deepmind/formal-conjectures/blob/main/FormalConjectures/ErdosProblems/818.lean	Apache-2.0
fc-erdosproblems-82-erdos-82	Erdős problem 82	mathematics	3	statement				erdős problem,mathematics,open,formal conjectures	open	https://github.com/google-deepmind/formal-conjectures/blob/main/FormalConjectures/ErdosProblems/82.lean	Apache-2.0
fc-erdosproblems-82-erdos-82-f-upper-bound	Erdős problem 82, variant F upper bound	mathematics	2	statement				arxiv,induced,krivelevich,large,nearly	solved	https://github.com/google-deepmind/formal-conjectures/blob/main/FormalConjectures/ErdosProblems/82.lean	Apache-2.0
fc-erdosproblems-821-erdos-821	Erdős problem 821	mathematics	3	statement				number theory,infinitely,erdős problem,mathematics,open	open	https://github.com/google-deepmind/formal-conjectures/blob/main/FormalConjectures/ErdosProblems/821.lean	Apache-2.0
fc-erdosproblems-821-erdos-821-pillai	Erdős problem 821, variant pillai	mathematics	2	statement				number theory,pillai,erdős problem,mathematics,solved	solved	https://github.com/google-deepmind/formal-conjectures/blob/main/FormalConjectures/ErdosProblems/821.lean	Apache-2.0
fc-erdosproblems-821-erdos-821-erdos	Erdős problem 821, variant erdos	mathematics	2	statement				number theory,constant,infinitely,erdős problem,mathematics	solved	https://github.com/google-deepmind/formal-conjectures/blob/main/FormalConjectures/ErdosProblems/821.lean	Apache-2.0
fc-erdosproblems-821-erdos-821-lichtman	Erdős problem 821, variant lichtman	mathematics	2	statement				number theory,baker,bound,consequence,exponents	solved	https://github.com/google-deepmind/formal-conjectures/blob/main/FormalConjectures/ErdosProblems/821.lean	Apache-2.0
fc-erdosproblems-822-erdos-822	Erdős problem 822	mathematics	3	statement				number theory,density,integers,lower,positive	solved	https://github.com/google-deepmind/formal-conjectures/blob/main/FormalConjectures/ErdosProblems/822.lean	Apache-2.0
fc-erdosproblems-825-erdos-825	Erdős problem 825	mathematics	3	proved				number theory,divisors,distinct,proper,absolute	solved	https://github.com/google-deepmind/formal-conjectures/blob/main/FormalConjectures/ErdosProblems/825.lean	Apache-2.0
fc-erdosproblems-825-erdos-825-necessary-cond	Erdős problem 825, variant necessary cond	mathematics	2	statement				number theory,constant,distinct,divisors,integer	solved	https://github.com/google-deepmind/formal-conjectures/blob/main/FormalConjectures/ErdosProblems/825.lean	Apache-2.0
fc-erdosproblems-826-erdos-826	Erdős problem 826	mathematics	3	statement				number theory,infinitely,erdős problem,mathematics,open	open	https://github.com/google-deepmind/formal-conjectures/blob/main/FormalConjectures/ErdosProblems/826.lean	Apache-2.0
fc-erdosproblems-828-erdos-828	Erdős problem 828	mathematics	3	statement				number theory,infinitely,erdős problem,mathematics,open	open	https://github.com/google-deepmind/formal-conjectures/blob/main/FormalConjectures/ErdosProblems/828.lean	Apache-2.0
fc-erdosproblems-828-erdos-828-lehmer-conjecture	Erdős problem 828, variant lehmer conjecture	mathematics	2	statement				number theory,lehmer,prime,erdős problem,mathematics	open	https://github.com/google-deepmind/formal-conjectures/blob/main/FormalConjectures/ErdosProblems/828.lean	Apache-2.0
fc-erdosproblems-829-erdos-829	Erdős problem 829	mathematics	3	statement				number theory,cubes,natural,perfect,representations	open	https://github.com/google-deepmind/formal-conjectures/blob/main/FormalConjectures/ErdosProblems/829.lean	Apache-2.0
fc-erdosproblems-83-erdos-83	Erdős problem 83	mathematics	3	proved				subsets,family,least,binom,elements	solved	https://github.com/google-deepmind/formal-conjectures/blob/main/FormalConjectures/ErdosProblems/83.lean	Apache-2.0
fc-erdosproblems-83-erdos-83-extremal	Erdős problem 83, variant extremal	mathematics	2	statement				attained,bound,containing,elements,family	solved	https://github.com/google-deepmind/formal-conjectures/blob/main/FormalConjectures/ErdosProblems/83.lean	Apache-2.0
fc-erdosproblems-83-erdos-83-ahlswede-khachatrian	Erdős problem 83, variant ahlswede khachatrian	mathematics	2	statement				least,subsets,ahlswede,complete,containing	solved	https://github.com/google-deepmind/formal-conjectures/blob/main/FormalConjectures/ErdosProblems/83.lean	Apache-2.0
fc-erdosproblems-830-erdos-830-parts-i	Erdős problem 830, i	mathematics	3	statement				number theory,amicable,erdos,infinitely,pairs	open	https://github.com/google-deepmind/formal-conjectures/blob/main/FormalConjectures/ErdosProblems/830.lean	Apache-2.0
fc-erdosproblems-830-erdos-830-parts-ii	Erdős problem 830, ii	mathematics	3	statement				number theory,amicable,counts,erdos,erdős problem	open	https://github.com/google-deepmind/formal-conjectures/blob/main/FormalConjectures/ErdosProblems/830.lean	Apache-2.0
fc-erdosproblems-830-erdos-830-erdos	Erdős problem 830, variant erdos	mathematics	2	statement				number theory,amicable,counts,erdős problem,mathematics	solved	https://github.com/google-deepmind/formal-conjectures/blob/main/FormalConjectures/ErdosProblems/830.lean	Apache-2.0
fc-erdosproblems-830-erdos-830-pomerance	Erdős problem 830, variant pomerance	mathematics	2	statement				number theory,amicable,counts,erdős problem,mathematics	solved	https://github.com/google-deepmind/formal-conjectures/blob/main/FormalConjectures/ErdosProblems/830.lean	Apache-2.0
fc-erdosproblems-830-erdos-830-pomerance-stronger	Erdős problem 830, variant pomerance stronger	mathematics	2	statement				number theory,amicable,counts,theorem,erdős problem	solved	https://github.com/google-deepmind/formal-conjectures/blob/main/FormalConjectures/ErdosProblems/830.lean	Apache-2.0
fc-erdosproblems-835-erdos-835	Erdős problem 835	mathematics	3	statement				colours,sized,subsets,among,appear	open	https://github.com/google-deepmind/formal-conjectures/blob/main/FormalConjectures/ErdosProblems/835.lean	Apache-2.0
fc-erdosproblems-835-erdos-835-johnson	Erdős problem 835, variant johnson	mathematics	2	statement				chromatic,graph,johnson,alternative,asking	open	https://github.com/google-deepmind/formal-conjectures/blob/main/FormalConjectures/ErdosProblems/835.lean	Apache-2.0
fc-erdosproblems-839-erdos-839-parts-i	Erdős problem 839, i	mathematics	3	statement				number theory,consecutive,increasing,integers,positive	open	https://github.com/google-deepmind/formal-conjectures/blob/main/FormalConjectures/ErdosProblems/839.lean	Apache-2.0
fc-erdosproblems-839-erdos-839-parts-ii	Erdős problem 839, ii	mathematics	3	statement				number theory,asking,consecutive,density,equivalent	open	https://github.com/google-deepmind/formal-conjectures/blob/main/FormalConjectures/ErdosProblems/839.lean	Apache-2.0
fc-erdosproblems-841-erdos-841	Erdős problem 841	mathematics	3	proved				number theory,infty,lvert,rvert,square	solved	https://github.com/google-deepmind/formal-conjectures/blob/main/FormalConjectures/ErdosProblems/841.lean	Apache-2.0
fc-erdosproblems-841-erdos-841-selfridge-large-prime	Erdős problem 841, variant selfridge large prime	mathematics	2	proved				number theory,codex,formalized,selfridge,erdős problem	solved	https://github.com/google-deepmind/formal-conjectures/blob/main/FormalConjectures/ErdosProblems/841.lean	Apache-2.0
fc-erdosproblems-841-erdos-841-selfridge-sqrt	Erdős problem 841, variant selfridge sqrt	mathematics	2	proved				number theory,codex,formalized,selfridge,erdős problem	solved	https://github.com/google-deepmind/formal-conjectures/blob/main/FormalConjectures/ErdosProblems/841.lean	Apache-2.0
fc-erdosproblems-841-erdos-841-many-small-values	Erdős problem 841, variant many small values	mathematics	2	proved				number theory,codex,formalized,least,pratt	solved	https://github.com/google-deepmind/formal-conjectures/blob/main/FormalConjectures/ErdosProblems/841.lean	Apache-2.0
fc-erdosproblems-841-erdos-841-lower-bound	Erdős problem 841, variant lower bound	mathematics	2	proved				number theory,codex,formalized,non-square,pratt	solved	https://github.com/google-deepmind/formal-conjectures/blob/main/FormalConjectures/ErdosProblems/841.lean	Apache-2.0
fc-erdosproblems-842-erdos-842	Erdős problem 842	mathematics	3	proved				vertices,adding,answer,between,chromatic	solved	https://github.com/google-deepmind/formal-conjectures/blob/main/FormalConjectures/ErdosProblems/842.lean	Apache-2.0
fc-erdosproblems-844-erdos-844	Erdős problem 844	mathematics	3	proved				number theory,squarefree,non-squarefree,achieved,alexeev	solved	https://github.com/google-deepmind/formal-conjectures/blob/main/FormalConjectures/ErdosProblems/844.lean	Apache-2.0
fc-erdosproblems-845-erdos-845	Erdős problem 845	mathematics	3	proved				number theory,integers,alexeev,aristotle,density	solved	https://github.com/google-deepmind/formal-conjectures/blob/main/FormalConjectures/ErdosProblems/845.lean	Apache-2.0
fc-erdosproblems-846-erdos-846	Erdős problem 846	mathematics	3	proved				number theory,infinite,subset,always,disprove	solved	https://github.com/google-deepmind/formal-conjectures/blob/main/FormalConjectures/ErdosProblems/846.lean	Apache-2.0
fc-erdosproblems-847-erdos-847	Erdős problem 847	mathematics	3	proved				number theory,arithmetic,progression,subset,three-term	solved	https://github.com/google-deepmind/formal-conjectures/blob/main/FormalConjectures/ErdosProblems/847.lean	Apache-2.0
fc-erdosproblems-848-erdos-848	Erdős problem 848	mathematics	3	statement				number theory,large,sawhney,achieved,constant	solved	https://github.com/google-deepmind/formal-conjectures/blob/main/FormalConjectures/ErdosProblems/848.lean	Apache-2.0
fc-erdosproblems-848-erdos-848-asymptotic	Erdős problem 848, variant asymptotic	mathematics	2	proved				number theory,absolute,available,complete,constants	solved	https://github.com/google-deepmind/formal-conjectures/blob/main/FormalConjectures/ErdosProblems/848.lean	Apache-2.0
fc-erdosproblems-849-erdos-849	Erdős problem 849	mathematics	3	statement				number theory,integer,exactly,solutions,erdős problem	open	https://github.com/google-deepmind/formal-conjectures/blob/main/FormalConjectures/ErdosProblems/849.lean	Apache-2.0
fc-erdosproblems-85-erdos-85	Erdős problem 85	mathematics	3	statement				large,erdős problem,mathematics,open,formal conjectures	open	https://github.com/google-deepmind/formal-conjectures/blob/main/FormalConjectures/ErdosProblems/85.lean	Apache-2.0
fc-erdosproblems-850-erdos-850	Erdős problem 850	mathematics	3	statement				number theory,factors,prime,distinct,integers	open	https://github.com/google-deepmind/formal-conjectures/blob/main/FormalConjectures/ErdosProblems/850.lean	Apache-2.0
fc-erdosproblems-851-erdos-851-romanoff	Erdős problem 851, variant romanoff	mathematics	2	statement				number theory,density,integers,lower,positive	solved	https://github.com/google-deepmind/formal-conjectures/blob/main/FormalConjectures/ErdosProblems/851.lean	Apache-2.0
fc-erdosproblems-851-erdos-851	Erdős problem 851	mathematics	3	proved				number theory,affirmatively,density,divisors,integers	solved	https://github.com/google-deepmind/formal-conjectures/blob/main/FormalConjectures/ErdosProblems/851.lean	Apache-2.0
fc-erdosproblems-853-erdos-853-parts-i	Erdős problem 853, i	mathematics	3	statement				number theory,integer,prime,smallest,solutions	open	https://github.com/google-deepmind/formal-conjectures/blob/main/FormalConjectures/ErdosProblems/853.lean	Apache-2.0
fc-erdosproblems-853-erdos-853-parts-ii	Erdős problem 853, ii	mathematics	3	statement				number theory,integer,prime,smallest,solutions	open	https://github.com/google-deepmind/formal-conjectures/blob/main/FormalConjectures/ErdosProblems/853.lean	Apache-2.0
fc-erdosproblems-855-erdos-855	Erdős problem 855	mathematics	3	statement				number theory,large,segal,sufficiently,erdős problem	open	https://github.com/google-deepmind/formal-conjectures/blob/main/FormalConjectures/ErdosProblems/855.lean	Apache-2.0
fc-erdosproblems-857-erdos-857	Erdős problem 857	mathematics	3	statement				asymptotic,better,estimate,formula,erdős problem	open	https://github.com/google-deepmind/formal-conjectures/blob/main/FormalConjectures/ErdosProblems/857.lean	Apache-2.0
fc-erdosproblems-858-erdos-858	Erdős problem 858	mathematics	3	proved				number theory,maximum,chojecki,constant,estimate	solved	https://github.com/google-deepmind/formal-conjectures/blob/main/FormalConjectures/ErdosProblems/858.lean	Apache-2.0
fc-erdosproblems-858-erdos-858-positive	Erdős problem 858, variant positive	mathematics	2	statement				number theory,alexander,bounded,fixed,large	solved	https://github.com/google-deepmind/formal-conjectures/blob/main/FormalConjectures/ErdosProblems/858.lean	Apache-2.0
fc-erdosproblems-858-erdos-858-infinite	Erdős problem 858, variant infinite	mathematics	2	statement				number theory,alexander,infinite,property,szemer	solved	https://github.com/google-deepmind/formal-conjectures/blob/main/FormalConjectures/ErdosProblems/858.lean	Apache-2.0
fc-erdosproblems-859-erdos-859-erdos-upper-lower-bounds	Erdős problem 859, variant erdos upper lower bounds	mathematics	2	statement				number theory,above,below,bounded,constants	solved	https://github.com/google-deepmind/formal-conjectures/blob/main/FormalConjectures/ErdosProblems/859.lean	Apache-2.0
fc-erdosproblems-859-erdos-859	Erdős problem 859	mathematics	3	statement				number theory,asymptotically,density,divisor,equivalent	open	https://github.com/google-deepmind/formal-conjectures/blob/main/FormalConjectures/ErdosProblems/859.lean	Apache-2.0
fc-erdosproblems-86-erdos-86	Erdős problem 86	mathematics	3	statement				edges,contains,dimensional,graph,hypercube	open	https://github.com/google-deepmind/formal-conjectures/blob/main/FormalConjectures/ErdosProblems/86.lean	Apache-2.0
fc-erdosproblems-862-erdos-862-parts-i	Erdős problem 862, i	mathematics	3	proved				number theory,sidon,maximal,cameron,consequence	solved	https://github.com/google-deepmind/formal-conjectures/blob/main/FormalConjectures/ErdosProblems/862.lean	Apache-2.0
fc-erdosproblems-862-erdos-862-parts-ii	Erdős problem 862, ii	mathematics	3	proved				number theory,sidon,maximal,cameron,consequence	solved	https://github.com/google-deepmind/formal-conjectures/blob/main/FormalConjectures/ErdosProblems/862.lean	Apache-2.0
fc-erdosproblems-862-erdos-862-lower-bound	Erdős problem 862, variant lower bound	mathematics	2	statement				number theory,sidon,maximal,consequence,contained	solved	https://github.com/google-deepmind/formal-conjectures/blob/main/FormalConjectures/ErdosProblems/862.lean	Apache-2.0
fc-erdosproblems-865-erdos-865	Erdős problem 865	mathematics	3	proved				number theory,constant,large,triple-free,affirmative	solved	https://github.com/google-deepmind/formal-conjectures/blob/main/FormalConjectures/ErdosProblems/865.lean	Apache-2.0
fc-erdosproblems-865-erdos-865-k2	Erdős problem 865, variant k2	mathematics	2	statement				number theory,classical,distinct,establishes,folklore	solved	https://github.com/google-deepmind/formal-conjectures/blob/main/FormalConjectures/ErdosProblems/865.lean	Apache-2.0
fc-erdosproblems-865-erdos-865-sos	Erdős problem 865, variant sos	mathematics	2	statement				number theory,elements,guaranteeing,minimal,pairwise	open	https://github.com/google-deepmind/formal-conjectures/blob/main/FormalConjectures/ErdosProblems/865.lean	Apache-2.0
fc-erdosproblems-865-erdos-865-upper-bound	Erdős problem 865, variant upper bound	mathematics	2	statement				number theory,enough,large,szemer,erdős problem	solved	https://github.com/google-deepmind/formal-conjectures/blob/main/FormalConjectures/ErdosProblems/865.lean	Apache-2.0
fc-erdosproblems-867-erdos-867	Erdős problem 867	mathematics	3	proved				number theory,lvert,rvert,bounds,cdots	solved	https://github.com/google-deepmind/formal-conjectures/blob/main/FormalConjectures/ErdosProblems/867.lean	Apache-2.0
fc-erdosproblems-867-erdos-867-lower-bound	Erdős problem 867, variant lower bound	mathematics	2	statement				number theory,possible,shows,taking,erdős problem	solved	https://github.com/google-deepmind/formal-conjectures/blob/main/FormalConjectures/ErdosProblems/867.lean	Apache-2.0
fc-erdosproblems-867-erdos-867-adenwalla	Erdős problem 867, variant adenwalla	mathematics	2	statement				number theory,adenwalla,lvert,observed,rvert	solved	https://github.com/google-deepmind/formal-conjectures/blob/main/FormalConjectures/ErdosProblems/867.lean	Apache-2.0
fc-erdosproblems-867-erdos-867-freud	Erdős problem 867, variant freud	mathematics	2	statement				number theory,constructed,density,freud,sequence	solved	https://github.com/google-deepmind/formal-conjectures/blob/main/FormalConjectures/ErdosProblems/867.lean	Apache-2.0
fc-erdosproblems-867-erdos-867-coppersmith-phillips-lower-bound	Erdős problem 867, variant coppersmith phillips lower bound	mathematics	2	statement				number theory,bounds,coppersmith,current,lvert	solved	https://github.com/google-deepmind/formal-conjectures/blob/main/FormalConjectures/ErdosProblems/867.lean	Apache-2.0
fc-erdosproblems-867-erdos-867-coppersmith-phillips-upper-bound	Erdős problem 867, variant coppersmith phillips upper bound	mathematics	2	statement				number theory,bounds,coppersmith,current,lvert	solved	https://github.com/google-deepmind/formal-conjectures/blob/main/FormalConjectures/ErdosProblems/867.lean	Apache-2.0
fc-erdosproblems-868-erdos-868-parts-i	Erdős problem 868, i	mathematics	3	statement				number theory,additive,basis,larsen,order	solved	https://github.com/google-deepmind/formal-conjectures/blob/main/FormalConjectures/ErdosProblems/868.lean	Apache-2.0
fc-erdosproblems-868-erdos-868-parts-ii	Erdős problem 868, ii	mathematics	3	statement				number theory,additive,basis,large,larsen	solved	https://github.com/google-deepmind/formal-conjectures/blob/main/FormalConjectures/ErdosProblems/868.lean	Apache-2.0
fc-erdosproblems-868-erdos-868-fixed	Erdős problem 868, variant fixed ε	mathematics	2	statement				number theory,constant,fixed,large,nathanson	solved	https://github.com/google-deepmind/formal-conjectures/blob/main/FormalConjectures/ErdosProblems/868.lean	Apache-2.0
fc-erdosproblems-868-erdos-868-hartter-nathanson	Erdős problem 868, variant Hartter Nathanson	mathematics	2	proved				number theory,additive,bases,contain,minimal	solved	https://github.com/google-deepmind/formal-conjectures/blob/main/FormalConjectures/ErdosProblems/868.lean	Apache-2.0
fc-erdosproblems-869-erdos-869	Erdős problem 869	mathematics	3	proved				number theory,order,additive,bases,basis	solved	https://github.com/google-deepmind/formal-conjectures/blob/main/FormalConjectures/ErdosProblems/869.lean	Apache-2.0
fc-erdosproblems-87-erdos-87-parts-i	Erdős problem 87, i	mathematics	3	statement				bases,chromatic,collection,epsilon,excludes	open	https://github.com/google-deepmind/formal-conjectures/blob/main/FormalConjectures/ErdosProblems/87.lean	Apache-2.0
fc-erdosproblems-87-erdos-87-parts-ii	Erdős problem 87, ii	mathematics	3	statement				chromatic,collection,graph,graphs,large	open	https://github.com/google-deepmind/formal-conjectures/blob/main/FormalConjectures/ErdosProblems/87.lean	Apache-2.0
fc-erdosproblems-871-erdos-871	Erdős problem 871	mathematics	3	proved				number theory,additive,order,bases,basis	solved	https://github.com/google-deepmind/formal-conjectures/blob/main/FormalConjectures/ErdosProblems/871.lean	Apache-2.0
fc-erdosproblems-872-erdos-872-parts-i	Erdős problem 872, i	mathematics	3	statement				number theory,game theory,constant,large,least	open	https://github.com/google-deepmind/formal-conjectures/blob/main/FormalConjectures/ErdosProblems/872.lean	Apache-2.0
fc-erdosproblems-872-erdos-872-parts-ii	Erdős problem 872, ii	mathematics	3	statement				number theory,game theory,question,thread,accepted	open	https://github.com/google-deepmind/formal-conjectures/blob/main/FormalConjectures/ErdosProblems/872.lean	Apache-2.0
fc-erdosproblems-872-erdos-872-prime-question	Erdős problem 872, variant prime question	mathematics	2	statement				number theory,game theory,maximal,primitive,subset	open	https://github.com/google-deepmind/formal-conjectures/blob/main/FormalConjectures/ErdosProblems/872.lean	Apache-2.0
fc-erdosproblems-873-erdos-873	Erdős problem 873	mathematics	3	statement				number theory,common,count,least,left-hand	open	https://github.com/google-deepmind/formal-conjectures/blob/main/FormalConjectures/ErdosProblems/873.lean	Apache-2.0
fc-erdosproblems-873-erdos-873-triple-upper-bound	Erdős problem 873, variant triple upper bound	mathematics	2	statement				number theory,bound,upper,erdős problem,mathematics	solved	https://github.com/google-deepmind/formal-conjectures/blob/main/FormalConjectures/ErdosProblems/873.lean	Apache-2.0
fc-erdosproblems-873-erdos-873-triple-lower-bound-infinitely-of	Erdős problem 873, variant triple lower bound infinitely often	mathematics	2	statement				number theory,bound,infinitely-often,lower,erdős problem	solved	https://github.com/google-deepmind/formal-conjectures/blob/main/FormalConjectures/ErdosProblems/873.lean	Apache-2.0
fc-erdosproblems-873-erdos-873-supplement-all-scale	Erdős problem 873, variant supplement all scale	mathematics	2	proved				number theory,bound,lower,sequence,erdős problem	solved	https://github.com/google-deepmind/formal-conjectures/blob/main/FormalConjectures/ErdosProblems/873.lean	Apache-2.0
fc-erdosproblems-877-erdos-877	Erdős problem 877	mathematics	3	proved				number theory,maximal,balogh,cameron,constant	solved	https://github.com/google-deepmind/formal-conjectures/blob/main/FormalConjectures/ErdosProblems/877.lean	Apache-2.0
fc-erdosproblems-877-erdos-877-luczak-schoen	Erdős problem 877, variant luczak schoen	mathematics	2	proved				number theory,constant,large,schoen,uczak	solved	https://github.com/google-deepmind/formal-conjectures/blob/main/FormalConjectures/ErdosProblems/877.lean	Apache-2.0
fc-erdosproblems-877-erdos-877-cameron-erdos	Erdős problem 877, variant cameron erdos	mathematics	2	statement				number theory,cameron,erdős problem,mathematics,solved	solved	https://github.com/google-deepmind/formal-conjectures/blob/main/FormalConjectures/ErdosProblems/877.lean	Apache-2.0
fc-erdosproblems-877-erdos-877-balogh-liu-sharifzadeh-treglown	Erdős problem 877, variant balogh liu sharifzadeh treglown	mathematics	2	statement				number theory,balogh,sharifzadeh,treglown,erdős problem	solved	https://github.com/google-deepmind/formal-conjectures/blob/main/FormalConjectures/ErdosProblems/877.lean	Apache-2.0
fc-erdosproblems-881-erdos-881	Erdős problem 881	mathematics	3	statement				number theory,basis,order,additive,infinite	open	https://github.com/google-deepmind/formal-conjectures/blob/main/FormalConjectures/ErdosProblems/881.lean	Apache-2.0
fc-erdosproblems-883-erdos-883-parts-i	Erdős problem 883, i	mathematics	3	statement				number theory,lfloor,rfloor,contains,coprime	open	https://github.com/google-deepmind/formal-conjectures/blob/main/FormalConjectures/ErdosProblems/883.lean	Apache-2.0
fc-erdosproblems-883-erdos-883-parts-ii	Erdős problem 883, ii	mathematics	3	statement				number theory,lfloor,rfloor,complete,contain	solved	https://github.com/google-deepmind/formal-conjectures/blob/main/FormalConjectures/ErdosProblems/883.lean	Apache-2.0
fc-erdosproblems-884-erdos-884	Erdős problem 884	mathematics	3	proved				number theory,https,answer,assuming,conditional	solved	https://github.com/google-deepmind/formal-conjectures/blob/main/FormalConjectures/ErdosProblems/884.lean	Apache-2.0
fc-erdosproblems-885-erdos-885	Erdős problem 885	mathematics	3	statement				number theory,integers,erdős problem,mathematics,open	open	https://github.com/google-deepmind/formal-conjectures/blob/main/FormalConjectures/ErdosProblems/885.lean	Apache-2.0
fc-erdosproblems-885-erdos-885-k-eq-2	Erdős problem 885, variant k eq 2	mathematics	2	statement				number theory,rosenfeld,erdős problem,mathematics,solved	solved	https://github.com/google-deepmind/formal-conjectures/blob/main/FormalConjectures/ErdosProblems/885.lean	Apache-2.0
fc-erdosproblems-885-erdos-885-k-eq-3	Erdős problem 885, variant k eq 3	mathematics	2	statement				number theory,nez-urroz,erdős problem,mathematics,solved	solved	https://github.com/google-deepmind/formal-conjectures/blob/main/FormalConjectures/ErdosProblems/885.lean	Apache-2.0
fc-erdosproblems-885-erdos-885-k-eq-4	Erdős problem 885, variant k eq 4	mathematics	2	statement				number theory,bremner,erdős problem,mathematics,solved	solved	https://github.com/google-deepmind/formal-conjectures/blob/main/FormalConjectures/ErdosProblems/885.lean	Apache-2.0
fc-erdosproblems-886-erdos-886	Erdős problem 886	mathematics	3	statement				number theory,attributes,divisors,large,ruzsa	open	https://github.com/google-deepmind/formal-conjectures/blob/main/FormalConjectures/ErdosProblems/886.lean	Apache-2.0
fc-erdosproblems-886-erdos-886-rosenfeld-infinite	Erdős problem 886, variant rosenfeld infinite	mathematics	2	statement				number theory,divisors,infinitely,rosenfeld,erdős problem	solved	https://github.com/google-deepmind/formal-conjectures/blob/main/FormalConjectures/ErdosProblems/886.lean	Apache-2.0
fc-erdosproblems-886-erdos-886-rosenfeld-bound	Erdős problem 886, variant rosenfeld bound	mathematics	2	statement				number theory,constant,divisors,large,rosenfeld	solved	https://github.com/google-deepmind/formal-conjectures/blob/main/FormalConjectures/ErdosProblems/886.lean	Apache-2.0
fc-erdosproblems-887-erdos-887-parts-i	Erdős problem 887, i	mathematics	3	statement				number theory,absolute,constant,divisors,large	open	https://github.com/google-deepmind/formal-conjectures/blob/main/FormalConjectures/ErdosProblems/887.lean	Apache-2.0
fc-erdosproblems-887-erdos-887-parts-ii	Erdős problem 887, ii	mathematics	3	statement				number theory,absolute,constant,divisors,large	open	https://github.com/google-deepmind/formal-conjectures/blob/main/FormalConjectures/ErdosProblems/887.lean	Apache-2.0
fc-erdosproblems-887-erdos-887-rosenfeld-infinite	Erdős problem 887, variant rosenfeld infinite	mathematics	2	statement				number theory,divisors,infinitely,least,question	solved	https://github.com/google-deepmind/formal-conjectures/blob/main/FormalConjectures/ErdosProblems/887.lean	Apache-2.0
fc-erdosproblems-887-erdos-887-rosenfeld-4	Erdős problem 887, variant rosenfeld 4	mathematics	2	statement				number theory,divisors,infinitude,least,possible	open	https://github.com/google-deepmind/formal-conjectures/blob/main/FormalConjectures/ErdosProblems/887.lean	Apache-2.0
fc-erdosproblems-888-erdos-888	Erdős problem 888	mathematics	3	proved				number theory,chojecki,largest,prompted,square	solved	https://github.com/google-deepmind/formal-conjectures/blob/main/FormalConjectures/ErdosProblems/888.lean	Apache-2.0
fc-erdosproblems-888-erdos-888-sarkozy	Erdős problem 888, variant sarkozy	mathematics	2	statement				number theory,bound,claims,provided,erdős problem	solved	https://github.com/google-deepmind/formal-conjectures/blob/main/FormalConjectures/ErdosProblems/888.lean	Apache-2.0
fc-erdosproblems-888-erdos-888-primes	Erdős problem 888, variant primes	mathematics	2	statement				number theory,possible,primes,erdős problem,mathematics	solved	https://github.com/google-deepmind/formal-conjectures/blob/main/FormalConjectures/ErdosProblems/888.lean	Apache-2.0
fc-erdosproblems-888-erdos-888-semiprimes	Erdős problem 888, variant semiprimes	mathematics	2	statement				number theory,achievable,cambie,noted,semiprimes	solved	https://github.com/google-deepmind/formal-conjectures/blob/main/FormalConjectures/ErdosProblems/888.lean	Apache-2.0
fc-erdosproblems-889-erdos-889	Erdős problem 889	mathematics	3	statement				number theory,count,divide,factors,prime	open	https://github.com/google-deepmind/formal-conjectures/blob/main/FormalConjectures/ErdosProblems/889.lean	Apache-2.0
fc-erdosproblems-889-erdos-889-v0-gt-1	Erdős problem 889, variant v0 gt 1	mathematics	2	statement				number theory,consecutive,except,factors,illinois	solved	https://github.com/google-deepmind/formal-conjectures/blob/main/FormalConjectures/ErdosProblems/889.lean	Apache-2.0
fc-erdosproblems-889-erdos-889-general	Erdős problem 889, variant general	mathematics	2	statement				number theory,consecutive,factors,fixed,illinois	open	https://github.com/google-deepmind/formal-conjectures/blob/main/FormalConjectures/ErdosProblems/889.lean	Apache-2.0
fc-erdosproblems-889-erdos-889-v1-eq-1-finite	Erdős problem 889, variant v1 eq 1 finite	mathematics	2	statement				number theory,consecutive,factors,finite,illinois	open	https://github.com/google-deepmind/formal-conjectures/blob/main/FormalConjectures/ErdosProblems/889.lean	Apache-2.0
fc-erdosproblems-89-erdos-89	Erdős problem 89	mathematics	3	statement				convex geometry,distinct,asked,determines,distances	open	https://github.com/google-deepmind/formal-conjectures/blob/main/FormalConjectures/ErdosProblems/89.lean	Apache-2.0
fc-erdosproblems-89-erdos-89-n-dvd-log-n	Erdős problem 89, variant n dvd log n	mathematics	2	statement				convex geometry,always,distances,distinct,erdős problem	solved	https://github.com/google-deepmind/formal-conjectures/blob/main/FormalConjectures/ErdosProblems/89.lean	Apache-2.0
fc-erdosproblems-89-erdos-89-grid-upper-bound	Erdős problem 89, variant grid upper bound	mathematics	2	statement				convex geometry,configurations,construction,correct,distances	solved	https://github.com/google-deepmind/formal-conjectures/blob/main/FormalConjectures/ErdosProblems/89.lean	Apache-2.0
fc-erdosproblems-890-erdos-890-parts-a	Erdős problem 890, a	mathematics	3	statement				number theory,counts,distinct,factors,infty	open	https://github.com/google-deepmind/formal-conjectures/blob/main/FormalConjectures/ErdosProblems/890.lean	Apache-2.0
fc-erdosproblems-890-erdos-890-parts-b	Erdős problem 890, b	mathematics	3	statement				number theory,counts,distinct,factors,infty	open	https://github.com/google-deepmind/formal-conjectures/blob/main/FormalConjectures/ErdosProblems/890.lean	Apache-2.0
fc-erdosproblems-890-erdos-890-liminf-lower-bound	Erdős problem 890, variant liminf lower bound	mathematics	2	statement				number theory,theorem,divisible,factor,follows	solved	https://github.com/google-deepmind/formal-conjectures/blob/main/FormalConjectures/ErdosProblems/890.lean	Apache-2.0
fc-erdosproblems-890-erdos-890-omega-limsup	Erdős problem 890, variant omega limsup	mathematics	2	statement				number theory,classical,erdős problem,mathematics,solved	solved	https://github.com/google-deepmind/formal-conjectures/blob/main/FormalConjectures/ErdosProblems/890.lean	Apache-2.0
fc-erdosproblems-891-erdos-891	Erdős problem 891	mathematics	3	statement				number theory,factors,integer,large,prime	open	https://github.com/google-deepmind/formal-conjectures/blob/main/FormalConjectures/ErdosProblems/891.lean	Apache-2.0
fc-erdosproblems-891-erdos-891-schinzel	Erdős problem 891, variant schinzel	mathematics	2	statement				number theory,deduced,integers,replaced,schinzel	solved	https://github.com/google-deepmind/formal-conjectures/blob/main/FormalConjectures/ErdosProblems/891.lean	Apache-2.0
fc-erdosproblems-891-erdos-891-case-k-2	Erdős problem 891, variant case k 2	mathematics	2	statement				number theory,consecutive,factors,integers,interval	open	https://github.com/google-deepmind/formal-conjectures/blob/main/FormalConjectures/ErdosProblems/891.lean	Apache-2.0
fc-erdosproblems-891-erdos-891-weisenberg	Erdős problem 891, variant weisenberg	mathematics	2	statement				number theory,dickson,integers,prime,answer	solved	https://github.com/google-deepmind/formal-conjectures/blob/main/FormalConjectures/ErdosProblems/891.lean	Apache-2.0
fc-erdosproblems-893-erdos-893	Erdős problem 893	mathematics	3	statement				below,finite,infinity,limit,limits	open	https://github.com/google-deepmind/formal-conjectures/blob/main/FormalConjectures/ErdosProblems/893.lean	Apache-2.0
fc-erdosproblems-893-erdos-893-unbounded	Erdős problem 893, variant unbounded	mathematics	2	statement				building,cambie,communication,finite,found	solved	https://github.com/google-deepmind/formal-conjectures/blob/main/FormalConjectures/ErdosProblems/893.lean	Apache-2.0
fc-erdosproblems-894-erdos-894	Erdős problem 894	mathematics	3	proved				number theory,answer,colouring,finite,https	solved	https://github.com/google-deepmind/formal-conjectures/blob/main/FormalConjectures/ErdosProblems/894.lean	Apache-2.0
fc-erdosproblems-895-erdos-895	Erdős problem 895	mathematics	3	proved				barber,communication,graph,hajnal,independent	solved	https://github.com/google-deepmind/formal-conjectures/blob/main/FormalConjectures/ErdosProblems/895.lean	Apache-2.0
fc-erdosproblems-895-erdos-895-eighteen	Erdős problem 895, variant eighteen	mathematics	2	proved				barber,contains,graph,https,independent	solved	https://github.com/google-deepmind/formal-conjectures/blob/main/FormalConjectures/ErdosProblems/895.lean	Apache-2.0
fc-erdosproblems-895-erdos-895-hindman	Erdős problem 895, variant hindman	mathematics	2	statement				independent,hindman,depending,distinct,general	open	https://github.com/google-deepmind/formal-conjectures/blob/main/FormalConjectures/ErdosProblems/895.lean	Apache-2.0
fc-erdosproblems-897-erdos-897-parts-i	Erdős problem 897, i	mathematics	3	proved				number theory,additive,answer,archivara,aristotle	solved	https://github.com/google-deepmind/formal-conjectures/blob/main/FormalConjectures/ErdosProblems/897.lean	Apache-2.0
fc-erdosproblems-897-erdos-897-parts-ii	Erdős problem 897, ii	mathematics	3	proved				number theory,additive,answer,aristotle,counterexample	solved	https://github.com/google-deepmind/formal-conjectures/blob/main/FormalConjectures/ErdosProblems/897.lean	Apache-2.0
fc-erdosproblems-897-erdos-897-log-growth	Erdős problem 897, variant log growth	mathematics	2	proved				number theory,constant,erdos,formal,gives	solved	https://github.com/google-deepmind/formal-conjectures/blob/main/FormalConjectures/ErdosProblems/897.lean	Apache-2.0
fc-erdosproblems-897-erdos-897-parts-i-2	Erdős problem 897, variant parts i	mathematics	2	statement				number theory,additive,counterexample,either,extra	open	https://github.com/google-deepmind/formal-conjectures/blob/main/FormalConjectures/ErdosProblems/897.lean	Apache-2.0
fc-erdosproblems-897-erdos-897-parts-ii-2	Erdős problem 897, variant parts ii	mathematics	2	statement				number theory,additive,counterexample,either,extra	open	https://github.com/google-deepmind/formal-conjectures/blob/main/FormalConjectures/ErdosProblems/897.lean	Apache-2.0
fc-erdosproblems-898-erdos-898	Erdős problem 898	mathematics	3	proved				geometry,overline,triangle,according,afterwards	solved	https://github.com/google-deepmind/formal-conjectures/blob/main/FormalConjectures/ErdosProblems/898.lean	Apache-2.0
fc-erdosproblems-899-erdos-899	Erdős problem 899	mathematics	3	proved				infty,ruzsa,answer,cardinality,infinite	solved	https://github.com/google-deepmind/formal-conjectures/blob/main/FormalConjectures/ErdosProblems/899.lean	Apache-2.0
fc-erdosproblems-9-erdos-9-infinite	Erdős problem 9, variant infinite	mathematics	2	statement				number theory,combinatorial,credits,gives,infinite	solved	https://github.com/google-deepmind/formal-conjectures/blob/main/FormalConjectures/ErdosProblems/9.lean	Apache-2.0
fc-erdosproblems-9-erdos-9	Erdős problem 9	mathematics	3	statement				number theory,cannot,density,expressed,positive	open	https://github.com/google-deepmind/formal-conjectures/blob/main/FormalConjectures/ErdosProblems/9.lean	Apache-2.0
fc-erdosproblems-90-erdos-90	Erdős problem 90	mathematics	3	statement				convex geometry,distance,openai,pairs,points	solved	https://github.com/google-deepmind/formal-conjectures/blob/main/FormalConjectures/ErdosProblems/90.lean	Apache-2.0
fc-erdosproblems-90-erdos-90-polynomial-lower-bound	Erdős problem 90, variant polynomial lower bound	mathematics	2	proved				convex geometry,explicit,sawin,arxiv,bound	solved	https://github.com/google-deepmind/formal-conjectures/blob/main/FormalConjectures/ErdosProblems/90.lean	Apache-2.0
fc-erdosproblems-90-erdos-90-sawin-explicit	Erdős problem 90, variant sawin explicit	mathematics	2	statement				convex geometry,sawin,arxiv,exponent,theorem	solved	https://github.com/google-deepmind/formal-conjectures/blob/main/FormalConjectures/ErdosProblems/90.lean	Apache-2.0
fc-erdosproblems-904-erdos-904	Erdős problem 904	mathematics	3	proved				vertices,bollob,edges,graph,additional	solved	https://github.com/google-deepmind/formal-conjectures/blob/main/FormalConjectures/ErdosProblems/904.lean	Apache-2.0
fc-erdosproblems-905-erdos-905	Erdős problem 905	mathematics	3	proved				bollob,contains,edges,edwards,graph	solved	https://github.com/google-deepmind/formal-conjectures/blob/main/FormalConjectures/ErdosProblems/905.lean	Apache-2.0
fc-erdosproblems-906-erdos-906	Erdős problem 906	mathematics	3	statement				complex analysis,dense,entire,function,iteratedderiv	open	https://github.com/google-deepmind/formal-conjectures/blob/main/FormalConjectures/ErdosProblems/906.lean	Apache-2.0
fc-erdosproblems-907-erdos-907	Erdős problem 907	mathematics	3	proved				real functions,difference equations,continuous,additive,affirmative	solved	https://github.com/google-deepmind/formal-conjectures/blob/main/FormalConjectures/ErdosProblems/907.lean	Apache-2.0
fc-erdosproblems-91-erdos-91	Erdős problem 91	mathematics	3	statement				convex geometry,between,distances,distinct,large	open	https://github.com/google-deepmind/formal-conjectures/blob/main/FormalConjectures/ErdosProblems/91.lean	Apache-2.0
fc-erdosproblems-91-erdos-91-three	Erdős problem 91, variant three	mathematics	2	statement				convex geometry,equilateral,triangle,erdős problem,mathematics	solved	https://github.com/google-deepmind/formal-conjectures/blob/main/FormalConjectures/ErdosProblems/91.lean	Apache-2.0
fc-erdosproblems-91-erdos-91-four	Erdős problem 91, variant four	mathematics	2	statement				convex geometry,equilateral,examples,non-similar,sharing	solved	https://github.com/google-deepmind/formal-conjectures/blob/main/FormalConjectures/ErdosProblems/91.lean	Apache-2.0
fc-erdosproblems-91-erdos-91-five	Erdős problem 91, variant five	mathematics	2	statement				convex geometry,colleague,described,distances,distinct	solved	https://github.com/google-deepmind/formal-conjectures/blob/main/FormalConjectures/ErdosProblems/91.lean	Apache-2.0
fc-erdosproblems-91-erdos-91-six	Erdős problem 91, variant six:	mathematics	2	statement				convex geometry,examples,least,non-similar,erdős problem	solved	https://github.com/google-deepmind/formal-conjectures/blob/main/FormalConjectures/ErdosProblems/91.lean	Apache-2.0
fc-erdosproblems-91-erdos-91-seven	Erdős problem 91, variant seven:	mathematics	2	statement				convex geometry,examples,least,non-similar,erdős problem	solved	https://github.com/google-deepmind/formal-conjectures/blob/main/FormalConjectures/ErdosProblems/91.lean	Apache-2.0
fc-erdosproblems-91-erdos-91-eight	Erdős problem 91, variant eight:	mathematics	2	statement				convex geometry,examples,least,non-similar,erdős problem	solved	https://github.com/google-deepmind/formal-conjectures/blob/main/FormalConjectures/ErdosProblems/91.lean	Apache-2.0
fc-erdosproblems-91-erdos-91-nine	Erdős problem 91, variant nine:	mathematics	2	statement				convex geometry,examples,least,non-similar,erdős problem	solved	https://github.com/google-deepmind/formal-conjectures/blob/main/FormalConjectures/ErdosProblems/91.lean	Apache-2.0
fc-erdosproblems-912-erdos-912-selfridge	Erdős problem 912, variant selfridge	mathematics	2	statement				number theory,selfridge,erdős problem,mathematics,solved	solved	https://github.com/google-deepmind/formal-conjectures/blob/main/FormalConjectures/ErdosProblems/912.lean	Apache-2.0
fc-erdosproblems-912-erdos-912	Erdős problem 912	mathematics	3	statement				number theory,right,erdős problem,mathematics,open	open	https://github.com/google-deepmind/formal-conjectures/blob/main/FormalConjectures/ErdosProblems/912.lean	Apache-2.0
fc-erdosproblems-912-erdos-912-tao	Erdős problem 912, variant tao	mathematics	2	statement				number theory,heuristic,model,primes,suggests	open	https://github.com/google-deepmind/formal-conjectures/blob/main/FormalConjectures/ErdosProblems/912.lean	Apache-2.0
fc-erdosproblems-913-erdos-913	Erdős problem 913	mathematics	3	statement				number theory,distinct,exponents,factorisation,infinitely	open	https://github.com/google-deepmind/formal-conjectures/blob/main/FormalConjectures/ErdosProblems/913.lean	Apache-2.0
fc-erdosproblems-913-erdos-913-infinite-many-8p-sq-add-one-prim	Erdős problem 913, variant infinite many 8p sq add one primes	mathematics	2	statement				number theory,infinitely,likely,prime,primes	open	https://github.com/google-deepmind/formal-conjectures/blob/main/FormalConjectures/ErdosProblems/913.lean	Apache-2.0
fc-erdosproblems-913-erdos-913-conditional	Erdős problem 913, variant conditional	mathematics	2	statement				number theory,infinitely,prime,primes,erdős problem	solved	https://github.com/google-deepmind/formal-conjectures/blob/main/FormalConjectures/ErdosProblems/913.lean	Apache-2.0
fc-erdosproblems-914-erdos-914	Erdős problem 914	mathematics	3	proved				hajnal,contains,copies,degree,dirac	solved	https://github.com/google-deepmind/formal-conjectures/blob/main/FormalConjectures/ErdosProblems/914.lean	Apache-2.0
fc-erdosproblems-914-erdos-914-equitable-colouring	Erdős problem 914, variant equitable colouring	mathematics	2	statement				colouring,vertices,class,colour,colours	solved	https://github.com/google-deepmind/formal-conjectures/blob/main/FormalConjectures/ErdosProblems/914.lean	Apache-2.0
fc-erdosproblems-915-erdos-915	Erdős problem 915	mathematics	3	proved				bollob,disjoint,connected,disproved,edges	solved	https://github.com/google-deepmind/formal-conjectures/blob/main/FormalConjectures/ErdosProblems/915.lean	Apache-2.0
fc-erdosproblems-915-erdos-915-edge-disjoint	Erdős problem 915, variant edge disjoint	mathematics	2	statement				vertices,edge-disjoint,cdots,confirms,connected	solved	https://github.com/google-deepmind/formal-conjectures/blob/main/FormalConjectures/ErdosProblems/915.lean	Apache-2.0
fc-erdosproblems-918-erdos-918-parts-i	Erdős problem 918, i	mathematics	3	statement				erdős problem,mathematics,open,formal conjectures	open	https://github.com/google-deepmind/formal-conjectures/blob/main/FormalConjectures/ErdosProblems/918.lean	Apache-2.0
fc-erdosproblems-918-erdos-918-parts-ii	Erdős problem 918, ii	mathematics	3	statement				erdős problem,mathematics,open,formal conjectures	open	https://github.com/google-deepmind/formal-conjectures/blob/main/FormalConjectures/ErdosProblems/918.lean	Apache-2.0
fc-erdosproblems-918-erdos-918-all-subgraphs-parts-i	Erdős problem 918, variant all subgraphs parts i	mathematics	2	statement				erdős problem,mathematics,open,formal conjectures	open	https://github.com/google-deepmind/formal-conjectures/blob/main/FormalConjectures/ErdosProblems/918.lean	Apache-2.0
fc-erdosproblems-918-erdos-918-all-subgraphs-parts-ii	Erdős problem 918, variant all subgraphs parts ii	mathematics	2	statement				chromatic,vertices,graph,subgraph,erdős problem	open	https://github.com/google-deepmind/formal-conjectures/blob/main/FormalConjectures/ErdosProblems/918.lean	Apache-2.0
fc-erdosproblems-918-erdos-918-erdos-hajnal	Erdős problem 918, variant erdos hajnal	mathematics	2	statement				erdős problem,mathematics,solved,formal conjectures	solved	https://github.com/google-deepmind/formal-conjectures/blob/main/FormalConjectures/ErdosProblems/918.lean	Apache-2.0
fc-erdosproblems-92-erdos-92-weak	Erdős problem 92, variant weak	mathematics	2	statement				convex geometry,disproof,erdos,records,already	solved	https://github.com/google-deepmind/formal-conjectures/blob/main/FormalConjectures/ErdosProblems/92.lean	Apache-2.0
fc-erdosproblems-92-erdos-92-strong	Erdős problem 92, variant strong	mathematics	2	statement				convex geometry,bound,constant,disproved,erdos	solved	https://github.com/google-deepmind/formal-conjectures/blob/main/FormalConjectures/ErdosProblems/92.lean	Apache-2.0
fc-erdosproblems-920-erdos-920	Erdős problem 920	mathematics	3	proved				bound,lower,brada,constant,follows	solved	https://github.com/google-deepmind/formal-conjectures/blob/main/FormalConjectures/ErdosProblems/920.lean	Apache-2.0
fc-erdosproblems-920-erdos-920-upper-bound	Erdős problem 920, variant upper bound	mathematics	2	statement				graver,yackel,erdős problem,mathematics,solved	solved	https://github.com/google-deepmind/formal-conjectures/blob/main/FormalConjectures/ErdosProblems/920.lean	Apache-2.0
fc-erdosproblems-920-erdos-920-k-eq-3	Erdős problem 920, variant k eq 3	mathematics	2	statement				erdős problem,mathematics,solved,formal conjectures	solved	https://github.com/google-deepmind/formal-conjectures/blob/main/FormalConjectures/ErdosProblems/920.lean	Apache-2.0
fc-erdosproblems-920-erdos-920-lower-bound-k-eq-4	Erdős problem 920, variant lower bound k eq 4	mathematics	2	statement				bound,implies,lower,mattheus,verstraete	solved	https://github.com/google-deepmind/formal-conjectures/blob/main/FormalConjectures/ErdosProblems/920.lean	Apache-2.0
fc-erdosproblems-920-erdos-920-lower-bound-k-ge-5	Erdős problem 920, variant lower bound k ge 5	mathematics	2	statement				answer,bound,brada,constant,follows	solved	https://github.com/google-deepmind/formal-conjectures/blob/main/FormalConjectures/ErdosProblems/920.lean	Apache-2.0
fc-erdosproblems-921-erdos-921	Erdős problem 921	mathematics	3	proved				chromatic,cycle,graph,largest,length	solved	https://github.com/google-deepmind/formal-conjectures/blob/main/FormalConjectures/ErdosProblems/921.lean	Apache-2.0
fc-erdosproblems-922-erdos-922	Erdős problem 922	mathematics	3	proved				chromatic,contains,could,folkman,graph	solved	https://github.com/google-deepmind/formal-conjectures/blob/main/FormalConjectures/ErdosProblems/922.lean	Apache-2.0
fc-erdosproblems-923-erdos-923	Erdős problem 923	mathematics	3	proved				chromatic,contains,shown,subgraph,triangle-free	solved	https://github.com/google-deepmind/formal-conjectures/blob/main/FormalConjectures/ErdosProblems/923.lean	Apache-2.0
fc-erdosproblems-926-erdos-926	Erdős problem 926	mathematics	3	proved				adjacent,graph,https,since,answer	solved	https://github.com/google-deepmind/formal-conjectures/blob/main/FormalConjectures/ErdosProblems/926.lean	Apache-2.0
fc-erdosproblems-926-erdos-926-aks	Erdős problem 926, variant aks	mathematics	2	statement				absolute,constant,implied,krivelevich,sudakov	solved	https://github.com/google-deepmind/formal-conjectures/blob/main/FormalConjectures/ErdosProblems/926.lean	Apache-2.0
fc-erdosproblems-927-erdos-927	Erdős problem 927	mathematics	3	proved				erdos,moser,spencer,variants,bound	solved	https://github.com/google-deepmind/formal-conjectures/blob/main/FormalConjectures/ErdosProblems/927.lean	Apache-2.0
fc-erdosproblems-93-erdos-93	Erdős problem 93	mathematics	3	proved				convex geometry,distinct,altman,convex,determine	solved	https://github.com/google-deepmind/formal-conjectures/blob/main/FormalConjectures/ErdosProblems/93.lean	Apache-2.0
fc-erdosproblems-930-erdos-930	Erdős problem 930	mathematics	3	statement				number theory,consecutive,disjoint,integers,intervals	open	https://github.com/google-deepmind/formal-conjectures/blob/main/FormalConjectures/ErdosProblems/930.lean	Apache-2.0
fc-erdosproblems-930-erdos-930-consecutive-strong	Erdős problem 930, variant consecutive strong	mathematics	2	statement				number theory,prime,integers,consecutive,divide	solved	https://github.com/google-deepmind/formal-conjectures/blob/main/FormalConjectures/ErdosProblems/930.lean	Apache-2.0
fc-erdosproblems-930-erdos-930-consecutive-integers	Erdős problem 930, variant consecutive integers	mathematics	2	statement				number theory,consecutive,erdos,integers,never	solved	https://github.com/google-deepmind/formal-conjectures/blob/main/FormalConjectures/ErdosProblems/930.lean	Apache-2.0
fc-erdosproblems-931-erdos-931	Erdős problem 931	mathematics	3	statement				number theory,factors,finitely,prime,erdős problem	open	https://github.com/google-deepmind/formal-conjectures/blob/main/FormalConjectures/ErdosProblems/931.lean	Apache-2.0
fc-erdosproblems-931-erdos-931-additional-condition	Erdős problem 931, variant additional condition	mathematics	2	statement				number theory,allowing,counterexamples,factors,finite	open	https://github.com/google-deepmind/formal-conjectures/blob/main/FormalConjectures/ErdosProblems/931.lean	Apache-2.0
fc-erdosproblems-931-erdos-931-additional-condition-nonempty	Erdős problem 931, variant additional condition nonempty	mathematics	2	statement				number theory,alphaproof,counterexamples,found,erdős problem	solved	https://github.com/google-deepmind/formal-conjectures/blob/main/FormalConjectures/ErdosProblems/931.lean	Apache-2.0
fc-erdosproblems-931-erdos-931-exists-prime	Erdős problem 931, variant exists prime	mathematics	2	statement				number theory,between,factors,prime,products	open	https://github.com/google-deepmind/formal-conjectures/blob/main/FormalConjectures/ErdosProblems/931.lean	Apache-2.0
fc-erdosproblems-932-erdos-932	Erdős problem 932	mathematics	3	statement				number theory,prime,denote,factors,infinitely	open	https://github.com/google-deepmind/formal-conjectures/blob/main/FormalConjectures/ErdosProblems/932.lean	Apache-2.0
fc-erdosproblems-932-erdos-932-one-le	Erdős problem 932, variant one le	mathematics	2	statement				number theory,could,density,least,erdős problem	solved	https://github.com/google-deepmind/formal-conjectures/blob/main/FormalConjectures/ErdosProblems/932.lean	Apache-2.0
fc-erdosproblems-933-erdos-933	Erdős problem 933	mathematics	3	statement				number theory,erdős problem,mathematics,open,formal conjectures	open	https://github.com/google-deepmind/formal-conjectures/blob/main/FormalConjectures/ErdosProblems/933.lean	Apache-2.0
fc-erdosproblems-933-erdos-933-mahler	Erdős problem 933, variant mahler	mathematics	2	statement				number theory,general,implies,mahler,particular	solved	https://github.com/google-deepmind/formal-conjectures/blob/main/FormalConjectures/ErdosProblems/933.lean	Apache-2.0
fc-erdosproblems-933-erdos-933-lower-bound	Erdős problem 933, variant lower bound	mathematics	2	statement				number theory,follows,infinitely,integer,noted	solved	https://github.com/google-deepmind/formal-conjectures/blob/main/FormalConjectures/ErdosProblems/933.lean	Apache-2.0
fc-erdosproblems-936-erdos-936-two-pow-add-one	Erdős problem 936, variant two pow add one	mathematics	2	statement				number theory,finitely,powerful,erdős problem,mathematics	open	https://github.com/google-deepmind/formal-conjectures/blob/main/FormalConjectures/ErdosProblems/936.lean	Apache-2.0
fc-erdosproblems-936-erdos-936-two-pow-sub-one	Erdős problem 936, variant two pow sub one	mathematics	2	statement				number theory,finitely,powerful,erdős problem,mathematics	open	https://github.com/google-deepmind/formal-conjectures/blob/main/FormalConjectures/ErdosProblems/936.lean	Apache-2.0
fc-erdosproblems-936-erdos-936-factorial-add-one	Erdős problem 936, variant factorial add one	mathematics	2	statement				number theory,finitely,powerful,erdős problem,mathematics	open	https://github.com/google-deepmind/formal-conjectures/blob/main/FormalConjectures/ErdosProblems/936.lean	Apache-2.0
fc-erdosproblems-936-erdos-936-factorial-sub-one	Erdős problem 936, variant factorial sub one	mathematics	2	statement				number theory,finitely,powerful,erdős problem,mathematics	open	https://github.com/google-deepmind/formal-conjectures/blob/main/FormalConjectures/ErdosProblems/936.lean	Apache-2.0
fc-erdosproblems-937-erdos-937	Erdős problem 937	mathematics	3	proved				number theory,powerful,arithmetic,coprime,four-term	solved	https://github.com/google-deepmind/formal-conjectures/blob/main/FormalConjectures/ErdosProblems/937.lean	Apache-2.0
fc-erdosproblems-938-erdos-938	Erdős problem 938	mathematics	3	statement				number theory,consecutive,finitely,powerful,progressions	open	https://github.com/google-deepmind/formal-conjectures/blob/main/FormalConjectures/ErdosProblems/938.lean	Apache-2.0
fc-erdosproblems-939-erdos-939	Erdős problem 939	mathematics	3	statement				number theory,powerful,coprime,itself,erdős problem	open	https://github.com/google-deepmind/formal-conjectures/blob/main/FormalConjectures/ErdosProblems/939.lean	Apache-2.0
fc-erdosproblems-939-erdos-939-finite	Erdős problem 939, variant finite	mathematics	2	statement				number theory,construction,erdos,infinitely,powerful	solved	https://github.com/google-deepmind/formal-conjectures/blob/main/FormalConjectures/ErdosProblems/939.lean	Apache-2.0
fc-erdosproblems-939-erdos-939-infinite-of-six-le	Erdős problem 939, variant infinite of six le	mathematics	2	statement				number theory,infinitely,powerful,coefficients,construction	solved	https://github.com/google-deepmind/formal-conjectures/blob/main/FormalConjectures/ErdosProblems/939.lean	Apache-2.0
fc-erdosproblems-939-erdos-939-triples	Erdős problem 939, variant triples	mathematics	2	statement				number theory,construction,infinitely,nitaj,perfect	solved	https://github.com/google-deepmind/formal-conjectures/blob/main/FormalConjectures/ErdosProblems/939.lean	Apache-2.0
fc-erdosproblems-939-erdos-939-examples	Erdős problem 939, variant examples	mathematics	2	statement				number theory,powerful,being,cambie,coprime	solved	https://github.com/google-deepmind/formal-conjectures/blob/main/FormalConjectures/ErdosProblems/939.lean	Apache-2.0
fc-erdosproblems-939-erdos-939-seven	Erdős problem 939, variant seven	mathematics	2	statement				number theory,cambie,found,solutions,erdős problem	solved	https://github.com/google-deepmind/formal-conjectures/blob/main/FormalConjectures/ErdosProblems/939.lean	Apache-2.0
fc-erdosproblems-939-erdos-939-eight	Erdős problem 939, variant eight	mathematics	2	statement				number theory,cambie,erdos,found,powerful	solved	https://github.com/google-deepmind/formal-conjectures/blob/main/FormalConjectures/ErdosProblems/939.lean	Apache-2.0
fc-erdosproblems-939-erdos-939-euler	Erdős problem 939, variant euler	mathematics	2	statement				number theory,would,euler,powers,claim	solved	https://github.com/google-deepmind/formal-conjectures/blob/main/FormalConjectures/ErdosProblems/939.lean	Apache-2.0
fc-erdosproblems-94-erdos-94	Erdős problem 94	mathematics	3	proved				convex geometry,between,points,suppose,appears	solved	https://github.com/google-deepmind/formal-conjectures/blob/main/FormalConjectures/ErdosProblems/94.lean	Apache-2.0
fc-erdosproblems-94-erdos-94-no-three-on-a-line	Erdős problem 94, variant no three on a line	mathematics	2	statement				convex geometry,assumption,lefmann,points,question	solved	https://github.com/google-deepmind/formal-conjectures/blob/main/FormalConjectures/ErdosProblems/94.lean	Apache-2.0
fc-erdosproblems-94-erdos-94-regular-ngon	Erdős problem 94, variant regular ngon	mathematics	2	statement				convex geometry,enough,fishburn,large,maximal	open	https://github.com/google-deepmind/formal-conjectures/blob/main/FormalConjectures/ErdosProblems/94.lean	Apache-2.0
fc-erdosproblems-940-erdos-940	Erdős problem 940	mathematics	3	statement				number theory,density,integers,powerful,erdős problem	open	https://github.com/google-deepmind/formal-conjectures/blob/main/FormalConjectures/ErdosProblems/940.lean	Apache-2.0
fc-erdosproblems-940-erdos-940-two	Erdős problem 940, variant two	mathematics	2	statement				number theory,baker,called,density,first	solved	https://github.com/google-deepmind/formal-conjectures/blob/main/FormalConjectures/ErdosProblems/940.lean	Apache-2.0
fc-erdosproblems-940-erdos-940-three-cubes	Erdős problem 940, variant three cubes	mathematics	2	statement				number theory,cubes,density,integers,choice	open	https://github.com/google-deepmind/formal-conjectures/blob/main/FormalConjectures/ErdosProblems/940.lean	Apache-2.0
fc-erdosproblems-940-erdos-940-large-integers	Erdős problem 940, variant large integers	mathematics	2	statement				number theory,infinitely,integers,powerful,erdős problem	open	https://github.com/google-deepmind/formal-conjectures/blob/main/FormalConjectures/ErdosProblems/940.lean	Apache-2.0
fc-erdosproblems-940-erdos-940-three-powerful	Erdős problem 940, variant three powerful	mathematics	2	statement				number theory,erdos,heath-brown,large,powerful	solved	https://github.com/google-deepmind/formal-conjectures/blob/main/FormalConjectures/ErdosProblems/940.lean	Apache-2.0
fc-erdosproblems-942-erdos-942	Erdős problem 942	mathematics	3	statement				number theory,constant,infinitely,erdős problem,mathematics	open	https://github.com/google-deepmind/formal-conjectures/blob/main/FormalConjectures/ErdosProblems/942.lean	Apache-2.0
fc-erdosproblems-943-erdos-943	Erdős problem 943	mathematics	3	statement				number theory,powerful,erdős problem,mathematics,open	open	https://github.com/google-deepmind/formal-conjectures/blob/main/FormalConjectures/ErdosProblems/943.lean	Apache-2.0
fc-erdosproblems-944-erdos-944	Erdős problem 944	mathematics	3	statement				number theory,critical,chromatic,edges,graph	open	https://github.com/google-deepmind/formal-conjectures/blob/main/FormalConjectures/ErdosProblems/944.lean	Apache-2.0
fc-erdosproblems-944-erdos-944-dirac-conjecture	Erdős problem 944, variant dirac conjecture	mathematics	2	statement				number theory,critical,chromatic,dirac,edges	solved	https://github.com/google-deepmind/formal-conjectures/blob/main/FormalConjectures/ErdosProblems/944.lean	Apache-2.0
fc-erdosproblems-944-erdos-944-dirac-conjecture-k-eq-5	Erdős problem 944, variant dirac conjecture k eq 5	mathematics	2	statement				number theory,critical,edges,graph,vertex	solved	https://github.com/google-deepmind/formal-conjectures/blob/main/FormalConjectures/ErdosProblems/944.lean	Apache-2.0
fc-erdosproblems-944-erdos-944-dirac-conjecture-k-sub-one-not-p	Erdős problem 944, variant dirac conjecture k sub one not prime	mathematics	2	statement				number theory,critical,lattanzio,discrete,edges	solved	https://github.com/google-deepmind/formal-conjectures/blob/main/FormalConjectures/ErdosProblems/944.lean	Apache-2.0
fc-erdosproblems-944-erdos-944-dirac-conjecture-k-ge-five	Erdős problem 944, variant dirac conjecture k ge five	mathematics	2	statement				number theory,critical,graphs,jensen,construction	solved	https://github.com/google-deepmind/formal-conjectures/blob/main/FormalConjectures/ErdosProblems/944.lean	Apache-2.0
fc-erdosproblems-944-erdos-944-dirac-conjecture-k-eq-four	Erdős problem 944, variant dirac conjecture k eq four	mathematics	2	proved				number theory,critical,answer,below,dirac	solved	https://github.com/google-deepmind/formal-conjectures/blob/main/FormalConjectures/ErdosProblems/944.lean	Apache-2.0
fc-erdosproblems-944-erdos-944-large-k-for-any-r	Erdős problem 944, variant large k for any r	mathematics	2	statement				number theory,critical,martinsson,steiner,anders	solved	https://github.com/google-deepmind/formal-conjectures/blob/main/FormalConjectures/ErdosProblems/944.lean	Apache-2.0
fc-erdosproblems-945-erdos-945	Erdős problem 945	mathematics	3	statement				number theory,erdős problem,mathematics,open,formal conjectures	open	https://github.com/google-deepmind/formal-conjectures/blob/main/FormalConjectures/ErdosProblems/945.lean	Apache-2.0
fc-erdosproblems-945-erdos-945-constant	Erdős problem 945, variant constant	mathematics	2	statement				number theory,constant,contains,divisors,integers	open	https://github.com/google-deepmind/formal-conjectures/blob/main/FormalConjectures/ErdosProblems/945.lean	Apache-2.0
fc-erdosproblems-945-erdos-945-lower-bound	Erdős problem 945, variant lower bound	mathematics	2	statement				number theory,mirsky,erdős problem,mathematics,solved	solved	https://github.com/google-deepmind/formal-conjectures/blob/main/FormalConjectures/ErdosProblems/945.lean	Apache-2.0
fc-erdosproblems-945-erdos-945-upper-bound	Erdős problem 945, variant upper bound	mathematics	2	statement				number theory,mirsky,erdős problem,mathematics,solved	solved	https://github.com/google-deepmind/formal-conjectures/blob/main/FormalConjectures/ErdosProblems/945.lean	Apache-2.0
fc-erdosproblems-946-erdos-946	Erdős problem 946	mathematics	3	proved				number theory,counting,divisor,function,infinitely	solved	https://github.com/google-deepmind/formal-conjectures/blob/main/FormalConjectures/ErdosProblems/946.lean	Apache-2.0
fc-erdosproblems-946-erdos-946-spiro-5040	Erdős problem 946, variant spiro 5040	mathematics	2	statement				number theory,infinitely,erdős problem,mathematics,solved	solved	https://github.com/google-deepmind/formal-conjectures/blob/main/FormalConjectures/ErdosProblems/946.lean	Apache-2.0
fc-erdosproblems-946-erdos-946-heathbrown-lower-bound	Erdős problem 946, variant heathbrown lower bound	mathematics	2	statement				number theory,large,least,sufficiently,erdős problem	solved	https://github.com/google-deepmind/formal-conjectures/blob/main/FormalConjectures/ErdosProblems/946.lean	Apache-2.0
fc-erdosproblems-946-erdos-946-hildebrand-lower-bound	Erdős problem 946, variant hildebrand lower bound	mathematics	2	statement				number theory,bound,improved,lower,erdős problem	solved	https://github.com/google-deepmind/formal-conjectures/blob/main/FormalConjectures/ErdosProblems/946.lean	Apache-2.0
fc-erdosproblems-946-erdos-946-upper-bound	Erdős problem 946, variant upper bound	mathematics	2	statement				number theory,bound,upper,erdős problem,mathematics	solved	https://github.com/google-deepmind/formal-conjectures/blob/main/FormalConjectures/ErdosProblems/946.lean	Apache-2.0
fc-erdosproblems-947-erdos-947	Erdős problem 947	mathematics	3	proved				number theory,classes,congruence,covering,distinct	solved	https://github.com/google-deepmind/formal-conjectures/blob/main/FormalConjectures/ErdosProblems/947.lean	Apache-2.0
fc-erdosproblems-948-erdos-948	Erdős problem 948	mathematics	3	proved				number theory,colouring,finite,colour,colours	solved	https://github.com/google-deepmind/formal-conjectures/blob/main/FormalConjectures/ErdosProblems/948.lean	Apache-2.0
fc-erdosproblems-948-erdos-948-monochromatic	Erdős problem 948, variant monochromatic	mathematics	2	proved				number theory,fails,answer,erdos,finite	solved	https://github.com/google-deepmind/formal-conjectures/blob/main/FormalConjectures/ErdosProblems/948.lean	Apache-2.0
fc-erdosproblems-949-erdos-949	Erdős problem 949	mathematics	3	statement				cardinality,containing,continuum,solutions,erdős problem	open	https://github.com/google-deepmind/formal-conjectures/blob/main/FormalConjectures/ErdosProblems/949.lean	Apache-2.0
fc-erdosproblems-949-erdos-949-sidon	Erdős problem 949, variant sidon	mathematics	2	statement				cardinality,continuum,sidon,erdős problem,mathematics	solved	https://github.com/google-deepmind/formal-conjectures/blob/main/FormalConjectures/ErdosProblems/949.lean	Apache-2.0
fc-erdosproblems-95-erdos-95	Erdős problem 95	mathematics	3	proved				convex geometry,determine,epsilon,points,solved	solved	https://github.com/google-deepmind/formal-conjectures/blob/main/FormalConjectures/ErdosProblems/95.lean	Apache-2.0
fc-erdosproblems-95-erdos-95-guth-katz	Erdős problem 95, variant guth katz	mathematics	2	statement				convex geometry,bound,upper,erdős problem,mathematics	solved	https://github.com/google-deepmind/formal-conjectures/blob/main/FormalConjectures/ErdosProblems/95.lean	Apache-2.0
fc-erdosproblems-950-erdos-950-parts-i	Erdős problem 950, i	mathematics	3	statement				number theory,erdős problem,mathematics,open,formal conjectures	open	https://github.com/google-deepmind/formal-conjectures/blob/main/FormalConjectures/ErdosProblems/950.lean	Apache-2.0
fc-erdosproblems-950-erdos-950-parts-ii	Erdős problem 950, ii	mathematics	3	statement				number theory,erdős problem,mathematics,open,formal conjectures	open	https://github.com/google-deepmind/formal-conjectures/blob/main/FormalConjectures/ErdosProblems/950.lean	Apache-2.0
fc-erdosproblems-950-erdos-950-parts-iii	Erdős problem 950, iii	mathematics	3	statement				number theory,erdős problem,mathematics,open,formal conjectures	open	https://github.com/google-deepmind/formal-conjectures/blob/main/FormalConjectures/ErdosProblems/950.lean	Apache-2.0
fc-erdosproblems-950-erdos-950-debruijn-erdos-turan	Erdős problem 950, variant debruijn erdos turan	mathematics	2	statement				number theory,bruijn,claim,considered,function	solved	https://github.com/google-deepmind/formal-conjectures/blob/main/FormalConjectures/ErdosProblems/950.lean	Apache-2.0
fc-erdosproblems-950-erdos-950-weaker-pi	Erdős problem 950, variant weaker pi	mathematics	2	statement				number theory,compare,inaccessible,large,perhaps	open	https://github.com/google-deepmind/formal-conjectures/blob/main/FormalConjectures/ErdosProblems/950.lean	Apache-2.0
fc-erdosproblems-950-erdos-950-weaker-pi-implies-f	Erdős problem 950, variant weaker pi implies f	mathematics	2	statement				number theory,constant,notes,erdős problem,mathematics	solved	https://github.com/google-deepmind/formal-conjectures/blob/main/FormalConjectures/ErdosProblems/950.lean	Apache-2.0
fc-erdosproblems-950-erdos-950-sum-primes	Erdős problem 950, variant sum primes	mathematics	2	statement				number theory,could,harder,study,erdős problem	open	https://github.com/google-deepmind/formal-conjectures/blob/main/FormalConjectures/ErdosProblems/950.lean	Apache-2.0
fc-erdosproblems-951-erdos-951	Erdős problem 951	mathematics	3	statement				number theory,erdos,property,erdős problem,mathematics	open	https://github.com/google-deepmind/formal-conjectures/blob/main/FormalConjectures/ErdosProblems/951.lean	Apache-2.0
fc-erdosproblems-951-erdos-951-beurling	Erdős problem 951, variant beurling	mathematics	2	statement				number theory,beurling,distinct,erdos,integers	solved	https://github.com/google-deepmind/formal-conjectures/blob/main/FormalConjectures/ErdosProblems/951.lean	Apache-2.0
fc-erdosproblems-952-erdos-952	Erdős problem 952	mathematics	3	statement				number theory,distinct,gaussian,infinite,primes	open	https://github.com/google-deepmind/formal-conjectures/blob/main/FormalConjectures/ErdosProblems/952.lean	Apache-2.0
fc-erdosproblems-955-erdos-955	Erdős problem 955	mathematics	3	statement				number theory,density,granville,pomerance,spiro	open	https://github.com/google-deepmind/formal-conjectures/blob/main/FormalConjectures/ErdosProblems/955.lean	Apache-2.0
fc-erdosproblems-955-erdos-955-positive-density	Erdős problem 955, variant positive density	mathematics	2	statement				number theory,density,distinct,example,positive	solved	https://github.com/google-deepmind/formal-conjectures/blob/main/FormalConjectures/ErdosProblems/955.lean	Apache-2.0
fc-erdosproblems-955-erdos-955-empty-preimage	Erdős problem 955, variant empty preimage	mathematics	2	statement				number theory,density,empty,positive,erdős problem	solved	https://github.com/google-deepmind/formal-conjectures/blob/main/FormalConjectures/ErdosProblems/955.lean	Apache-2.0
fc-erdosproblems-955-erdos-955-pollack-primes	Erdős problem 955, variant pollack primes	mathematics	2	statement				number theory,pollack,primes,shown,erdős problem	solved	https://github.com/google-deepmind/formal-conjectures/blob/main/FormalConjectures/ErdosProblems/955.lean	Apache-2.0
fc-erdosproblems-955-erdos-955-troupe-unusually-many-prime-fact	Erdős problem 955, variant troupe unusually many prime factors	mathematics	2	statement				number theory,factors,integers,prime,shown	solved	https://github.com/google-deepmind/formal-conjectures/blob/main/FormalConjectures/ErdosProblems/955.lean	Apache-2.0
fc-erdosproblems-955-erdos-955-troupe-sum-of-two-squares	Erdős problem 955, variant troupe sum of two squares	mathematics	2	statement				number theory,integers,shown,squares,troupe	solved	https://github.com/google-deepmind/formal-conjectures/blob/main/FormalConjectures/ErdosProblems/955.lean	Apache-2.0
fc-erdosproblems-955-erdos-955-pollack-pomerance-thompson-bound	Erdős problem 955, variant pollack pomerance thompson bound	mathematics	2	statement				number theory,density,follows,grows,pollack	solved	https://github.com/google-deepmind/formal-conjectures/blob/main/FormalConjectures/ErdosProblems/955.lean	Apache-2.0
fc-erdosproblems-958-erdos-958	Erdős problem 958	mathematics	3	statement				convex geometry,answer,circle,equidistant,large	solved	https://github.com/google-deepmind/formal-conjectures/blob/main/FormalConjectures/ErdosProblems/958.lean	Apache-2.0
fc-erdosproblems-959-erdos-959	Erdős problem 959	mathematics	3	statement				convex geometry,determined,distance,distances,distinct	open	https://github.com/google-deepmind/formal-conjectures/blob/main/FormalConjectures/ErdosProblems/959.lean	Apache-2.0
fc-erdosproblems-959-erdos-959-lower-bound	Erdős problem 959, lower bound	mathematics	3	proved				convex geometry,bound,determining,erdos,exact	solved	https://github.com/google-deepmind/formal-conjectures/blob/main/FormalConjectures/ErdosProblems/959.lean	Apache-2.0
fc-erdosproblems-96-erdos-96	Erdős problem 96	mathematics	3	statement				convex geometry,apart,convex,distance,pairs	open	https://github.com/google-deepmind/formal-conjectures/blob/main/FormalConjectures/ErdosProblems/96.lean	Apache-2.0
fc-erdosproblems-961-erdos-961-sylvester-schur	Erdős problem 961, sylvester schur	mathematics	3	statement				number theory,greater,consecutive,contains,divisible	solved	https://github.com/google-deepmind/formal-conjectures/blob/main/FormalConjectures/ErdosProblems/961.lean	Apache-2.0
fc-erdosproblems-961-erdos-961-well-defined	Erdős problem 961, variant well defined	mathematics	2	statement				number theory,erdos,erdős problem,mathematics,solved	solved	https://github.com/google-deepmind/formal-conjectures/blob/main/FormalConjectures/ErdosProblems/961.lean	Apache-2.0
fc-erdosproblems-961-erdos-961	Erdős problem 961	mathematics	3	statement				number theory,erdős problem,mathematics,open,formal conjectures	open	https://github.com/google-deepmind/formal-conjectures/blob/main/FormalConjectures/ErdosProblems/961.lean	Apache-2.0
fc-erdosproblems-961-erdos-961-erdos-upper-bound	Erdős problem 961, variant erdos upper bound	mathematics	2	statement				number theory,erdos,large,sufficiently,erdős problem	solved	https://github.com/google-deepmind/formal-conjectures/blob/main/FormalConjectures/ErdosProblems/961.lean	Apache-2.0
fc-erdosproblems-961-erdos-961-jutila-ramachandra-shorey-upper	Erdős problem 961, variant jutila ramachandra shorey upper bound	mathematics	2	statement				number theory,bound,jutila,ramachandra--shorey,stronger	solved	https://github.com/google-deepmind/formal-conjectures/blob/main/FormalConjectures/ErdosProblems/961.lean	Apache-2.0
fc-erdosproblems-962-erdos-962	Erdős problem 962	mathematics	3	statement				number theory,erdős problem,mathematics,open,formal conjectures	open	https://github.com/google-deepmind/formal-conjectures/blob/main/FormalConjectures/ErdosProblems/962.lean	Apache-2.0
fc-erdosproblems-962-erdos-962-tang-lower-bound	Erdős problem 962, variant tang lower bound	mathematics	2	statement				number theory,bound,lower,erdős problem,mathematics	solved	https://github.com/google-deepmind/formal-conjectures/blob/main/FormalConjectures/ErdosProblems/962.lean	Apache-2.0
fc-erdosproblems-962-erdos-962-tao-upper-bound	Erdős problem 962, variant tao upper bound	mathematics	2	statement				number theory,bound,upper,erdős problem,mathematics	solved	https://github.com/google-deepmind/formal-conjectures/blob/main/FormalConjectures/ErdosProblems/962.lean	Apache-2.0
fc-erdosproblems-965-erdos-965	Erdős problem 965	mathematics	3	proved				coloring,colour,constructed,counterexample,independently	solved	https://github.com/google-deepmind/formal-conjectures/blob/main/FormalConjectures/ErdosProblems/965.lean	Apache-2.0
fc-erdosproblems-965-erdos-965-generalization	Erdős problem 965, variant generalization	mathematics	2	statement				coloring,distinct,elements,uncountable,colour	solved	https://github.com/google-deepmind/formal-conjectures/blob/main/FormalConjectures/ErdosProblems/965.lean	Apache-2.0
fc-erdosproblems-966-erdos-966	Erdős problem 966	mathematics	3	proved				number theory,arithmetic,length,non-trivial,progression	solved	https://github.com/google-deepmind/formal-conjectures/blob/main/FormalConjectures/ErdosProblems/966.lean	Apache-2.0
fc-erdosproblems-967-erdos-967	Erdős problem 967	mathematics	3	proved				number theory,complex analysis,integers,sequence,always	solved	https://github.com/google-deepmind/formal-conjectures/blob/main/FormalConjectures/ErdosProblems/967.lean	Apache-2.0
fc-erdosproblems-967-erdos-967-yip	Erdős problem 967, variant yip	mathematics	2	statement				number theory,complex analysis,always,integers,sequence	solved	https://github.com/google-deepmind/formal-conjectures/blob/main/FormalConjectures/ErdosProblems/967.lean	Apache-2.0
fc-erdosproblems-967-erdos-967-finite	Erdős problem 967, variant finite	mathematics	2	statement				number theory,complex analysis,finite,integers,remains	open	https://github.com/google-deepmind/formal-conjectures/blob/main/FormalConjectures/ErdosProblems/967.lean	Apache-2.0
fc-erdosproblems-967-erdos-967-two-three-five	Erdős problem 967, variant two three five	mathematics	2	statement				number theory,complex analysis,question,could,decide	open	https://github.com/google-deepmind/formal-conjectures/blob/main/FormalConjectures/ErdosProblems/967.lean	Apache-2.0
fc-erdosproblems-967-erdos-967-tauberian	Erdős problem 967, variant tauberian	mathematics	2	statement				number theory,sequences and series,bounded,arose,equivalent	solved	https://github.com/google-deepmind/formal-conjectures/blob/main/FormalConjectures/ErdosProblems/967.lean	Apache-2.0
fc-erdosproblems-968-erdos-968	Erdős problem 968	mathematics	3	statement				number theory,density,lower,positive,erdős problem	open	https://github.com/google-deepmind/formal-conjectures/blob/main/FormalConjectures/ErdosProblems/968.lean	Apache-2.0
fc-erdosproblems-968-erdos-968-sum-abs-diff-istheta-log-sq	Erdős problem 968, variant sum abs diff isTheta log sq	mathematics	2	statement				number theory,encode,prachar,primecounting,primes	solved	https://github.com/google-deepmind/formal-conjectures/blob/main/FormalConjectures/ErdosProblems/968.lean	Apache-2.0
fc-erdosproblems-968-erdos-968-decreasing-steps-pos-lower-densi	Erdős problem 968, variant decreasing steps pos lower density	mathematics	2	statement				number theory,density,lower,positive,prachar	solved	https://github.com/google-deepmind/formal-conjectures/blob/main/FormalConjectures/ErdosProblems/968.lean	Apache-2.0
fc-erdosproblems-968-erdos-968-infinite-increasingtriples	Erdős problem 968, variant infinite increasingTriples	mathematics	2	statement				number theory,infinitely,consecutive,prime,answer	solved	https://github.com/google-deepmind/formal-conjectures/blob/main/FormalConjectures/ErdosProblems/968.lean	Apache-2.0
fc-erdosproblems-968-erdos-968-infinite-decreasingtriples	Erdős problem 968, variant infinite decreasingTriples	mathematics	2	statement				number theory,infinitely,answer,asked,because	solved	https://github.com/google-deepmind/formal-conjectures/blob/main/FormalConjectures/ErdosProblems/968.lean	Apache-2.0
fc-erdosproblems-97-erdos-97	Erdős problem 97	mathematics	3	statement				convex geometry,convex,equidistant,polygon,vertex	open	https://github.com/google-deepmind/formal-conjectures/blob/main/FormalConjectures/ErdosProblems/97.lean	Apache-2.0
fc-erdosproblems-97-erdos-97-three-equidistant	Erdős problem 97, variant three equidistant	mathematics	2	statement				convex geometry,danzer,equidistant,geometry,points	solved	https://github.com/google-deepmind/formal-conjectures/blob/main/FormalConjectures/ErdosProblems/97.lean	Apache-2.0
fc-erdosproblems-97-erdos-97-k-equidistant	Erdős problem 97, variant k equidistant	mathematics	2	statement				convex geometry,convex,equidistant,polygon,vertex	open	https://github.com/google-deepmind/formal-conjectures/blob/main/FormalConjectures/ErdosProblems/97.lean	Apache-2.0
fc-erdosproblems-97-erdos-97-three-unit-distance	Erdős problem 97, variant three unit distance	mathematics	2	statement				convex geometry,vertices,convex,fishburn,polygon	solved	https://github.com/google-deepmind/formal-conjectures/blob/main/FormalConjectures/ErdosProblems/97.lean	Apache-2.0
fc-erdosproblems-97-erdos-97-three-unit-distance-cut-min	Erdős problem 97, variant three unit distance cut min	mathematics	2	statement				convex geometry,convex,fishburn,reeds,smallest	solved	https://github.com/google-deepmind/formal-conjectures/blob/main/FormalConjectures/ErdosProblems/97.lean	Apache-2.0
fc-erdosproblems-970-erdos-970	Erdős problem 970	mathematics	3	statement				number theory,consecutive,coprime,defined,determine	open	https://github.com/google-deepmind/formal-conjectures/blob/main/FormalConjectures/ErdosProblems/970.lean	Apache-2.0
fc-erdosproblems-971-erdos-971	Erdős problem 971	mathematics	3	statement				number theory,congruent,constant,large,least	open	https://github.com/google-deepmind/formal-conjectures/blob/main/FormalConjectures/ErdosProblems/971.lean	Apache-2.0
fc-erdosproblems-971-erdos-971-infinite-sequence	Erdős problem 971, variant infinite sequence	mathematics	2	statement				number theory,applications,erdos,infinitely,method	solved	https://github.com/google-deepmind/formal-conjectures/blob/main/FormalConjectures/ErdosProblems/971.lean	Apache-2.0
fc-erdosproblems-971-erdos-971-many-small	Erdős problem 971, variant many small	mathematics	2	statement				number theory,applications,large,method,szeged	solved	https://github.com/google-deepmind/formal-conjectures/blob/main/FormalConjectures/ErdosProblems/971.lean	Apache-2.0
fc-erdosproblems-972-erdos-972	Erdős problem 972	mathematics	3	statement				number theory,infinitely,irrational,prime,primes	open	https://github.com/google-deepmind/formal-conjectures/blob/main/FormalConjectures/ErdosProblems/972.lean	Apache-2.0
fc-erdosproblems-973-erdos-973	Erdős problem 973	mathematics	3	statement				number theory,answer,attributed,below,constant	solved	https://github.com/google-deepmind/formal-conjectures/blob/main/FormalConjectures/ErdosProblems/973.lean	Apache-2.0
fc-erdosproblems-973-erdos-973-luo-yang-zhu	Erdős problem 973, variant luo yang zhu	mathematics	2	statement				number theory,bound,decay,enough,erdos	solved	https://github.com/google-deepmind/formal-conjectures/blob/main/FormalConjectures/ErdosProblems/973.lean	Apache-2.0
fc-erdosproblems-973-erdos-973-le-one	Erdős problem 973, variant le one	mathematics	2	statement				number theory,construction,described,gives,indeed	solved	https://github.com/google-deepmind/formal-conjectures/blob/main/FormalConjectures/ErdosProblems/973.lean	Apache-2.0
fc-erdosproblems-973-erdos-973-m2-bounds	Erdős problem 973, variant m2 bounds	mathematics	2	statement				number theory,analysis,different,large,minimum	solved	https://github.com/google-deepmind/formal-conjectures/blob/main/FormalConjectures/ErdosProblems/973.lean	Apache-2.0
fc-erdosproblems-973-erdos-973-tang	Erdős problem 973, variant tang	mathematics	2	statement				number theory,implies,notes,theorem,erdős problem	solved	https://github.com/google-deepmind/formal-conjectures/blob/main/FormalConjectures/ErdosProblems/973.lean	Apache-2.0
fc-erdosproblems-974-erdos-974	Erdős problem 974	mathematics	3	proved				number theory,complex analysis,sequence,tuples,centred	solved	https://github.com/google-deepmind/formal-conjectures/blob/main/FormalConjectures/ErdosProblems/974.lean	Apache-2.0
fc-erdosproblems-974-erdos-974-two-tuples	Erdős problem 974, variant two tuples	mathematics	2	statement				number theory,complex analysis,tuples,centred,circle	solved	https://github.com/google-deepmind/formal-conjectures/blob/main/FormalConjectures/ErdosProblems/974.lean	Apache-2.0
fc-erdosproblems-975-erdos-975	Erdős problem 975	mathematics	3	statement				number theory,polynomial,assume,coefficients,constant	open	https://github.com/google-deepmind/formal-conjectures/blob/main/FormalConjectures/ErdosProblems/975.lean	Apache-2.0
fc-erdosproblems-975-erdos-975-upper-bound	Erdős problem 975, variant upper bound	mathematics	2	statement				number theory,bound,correctness,growth,lower	solved	https://github.com/google-deepmind/formal-conjectures/blob/main/FormalConjectures/ErdosProblems/975.lean	Apache-2.0
fc-erdosproblems-975-erdos-975-lower-bound	Erdős problem 975, variant lower bound	mathematics	2	statement				number theory,bound,erdos,growth,lower	solved	https://github.com/google-deepmind/formal-conjectures/blob/main/FormalConjectures/ErdosProblems/975.lean	Apache-2.0
fc-erdosproblems-975-erdos-975-quadratic	Erdős problem 975, variant quadratic	mathematics	2	statement				number theory,class,constant,expression,hurwitz	solved	https://github.com/google-deepmind/formal-conjectures/blob/main/FormalConjectures/ErdosProblems/975.lean	Apache-2.0
fc-erdosproblems-975-erdos-975-n2-plus-1-strong	Erdős problem 975, variant n2 plus 1 strong	mathematics	2	statement				number theory,asymptote,concrete,example,erdős problem	solved	https://github.com/google-deepmind/formal-conjectures/blob/main/FormalConjectures/ErdosProblems/975.lean	Apache-2.0
fc-erdosproblems-975-erdos-975-n2-plus-1	Erdős problem 975, variant n2 plus 1	mathematics	2	statement				number theory,asymptotics,erdos,erdős problem,mathematics	solved	https://github.com/google-deepmind/formal-conjectures/blob/main/FormalConjectures/ErdosProblems/975.lean	Apache-2.0
fc-erdosproblems-977-erdos-977	Erdős problem 977	mathematics	3	proved				number theory,prime,stewart,about,affirmative	solved	https://github.com/google-deepmind/formal-conjectures/blob/main/FormalConjectures/ErdosProblems/977.lean	Apache-2.0
fc-erdosproblems-977-erdos-977-schinzel	Erdős problem 977, variant schinzel	mathematics	2	statement				number theory,schinzel,erdős problem,mathematics,solved	solved	https://github.com/google-deepmind/formal-conjectures/blob/main/FormalConjectures/ErdosProblems/977.lean	Apache-2.0
fc-erdosproblems-977-erdos-977-stewart	Erdős problem 977, variant stewart	mathematics	2	statement				number theory,large,stewart,erdős problem,mathematics	solved	https://github.com/google-deepmind/formal-conjectures/blob/main/FormalConjectures/ErdosProblems/977.lean	Apache-2.0
fc-erdosproblems-977-erdos-977-factorial	Erdős problem 977, variant factorial	mathematics	2	statement				number theory,about,appears,assuming,murty	open	https://github.com/google-deepmind/formal-conjectures/blob/main/FormalConjectures/ErdosProblems/977.lean	Apache-2.0
fc-erdosproblems-977-erdos-977-lai	Erdős problem 977, variant lai	mathematics	2	statement				number theory,approx,best-known,limsup,result	solved	https://github.com/google-deepmind/formal-conjectures/blob/main/FormalConjectures/ErdosProblems/977.lean	Apache-2.0
fc-erdosproblems-978-erdos-978-sub-one	Erdős problem 978, variant sub one	mathematics	2	statement				number theory,power,coefficient,degree,equal	solved	https://github.com/google-deepmind/formal-conjectures/blob/main/FormalConjectures/ErdosProblems/978.lean	Apache-2.0
fc-erdosproblems-978-erdos-978-parts-i	Erdős problem 978, i	mathematics	3	statement				number theory,power,positive,coefficient,degree	solved	https://github.com/google-deepmind/formal-conjectures/blob/main/FormalConjectures/ErdosProblems/978.lean	Apache-2.0
fc-erdosproblems-978-erdos-978-sub-two	Erdős problem 978, variant sub two	mathematics	2	statement				number theory,power,degree,divisors,elements	solved	https://github.com/google-deepmind/formal-conjectures/blob/main/FormalConjectures/ErdosProblems/978.lean	Apache-2.0
fc-erdosproblems-978-erdos-978-allow-fixed-divisors	Erdős problem 978, variant allow fixed divisors	mathematics	2	proved				number theory,agent,deepmind,disproved,infinitely	solved	https://github.com/google-deepmind/formal-conjectures/blob/main/FormalConjectures/ErdosProblems/978.lean	Apache-2.0
fc-erdosproblems-978-erdos-978-parts-ii	Erdős problem 978, ii	mathematics	3	statement				number theory,infinitely,power-free,primes,erdős problem	open	https://github.com/google-deepmind/formal-conjectures/blob/main/FormalConjectures/ErdosProblems/978.lean	Apache-2.0
fc-erdosproblems-978-erdos-978-parts-iii	Erdős problem 978, iii	mathematics	3	statement				number theory,infinitely,represent,squarefree,erdős problem	open	https://github.com/google-deepmind/formal-conjectures/blob/main/FormalConjectures/ErdosProblems/978.lean	Apache-2.0
fc-erdosproblems-979-erdos-979	Erdős problem 979	mathematics	3	statement				number theory,count,prime,solutions,erdős problem	open	https://github.com/google-deepmind/formal-conjectures/blob/main/FormalConjectures/ErdosProblems/979.lean	Apache-2.0
fc-erdosproblems-979-erdos-979-k2	Erdős problem 979, variant k2	mathematics	2	statement				number theory,counts,difference,london,prime	solved	https://github.com/google-deepmind/formal-conjectures/blob/main/FormalConjectures/ErdosProblems/979.lean	Apache-2.0
fc-erdosproblems-979-erdos-979-k3	Erdős problem 979, variant k3	mathematics	2	proved				number theory,unpublished,erdős problem,mathematics,solved	solved	https://github.com/google-deepmind/formal-conjectures/blob/main/FormalConjectures/ErdosProblems/979.lean	Apache-2.0
fc-erdosproblems-98-erdos-98	Erdős problem 98	mathematics	3	statement				convex geometry,circle,determine,distances,distinct	open	https://github.com/google-deepmind/formal-conjectures/blob/main/FormalConjectures/ErdosProblems/98.lean	Apache-2.0
fc-erdosproblems-98-erdos-98-upper-bound	Erdős problem 98, variant upper bound	mathematics	2	statement				convex geometry,constant,could,improved,shown	solved	https://github.com/google-deepmind/formal-conjectures/blob/main/FormalConjectures/ErdosProblems/98.lean	Apache-2.0
fc-erdosproblems-982-erdos-982	Erdős problem 982	mathematics	3	statement				convex geometry,convex,different,distances,distinct	open	https://github.com/google-deepmind/formal-conjectures/blob/main/FormalConjectures/ErdosProblems/982.lean	Apache-2.0
fc-erdosproblems-985-erdos-985	Erdős problem 985	mathematics	3	statement				number theory,prime,modulo,primitive,erdős problem	open	https://github.com/google-deepmind/formal-conjectures/blob/main/FormalConjectures/ErdosProblems/985.lean	Apache-2.0
fc-erdosproblems-985-erdos-985-two-three-five-primitive-root	Erdős problem 985, variant two three five primitive root	mathematics	2	statement				number theory,heath-brown,infinitely,least,primes	solved	https://github.com/google-deepmind/formal-conjectures/blob/main/FormalConjectures/ErdosProblems/985.lean	Apache-2.0
fc-erdosproblems-986-erdos-986	Erdős problem 986	mathematics	3	proved				according,below,brada,chung,cliquefree	solved	https://github.com/google-deepmind/formal-conjectures/blob/main/FormalConjectures/ErdosProblems/986.lean	Apache-2.0
fc-erdosproblems-987-erdos-987-parts-i	Erdős problem 987, i	mathematics	3	proved				number theory,sequences and series,harmonic analysis,found,infinitely	solved	https://github.com/google-deepmind/formal-conjectures/blob/main/FormalConjectures/ErdosProblems/987.lean	Apache-2.0
fc-erdosproblems-987-erdos-987-sup-limsup-infty	Erdős problem 987, variant sup limsup infty	mathematics	2	proved				number theory,sequences and series,harmonic analysis,infty,infinite	solved	https://github.com/google-deepmind/formal-conjectures/blob/main/FormalConjectures/ErdosProblems/987.lean	Apache-2.0
fc-erdosproblems-987-erdos-987-log-lower-bound	Erdős problem 987, variant log lower bound	mathematics	2	proved				number theory,sequences and series,harmonic analysis,infinite,infinitely	solved	https://github.com/google-deepmind/formal-conjectures/blob/main/FormalConjectures/ErdosProblems/987.lean	Apache-2.0
fc-erdosproblems-987-erdos-987-sqrt-lower-bound	Erdős problem 987, variant sqrt lower bound	mathematics	2	proved				number theory,sequences and series,harmonic analysis,clunie,found	solved	https://github.com/google-deepmind/formal-conjectures/blob/main/FormalConjectures/ErdosProblems/987.lean	Apache-2.0
fc-erdosproblems-987-erdos-987-linear-upper-bound-weak	Erdős problem 987, variant linear upper bound weak	mathematics	2	proved				number theory,sequences and series,harmonic analysis,bound,clunie	solved	https://github.com/google-deepmind/formal-conjectures/blob/main/FormalConjectures/ErdosProblems/987.lean	Apache-2.0
fc-erdosproblems-987-erdos-987-linear-upper-bound-clunie	Erdős problem 987, variant linear upper bound clunie	mathematics	2	proved				number theory,sequences and series,harmonic analysis,bound,linear	solved	https://github.com/google-deepmind/formal-conjectures/blob/main/FormalConjectures/ErdosProblems/987.lean	Apache-2.0
fc-erdosproblems-987-erdos-987-linear-upper-bound	Erdős problem 987, variant linear upper bound	mathematics	2	proved				number theory,sequences and series,harmonic analysis,interval,clunie	solved	https://github.com/google-deepmind/formal-conjectures/blob/main/FormalConjectures/ErdosProblems/987.lean	Apache-2.0
fc-erdosproblems-987-erdos-987-sqrt-log-upper-bound	Erdős problem 987, variant sqrt log upper bound	mathematics	2	proved				number theory,sequences and series,harmonic analysis,apssv,bound	solved	https://github.com/google-deepmind/formal-conjectures/blob/main/FormalConjectures/ErdosProblems/987.lean	Apache-2.0
fc-erdosproblems-987-erdos-987-parts-ii	Erdős problem 987, ii	mathematics	3	proved				number theory,sequences and series,harmonic analysis,bound,asymptotic	solved	https://github.com/google-deepmind/formal-conjectures/blob/main/FormalConjectures/ErdosProblems/987.lean	Apache-2.0
fc-erdosproblems-987-erdos-987-finite-distinct-points	Erdős problem 987, variant finite distinct points	mathematics	2	proved				number theory,sequences and series,harmonic analysis,assumption,infinitely	solved	https://github.com/google-deepmind/formal-conjectures/blob/main/FormalConjectures/ErdosProblems/987.lean	Apache-2.0
fc-erdosproblems-99-erdos-99	Erdős problem 99	mathematics	3	statement				convex geometry,contain,diameter,distance,equilateral	open	https://github.com/google-deepmind/formal-conjectures/blob/main/FormalConjectures/ErdosProblems/99.lean	Apache-2.0
fc-erdosproblems-990-erdos-990	Erdős problem 990	mathematics	3	proved				field theory,complex analysis,lvert,rvert,right	solved	https://github.com/google-deepmind/formal-conjectures/blob/main/FormalConjectures/ErdosProblems/990.lean	Apache-2.0
fc-erdosproblems-990-erdos-990-erdos-turan	Erdős problem 990, variant erdos turan	mathematics	2	statement				field theory,complex analysis,bound,replaced,upper	solved	https://github.com/google-deepmind/formal-conjectures/blob/main/FormalConjectures/ErdosProblems/990.lean	Apache-2.0
fc-erdosproblems-990-erdos-990-hayman	Erdős problem 990, variant hayman	mathematics	2	statement				field theory,complex analysis,lvert,rvert,although	solved	https://github.com/google-deepmind/formal-conjectures/blob/main/FormalConjectures/ErdosProblems/990.lean	Apache-2.0
fc-erdosproblems-990-erdos-990-counterexample	Erdős problem 990, variant counterexample	mathematics	2	statement				field theory,complex analysis,apssv,coefficients,constructing	solved	https://github.com/google-deepmind/formal-conjectures/blob/main/FormalConjectures/ErdosProblems/990.lean	Apache-2.0
fc-erdosproblems-994-erdos-994	Erdős problem 994	mathematics	3	statement				number theory,measure theory,allowed,almost,alpha	solved	https://github.com/google-deepmind/formal-conjectures/blob/main/FormalConjectures/ErdosProblems/994.lean	Apache-2.0
fc-erdosproblems-995-erdos-995	Erdős problem 995	mathematics	3	statement				number theory,harmonic analysis,almost,alpha,integers	open	https://github.com/google-deepmind/formal-conjectures/blob/main/FormalConjectures/ErdosProblems/995.lean	Apache-2.0
fc-erdosproblems-995-erdos-995-erdos-lower-bound	Erdős problem 995, variant erdos lower bound	mathematics	2	statement				number theory,harmonic analysis,infty,almost,alpha	solved	https://github.com/google-deepmind/formal-conjectures/blob/main/FormalConjectures/ErdosProblems/995.lean	Apache-2.0
fc-erdosproblems-996-erdos-996	Erdős problem 996	mathematics	3	statement				harmonic analysis,almost,constant,finset,lacunary	open	https://github.com/google-deepmind/formal-conjectures/blob/main/FormalConjectures/ErdosProblems/996.lean	Apache-2.0
fc-erdosproblems-996-erdos-996-log2	Erdős problem 996, variant log2	mathematics	2	statement				harmonic analysis,following,theorem,erdős problem,mathematics	solved	https://github.com/google-deepmind/formal-conjectures/blob/main/FormalConjectures/ErdosProblems/996.lean	Apache-2.0
fc-erdosproblems-997-erdos-997	Erdős problem 997	mathematics	3	proved				number theory,sequence,answer,apssv,available	solved	https://github.com/google-deepmind/formal-conjectures/blob/main/FormalConjectures/ErdosProblems/997.lean	Apache-2.0
fc-erdosproblems-997-erdos-997-lacunary	Erdős problem 997, variant lacunary	mathematics	2	statement				number theory,sequence,almost,lacunary,well-distributed	solved	https://github.com/google-deepmind/formal-conjectures/blob/main/FormalConjectures/ErdosProblems/997.lean	Apache-2.0
fc-erdosproblems-997-erdos-997-irrational	Erdős problem 997, variant irrational	mathematics	2	statement				number theory,never,perhaps,champagne,claim	solved	https://github.com/google-deepmind/formal-conjectures/blob/main/FormalConjectures/ErdosProblems/997.lean	Apache-2.0
fc-erdosproblems-999-erdos-999	Erdős problem 999	mathematics	3	statement				number theory,almost,alpha-,bounded,duffin	solved	https://github.com/google-deepmind/formal-conjectures/blob/main/FormalConjectures/ErdosProblems/999.lean	Apache-2.0
fc-erdosproblems-999-erdos-999-erdos	Erdős problem 999, variant erdos	mathematics	2	statement				number theory,bounded,special,erdős problem,mathematics	solved	https://github.com/google-deepmind/formal-conjectures/blob/main/FormalConjectures/ErdosProblems/999.lean	Apache-2.0
fc-greensopenproblems-1-green-1	Green open problem 1	mathematics	3	statement				number theory,contain,integers,least,positive	open	https://github.com/google-deepmind/formal-conjectures/blob/main/FormalConjectures/GreensOpenProblems/1.lean	Apache-2.0
fc-greensopenproblems-12-green-12	Green open problem 12	mathematics	3	statement				number theory,abelian,density,group,indices	open	https://github.com/google-deepmind/formal-conjectures/blob/main/FormalConjectures/GreensOpenProblems/12.lean	Apache-2.0
fc-greensopenproblems-14-green-14-polynomial	Green open problem 14	mathematics	3	statement				number theory,polynomial,growth,mixedmonoapguaranteeset,progression	solved	https://github.com/google-deepmind/formal-conjectures/blob/main/FormalConjectures/GreensOpenProblems/14.lean	Apache-2.0
fc-greensopenproblems-15-green-15	Green open problem 15	mathematics	3	statement				number theory,function,graph,lipschitz,progressions	open	https://github.com/google-deepmind/formal-conjectures/blob/main/FormalConjectures/GreensOpenProblems/15.lean	Apache-2.0
fc-greensopenproblems-16-green-16	Green open problem 16	mathematics	3	statement				number theory,distinct,integers,largest,solution	open	https://github.com/google-deepmind/formal-conjectures/blob/main/FormalConjectures/GreensOpenProblems/16.lean	Apache-2.0
fc-greensopenproblems-18-green-18	Green open problem 18	mathematics	3	statement				number theory,group theory,dense,density,finite	open	https://github.com/google-deepmind/formal-conjectures/blob/main/FormalConjectures/GreensOpenProblems/18.lean	Apache-2.0
fc-greensopenproblems-18-green-18-bmz-corners	Green open problem 18, bmz corners	mathematics	3	statement				number theory,group theory,corners,follows,theorem	solved	https://github.com/google-deepmind/formal-conjectures/blob/main/FormalConjectures/GreensOpenProblems/18.lean	Apache-2.0
fc-greensopenproblems-19-green-19	Green open problem 19	mathematics	3	statement				number theory,contains,corners,density,exponents	solved	https://github.com/google-deepmind/formal-conjectures/blob/main/FormalConjectures/GreensOpenProblems/19.lean	Apache-2.0
fc-greensopenproblems-19-green-19-lower	Green open problem 19, lower	mathematics	3	statement				number theory,follows,green,green open problem,mathematics	solved	https://github.com/google-deepmind/formal-conjectures/blob/main/FormalConjectures/GreensOpenProblems/19.lean	Apache-2.0
fc-greensopenproblems-19-green-19-upper	Green open problem 19, upper	mathematics	3	statement				number theory,follows,green,green open problem,mathematics	solved	https://github.com/google-deepmind/formal-conjectures/blob/main/FormalConjectures/GreensOpenProblems/19.lean	Apache-2.0
fc-greensopenproblems-2-green-2	Green open problem 2	mathematics	3	statement				number theory,disjoint,integers,restricted,sumset	open	https://github.com/google-deepmind/formal-conjectures/blob/main/FormalConjectures/GreensOpenProblems/2.lean	Apache-2.0
fc-greensopenproblems-21-green-21	Green open problem 21	mathematics	3	statement				number theory,bounded,boundedness,colour,colours	open	https://github.com/google-deepmind/formal-conjectures/blob/main/FormalConjectures/GreensOpenProblems/21.lean	Apache-2.0
fc-greensopenproblems-21-green-21-fox-kleitman	Green open problem 21, variant fox kleitman	mathematics	2	statement				number theory,affirmative,answer,kleitman,shown	solved	https://github.com/google-deepmind/formal-conjectures/blob/main/FormalConjectures/GreensOpenProblems/21.lean	Apache-2.0
fc-greensopenproblems-21-green-21-fox-kleitman-sharp	Green open problem 21, variant fox kleitman sharp	mathematics	2	statement				number theory,constant,green,sharp,above	open	https://github.com/google-deepmind/formal-conjectures/blob/main/FormalConjectures/GreensOpenProblems/21.lean	Apache-2.0
fc-greensopenproblems-21-green-21-fox-kleitman-modular	Green open problem 21, variant fox kleitman modular	mathematics	2	statement				number theory,colouring,monochromatic,question,solution	open	https://github.com/google-deepmind/formal-conjectures/blob/main/FormalConjectures/GreensOpenProblems/21.lean	Apache-2.0
fc-greensopenproblems-21-green-21-milicevic	Green open problem 21, variant milicevic	mathematics	2	statement				number theory,following,integer,argument,boundedness	open	https://github.com/google-deepmind/formal-conjectures/blob/main/FormalConjectures/GreensOpenProblems/21.lean	Apache-2.0
fc-greensopenproblems-22-green-22	Green open problem 22	mathematics	3	statement				number theory,bound,bounds,colour,coloured	open	https://github.com/google-deepmind/formal-conjectures/blob/main/FormalConjectures/GreensOpenProblems/22.lean	Apache-2.0
fc-greensopenproblems-22-green-22-green-sawhney-bound	Green open problem 22, variant green sawhney bound	mathematics	2	statement				number theory,bound,found,permissible,theorem	solved	https://github.com/google-deepmind/formal-conjectures/blob/main/FormalConjectures/GreensOpenProblems/22.lean	Apache-2.0
fc-greensopenproblems-22-green-22-moreira-infinite	Green open problem 22, variant moreira infinite	mathematics	2	statement				number theory,coloring,colour,corollary,establishes	solved	https://github.com/google-deepmind/formal-conjectures/blob/main/FormalConjectures/GreensOpenProblems/22.lean	Apache-2.0
fc-greensopenproblems-22-green-22-lower-nine	Green open problem 22, variant lower nine	mathematics	2	statement				number theory,assuming,follows,since,well-defined	solved	https://github.com/google-deepmind/formal-conjectures/blob/main/FormalConjectures/GreensOpenProblems/22.lean	Apache-2.0
fc-greensopenproblems-23-green-23	Green open problem 23	mathematics	3	statement				number theory,colour,coloured,finitely,frklmo	solved	https://github.com/google-deepmind/formal-conjectures/blob/main/FormalConjectures/GreensOpenProblems/23.lean	Apache-2.0
fc-greensopenproblems-24-green-24	Green open problem 24	mathematics	3	statement				number theory,affine,contain,integers,maximum	open	https://github.com/google-deepmind/formal-conjectures/blob/main/FormalConjectures/GreensOpenProblems/24.lean	Apache-2.0
fc-greensopenproblems-25-green-25	Green open problem 25	mathematics	3	statement				number theory,following,partition,values,whenever	open	https://github.com/google-deepmind/formal-conjectures/blob/main/FormalConjectures/GreensOpenProblems/25.lean	Apache-2.0
fc-greensopenproblems-25-green-25-upper	Green open problem 25, upper	mathematics	3	statement				number theory,best-known,bound,lowered,upper	open	https://github.com/google-deepmind/formal-conjectures/blob/main/FormalConjectures/GreensOpenProblems/25.lean	Apache-2.0
fc-greensopenproblems-25-green-25-lower	Green open problem 25, lower	mathematics	3	statement				number theory,best-known,bound,lower,raised	open	https://github.com/google-deepmind/formal-conjectures/blob/main/FormalConjectures/GreensOpenProblems/25.lean	Apache-2.0
fc-greensopenproblems-25-green-25-lower-ess89	Green open problem 25, variant lower ess89	mathematics	2	statement				number theory,constant,derive,imply,little-o	solved	https://github.com/google-deepmind/formal-conjectures/blob/main/FormalConjectures/GreensOpenProblems/25.lean	Apache-2.0
fc-greensopenproblems-25-green-25-upper-ess89	Green open problem 25, variant upper ess89	mathematics	2	statement				number theory,avoids,cases,counter,empty	solved	https://github.com/google-deepmind/formal-conjectures/blob/main/FormalConjectures/GreensOpenProblems/25.lean	Apache-2.0
fc-greensopenproblems-25-green-25-upper-ess89-trivial	Green open problem 25, variant upper ess89 trivial	mathematics	2	statement				number theory,cases,counter,examples,produce	solved	https://github.com/google-deepmind/formal-conjectures/blob/main/FormalConjectures/GreensOpenProblems/25.lean	Apache-2.0
fc-greensopenproblems-25-green-25-upper-pow-23-40	Green open problem 25, variant upper pow 23 40	mathematics	2	proved				number theory,best-known,bound,large,lowered	solved	https://github.com/google-deepmind/formal-conjectures/blob/main/FormalConjectures/GreensOpenProblems/25.lean	Apache-2.0
fc-greensopenproblems-26-green-26	Green open problem 26	mathematics	3	statement				number theory,linear algebra,cubes,green open problem,mathematics	solved	https://github.com/google-deepmind/formal-conjectures/blob/main/FormalConjectures/GreensOpenProblems/26.lean	Apache-2.0
fc-greensopenproblems-26-green-26-yu25	Green open problem 26, variant yu25	mathematics	2	statement				number theory,linear algebra,original,replaced,solved	solved	https://github.com/google-deepmind/formal-conjectures/blob/main/FormalConjectures/GreensOpenProblems/26.lean	Apache-2.0
fc-greensopenproblems-26-green-26-alm91	Green open problem 26, variant alm91	mathematics	2	statement				number theory,linear algebra,replaced,result,green open problem	solved	https://github.com/google-deepmind/formal-conjectures/blob/main/FormalConjectures/GreensOpenProblems/26.lean	Apache-2.0
fc-greensopenproblems-26-green-26-open	Green open problem 26, variant open	mathematics	2	statement				number theory,linear algebra,analogous,remains,green open problem	open	https://github.com/google-deepmind/formal-conjectures/blob/main/FormalConjectures/GreensOpenProblems/26.lean	Apache-2.0
fc-greensopenproblems-27-green-27-equivalent	Green open problem 27, equivalent	mathematics	3	statement				number theory,element,elements,least,representation	open	https://github.com/google-deepmind/formal-conjectures/blob/main/FormalConjectures/GreensOpenProblems/27.lean	Apache-2.0
fc-greensopenproblems-27-green-27-lower	Green open problem 27, lower	mathematics	3	statement				number theory,along,better,bound,lower	open	https://github.com/google-deepmind/formal-conjectures/blob/main/FormalConjectures/GreensOpenProblems/27.lean	Apache-2.0
fc-greensopenproblems-27-green-27-upper	Green open problem 27, upper	mathematics	3	statement				number theory,along,better,bound,primes	open	https://github.com/google-deepmind/formal-conjectures/blob/main/FormalConjectures/GreensOpenProblems/27.lean	Apache-2.0
fc-greensopenproblems-27-green-27-lower-be23	Green open problem 27, variant lower be23	mathematics	2	statement				number theory,function,infinity,tending,theorem	solved	https://github.com/google-deepmind/formal-conjectures/blob/main/FormalConjectures/GreensOpenProblems/27.lean	Apache-2.0
fc-greensopenproblems-27-green-27-upper-be23	Green open problem 27, variant upper be23	mathematics	2	proved				number theory,bound,theorem,upper,green open problem	solved	https://github.com/google-deepmind/formal-conjectures/blob/main/FormalConjectures/GreensOpenProblems/27.lean	Apache-2.0
fc-greensopenproblems-27-green-27-previous-lower	Green open problem 27, variant previous lower	mathematics	2	statement				number theory,best-known,bound,lower,previous	solved	https://github.com/google-deepmind/formal-conjectures/blob/main/FormalConjectures/GreensOpenProblems/27.lean	Apache-2.0
fc-greensopenproblems-27-green-27-previous-upper	Green open problem 27, variant previous upper	mathematics	2	statement				number theory,best-known,bound,previous,upper	solved	https://github.com/google-deepmind/formal-conjectures/blob/main/FormalConjectures/GreensOpenProblems/27.lean	Apache-2.0
fc-greensopenproblems-28-green-28	Green open problem 28	mathematics	3	statement				probability,distributed,uniformly,finitely-supported,independent	open	https://github.com/google-deepmind/formal-conjectures/blob/main/FormalConjectures/GreensOpenProblems/28.lean	Apache-2.0
fc-greensopenproblems-29-green-29	Green open problem 29	mathematics	3	proved				group theory,abelian,answer,approximate,arbitrarily	solved	https://github.com/google-deepmind/formal-conjectures/blob/main/FormalConjectures/GreensOpenProblems/29.lean	Apache-2.0
fc-greensopenproblems-29-green-29-variant	Green open problem 29, variant	mathematics	3	statement				group theory,conclusion,green open problem,mathematics,solved	solved	https://github.com/google-deepmind/formal-conjectures/blob/main/FormalConjectures/GreensOpenProblems/29.lean	Apache-2.0
fc-greensopenproblems-3-green-3	Green open problem 3	mathematics	3	statement				number theory,measure,answer,greater,product-free	solved	https://github.com/google-deepmind/formal-conjectures/blob/main/FormalConjectures/GreensOpenProblems/3.lean	Apache-2.0
fc-greensopenproblems-31-green-31-lower	Green open problem 31, lower	mathematics	3	statement				number theory,bound,improve,infinitely,least	open	https://github.com/google-deepmind/formal-conjectures/blob/main/FormalConjectures/GreensOpenProblems/31.lean	Apache-2.0
fc-greensopenproblems-31-green-31-lower-eventually	Green open problem 31, variant lower eventually	mathematics	2	statement				number theory,bound,improve,large,lower	open	https://github.com/google-deepmind/formal-conjectures/blob/main/FormalConjectures/GreensOpenProblems/31.lean	Apache-2.0
fc-greensopenproblems-31-green-31-upper	Green open problem 31, upper	mathematics	3	statement				number theory,bound,improve,infinitely,least	open	https://github.com/google-deepmind/formal-conjectures/blob/main/FormalConjectures/GreensOpenProblems/31.lean	Apache-2.0
fc-greensopenproblems-31-green-31-upper-eventually	Green open problem 31, variant upper eventually	mathematics	2	statement				number theory,bound,improve,large,sufficiently	open	https://github.com/google-deepmind/formal-conjectures/blob/main/FormalConjectures/GreensOpenProblems/31.lean	Apache-2.0
fc-greensopenproblems-31-green-31-upper-li69	Green open problem 31, variant upper li69	mathematics	2	statement				number theory,green open problem,mathematics,solved,formal conjectures	solved	https://github.com/google-deepmind/formal-conjectures/blob/main/FormalConjectures/GreensOpenProblems/31.lean	Apache-2.0
fc-greensopenproblems-31-green-31-upper-bfr23	Green open problem 31, variant upper bfr23	mathematics	2	statement				number theory,bound,getting,improvement,large	solved	https://github.com/google-deepmind/formal-conjectures/blob/main/FormalConjectures/GreensOpenProblems/31.lean	Apache-2.0
fc-greensopenproblems-31-green-31-upper-cho25	Green open problem 31, variant upper cho25	mathematics	2	statement				number theory,bound,further,improved,upper	solved	https://github.com/google-deepmind/formal-conjectures/blob/main/FormalConjectures/GreensOpenProblems/31.lean	Apache-2.0
fc-greensopenproblems-31-green-31-upper-hz26	Green open problem 31, variant upper hz26	mathematics	2	statement				number theory,bound,improved,upper,green open problem	solved	https://github.com/google-deepmind/formal-conjectures/blob/main/FormalConjectures/GreensOpenProblems/31.lean	Apache-2.0
fc-greensopenproblems-31-green-31-zmod-p	Green open problem 31, variant zmod p	mathematics	2	statement				number theory,sidon,subset,green open problem,mathematics	open	https://github.com/google-deepmind/formal-conjectures/blob/main/FormalConjectures/GreensOpenProblems/31.lean	Apache-2.0
fc-greensopenproblems-31-green-31-abelian	Green open problem 31, variant abelian	mathematics	2	statement				number theory,abelian,always,group,sidon	open	https://github.com/google-deepmind/formal-conjectures/blob/main/FormalConjectures/GreensOpenProblems/31.lean	Apache-2.0
fc-greensopenproblems-31-green-31-sidon-01n	Green open problem 31, variant sidon 01n	mathematics	2	statement				number theory,another,sidon,subset,green open problem	open	https://github.com/google-deepmind/formal-conjectures/blob/main/FormalConjectures/GreensOpenProblems/31.lean	Apache-2.0
fc-greensopenproblems-31-green-31-sidon-01n-clz01	Green open problem 31, variant sidon 01n clz01	mathematics	2	statement				number theory,best-known,bound,sidon,subset	solved	https://github.com/google-deepmind/formal-conjectures/blob/main/FormalConjectures/GreensOpenProblems/31.lean	Apache-2.0
fc-greensopenproblems-32-green-32	Green open problem 32	mathematics	3	statement				number theory,containing,dilate,length,prime	open	https://github.com/google-deepmind/formal-conjectures/blob/main/FormalConjectures/GreensOpenProblems/32.lean	Apache-2.0
fc-greensopenproblems-32-green-32-sh20-general	Green open problem 32, variant sh20 general	mathematics	2	statement				number theory,implies,least,theorem,green open problem	solved	https://github.com/google-deepmind/formal-conjectures/blob/main/FormalConjectures/GreensOpenProblems/32.lean	Apache-2.0
fc-greensopenproblems-32-green-32-sh20-sqrt	Green open problem 32, variant sh20 sqrt	mathematics	2	statement				number theory,least,guarantees,implies,method	solved	https://github.com/google-deepmind/formal-conjectures/blob/main/FormalConjectures/GreensOpenProblems/32.lean	Apache-2.0
fc-greensopenproblems-32-green-32-szemeredi-regime	Green open problem 32, variant szemeredi regime	mathematics	2	statement				number theory,regime,szemer,theorem,green open problem	solved	https://github.com/google-deepmind/formal-conjectures/blob/main/FormalConjectures/GreensOpenProblems/32.lean	Apache-2.0
fc-greensopenproblems-32-green-32-dirichlet-regime	Green open problem 32, variant dirichlet regime	mathematics	2	statement				number theory,bound,lower,basically,dilate	solved	https://github.com/google-deepmind/formal-conjectures/blob/main/FormalConjectures/GreensOpenProblems/32.lean	Apache-2.0
fc-greensopenproblems-32-green-32-log-regime	Green open problem 32, variant log regime	mathematics	2	statement				number theory,happens,regime,unclear,green open problem	open	https://github.com/google-deepmind/formal-conjectures/blob/main/FormalConjectures/GreensOpenProblems/32.lean	Apache-2.0
fc-greensopenproblems-32-green-32-finite-field	Green open problem 32, variant finite field	mathematics	2	statement				number theory,contains,coset,field,finite	solved	https://github.com/google-deepmind/formal-conjectures/blob/main/FormalConjectures/GreensOpenProblems/32.lean	Apache-2.0
fc-greensopenproblems-33-green-33	Green open problem 33	mathematics	3	statement				number theory,infinitely,green open problem,mathematics,open	open	https://github.com/google-deepmind/formal-conjectures/blob/main/FormalConjectures/GreensOpenProblems/33.lean	Apache-2.0
fc-greensopenproblems-35-green-35-lower	Green open problem 35, lower	mathematics	3	statement				real functions,measure theory,harmonic analysis,value,bound	open	https://github.com/google-deepmind/formal-conjectures/blob/main/FormalConjectures/GreensOpenProblems/35.lean	Apache-2.0
fc-greensopenproblems-35-green-35-upper	Green open problem 35, upper	mathematics	3	statement				real functions,measure theory,harmonic analysis,best-known,bound	open	https://github.com/google-deepmind/formal-conjectures/blob/main/FormalConjectures/GreensOpenProblems/35.lean	Apache-2.0
fc-greensopenproblems-35-c-2-lower	Green open problem 35	mathematics	3	statement				real functions,measure theory,harmonic analysis,about,bound	solved	https://github.com/google-deepmind/formal-conjectures/blob/main/FormalConjectures/GreensOpenProblems/35.lean	Apache-2.0
fc-greensopenproblems-36-green-36	Green open problem 36	mathematics	3	statement				group theory,disjoint,abelian,according,arbitrarily	open	https://github.com/google-deepmind/formal-conjectures/blob/main/FormalConjectures/GreensOpenProblems/36.lean	Apache-2.0
fc-greensopenproblems-36-green-36-cks05	Green open problem 36, variant cks05	mathematics	2	statement				group theory,double,exact,product,property	open	https://github.com/google-deepmind/formal-conjectures/blob/main/FormalConjectures/GreensOpenProblems/36.lean	Apache-2.0
fc-greensopenproblems-37-green-37	Green open problem 37	mathematics	3	statement				number theory,arithmetic,common,contains,difference	open	https://github.com/google-deepmind/formal-conjectures/blob/main/FormalConjectures/GreensOpenProblems/37.lean	Apache-2.0
fc-greensopenproblems-38-green-38-lower	Green open problem 38, lower	mathematics	3	statement				number theory,carstensen,growth,lower,reichman	solved	https://github.com/google-deepmind/formal-conjectures/blob/main/FormalConjectures/GreensOpenProblems/38.lean	Apache-2.0
fc-greensopenproblems-38-green-38-upper	Green open problem 38, upper	mathematics	3	statement				number theory,bound,compares,improve,norms	open	https://github.com/google-deepmind/formal-conjectures/blob/main/FormalConjectures/GreensOpenProblems/38.lean	Apache-2.0
fc-greensopenproblems-38-green-38-best-lower	Green open problem 38, variant best lower	mathematics	2	statement				number theory,bound,green,lower,improved	solved	https://github.com/google-deepmind/formal-conjectures/blob/main/FormalConjectures/GreensOpenProblems/38.lean	Apache-2.0
fc-greensopenproblems-38-green-38-lower-itty-rosin-carstensen-r	Green open problem 38, variant lower itty rosin carstensen reichman	mathematics	2	statement				number theory,carstensen,coordinates,copies,found	solved	https://github.com/google-deepmind/formal-conjectures/blob/main/FormalConjectures/GreensOpenProblems/38.lean	Apache-2.0
fc-greensopenproblems-38-green-38-best-upper	Green open problem 38, variant best upper	mathematics	2	statement				number theory,bound,corollary,current,upper	solved	https://github.com/google-deepmind/formal-conjectures/blob/main/FormalConjectures/GreensOpenProblems/38.lean	Apache-2.0
fc-greensopenproblems-39-green-39	Green open problem 39	mathematics	3	statement				probability,almost,cover,random,surely	open	https://github.com/google-deepmind/formal-conjectures/blob/main/FormalConjectures/GreensOpenProblems/39.lean	Apache-2.0
fc-greensopenproblems-39-green-39-variant-theta	Green open problem 39, variant theta	mathematics	3	statement				probability,translates,asking,cover,elements	open	https://github.com/google-deepmind/formal-conjectures/blob/main/FormalConjectures/GreensOpenProblems/39.lean	Apache-2.0
fc-greensopenproblems-4-green-4	Green open problem 4	mathematics	3	statement				group theory,alternating,group,largest,product-free	open	https://github.com/google-deepmind/formal-conjectures/blob/main/FormalConjectures/GreensOpenProblems/4.lean	Apache-2.0
fc-greensopenproblems-40-green-40	Green open problem 40	mathematics	3	statement				information theory,green open problem,mathematics,open,formal conjectures	open	https://github.com/google-deepmind/formal-conjectures/blob/main/FormalConjectures/GreensOpenProblems/40.lean	Apache-2.0
fc-greensopenproblems-40-green-40-sanity-f-one	Green open problem 40, sanity f one	mathematics	3	statement				information theory,existence,follows,hamming,value	solved	https://github.com/google-deepmind/formal-conjectures/blob/main/FormalConjectures/GreensOpenProblems/40.lean	Apache-2.0
fc-greensopenproblems-40-green-40-upper-bound	Green open problem 40, upper bound	mathematics	3	statement				information theory,green open problem,mathematics,solved,formal conjectures	solved	https://github.com/google-deepmind/formal-conjectures/blob/main/FormalConjectures/GreensOpenProblems/40.lean	Apache-2.0
fc-greensopenproblems-40-green-40-f-eq-one-for-all	Green open problem 40, f eq one for all	mathematics	3	statement				information theory,possibility,ruled,green open problem,mathematics	open	https://github.com/google-deepmind/formal-conjectures/blob/main/FormalConjectures/GreensOpenProblems/40.lean	Apache-2.0
fc-greensopenproblems-40-green-40-f-two-eq-one	Green open problem 40, f two eq one	mathematics	3	statement				information theory,green open problem,mathematics,open,formal conjectures	open	https://github.com/google-deepmind/formal-conjectures/blob/main/FormalConjectures/GreensOpenProblems/40.lean	Apache-2.0
fc-greensopenproblems-40-green-40-upper-bound-f-two	Green open problem 40, upper bound f two	mathematics	3	statement				information theory,best-known,bound,upper,green open problem	solved	https://github.com/google-deepmind/formal-conjectures/blob/main/FormalConjectures/GreensOpenProblems/40.lean	Apache-2.0
fc-greensopenproblems-40-green-40-arbitrary-subsets	Green open problem 40, variant arbitrary subsets	mathematics	2	statement				information theory,green open problem,mathematics,open,formal conjectures	open	https://github.com/google-deepmind/formal-conjectures/blob/main/FormalConjectures/GreensOpenProblems/40.lean	Apache-2.0
fc-greensopenproblems-40-green-40-arbitrary-subsets-sanity-f-ti	Green open problem 40, variant arbitrary subsets sanity f tilde two	mathematics	2	statement				information theory,green open problem,mathematics,solved,formal conjectures	solved	https://github.com/google-deepmind/formal-conjectures/blob/main/FormalConjectures/GreensOpenProblems/40.lean	Apache-2.0
fc-greensopenproblems-40-green-40-f-tilde-le-f	Green open problem 40, f tilde le f	mathematics	3	statement				information theory,evidently,green open problem,mathematics,solved	solved	https://github.com/google-deepmind/formal-conjectures/blob/main/FormalConjectures/GreensOpenProblems/40.lean	Apache-2.0
fc-greensopenproblems-40-green-40-all-n	Green open problem 40, variant all n	mathematics	2	statement				information theory,attop,green,arbitrary,filter	open	https://github.com/google-deepmind/formal-conjectures/blob/main/FormalConjectures/GreensOpenProblems/40.lean	Apache-2.0
fc-greensopenproblems-41-mincopies-set-nonempty	Green open problem 41	mathematics	3	statement				geometry,convex geometry,cover,finitely,implies	solved	https://github.com/google-deepmind/formal-conjectures/blob/main/FormalConjectures/GreensOpenProblems/41.lean	Apache-2.0
fc-greensopenproblems-41-green-41-double-exponential-bound	Green open problem 41, variant double exponential bound	mathematics	2	statement				geometry,convex geometry,bound,discusses,exponential	open	https://github.com/google-deepmind/formal-conjectures/blob/main/FormalConjectures/GreensOpenProblems/41.lean	Apache-2.0
fc-greensopenproblems-41-green-41-polynomial-bound	Green open problem 41, variant polynomial bound	mathematics	2	statement				geometry,convex geometry,enough,rotations,green open problem	open	https://github.com/google-deepmind/formal-conjectures/blob/main/FormalConjectures/GreensOpenProblems/41.lean	Apache-2.0
fc-greensopenproblems-41-green-41-kravitz-leng	Green open problem 41, variant kravitz leng	mathematics	2	statement				geometry,convex geometry,analysis,bound,established	solved	https://github.com/google-deepmind/formal-conjectures/blob/main/FormalConjectures/GreensOpenProblems/41.lean	Apache-2.0
fc-greensopenproblems-42-green-42	Green open problem 42	mathematics	3	statement				geometry,convex geometry,bound,circle-packings,cohn-elkies	open	https://github.com/google-deepmind/formal-conjectures/blob/main/FormalConjectures/GreensOpenProblems/42.lean	Apache-2.0
fc-greensopenproblems-42-green-42-dimension-one	Green open problem 42, variant dimension one	mathematics	2	statement				geometry,convex geometry,green open problem,mathematics,solved	solved	https://github.com/google-deepmind/formal-conjectures/blob/main/FormalConjectures/GreensOpenProblems/42.lean	Apache-2.0
fc-greensopenproblems-42-green-42-dimension-eight	Green open problem 42, variant dimension eight	mathematics	2	proved				geometry,convex geometry,established,green open problem,mathematics	solved	https://github.com/google-deepmind/formal-conjectures/blob/main/FormalConjectures/GreensOpenProblems/42.lean	Apache-2.0
fc-greensopenproblems-42-green-42-dimension-twenty-four	Green open problem 42, variant dimension twenty four	mathematics	2	proved				geometry,convex geometry,adapted,green open problem,mathematics	solved	https://github.com/google-deepmind/formal-conjectures/blob/main/FormalConjectures/GreensOpenProblems/42.lean	Apache-2.0
fc-greensopenproblems-44-green-44	Green open problem 44	mathematics	3	statement				number theory,classes,residue,interpret,primes	open	https://github.com/google-deepmind/formal-conjectures/blob/main/FormalConjectures/GreensOpenProblems/44.lean	Apache-2.0
fc-greensopenproblems-44-green-44-less-than-sqrt	Green open problem 44, variant less than sqrt	mathematics	2	statement				number theory,affirmative,answer,large,primes	solved	https://github.com/google-deepmind/formal-conjectures/blob/main/FormalConjectures/GreensOpenProblems/44.lean	Apache-2.0
fc-greensopenproblems-45-green-45	Green open problem 45	mathematics	3	statement				number theory,erdos,answer,classes,integer	open	https://github.com/google-deepmind/formal-conjectures/blob/main/FormalConjectures/GreensOpenProblems/45.lean	Apache-2.0
fc-greensopenproblems-46-green-46-improve-lower	Green open problem 46, improve lower	mathematics	3	statement				number theory,best-known,bound,improved,lower	open	https://github.com/google-deepmind/formal-conjectures/blob/main/FormalConjectures/GreensOpenProblems/46.lean	Apache-2.0
fc-greensopenproblems-46-green-46-improve-upper	Green open problem 46, improve upper	mathematics	3	statement				number theory,best-known,bound,improved,upper	open	https://github.com/google-deepmind/formal-conjectures/blob/main/FormalConjectures/GreensOpenProblems/46.lean	Apache-2.0
fc-greensopenproblems-46-green-46-improve-upper-conjectured	Green open problem 46, improve upper conjectured	mathematics	3	statement				number theory,likely,seems,green open problem,mathematics	open	https://github.com/google-deepmind/formal-conjectures/blob/main/FormalConjectures/GreensOpenProblems/46.lean	Apache-2.0
fc-greensopenproblems-46-green-46-lower	Green open problem 46, variant lower	mathematics	2	statement				number theory,bound,lower,green open problem,mathematics	solved	https://github.com/google-deepmind/formal-conjectures/blob/main/FormalConjectures/GreensOpenProblems/46.lean	Apache-2.0
fc-greensopenproblems-46-green-46-upper	Green open problem 46, variant upper	mathematics	2	statement				number theory,bound,upper,green open problem,mathematics	solved	https://github.com/google-deepmind/formal-conjectures/blob/main/FormalConjectures/GreensOpenProblems/46.lean	Apache-2.0
fc-greensopenproblems-47-green-47	Green open problem 47	mathematics	3	proved				number theory,quadratic,large,suppose,contained	solved	https://github.com/google-deepmind/formal-conjectures/blob/main/FormalConjectures/GreensOpenProblems/47.lean	Apache-2.0
fc-greensopenproblems-47-green-47-finite-exceptions	Green open problem 47, variant finite exceptions	mathematics	2	statement				number theory,allowed,containment,finite,formulation	open	https://github.com/google-deepmind/formal-conjectures/blob/main/FormalConjectures/GreensOpenProblems/47.lean	Apache-2.0
fc-greensopenproblems-49-green-49	Green open problem 49	mathematics	3	statement				number theory,translates,subspace,cannot,covered	solved	https://github.com/google-deepmind/formal-conjectures/blob/main/FormalConjectures/GreensOpenProblems/49.lean	Apache-2.0
fc-greensopenproblems-5-green-5	Green open problem 5	mathematics	3	statement				group theory,product-free,finite,group,groups	open	https://github.com/google-deepmind/formal-conjectures/blob/main/FormalConjectures/GreensOpenProblems/5.lean	Apache-2.0
fc-greensopenproblems-5-green-5-kedlaya	Green open problem 5, variant kedlaya	mathematics	2	statement				group theory,finite,babai,classification,follows	solved	https://github.com/google-deepmind/formal-conjectures/blob/main/FormalConjectures/GreensOpenProblems/5.lean	Apache-2.0
fc-greensopenproblems-5-green-5-sl-two	Green open problem 5, variant sl two	mathematics	2	statement				group theory,determine,largest,model,product-free	open	https://github.com/google-deepmind/formal-conjectures/blob/main/FormalConjectures/GreensOpenProblems/5.lean	Apache-2.0
fc-greensopenproblems-5-green-5-gowers-sl-two	Green open problem 5, variant gowers sl two	mathematics	2	statement				group theory,best-known,bound,gowers,largest	solved	https://github.com/google-deepmind/formal-conjectures/blob/main/FormalConjectures/GreensOpenProblems/5.lean	Apache-2.0
fc-greensopenproblems-50-green-50	Green open problem 50	mathematics	3	statement				number theory,coset,density,dimension,least	open	https://github.com/google-deepmind/formal-conjectures/blob/main/FormalConjectures/GreensOpenProblems/50.lean	Apache-2.0
fc-greensopenproblems-51-green-51	Green open problem 51	mathematics	3	statement				number theory,coset,guaranteed,asking,contained	open	https://github.com/google-deepmind/formal-conjectures/blob/main/FormalConjectures/GreensOpenProblems/51.lean	Apache-2.0
fc-greensopenproblems-51-green-51-lower	Green open problem 51, lower	mathematics	3	statement				number theory,contain,coset,dimension,green open problem	solved	https://github.com/google-deepmind/formal-conjectures/blob/main/FormalConjectures/GreensOpenProblems/51.lean	Apache-2.0
fc-greensopenproblems-51-green-51-upper	Green open problem 51, upper	mathematics	3	statement				number theory,contain,coset,dimension,green open problem	solved	https://github.com/google-deepmind/formal-conjectures/blob/main/FormalConjectures/GreensOpenProblems/51.lean	Apache-2.0
fc-greensopenproblems-51-green-51-one-half	Green open problem 51, one half	mathematics	3	statement				number theory,co-dimension,contain,density,question	open	https://github.com/google-deepmind/formal-conjectures/blob/main/FormalConjectures/GreensOpenProblems/51.lean	Apache-2.0
fc-greensopenproblems-51-green-51-lower-ap	Green open problem 51, lower ap	mathematics	3	statement				number theory,arithmetic,contain,length,progression	solved	https://github.com/google-deepmind/formal-conjectures/blob/main/FormalConjectures/GreensOpenProblems/51.lean	Apache-2.0
fc-greensopenproblems-51-green-51-upper-ap	Green open problem 51, upper ap	mathematics	3	statement				number theory,arithmetic,contain,length,progression	solved	https://github.com/google-deepmind/formal-conjectures/blob/main/FormalConjectures/GreensOpenProblems/51.lean	Apache-2.0
fc-greensopenproblems-52-green-52	Green open problem 52	mathematics	3	statement				number theory,additive,codimension,complement,contain	open	https://github.com/google-deepmind/formal-conjectures/blob/main/FormalConjectures/GreensOpenProblems/52.lean	Apache-2.0
fc-greensopenproblems-53-green-53	Green open problem 53	mathematics	3	statement				number theory,codimension,contain,coset,partitioned	open	https://github.com/google-deepmind/formal-conjectures/blob/main/FormalConjectures/GreensOpenProblems/53.lean	Apache-2.0
fc-greensopenproblems-54-green-54	Green open problem 54	mathematics	3	statement				functional analysis,convex geometry,probability,compact,convex	solved	https://github.com/google-deepmind/formal-conjectures/blob/main/FormalConjectures/GreensOpenProblems/54.lean	Apache-2.0
fc-greensopenproblems-57-green-57-z3-functional	Green open problem 57, variant z3 functional	mathematics	2	proved				number theory,mathbb,varphi,langle,operatorname	solved	https://github.com/google-deepmind/formal-conjectures/blob/main/FormalConjectures/GreensOpenProblems/57.lean	Apache-2.0
fc-greensopenproblems-57-green-57-z3	Green open problem 57, variant z3	mathematics	2	proved				number theory,answer,branch-and-bound,coincide,evidence	solved	https://github.com/google-deepmind/formal-conjectures/blob/main/FormalConjectures/GreensOpenProblems/57.lean	Apache-2.0
fc-greensopenproblems-57-green-57	Green open problem 57	mathematics	3	proved				number theory,abelian,answer,coincide,depend	solved	https://github.com/google-deepmind/formal-conjectures/blob/main/FormalConjectures/GreensOpenProblems/57.lean	Apache-2.0
fc-greensopenproblems-58-green-58	Green open problem 58	mathematics	3	statement				number theory,composite,contain,least,sumset	open	https://github.com/google-deepmind/formal-conjectures/blob/main/FormalConjectures/GreensOpenProblems/58.lean	Apache-2.0
fc-greensopenproblems-60-green-60	Green open problem 60	mathematics	3	statement				number theory,absolute,constant,satisfies,squares	open	https://github.com/google-deepmind/formal-conjectures/blob/main/FormalConjectures/GreensOpenProblems/60.lean	Apache-2.0
fc-greensopenproblems-61-green-61	Green open problem 61	mathematics	3	statement				number theory,contains,direction,first,necessarily	open	https://github.com/google-deepmind/formal-conjectures/blob/main/FormalConjectures/GreensOpenProblems/61.lean	Apache-2.0
fc-greensopenproblems-62-green-62	Green open problem 62	mathematics	3	statement				number theory,congruent,large,prime,primes	open	https://github.com/google-deepmind/formal-conjectures/blob/main/FormalConjectures/GreensOpenProblems/62.lean	Apache-2.0
fc-greensopenproblems-64-green-64	Green open problem 64	mathematics	3	statement				number theory,counted,factors,infinitely,multiplicity	open	https://github.com/google-deepmind/formal-conjectures/blob/main/FormalConjectures/GreensOpenProblems/64.lean	Apache-2.0
fc-greensopenproblems-64-green-64-p-sub-one	Green open problem 64, variant p sub one	mathematics	2	statement				number theory,green,instead,natural,notes	open	https://github.com/google-deepmind/formal-conjectures/blob/main/FormalConjectures/GreensOpenProblems/64.lean	Apache-2.0
fc-greensopenproblems-66-green-66	Green open problem 66	mathematics	3	statement				number theory,always,between,eventual,formalize	open	https://github.com/google-deepmind/formal-conjectures/blob/main/FormalConjectures/GreensOpenProblems/66.lean	Apache-2.0
fc-greensopenproblems-66-green-66-trivial-bound	Green open problem 66, variant trivial bound	mathematics	2	statement				number theory,almost,argument,bound,gives	solved	https://github.com/google-deepmind/formal-conjectures/blob/main/FormalConjectures/GreensOpenProblems/66.lean	Apache-2.0
fc-greensopenproblems-7-green-7-positive-density	Green open problem 7, variant positive density	mathematics	2	statement				number theory,harmonic analysis,density,positive,sequence	open	https://github.com/google-deepmind/formal-conjectures/blob/main/FormalConjectures/GreensOpenProblems/7.lean	Apache-2.0
fc-greensopenproblems-72-nokinline	Green open problem 72	mathematics	3	statement				convex geometry,green,property,allowedsetsize,below	open	https://github.com/google-deepmind/formal-conjectures/blob/main/FormalConjectures/GreensOpenProblems/72.lean	Apache-2.0
fc-greensopenproblems-72-green-72-eventually	Green open problem 72, variant eventually	mathematics	2	statement				convex geometry,green,answered,attained,behaviour	open	https://github.com/google-deepmind/formal-conjectures/blob/main/FormalConjectures/GreensOpenProblems/72.lean	Apache-2.0
fc-greensopenproblems-77-green-77	Green open problem 77	mathematics	3	statement				convex geometry,determined,points,triangle,green open problem	open	https://github.com/google-deepmind/formal-conjectures/blob/main/FormalConjectures/GreensOpenProblems/77.lean	Apache-2.0
fc-greensopenproblems-82-green-82	Green open problem 82	mathematics	3	statement				number theory,harmonic analysis,answer,function,minzeros	open	https://github.com/google-deepmind/formal-conjectures/blob/main/FormalConjectures/GreensOpenProblems/82.lean	Apache-2.0
fc-greensopenproblems-85-green-85	Green open problem 85	mathematics	3	statement				measure theory,convex geometry,axis-parallel,determining,measure	open	https://github.com/google-deepmind/formal-conjectures/blob/main/FormalConjectures/GreensOpenProblems/85.lean	Apache-2.0
fc-greensopenproblems-9-green-9-i	Green open problem 9	mathematics	3	statement				solved,green open problem,mathematics,formal conjectures	solved	https://github.com/google-deepmind/formal-conjectures/blob/main/FormalConjectures/GreensOpenProblems/9.lean	Apache-2.0
fc-greensopenproblems-94-green-94-outer-measure	Green open problem 94	mathematics	3	proved				measure theory,affine,answer,contain,measure	solved	https://github.com/google-deepmind/formal-conjectures/blob/main/FormalConjectures/GreensOpenProblems/94.lean	Apache-2.0
fc-hilbertproblems-17-hilbert-17th-problem	17	mathematics	3	statement				field theory,functions,hilbert,multivariate,non-negative	solved	https://github.com/google-deepmind/formal-conjectures/blob/main/FormalConjectures/HilbertProblems/17.lean	Apache-2.0
fc-hilbertproblems-5-hilbert-smith-conjecture	5	mathematics	3	statement				topological groups,manifolds,global analysis,group,topological	open	https://github.com/google-deepmind/formal-conjectures/blob/main/FormalConjectures/HilbertProblems/5.lean	Apache-2.0
fc-hilbertproblems-5-hilbert-smith-conjecture-riemannian	5, variant riemannian	mathematics	2	statement				topological groups,differential geometry,manifolds,global analysis,group	solved	https://github.com/google-deepmind/formal-conjectures/blob/main/FormalConjectures/HilbertProblems/5.lean	Apache-2.0
fc-hilbertproblems-5-hilbert-smith-conjecture-dimension-three	5, variant dimension three	mathematics	2	statement				topological groups,manifolds,global analysis,pardon,connected	solved	https://github.com/google-deepmind/formal-conjectures/blob/main/FormalConjectures/HilbertProblems/5.lean	Apache-2.0
fc-kourovka-19-25-kourovka-19-25	19 25	mathematics	3	statement				group theory,simple,euler,finite,function	open	https://github.com/google-deepmind/formal-conjectures/blob/main/FormalConjectures/Kourovka/19_25.lean	Apache-2.0
fc-kourovka-1-35c-kourovka-1-35c	1 35c	mathematics	3	statement				group theory,groups,pro-orderable,simple,kourovka	open	https://github.com/google-deepmind/formal-conjectures/blob/main/FormalConjectures/Kourovka/1_35c.lean	Apache-2.0
fc-kourovka-1-40-kourovka-1-40	1 40	mathematics	3	statement				group theory,product,normal,coincides,group	open	https://github.com/google-deepmind/formal-conjectures/blob/main/FormalConjectures/Kourovka/1_40.lean	Apache-2.0
fc-kourovka-1-74-kourovka-1-74	1 74	mathematics	3	statement				group theory,topological groups,groups,topological,closed	open	https://github.com/google-deepmind/formal-conjectures/blob/main/FormalConjectures/Kourovka/1_74.lean	Apache-2.0
fc-kourovka-1-74-kourovka-1-74-tarski-monster	1 74, variant tarski monster	mathematics	2	statement				group theory,topological groups,group,monster,tarski	solved	https://github.com/google-deepmind/formal-conjectures/blob/main/FormalConjectures/Kourovka/1_74.lean	Apache-2.0
fc-kourovka-20-76-kourovka-20-76	20 76	mathematics	3	statement				group theory,abelian,order,assume,finite	open	https://github.com/google-deepmind/formal-conjectures/blob/main/FormalConjectures/Kourovka/20_76.lean	Apache-2.0
fc-kourovka-21-149-kourovka-21-149	21 149	mathematics	3	proved				group theory,group,automorphism,bigger,conjugation	solved	https://github.com/google-deepmind/formal-conjectures/blob/main/FormalConjectures/Kourovka/21_149.lean	Apache-2.0
fc-kourovka-21-149-kourovka-21-149-not-inner	21 149, variant not inner	mathematics	2	proved				group theory,automorphisms,affirmatively,agent,answered	solved	https://github.com/google-deepmind/formal-conjectures/blob/main/FormalConjectures/Kourovka/21_149.lean	Apache-2.0
fc-kourovka-8-8-kourovka-8-8a	8 8	mathematics	3	statement				group theory,element,power,affirmatively,answered	solved	https://github.com/google-deepmind/formal-conjectures/blob/main/FormalConjectures/Kourovka/8_8.lean	Apache-2.0
fc-littproblems-1-lam-litt-eisenstein	1, variant eisenstein	mathematics	2	statement				field theory,commutative algebra,algebraic,bounded,coefficients	solved	https://github.com/google-deepmind/formal-conjectures/blob/main/FormalConjectures/LittProblems/1.lean	Apache-2.0
fc-littproblems-1-lam-litt-omega-integrality-implies-algebraici	1, variant omega integrality implies algebraicity	mathematics	2	statement				number theory,algebraic geometry,coefficient,coefficients,condition	open	https://github.com/google-deepmind/formal-conjectures/blob/main/FormalConjectures/LittProblems/1.lean	Apache-2.0
fc-littproblems-1-lam-litt-integrality-implies-algebraicity	1, variant integrality implies algebraicity	mathematics	2	statement				number theory,algebraic geometry,algebraic,coefficients,implies	open	https://github.com/google-deepmind/formal-conjectures/blob/main/FormalConjectures/LittProblems/1.lean	Apache-2.0
fc-mathoverflow-10799-mathoverflow-10799	10799	mathematics	3	proved				probability,arxiv,https,interval,kalai	solved	https://github.com/google-deepmind/formal-conjectures/blob/main/FormalConjectures/Mathoverflow/10799.lean	Apache-2.0
fc-mathoverflow-10799-mathoverflow-10799-kahn-kalai-conjecture	10799, variant kahn kalai conjecture 7	mathematics	2	proved				probability,counterexample,https,kitaken,mathoverflow	solved	https://github.com/google-deepmind/formal-conjectures/blob/main/FormalConjectures/Mathoverflow/10799.lean	Apache-2.0
fc-mathoverflow-10799-mathoverflow-10799-weak-kahn-kalai	10799, variant weak kahn kalai	mathematics	2	statement				probability,constant,critical,family,fixed	solved	https://github.com/google-deepmind/formal-conjectures/blob/main/FormalConjectures/Mathoverflow/10799.lean	Apache-2.0
fc-mathoverflow-17560-mathoverflow-17560	17560	mathematics	3	statement				number theory,commutative algebra,integer,integers,mathoverflow	open	https://github.com/google-deepmind/formal-conjectures/blob/main/FormalConjectures/Mathoverflow/17560.lean	Apache-2.0
fc-mathoverflow-1973-mathoverflow-1973	1973	mathematics	3	proved				several complex variables,admit,alexeev,answer,atlas	solved	https://github.com/google-deepmind/formal-conjectures/blob/main/FormalConjectures/Mathoverflow/1973.lean	Apache-2.0
fc-mathoverflow-21003-mathoverflow-21003	21003	mathematics	3	statement				field theory,bijection,polynomial,mathoverflow,mathematics	open	https://github.com/google-deepmind/formal-conjectures/blob/main/FormalConjectures/Mathoverflow/21003.lean	Apache-2.0
fc-mathoverflow-235893-mathoverflow-235893	235893	mathematics	3	statement				real functions,general topology,assume,bijection,connectedness	open	https://github.com/google-deepmind/formal-conjectures/blob/main/FormalConjectures/Mathoverflow/235893.lean	Apache-2.0
fc-mathoverflow-31809-mathoverflow-31809	31809	mathematics	3	statement				category theory,category,pretriangulated,triangulated,algebra	solved	https://github.com/google-deepmind/formal-conjectures/blob/main/FormalConjectures/Mathoverflow/31809.lean	Apache-2.0
fc-mathoverflow-339137-mathoverflow-339137	339137	mathematics	3	statement				field theory,coefficients,polynomials,monic,non-negative	open	https://github.com/google-deepmind/formal-conjectures/blob/main/FormalConjectures/Mathoverflow/339137.lean	Apache-2.0
fc-mathoverflow-34145-rectangles-cover-unit-square	34145	mathematics	3	statement				geometry,covered,height,rectangles,square	open	https://github.com/google-deepmind/formal-conjectures/blob/main/FormalConjectures/Mathoverflow/34145.lean	Apache-2.0
fc-mathoverflow-347178-mathoverflow-347178	347178	mathematics	3	proved				real functions,mathbb,answer,counterexample,formal	solved	https://github.com/google-deepmind/formal-conjectures/blob/main/FormalConjectures/Mathoverflow/347178.lean	Apache-2.0
fc-mathoverflow-347178-mathoverflow-347178-bounded-iff	347178, variant bounded iff	mathematics	2	proved				real functions,answer,boundedness,counterexample,equivalent	solved	https://github.com/google-deepmind/formal-conjectures/blob/main/FormalConjectures/Mathoverflow/347178.lean	Apache-2.0
fc-mathoverflow-347178-mathoverflow-347178-bounded-only	347178, variant bounded only	mathematics	2	statement				real functions,mathbb,equality,finite,function	open	https://github.com/google-deepmind/formal-conjectures/blob/main/FormalConjectures/Mathoverflow/347178.lean	Apache-2.0
fc-mathoverflow-434111-restricted-prime-number-theorem	434111	mathematics	3	statement				number theory,primes,among,arxiv,https	open	https://github.com/google-deepmind/formal-conjectures/blob/main/FormalConjectures/Mathoverflow/434111.lean	Apache-2.0
fc-mathoverflow-434111-restricted-prime-number-theorem-even-sub	434111, variant even subsequence	mathematics	2	statement				number theory,first,formulation,original,prime	open	https://github.com/google-deepmind/formal-conjectures/blob/main/FormalConjectures/Mathoverflow/434111.lean	Apache-2.0
fc-mathoverflow-486451-exists-semiring-unique-left-maximal-not	486451	mathematics	3	statement				associative rings,maximal,ideal,ideals,right	solved	https://github.com/google-deepmind/formal-conjectures/blob/main/FormalConjectures/Mathoverflow/486451.lean	Apache-2.0
fc-mathoverflow-507128-exists-isfractionring-self-ideal-ne-top	507128	mathematics	3	proved				commutative algebra,ideal,group,invertible,picard	solved	https://github.com/google-deepmind/formal-conjectures/blob/main/FormalConjectures/Mathoverflow/507128.lean	Apache-2.0
fc-mathoverflow-75792-complexity-five-pow	75792	mathematics	3	statement				number theory,answer,complexity,mathoverflow,mathematics	solved	https://github.com/google-deepmind/formal-conjectures/blob/main/FormalConjectures/Mathoverflow/75792.lean	Apache-2.0
fc-millennium-bsd-weak-birch-swinnerton-dyer-conjecture	BSD	mathematics	5	statement				number theory,algebraic geometry,birch,swinnerton-dyer,millennium	open	https://github.com/google-deepmind/formal-conjectures/blob/main/FormalConjectures/Millennium/BSD.lean	Apache-2.0
fc-millennium-navierstokes-navier-stokes-existence-and-smoothne	Navier Stokes	mathematics	5	statement				partial differential equations,existence,navier,smoothness,solutions	open	https://github.com/google-deepmind/formal-conjectures/blob/main/FormalConjectures/Millennium/NavierStokes.lean	Apache-2.0
fc-millennium-poincare-poincare-conjecture-smooth-known-cases	Poincare, variant smooth known cases	mathematics	5	statement				general topology,manifolds,dimensions,poincar,smooth	solved	https://github.com/google-deepmind/formal-conjectures/blob/main/FormalConjectures/Millennium/Poincare.lean	Apache-2.0
fc-millennium-poincare-poincare-conjecture-smooth-dimension-fou	Poincare, variant smooth dimension four	mathematics	5	statement				general topology,manifolds,dimensional,smooth,still	open	https://github.com/google-deepmind/formal-conjectures/blob/main/FormalConjectures/Millennium/Poincare.lean	Apache-2.0
fc-millennium-poincare-poincare-conjecture-smooth-other-cases	Poincare, variant smooth other cases	mathematics	5	statement				general topology,manifolds,smooth,values,version	open	https://github.com/google-deepmind/formal-conjectures/blob/main/FormalConjectures/Millennium/Poincare.lean	Apache-2.0
fc-oeis-100434-conjecture1	100434	mathematics	3	proved				number theory,induction,sequences,arithmetic,auxiliary	solved	https://github.com/google-deepmind/formal-conjectures/blob/main/FormalConjectures/OEIS/100434.lean	Apache-2.0
fc-oeis-100474-conjecture	100474	mathematics	3	statement				number theory,after,another,prime,oeis	open	https://github.com/google-deepmind/formal-conjectures/blob/main/FormalConjectures/OEIS/100474.lean	Apache-2.0
fc-oeis-100475-conjecture-with-zero	100475	mathematics	3	statement				number theory,starting,admitted,answer,constant	solved	https://github.com/google-deepmind/formal-conjectures/blob/main/FormalConjectures/OEIS/100475.lean	Apache-2.0
fc-oeis-100478-conjecture	100478	mathematics	3	statement				number theory,sequence,always,becomes,constant	solved	https://github.com/google-deepmind/formal-conjectures/blob/main/FormalConjectures/OEIS/100478.lean	Apache-2.0
fc-oeis-100800-conjecture	100800	mathematics	3	statement				number theory,oeis,mathematics,open,formal conjectures	open	https://github.com/google-deepmind/formal-conjectures/blob/main/FormalConjectures/OEIS/100800.lean	Apache-2.0
fc-oeis-101779-conjecture	101779	mathematics	3	statement				number theory,always,oeis,mathematics,open	open	https://github.com/google-deepmind/formal-conjectures/blob/main/FormalConjectures/OEIS/101779.lean	Apache-2.0
fc-oeis-102371-conjecture	102371	mathematics	3	proved				number theory,applies,assume,comment,defined	solved	https://github.com/google-deepmind/formal-conjectures/blob/main/FormalConjectures/OEIS/102371.lean	Apache-2.0
fc-oeis-102722-conjecture	102722	mathematics	3	proved				number theory,oeis,mathematics,solved,formal conjectures	solved	https://github.com/google-deepmind/formal-conjectures/blob/main/FormalConjectures/OEIS/102722.lean	Apache-2.0
fc-oeis-102847-conjecture	102847	mathematics	3	statement				number theory,prime,added,factors,jonathan	open	https://github.com/google-deepmind/formal-conjectures/blob/main/FormalConjectures/OEIS/102847.lean	Apache-2.0
fc-oeis-103151-conjecture	103151	mathematics	3	statement				number theory,equal,goldbach,greater,items	open	https://github.com/google-deepmind/formal-conjectures/blob/main/FormalConjectures/OEIS/103151.lean	Apache-2.0
fc-oeis-103311-a-abs-eq-fib	103311	mathematics	3	proved				number theory,arxiv,fibonacci,absolute,described	solved	https://github.com/google-deepmind/formal-conjectures/blob/main/FormalConjectures/OEIS/103311.lean	Apache-2.0
fc-oeis-103425-conjecture	103425	mathematics	3	proved				number theory,sequence,constant,contains,current	solved	https://github.com/google-deepmind/formal-conjectures/blob/main/FormalConjectures/OEIS/103425.lean	Apache-2.0
fc-oeis-103425-conjecture-nonconstant	103425, variant nonconstant	mathematics	2	statement				number theory,non-constant,prime,prime-free,relatively	solved	https://github.com/google-deepmind/formal-conjectures/blob/main/FormalConjectures/OEIS/103425.lean	Apache-2.0
fc-oeis-103425-conjecture-nonconstant-distinct-coeffs	103425, variant nonconstant distinct coeffs	mathematics	2	statement				number theory,distinct,non-constant,pairwise,prime	solved	https://github.com/google-deepmind/formal-conjectures/blob/main/FormalConjectures/OEIS/103425.lean	Apache-2.0
fc-oeis-103662-conjecture	103662	mathematics	3	statement				number theory,since,decimal,digit,finite	solved	https://github.com/google-deepmind/formal-conjectures/blob/main/FormalConjectures/OEIS/103662.lean	Apache-2.0
fc-oeis-103662-conjecture-a-40	103662, variant a 40	mathematics	2	statement				number theory,claim,concerning,direct,existence	open	https://github.com/google-deepmind/formal-conjectures/blob/main/FormalConjectures/OEIS/103662.lean	Apache-2.0
fc-oeis-103885-conjecture	103885	mathematics	3	proved				number theory,polynomial,zeros,interval,recurrence	solved	https://github.com/google-deepmind/formal-conjectures/blob/main/FormalConjectures/OEIS/103885.lean	Apache-2.0
fc-oeis-104320-conjecture	104320	mathematics	3	statement				number theory,sloane,oeis,mathematics,open	open	https://github.com/google-deepmind/formal-conjectures/blob/main/FormalConjectures/OEIS/104320.lean	Apache-2.0
fc-oeis-105020-conjecture	105020	mathematics	3	statement				number theory,between,consecutive,integers,primes	open	https://github.com/google-deepmind/formal-conjectures/blob/main/FormalConjectures/OEIS/105020.lean	Apache-2.0
fc-oeis-105210-conjecture-disjoint-starting-values	105210	mathematics	3	statement				number theory,sequences,appear,checked,cormier	open	https://github.com/google-deepmind/formal-conjectures/blob/main/FormalConjectures/OEIS/105210.lean	Apache-2.0
fc-oeis-105565-conjecture	105565	mathematics	3	proved				number theory,attribute,below,codex,complete	solved	https://github.com/google-deepmind/formal-conjectures/blob/main/FormalConjectures/OEIS/105565.lean	Apache-2.0
fc-oeis-105720-conjecture	105720	mathematics	3	statement				number theory,terms,corresponding,squares,values	open	https://github.com/google-deepmind/formal-conjectures/blob/main/FormalConjectures/OEIS/105720.lean	Apache-2.0
fc-oeis-105751-conjecture	105751	mathematics	3	proved				number theory,extends,sequence,takes,valuation	solved	https://github.com/google-deepmind/formal-conjectures/blob/main/FormalConjectures/OEIS/105751.lean	Apache-2.0
fc-oeis-105751-conjecture-moll-p-mod-4-eq-1	105751, variant moll p mod 4 eq 1	mathematics	2	statement				number theory,primes,consists,extends,p-adic	open	https://github.com/google-deepmind/formal-conjectures/blob/main/FormalConjectures/OEIS/105751.lean	Apache-2.0
fc-oeis-105801-conjecture	105801	mathematics	3	proved				number theory,index,residue,oeis,mathematics	solved	https://github.com/google-deepmind/formal-conjectures/blob/main/FormalConjectures/OEIS/105801.lean	Apache-2.0
fc-oeis-107247-conjecture	107247	mathematics	3	statement				number theory,include,primes,sequence,oeis	open	https://github.com/google-deepmind/formal-conjectures/blob/main/FormalConjectures/OEIS/107247.lean	Apache-2.0
fc-oeis-108-catalanreciprocalsum-fracpart-inj	108	mathematics	3	proved				number theory,arxiv,described,distinct,formal	solved	https://github.com/google-deepmind/formal-conjectures/blob/main/FormalConjectures/OEIS/108.lean	Apache-2.0
fc-oeis-108081-count-words-in-x-is-a-shifted	108081	mathematics	3	proved				atlas-lean,facebookresearch,always,atlas,because	solved	https://github.com/google-deepmind/formal-conjectures/blob/main/FormalConjectures/OEIS/108081.lean	Apache-2.0
fc-oeis-108129-conjecture	108129	mathematics	3	statement				number theory,first,integer,riesel,smallest	open	https://github.com/google-deepmind/formal-conjectures/blob/main/FormalConjectures/OEIS/108129.lean	Apache-2.0
fc-oeis-108211-conjecture	108211	mathematics	3	proved				number theory,below,certificate,above,after	solved	https://github.com/google-deepmind/formal-conjectures/blob/main/FormalConjectures/OEIS/108211.lean	Apache-2.0
fc-oeis-108301-conjecture	108301	mathematics	3	statement				number theory,primes,oeis,mathematics,open	open	https://github.com/google-deepmind/formal-conjectures/blob/main/FormalConjectures/OEIS/108301.lean	Apache-2.0
fc-oeis-108306-conjecture	108306	mathematics	3	proved				number theory,equivalent,extracting,invert,matrix	solved	https://github.com/google-deepmind/formal-conjectures/blob/main/FormalConjectures/OEIS/108306.lean	Apache-2.0
fc-oeis-108569-conjecture	108569	mathematics	3	statement				number theory,except,first,terms,oeis	open	https://github.com/google-deepmind/formal-conjectures/blob/main/FormalConjectures/OEIS/108569.lean	Apache-2.0
fc-oeis-108864-conjecture	108864	mathematics	3	statement				number theory,corresponding,sequence,starting,oeis	open	https://github.com/google-deepmind/formal-conjectures/blob/main/FormalConjectures/OEIS/108864.lean	Apache-2.0
fc-oeis-108866-conjecture	108866	mathematics	3	statement				number theory,prime,oeis,mathematics,open	open	https://github.com/google-deepmind/formal-conjectures/blob/main/FormalConjectures/OEIS/108866.lean	Apache-2.0
fc-oeis-109074-conjecture	109074	mathematics	3	statement				number theory,comment,formula,indexed,indexes	solved	https://github.com/google-deepmind/formal-conjectures/blob/main/FormalConjectures/OEIS/109074.lean	Apache-2.0
fc-oeis-109227-conjecture	109227	mathematics	3	statement				number theory,primes,oeis,mathematics,open	open	https://github.com/google-deepmind/formal-conjectures/blob/main/FormalConjectures/OEIS/109227.lean	Apache-2.0
fc-oeis-109671-conjecture	109671	mathematics	3	statement				number theory,contain,integer,positive,sequence	open	https://github.com/google-deepmind/formal-conjectures/blob/main/FormalConjectures/OEIS/109671.lean	Apache-2.0
fc-oeis-109845-conjecture	109845	mathematics	3	statement				number theory,infinitely,primes,sequence,oeis	open	https://github.com/google-deepmind/formal-conjectures/blob/main/FormalConjectures/OEIS/109845.lean	Apache-2.0
fc-oeis-109905-conjecture	109905	mathematics	3	statement				number theory,others,oeis,mathematics,open	open	https://github.com/google-deepmind/formal-conjectures/blob/main/FormalConjectures/OEIS/109905.lean	Apache-2.0
fc-oeis-109908-conjecture	109908	mathematics	3	statement				number theory,oeis,mathematics,open,formal conjectures	open	https://github.com/google-deepmind/formal-conjectures/blob/main/FormalConjectures/OEIS/109908.lean	Apache-2.0
fc-oeis-109909-conjecture	109909	mathematics	3	statement				number theory,oeis,mathematics,open,formal conjectures	open	https://github.com/google-deepmind/formal-conjectures/blob/main/FormalConjectures/OEIS/109909.lean	Apache-2.0
fc-oeis-110475-conjecture	110475	mathematics	3	statement				number theory,cannot,elements,indices,integers	open	https://github.com/google-deepmind/formal-conjectures/blob/main/FormalConjectures/OEIS/110475.lean	Apache-2.0
fc-oeis-110566-conjecture	110566	mathematics	3	statement				number theory,occurs,sequence,oeis,mathematics	open	https://github.com/google-deepmind/formal-conjectures/blob/main/FormalConjectures/OEIS/110566.lean	Apache-2.0
fc-oeis-110835-conjecture	110835	mathematics	3	statement				number theory,precisely,sierpinski,oeis,mathematics	open	https://github.com/google-deepmind/formal-conjectures/blob/main/FormalConjectures/OEIS/110835.lean	Apache-2.0
fc-oeis-110854-conjecture	110854	mathematics	3	statement				number theory,absolute,cover,member,nonnegative	open	https://github.com/google-deepmind/formal-conjectures/blob/main/FormalConjectures/OEIS/110854.lean	Apache-2.0
fc-oeis-111114-conjecture	111114	mathematics	3	statement				number theory,greater,infinitely,oeis,mathematics	open	https://github.com/google-deepmind/formal-conjectures/blob/main/FormalConjectures/OEIS/111114.lean	Apache-2.0
fc-oeis-111291-conjecture	111291	mathematics	3	statement				number theory,asymptotic,colton,large,refactorable	solved	https://github.com/google-deepmind/formal-conjectures/blob/main/FormalConjectures/OEIS/111291.lean	Apache-2.0
fc-oeis-112521-conjecture	112521	mathematics	3	proved				number theory,array,diagonal,starting,oeis	solved	https://github.com/google-deepmind/formal-conjectures/blob/main/FormalConjectures/OEIS/112521.lean	Apache-2.0
fc-oeis-112970-conjecture1	112970	mathematics	3	proved				number theory,equality,formalizes,oeis,mathematics	solved	https://github.com/google-deepmind/formal-conjectures/blob/main/FormalConjectures/OEIS/112970.lean	Apache-2.0
fc-oeis-113010-conjecture	113010	mathematics	3	statement				number theory,fixed,others,points,oeis	open	https://github.com/google-deepmind/formal-conjectures/blob/main/FormalConjectures/OEIS/113010.lean	Apache-2.0
fc-oeis-113019-conjecture	113019	mathematics	3	statement				number theory,fixed,kenta,kitamura,https	solved	https://github.com/google-deepmind/formal-conjectures/blob/main/FormalConjectures/OEIS/113019.lean	Apache-2.0
fc-oeis-113213-conjecture	113213	mathematics	3	statement				number theory,prime,asserts,defines,existence	open	https://github.com/google-deepmind/formal-conjectures/blob/main/FormalConjectures/OEIS/113213.lean	Apache-2.0
fc-oeis-113250-conjecture	113250	mathematics	3	proved				number theory,perfect,specialized,square,oeis	solved	https://github.com/google-deepmind/formal-conjectures/blob/main/FormalConjectures/OEIS/113250.lean	Apache-2.0
fc-oeis-113252-conjecture	113252	mathematics	3	proved				number theory,perfect,specialized,square,oeis	solved	https://github.com/google-deepmind/formal-conjectures/blob/main/FormalConjectures/OEIS/113252.lean	Apache-2.0
fc-oeis-113254-a-odd-is-square	113254	mathematics	3	proved				number theory,arxiv,described,formal,found	solved	https://github.com/google-deepmind/formal-conjectures/blob/main/FormalConjectures/OEIS/113254.lean	Apache-2.0
fc-oeis-113255-conjecture	113255	mathematics	3	proved				number theory,perfect,specialized,square,oeis	solved	https://github.com/google-deepmind/formal-conjectures/blob/main/FormalConjectures/OEIS/113255.lean	Apache-2.0
fc-oeis-113257-conjecture1	113257	mathematics	3	statement				number theory,prime,sequence,smallest,oeis	open	https://github.com/google-deepmind/formal-conjectures/blob/main/FormalConjectures/OEIS/113257.lean	Apache-2.0
fc-oeis-113258-conjecture	113258	mathematics	3	statement				number theory,after,nontrivial,power,oeis	open	https://github.com/google-deepmind/formal-conjectures/blob/main/FormalConjectures/OEIS/113258.lean	Apache-2.0
fc-oeis-113271-conjecture1	113271	mathematics	3	statement				number theory,prime,after,index,actual	open	https://github.com/google-deepmind/formal-conjectures/blob/main/FormalConjectures/OEIS/113271.lean	Apache-2.0
fc-oeis-113609-conjecture	113609	mathematics	3	statement				number theory,powers,prime,primes,smallest	open	https://github.com/google-deepmind/formal-conjectures/blob/main/FormalConjectures/OEIS/113609.lean	Apache-2.0
fc-oeis-114137-conjecture1	114137	mathematics	3	statement				number theory,infinitely,occur,often,powers	open	https://github.com/google-deepmind/formal-conjectures/blob/main/FormalConjectures/OEIS/114137.lean	Apache-2.0
fc-oeis-114216-conjecture	114216	mathematics	3	statement				number theory,equal,oeis,mathematics,open	open	https://github.com/google-deepmind/formal-conjectures/blob/main/FormalConjectures/OEIS/114216.lean	Apache-2.0
fc-oeis-114362-conjecture1	114362	mathematics	3	statement				number theory,integer,irrational,kohnen,ordowski	open	https://github.com/google-deepmind/formal-conjectures/blob/main/FormalConjectures/OEIS/114362.lean	Apache-2.0
fc-oeis-1146-divisibility-fact	1146	mathematics	3	statement				number theory,direction,divides,forward,oeis	solved	https://github.com/google-deepmind/formal-conjectures/blob/main/FormalConjectures/OEIS/1146.lean	Apache-2.0
fc-oeis-114831-conjecture3	114831	mathematics	3	proved				number theory,limit,assuming,asymptotically,based	solved	https://github.com/google-deepmind/formal-conjectures/blob/main/FormalConjectures/OEIS/114831.lean	Apache-2.0
fc-oeis-115257-conjecture	115257	mathematics	3	statement				number theory,binomial,field,integer,irreducible	open	https://github.com/google-deepmind/formal-conjectures/blob/main/FormalConjectures/OEIS/115257.lean	Apache-2.0
fc-oeis-115366-conjecture	115366	mathematics	3	statement				number theory,primes,oeis,mathematics,open	open	https://github.com/google-deepmind/formal-conjectures/blob/main/FormalConjectures/OEIS/115366.lean	Apache-2.0
fc-oeis-11545-conjecture1	11545	mathematics	3	statement				number theory,estimated,haken,perfect,probability	open	https://github.com/google-deepmind/formal-conjectures/blob/main/FormalConjectures/OEIS/11545.lean	Apache-2.0
fc-oeis-1157-conjecture	1157	mathematics	3	statement				number theory,distinct,fractional,pairwise,parts	open	https://github.com/google-deepmind/formal-conjectures/blob/main/FormalConjectures/OEIS/1157.lean	Apache-2.0
fc-oeis-116150-conjecture	116150	mathematics	3	statement				number theory,primes,additional,first,prime	open	https://github.com/google-deepmind/formal-conjectures/blob/main/FormalConjectures/OEIS/116150.lean	Apache-2.0
fc-oeis-117027-conjecture	117027	mathematics	3	statement				number theory,limit,approaching,close,converges	open	https://github.com/google-deepmind/formal-conjectures/blob/main/FormalConjectures/OEIS/117027.lean	Apache-2.0
fc-oeis-117531-conjecture	117531	mathematics	3	statement				number theory,oeis,mathematics,open,formal conjectures	open	https://github.com/google-deepmind/formal-conjectures/blob/main/FormalConjectures/OEIS/117531.lean	Apache-2.0
fc-oeis-117545-conjecture	117545	mathematics	3	statement				number theory,defined,prime,oeis,mathematics	open	https://github.com/google-deepmind/formal-conjectures/blob/main/FormalConjectures/OEIS/117545.lean	Apache-2.0
fc-oeis-119563-conjecture	119563	mathematics	3	statement				number theory,primes,entries,first,infinitely	open	https://github.com/google-deepmind/formal-conjectures/blob/main/FormalConjectures/OEIS/119563.lean	Apache-2.0
fc-oeis-119591-conjecture	119591	mathematics	3	statement				number theory,defined,prime,oeis,mathematics	open	https://github.com/google-deepmind/formal-conjectures/blob/main/FormalConjectures/OEIS/119591.lean	Apache-2.0
fc-oeis-120424-conjecture1	120424	mathematics	3	statement				number theory,density,natural,sequence,terms	open	https://github.com/google-deepmind/formal-conjectures/blob/main/FormalConjectures/OEIS/120424.lean	Apache-2.0
fc-oeis-1223-conjecture	1223	mathematics	3	proved				number theory,starting,block,congruence,exclude	solved	https://github.com/google-deepmind/formal-conjectures/blob/main/FormalConjectures/OEIS/1223.lean	Apache-2.0
fc-oeis-129365-conjecture1	129365	mathematics	3	proved				number theory,lfloor,rfloor,right,textrm	solved	https://github.com/google-deepmind/formal-conjectures/blob/main/FormalConjectures/OEIS/129365.lean	Apache-2.0
fc-oeis-130911-conjecture	130911	mathematics	3	statement				number theory,conjectures,shevelev,oeis,mathematics	open	https://github.com/google-deepmind/formal-conjectures/blob/main/FormalConjectures/OEIS/130911.lean	Apache-2.0
fc-oeis-135508-conjecture	135508	mathematics	3	statement				number theory,prime,mceachen,oeis,mathematics	open	https://github.com/google-deepmind/formal-conjectures/blob/main/FormalConjectures/OEIS/135508.lean	Apache-2.0
fc-oeis-1359-conjecture	1359	mathematics	3	proved				number theory,formal,primes,argument,certificate	solved	https://github.com/google-deepmind/formal-conjectures/blob/main/FormalConjectures/OEIS/1359.lean	Apache-2.0
fc-oeis-141057-conjecture1	141057	mathematics	3	proved				number theory,integers,positive,primes,supercongruences	solved	https://github.com/google-deepmind/formal-conjectures/blob/main/FormalConjectures/OEIS/141057.lean	Apache-2.0
fc-oeis-145355-conjecture	145355	mathematics	3	statement				number theory,between,bounded,closest,distance	open	https://github.com/google-deepmind/formal-conjectures/blob/main/FormalConjectures/OEIS/145355.lean	Apache-2.0
fc-oeis-153330-conjecture1	153330	mathematics	3	statement				number theory,terms,ya-ping,oeis,mathematics	open	https://github.com/google-deepmind/formal-conjectures/blob/main/FormalConjectures/OEIS/153330.lean	Apache-2.0
fc-oeis-157225-conjecture	157225	mathematics	3	proved				number theory,arxiv,positive,power,adamczewski	solved	https://github.com/google-deepmind/formal-conjectures/blob/main/FormalConjectures/OEIS/157225.lean	Apache-2.0
fc-oeis-157237-conjecture	157237	mathematics	3	statement				number theory,positive,power,congruent,eleven	open	https://github.com/google-deepmind/formal-conjectures/blob/main/FormalConjectures/OEIS/157237.lean	Apache-2.0
fc-oeis-159829-conjecture1	159829	mathematics	3	proved				number theory,answer,infinitely,kenta,kitamura	solved	https://github.com/google-deepmind/formal-conjectures/blob/main/FormalConjectures/OEIS/159829.lean	Apache-2.0
fc-oeis-160324-conjecture1	160324	mathematics	3	statement				number theory,april,zhi-wei,oeis,mathematics	open	https://github.com/google-deepmind/formal-conjectures/blob/main/FormalConjectures/OEIS/160324.lean	Apache-2.0
fc-oeis-166944-conjecture	166944	mathematics	3	statement				number theory,differences,greater,primes,record	open	https://github.com/google-deepmind/formal-conjectures/blob/main/FormalConjectures/OEIS/166944.lean	Apache-2.0
fc-oeis-167604-conjecture	167604	mathematics	3	statement				number theory,contain,prime,sequence,oeis	open	https://github.com/google-deepmind/formal-conjectures/blob/main/FormalConjectures/OEIS/167604.lean	Apache-2.0
fc-oeis-167918-conjecture-infinite	167918	mathematics	3	statement				number theory,defined,infinite,sequence,oeis	open	https://github.com/google-deepmind/formal-conjectures/blob/main/FormalConjectures/OEIS/167918.lean	Apache-2.0
fc-oeis-175386-a-ne-one	175386	mathematics	3	proved				number theory,arxiv,described,formal,found	solved	https://github.com/google-deepmind/formal-conjectures/blob/main/FormalConjectures/OEIS/175386.lean	Apache-2.0
fc-oeis-176477-conjecture1	176477	mathematics	3	proved				number theory,arxiv,adamczewski,conjectures,https	solved	https://github.com/google-deepmind/formal-conjectures/blob/main/FormalConjectures/OEIS/176477.lean	Apache-2.0
fc-oeis-17666-conjecture	17666	mathematics	3	statement				number theory,because,coleman,jaycob,practical	open	https://github.com/google-deepmind/formal-conjectures/blob/main/FormalConjectures/OEIS/17666.lean	Apache-2.0
fc-oeis-179524-conjecture1	179524	mathematics	3	statement				number theory,integers,prime,zhi-wei,oeis	open	https://github.com/google-deepmind/formal-conjectures/blob/main/FormalConjectures/OEIS/179524.lean	Apache-2.0
fc-oeis-179537-conjecture1	179537	mathematics	3	statement				number theory,integers,prime,zhi-wei,oeis	open	https://github.com/google-deepmind/formal-conjectures/blob/main/FormalConjectures/OEIS/179537.lean	Apache-2.0
fc-oeis-180017-conjecture	180017	mathematics	3	statement				number theory,appear,average,charles,greathouse	open	https://github.com/google-deepmind/formal-conjectures/blob/main/FormalConjectures/OEIS/180017.lean	Apache-2.0
fc-oeis-181546-conjecture	181546	mathematics	3	proved				number theory,oeis,mathematics,solved,formal conjectures	solved	https://github.com/google-deepmind/formal-conjectures/blob/main/FormalConjectures/OEIS/181546.lean	Apache-2.0
fc-oeis-1818-conjecture1	1818	mathematics	3	statement				number theory,linear algebra,coincides,matrix,otherwise	solved	https://github.com/google-deepmind/formal-conjectures/blob/main/FormalConjectures/OEIS/1818.lean	Apache-2.0
fc-oeis-182126-conjecture1	182126	mathematics	3	statement				number theory,frequent,value,oeis,mathematics	open	https://github.com/google-deepmind/formal-conjectures/blob/main/FormalConjectures/OEIS/182126.lean	Apache-2.0
fc-oeis-182510-conjecture1	182510	mathematics	3	statement				number theory,contains,sequence,zeros,oeis	open	https://github.com/google-deepmind/formal-conjectures/blob/main/FormalConjectures/OEIS/182510.lean	Apache-2.0
fc-oeis-185150-conjecture	185150	mathematics	3	statement				number theory,zhi-wei,oeis,mathematics,open	open	https://github.com/google-deepmind/formal-conjectures/blob/main/FormalConjectures/OEIS/185150.lean	Apache-2.0
fc-oeis-185895-conjecture1	185895	mathematics	3	proved				number theory,checked,differs,peter,triangular	solved	https://github.com/google-deepmind/formal-conjectures/blob/main/FormalConjectures/OEIS/185895.lean	Apache-2.0
fc-oeis-194806-a-div-prime-counting-bounded	194806	mathematics	3	proved				number theory,arxiv,bounded,described,formal	solved	https://github.com/google-deepmind/formal-conjectures/blob/main/FormalConjectures/OEIS/194806.lean	Apache-2.0
fc-oeis-211417-thirty-mul-sub-one-dvd-a	211417	mathematics	3	proved				number theory,arxiv,appears,checked,described	solved	https://github.com/google-deepmind/formal-conjectures/blob/main/FormalConjectures/OEIS/211417.lean	Apache-2.0
fc-oeis-22030-conjecture	22030	mathematics	3	proved				number theory,barker,colin,oeis,mathematics	solved	https://github.com/google-deepmind/formal-conjectures/blob/main/FormalConjectures/OEIS/22030.lean	Apache-2.0
fc-oeis-224-conjecture	224	mathematics	3	statement				number theory,ordowski,prime,thomas,oeis	open	https://github.com/google-deepmind/formal-conjectures/blob/main/FormalConjectures/OEIS/224.lean	Apache-2.0
fc-oeis-224515-exists-xor-sq-eq	224515	mathematics	3	proved				number theory,arxiv,described,formal,found	solved	https://github.com/google-deepmind/formal-conjectures/blob/main/FormalConjectures/OEIS/224515.lean	Apache-2.0
fc-oeis-227582-a-eq-floor-harmonic-expr	227582	mathematics	3	proved				number theory,arxiv,denotes,constant,described	solved	https://github.com/google-deepmind/formal-conjectures/blob/main/FormalConjectures/OEIS/227582.lean	Apache-2.0
fc-oeis-228143-exists-power-series-eighth-pow-eq	228143	mathematics	3	proved				number theory,arxiv,coefficients,denotes,described	solved	https://github.com/google-deepmind/formal-conjectures/blob/main/FormalConjectures/OEIS/228143.lean	Apache-2.0
fc-oeis-228828-conjecture	228828	mathematics	3	statement				number theory,infinite,sequence,oeis,mathematics	open	https://github.com/google-deepmind/formal-conjectures/blob/main/FormalConjectures/OEIS/228828.lean	Apache-2.0
fc-oeis-231201-conjecture	231201	mathematics	3	statement				number theory,prime,sequence,oeis,mathematics	open	https://github.com/google-deepmind/formal-conjectures/blob/main/FormalConjectures/OEIS/231201.lean	Apache-2.0
fc-oeis-232174-conjecture	232174	mathematics	3	statement				number theory,integer,prime,written,zhi-wei	open	https://github.com/google-deepmind/formal-conjectures/blob/main/FormalConjectures/OEIS/232174.lean	Apache-2.0
fc-oeis-2326-conjecture1	2326	mathematics	3	statement				number theory,prime,because,divides,equivalently	open	https://github.com/google-deepmind/formal-conjectures/blob/main/FormalConjectures/OEIS/2326.lean	Apache-2.0
fc-oeis-237271-conjecture-2	237271	mathematics	3	proved				number theory,divisors,sublists,arxiv,dense	solved	https://github.com/google-deepmind/formal-conjectures/blob/main/FormalConjectures/OEIS/237271.lean	Apache-2.0
fc-oeis-239957-conjecture	239957	mathematics	3	statement				number theory,integer,prime,primitive,zhi-wei	open	https://github.com/google-deepmind/formal-conjectures/blob/main/FormalConjectures/OEIS/239957.lean	Apache-2.0
fc-oeis-2407-conjecture	2407	mathematics	3	statement				number theory,believed,infinite,sequence,oeis	open	https://github.com/google-deepmind/formal-conjectures/blob/main/FormalConjectures/OEIS/2407.lean	Apache-2.0
fc-oeis-2426-conjecture	2426	mathematics	3	statement				number theory,prime,integer,verified,zhi-wei	open	https://github.com/google-deepmind/formal-conjectures/blob/main/FormalConjectures/OEIS/2426.lean	Apache-2.0
fc-oeis-243106-digits-sum-restricted	243106	mathematics	3	proved				number theory,arxiv,absolute,belonging,contains	solved	https://github.com/google-deepmind/formal-conjectures/blob/main/FormalConjectures/OEIS/243106.lean	Apache-2.0
fc-oeis-24356-conjecture	24356	mathematics	3	statement				number theory,linear algebra,direction,asserts,biconditional	open	https://github.com/google-deepmind/formal-conjectures/blob/main/FormalConjectures/OEIS/24356.lean	Apache-2.0
fc-oeis-2454-conjecture	2454	mathematics	3	statement				number theory,linear algebra,matrix,permanent,primitive	solved	https://github.com/google-deepmind/formal-conjectures/blob/main/FormalConjectures/OEIS/2454.lean	Apache-2.0
fc-oeis-248802-a-ten-mul-add-two-eq	248802	mathematics	3	proved				number theory,arxiv,described,formal,found	solved	https://github.com/google-deepmind/formal-conjectures/blob/main/FormalConjectures/OEIS/248802.lean	Apache-2.0
fc-oeis-256012-a-pos-of-gt	256012	mathematics	3	proved				number theory,arxiv,described,formal,found	solved	https://github.com/google-deepmind/formal-conjectures/blob/main/FormalConjectures/OEIS/256012.lean	Apache-2.0
fc-oeis-258667-a-is-equivalent-asymptoticterm	258667	mathematics	3	proved				number theory,arxiv,described,formal,found	solved	https://github.com/google-deepmind/formal-conjectures/blob/main/FormalConjectures/OEIS/258667.lean	Apache-2.0
fc-oeis-260194-conjecture	260194	mathematics	3	statement				number theory,difference,integer,occur,positive	open	https://github.com/google-deepmind/formal-conjectures/blob/main/FormalConjectures/OEIS/260194.lean	Apache-2.0
fc-oeis-267581-a-recurrence	267581	mathematics	3	proved				number theory,arxiv,andres,cicuttin,described	solved	https://github.com/google-deepmind/formal-conjectures/blob/main/FormalConjectures/OEIS/267581.lean	Apache-2.0
fc-oeis-271591-maximal-run-lengths	271591	mathematics	3	proved				number theory,arxiv,consecutive,after,described	solved	https://github.com/google-deepmind/formal-conjectures/blob/main/FormalConjectures/OEIS/271591.lean	Apache-2.0
fc-oeis-278070-a-modeq	278070	mathematics	3	proved				number theory,arxiv,described,formal,found	solved	https://github.com/google-deepmind/formal-conjectures/blob/main/FormalConjectures/OEIS/278070.lean	Apache-2.0
fc-oeis-280831-conjecture	280831	mathematics	3	statement				number theory,nonnegative,integer,integers,square	open	https://github.com/google-deepmind/formal-conjectures/blob/main/FormalConjectures/OEIS/280831.lean	Apache-2.0
fc-oeis-281976-conjecture	281976	mathematics	3	statement				number theory,integer,integers,nonnegative,squares	open	https://github.com/google-deepmind/formal-conjectures/blob/main/FormalConjectures/OEIS/281976.lean	Apache-2.0
fc-oeis-282779-periodofpowermod-eq	282779	mathematics	3	proved				number theory,arxiv,described,formal,found	solved	https://github.com/google-deepmind/formal-conjectures/blob/main/FormalConjectures/OEIS/282779.lean	Apache-2.0
fc-oeis-287616-conjecture	287616	mathematics	3	statement				number theory,generalized,nonnegative,cgqfg,heptagonal	solved	https://github.com/google-deepmind/formal-conjectures/blob/main/FormalConjectures/OEIS/287616.lean	Apache-2.0
fc-oeis-28859-exists-finset-sequence	28859	mathematics	3	proved				number theory,arxiv,adjacent,compositions,described	solved	https://github.com/google-deepmind/formal-conjectures/blob/main/FormalConjectures/OEIS/28859.lean	Apache-2.0
fc-oeis-289411-a-symm	289411	mathematics	3	proved				number theory,arxiv,described,formal,found	solved	https://github.com/google-deepmind/formal-conjectures/blob/main/FormalConjectures/OEIS/289411.lean	Apache-2.0
fc-oeis-2897-a-eq-coeff	2897	mathematics	3	proved				number theory,arxiv,described,formal,found	solved	https://github.com/google-deepmind/formal-conjectures/blob/main/FormalConjectures/OEIS/2897.lean	Apache-2.0
fc-oeis-300997-a-succ-eq	300997	mathematics	3	proved				number theory,arxiv,appears,contains,described	solved	https://github.com/google-deepmind/formal-conjectures/blob/main/FormalConjectures/OEIS/300997.lean	Apache-2.0
fc-oeis-303639-conjecture	303639	mathematics	3	proved				number theory,dclxai,admits,approved,argument	solved	https://github.com/google-deepmind/formal-conjectures/blob/main/FormalConjectures/OEIS/303639.lean	Apache-2.0
fc-oeis-303639-conjecture-counterexample	303639, counterexample	mathematics	3	proved				number theory,counterexample,vanishes,witnessing,oeis	solved	https://github.com/google-deepmind/formal-conjectures/blob/main/FormalConjectures/OEIS/303639.lean	Apache-2.0
fc-oeis-303656-conjecture	303656	mathematics	3	statement				number theory,power,integer,squares,written	open	https://github.com/google-deepmind/formal-conjectures/blob/main/FormalConjectures/OEIS/303656.lean	Apache-2.0
fc-oeis-306424-forty-three-is-max	306424	mathematics	3	proved				number theory,arxiv,being,described,finite	solved	https://github.com/google-deepmind/formal-conjectures/blob/main/FormalConjectures/OEIS/306424.lean	Apache-2.0
fc-oeis-306477-conjecture	306477	mathematics	3	proved				number theory,arxiv,adamczewski,conjectures,counterexample	solved	https://github.com/google-deepmind/formal-conjectures/blob/main/FormalConjectures/OEIS/306477.lean	Apache-2.0
fc-oeis-307865-a-eq-zero-of-pseudoprime	307865	mathematics	3	proved				number theory,arxiv,absolute,described,euler	solved	https://github.com/google-deepmind/formal-conjectures/blob/main/FormalConjectures/OEIS/307865.lean	Apache-2.0
fc-oeis-308734-conjecture	308734	mathematics	3	statement				number theory,four-square,integer,integers,nonnegative	open	https://github.com/google-deepmind/formal-conjectures/blob/main/FormalConjectures/OEIS/308734.lean	Apache-2.0
fc-oeis-309132-carmichael-iff-squarefree-a	309132	mathematics	3	proved				number theory,arxiv,carmichael,composite,described	solved	https://github.com/google-deepmind/formal-conjectures/blob/main/FormalConjectures/OEIS/309132.lean	Apache-2.0
fc-oeis-3161-conjecture	3161	mathematics	3	statement				number theory,integers,positive,primes,supercongruence	open	https://github.com/google-deepmind/formal-conjectures/blob/main/FormalConjectures/OEIS/3161.lean	Apache-2.0
fc-oeis-3162-conjecture	3162	mathematics	3	statement				number theory,integers,positive,primes,supercongruence	open	https://github.com/google-deepmind/formal-conjectures/blob/main/FormalConjectures/OEIS/3162.lean	Apache-2.0
fc-oeis-317940-f-nonnegative	317940	mathematics	3	proved				number theory,positive,prime-power,sequence,square	solved	https://github.com/google-deepmind/formal-conjectures/blob/main/FormalConjectures/OEIS/317940.lean	Apache-2.0
fc-oeis-323557-odd-a-implies-pronic	323557	mathematics	3	proved				number theory,arxiv,terms,agree,described	solved	https://github.com/google-deepmind/formal-conjectures/blob/main/FormalConjectures/OEIS/323557.lean	Apache-2.0
fc-oeis-325046-odd-a-implies-pronic	325046	mathematics	3	proved				number theory,arxiv,agree,described,differ	solved	https://github.com/google-deepmind/formal-conjectures/blob/main/FormalConjectures/OEIS/325046.lean	Apache-2.0
fc-oeis-340737-tendsto-exp-one	340737	mathematics	3	proved				number theory,arxiv,companion,denominator,described	solved	https://github.com/google-deepmind/formal-conjectures/blob/main/FormalConjectures/OEIS/340737.lean	Apache-2.0
fc-oeis-341254-a-bounds	341254	mathematics	3	proved				number theory,arxiv,described,formal,found	solved	https://github.com/google-deepmind/formal-conjectures/blob/main/FormalConjectures/OEIS/341254.lean	Apache-2.0
fc-oeis-34693-exists-k	34693	mathematics	3	statement				number theory,prime,oeis,mathematics,open	open	https://github.com/google-deepmind/formal-conjectures/blob/main/FormalConjectures/OEIS/34693.lean	Apache-2.0
fc-oeis-34694-conjecture	34694	mathematics	3	statement				number theory,ordowski,thomas,oeis,mathematics	open	https://github.com/google-deepmind/formal-conjectures/blob/main/FormalConjectures/OEIS/34694.lean	Apache-2.0
fc-oeis-357513-a357513-supercongruence	357513	mathematics	3	proved				number theory,alphaproof,except,primes,oeis	solved	https://github.com/google-deepmind/formal-conjectures/blob/main/FormalConjectures/OEIS/357513.lean	Apache-2.0
fc-oeis-358684-oeis-358684-conjecture-0	358684	mathematics	3	statement				number theory,factor,fermat,prime,smallest	solved	https://github.com/google-deepmind/formal-conjectures/blob/main/FormalConjectures/OEIS/358684.lean	Apache-2.0
fc-oeis-3625-conjecture	3625	mathematics	3	proved				number theory,answer,classical,complete,equivalence	solved	https://github.com/google-deepmind/formal-conjectures/blob/main/FormalConjectures/OEIS/3625.lean	Apache-2.0
fc-oeis-363102-a-eq-one-or-prime	363102	mathematics	3	proved				number theory,arxiv,contains,described,formal	solved	https://github.com/google-deepmind/formal-conjectures/blob/main/FormalConjectures/OEIS/363102.lean	Apache-2.0
fc-oeis-363347-exists-a-eq-prime	363347	mathematics	3	proved				number theory,arxiv,contains,described,formal	solved	https://github.com/google-deepmind/formal-conjectures/blob/main/FormalConjectures/OEIS/363347.lean	Apache-2.0
fc-oeis-368692-a-is-int	368692	mathematics	3	proved				number theory,arxiv,described,formal,found	solved	https://github.com/google-deepmind/formal-conjectures/blob/main/FormalConjectures/OEIS/368692.lean	Apache-2.0
fc-oeis-37274-home-prime-conjecture	37274	mathematics	3	statement				number theory,integer,least,prime,reaches	open	https://github.com/google-deepmind/formal-conjectures/blob/main/FormalConjectures/OEIS/37274.lean	Apache-2.0
fc-oeis-372761-exists-unique-a-eq-prime	372761	mathematics	3	proved				number theory,arxiv,appear,described,except	solved	https://github.com/google-deepmind/formal-conjectures/blob/main/FormalConjectures/OEIS/372761.lean	Apache-2.0
fc-oeis-38098-conjecture1	38098	mathematics	3	statement				number theory,decreasing,denotes,exceeding,integer	open	https://github.com/google-deepmind/formal-conjectures/blob/main/FormalConjectures/OEIS/38098.lean	Apache-2.0
fc-oeis-38107-conjecture	38107	mathematics	3	statement				number theory,distinct,fractional,pairwise,parts	open	https://github.com/google-deepmind/formal-conjectures/blob/main/FormalConjectures/OEIS/38107.lean	Apache-2.0
fc-oeis-382590-kthprimefactor-periodic	382590	mathematics	3	statement				number theory,prime,factor,mathoverflow,answer	solved	https://github.com/google-deepmind/formal-conjectures/blob/main/FormalConjectures/OEIS/382590.lean	Apache-2.0
fc-oeis-38552-starkheegner-classnumberone	38552	mathematics	3	statement				number theory,class,exactly,implies,squarefree	solved	https://github.com/google-deepmind/formal-conjectures/blob/main/FormalConjectures/OEIS/38552.lean	Apache-2.0
fc-oeis-38771-conjecture1	38771	mathematics	3	statement				number theory,charles,greathouse,ordowski,thomas	open	https://github.com/google-deepmind/formal-conjectures/blob/main/FormalConjectures/OEIS/38771.lean	Apache-2.0
fc-oeis-40-conjecture	40	mathematics	3	statement				number theory,ordowski,thomas,oeis,mathematics	open	https://github.com/google-deepmind/formal-conjectures/blob/main/FormalConjectures/OEIS/40.lean	Apache-2.0
fc-oeis-41-nopowerpartitionnumber	41	mathematics	3	statement				number theory,comment,integers,partition,zhi-wei	open	https://github.com/google-deepmind/formal-conjectures/blob/main/FormalConjectures/OEIS/41.lean	Apache-2.0
fc-oeis-4290-conjecture	4290	mathematics	3	statement				number theory,david,radcliffe,oeis,mathematics	open	https://github.com/google-deepmind/formal-conjectures/blob/main/FormalConjectures/OEIS/4290.lean	Apache-2.0
fc-oeis-46969-conjecture1	46969	mathematics	3	statement				number theory,prime,altuzarra,lorenzo,primes	open	https://github.com/google-deepmind/formal-conjectures/blob/main/FormalConjectures/OEIS/46969.lean	Apache-2.0
fc-oeis-48153-conjecture	48153	mathematics	3	proved				number theory,aspen,meissner,oeis,mathematics	solved	https://github.com/google-deepmind/formal-conjectures/blob/main/FormalConjectures/OEIS/48153.lean	Apache-2.0
fc-oeis-49473-conjecture	49473	mathematics	3	proved				number theory,beatty,clark,consists,difference	solved	https://github.com/google-deepmind/formal-conjectures/blob/main/FormalConjectures/OEIS/49473.lean	Apache-2.0
fc-oeis-51293-tendsto-areal-asymptotic	51293	mathematics	3	proved				number theory,arxiv,benoit,cloitre,described	solved	https://github.com/google-deepmind/formal-conjectures/blob/main/FormalConjectures/OEIS/51293.lean	Apache-2.0
fc-oeis-5153-conjecture	5153	mathematics	3	statement				number theory,beginning,practical,prime,switkay	open	https://github.com/google-deepmind/formal-conjectures/blob/main/FormalConjectures/OEIS/5153.lean	Apache-2.0
fc-oeis-51903-conjecture1	51903	mathematics	3	statement				number theory,composite,lehmer,condition,erdos	open	https://github.com/google-deepmind/formal-conjectures/blob/main/FormalConjectures/OEIS/51903.lean	Apache-2.0
fc-oeis-5258-conjecture	5258	mathematics	3	statement				number theory,field theory,field,irreducible,polynomial	open	https://github.com/google-deepmind/formal-conjectures/blob/main/FormalConjectures/OEIS/5258.lean	Apache-2.0
fc-oeis-52709-conjecture	52709	mathematics	3	proved				number theory,avoiding,covering,initial,integers	solved	https://github.com/google-deepmind/formal-conjectures/blob/main/FormalConjectures/OEIS/52709.lean	Apache-2.0
fc-oeis-53000-conjecture	53000	mathematics	3	statement				number theory,improves,oppermann,ordowski,thomas	open	https://github.com/google-deepmind/formal-conjectures/blob/main/FormalConjectures/OEIS/53000.lean	Apache-2.0
fc-oeis-53067-conjecture	53067	mathematics	3	statement				number theory,prime,another,second,sloane	open	https://github.com/google-deepmind/formal-conjectures/blob/main/FormalConjectures/OEIS/53067.lean	Apache-2.0
fc-oeis-53175-conjecture	53175	mathematics	3	statement				number theory,linear algebra,integer,positive,catalan-larcombe-french	solved	https://github.com/google-deepmind/formal-conjectures/blob/main/FormalConjectures/OEIS/53175.lean	Apache-2.0
fc-oeis-55487-conjecture	55487	mathematics	3	statement				number theory,prime,asserts,conclusion,conditions	open	https://github.com/google-deepmind/formal-conjectures/blob/main/FormalConjectures/OEIS/55487.lean	Apache-2.0
fc-oeis-56777-comesfromprimequadruple-of-a	56777	mathematics	3	statement				number theory,members,prime,quadruples,sequence	open	https://github.com/google-deepmind/formal-conjectures/blob/main/FormalConjectures/OEIS/56777.lean	Apache-2.0
fc-oeis-60841-conjecture1	60841	mathematics	3	statement				number theory,linear algebra,integer,robert,wilson	open	https://github.com/google-deepmind/formal-conjectures/blob/main/FormalConjectures/OEIS/60841.lean	Apache-2.0
fc-oeis-60957-conjecture	60957	mathematics	3	statement				number theory,prime,products,sheng,oeis	open	https://github.com/google-deepmind/formal-conjectures/blob/main/FormalConjectures/OEIS/60957.lean	Apache-2.0
fc-oeis-62567-a-three-pow-eq	62567	mathematics	3	proved				number theory,arxiv,described,farideh,firoozbakht	solved	https://github.com/google-deepmind/formal-conjectures/blob/main/FormalConjectures/OEIS/62567.lean	Apache-2.0
fc-oeis-63880-mod-216-of-a	63880	mathematics	3	statement				number theory,members,satisfy,sequence,oeis	open	https://github.com/google-deepmind/formal-conjectures/blob/main/FormalConjectures/OEIS/63880.lean	Apache-2.0
fc-oeis-64169-conjecture	64169	mathematics	3	proved				number theory,amiram,checked,composite,divides	solved	https://github.com/google-deepmind/formal-conjectures/blob/main/FormalConjectures/OEIS/64169.lean	Apache-2.0
fc-oeis-64313-conjecture	64313	mathematics	3	statement				geometry,circumference,always,circle,perhaps	open	https://github.com/google-deepmind/formal-conjectures/blob/main/FormalConjectures/OEIS/64313.lean	Apache-2.0
fc-oeis-6697-conjecture	6697	mathematics	3	proved				computer science,arxiv,function,generating,definition	solved	https://github.com/google-deepmind/formal-conjectures/blob/main/FormalConjectures/OEIS/6697.lean	Apache-2.0
fc-oeis-67599-conjecture	67599	mathematics	3	statement				number theory,adams-watters,franklin,solution,oeis	open	https://github.com/google-deepmind/formal-conjectures/blob/main/FormalConjectures/OEIS/67599.lean	Apache-2.0
fc-oeis-67720-prime-add-one-of-a	67720	mathematics	3	statement				number theory,members,prime,sequence,oeis	open	https://github.com/google-deepmind/formal-conjectures/blob/main/FormalConjectures/OEIS/67720.lean	Apache-2.0
fc-oeis-67857-conjecture	67857	mathematics	3	proved				number theory,counterexample,negative,codex,developed	solved	https://github.com/google-deepmind/formal-conjectures/blob/main/FormalConjectures/OEIS/67857.lean	Apache-2.0
fc-oeis-69004-conjecture1	69004	mathematics	3	statement				number theory,oeis,mathematics,open,formal conjectures	open	https://github.com/google-deepmind/formal-conjectures/blob/main/FormalConjectures/OEIS/69004.lean	Apache-2.0
fc-oeis-69004-conjecture2-upper-bound-false	69004, variant upper bound false	mathematics	2	statement				number theory,bound,stronger,upper,while	solved	https://github.com/google-deepmind/formal-conjectures/blob/main/FormalConjectures/OEIS/69004.lean	Apache-2.0
fc-oeis-69004-conjecture2-without-upper-bound	69004, variant without upper bound	mathematics	2	statement				number theory,bound,claimed,counterexample,equalities	open	https://github.com/google-deepmind/formal-conjectures/blob/main/FormalConjectures/OEIS/69004.lean	Apache-2.0
fc-oeis-69922-conjecture	69922	mathematics	3	statement				number theory,least,prime,question,schinzel	open	https://github.com/google-deepmind/formal-conjectures/blob/main/FormalConjectures/OEIS/69922.lean	Apache-2.0
fc-oeis-69923-conjecture	69923	mathematics	3	statement				number theory,least,prime,always,checked	open	https://github.com/google-deepmind/formal-conjectures/blob/main/FormalConjectures/OEIS/69923.lean	Apache-2.0
fc-oeis-7013-conjecture	7013	mathematics	3	statement				number theory,catalan-mersenne,prime,sequence,terms	open	https://github.com/google-deepmind/formal-conjectures/blob/main/FormalConjectures/OEIS/7013.lean	Apache-2.0
fc-oeis-70518-conjecture	70518	mathematics	3	statement				number theory,divisible,squarefree,oeis,mathematics	open	https://github.com/google-deepmind/formal-conjectures/blob/main/FormalConjectures/OEIS/70518.lean	Apache-2.0
fc-oeis-70823-conjecture	70823	mathematics	3	proved				number theory,always,answer,divisible,squarefree	solved	https://github.com/google-deepmind/formal-conjectures/blob/main/FormalConjectures/OEIS/70823.lean	Apache-2.0
fc-oeis-71524-conjecture1	71524	mathematics	3	statement				number theory,linear algebra,zhi-wei,oeis,mathematics	open	https://github.com/google-deepmind/formal-conjectures/blob/main/FormalConjectures/OEIS/71524.lean	Apache-2.0
fc-oeis-71532-conjecture1	71532	mathematics	3	proved				number theory,answer,codex,counterexample,developed	solved	https://github.com/google-deepmind/formal-conjectures/blob/main/FormalConjectures/OEIS/71532.lean	Apache-2.0
fc-oeis-72200-conjecture	72200	mathematics	3	statement				number theory,contained,factorial,since,sixes	open	https://github.com/google-deepmind/formal-conjectures/blob/main/FormalConjectures/OEIS/72200.lean	Apache-2.0
fc-oeis-7406-conjecture	7406	mathematics	3	statement				number theory,amiram,eldar,ordowski,thomas	open	https://github.com/google-deepmind/formal-conjectures/blob/main/FormalConjectures/OEIS/7406.lean	Apache-2.0
fc-oeis-7468-conjecture	7468	mathematics	3	statement				number theory,carlos,eduardo,integer,olivieri	open	https://github.com/google-deepmind/formal-conjectures/blob/main/FormalConjectures/OEIS/7468.lean	Apache-2.0
fc-oeis-76141-conjecture	76141	mathematics	3	proved				number theory,oeis,mathematics,solved,formal conjectures	solved	https://github.com/google-deepmind/formal-conjectures/blob/main/FormalConjectures/OEIS/76141.lean	Apache-2.0
fc-oeis-76495-conjecture	76495	mathematics	3	statement				number theory,entry,integer,positive,present	open	https://github.com/google-deepmind/formal-conjectures/blob/main/FormalConjectures/OEIS/76495.lean	Apache-2.0
fc-oeis-77408-conjecture	77408	mathematics	3	statement				number theory,palindrome,algorithm,never,reach	open	https://github.com/google-deepmind/formal-conjectures/blob/main/FormalConjectures/OEIS/77408.lean	Apache-2.0
fc-oeis-78590-conjecture	78590	mathematics	3	proved				number theory,corresponding,denominator,divisibility,exact	solved	https://github.com/google-deepmind/formal-conjectures/blob/main/FormalConjectures/OEIS/78590.lean	Apache-2.0
fc-oeis-78680-conjecture	78680	mathematics	3	statement				number theory,composite,equivalent,first,statement	open	https://github.com/google-deepmind/formal-conjectures/blob/main/FormalConjectures/OEIS/78680.lean	Apache-2.0
fc-oeis-78729-conjecture	78729	mathematics	3	statement				number theory,hence,never,prime,oeis	open	https://github.com/google-deepmind/formal-conjectures/blob/main/FormalConjectures/OEIS/78729.lean	Apache-2.0
fc-oeis-7918-conjecture1	7918	mathematics	3	statement				number theory,according,arithmetic,common,corresponding	open	https://github.com/google-deepmind/formal-conjectures/blob/main/FormalConjectures/OEIS/7918.lean	Apache-2.0
fc-oeis-79727-conjecture1	79727	mathematics	3	statement				number theory,peter,prime,oeis,mathematics	open	https://github.com/google-deepmind/formal-conjectures/blob/main/FormalConjectures/OEIS/79727.lean	Apache-2.0
fc-oeis-80101-conjecture	80101	mathematics	3	statement				number theory,oeis,mathematics,open,formal conjectures	open	https://github.com/google-deepmind/formal-conjectures/blob/main/FormalConjectures/OEIS/80101.lean	Apache-2.0
fc-oeis-80170-gcdcondition-iff-primepowercondition	80170	mathematics	3	proved				number theory,arxiv,condition,https,stephan	solved	https://github.com/google-deepmind/formal-conjectures/blob/main/FormalConjectures/OEIS/80170.lean	Apache-2.0
fc-oeis-80326-conjecture	80326	mathematics	3	statement				number theory,infinitely,oeis,mathematics,open	open	https://github.com/google-deepmind/formal-conjectures/blob/main/FormalConjectures/OEIS/80326.lean	Apache-2.0
fc-oeis-81091-conjecturea81091	81091	mathematics	3	statement				number theory,infinite,primes,oeis,mathematics	open	https://github.com/google-deepmind/formal-conjectures/blob/main/FormalConjectures/OEIS/81091.lean	Apache-2.0
fc-oeis-83753-conjecture	83753	mathematics	3	statement				number theory,fifth,greater,higher,natural	open	https://github.com/google-deepmind/formal-conjectures/blob/main/FormalConjectures/OEIS/83753.lean	Apache-2.0
fc-oeis-84046-conjecture	84046	mathematics	3	proved				number theory,square,candidate,factors,oeis	solved	https://github.com/google-deepmind/formal-conjectures/blob/main/FormalConjectures/OEIS/84046.lean	Apache-2.0
fc-oeis-86766-conjecture1	86766	mathematics	3	statement				number theory,farideh,firoozbakht,integer,nonzero	open	https://github.com/google-deepmind/formal-conjectures/blob/main/FormalConjectures/OEIS/86766.lean	Apache-2.0
fc-oeis-87207-conjecture	87207	mathematics	3	statement				number theory,always,antti,iterating,karttunen	open	https://github.com/google-deepmind/formal-conjectures/blob/main/FormalConjectures/OEIS/87207.lean	Apache-2.0
fc-oeis-87455-conjecture	87455	mathematics	3	statement				number theory,probability,benford,berger,berger-hill	open	https://github.com/google-deepmind/formal-conjectures/blob/main/FormalConjectures/OEIS/87455.lean	Apache-2.0
fc-oeis-87571-conjecture	87571	mathematics	3	statement				number theory,composite,infinitely,nonzero,oeis	open	https://github.com/google-deepmind/formal-conjectures/blob/main/FormalConjectures/OEIS/87571.lean	Apache-2.0
fc-oeis-91591-conjecture	91591	mathematics	3	statement				number theory,between,legendre,prime,proving	open	https://github.com/google-deepmind/formal-conjectures/blob/main/FormalConjectures/OEIS/91591.lean	Apache-2.0
fc-oeis-91669-prime-and-primitive-root-of-dvd	91669	mathematics	3	proved				number theory,arxiv,amiram,described,eldar	solved	https://github.com/google-deepmind/formal-conjectures/blob/main/FormalConjectures/OEIS/91669.lean	Apache-2.0
fc-oeis-92243-conjecture1	92243	mathematics	3	statement				number theory,score,oeis,mathematics,open	open	https://github.com/google-deepmind/formal-conjectures/blob/main/FormalConjectures/OEIS/92243.lean	Apache-2.0
fc-oeis-93456-conjecture	93456	mathematics	3	proved				number theory,finitely,infinitely,mentioned,oeis	solved	https://github.com/google-deepmind/formal-conjectures/blob/main/FormalConjectures/OEIS/93456.lean	Apache-2.0
fc-oeis-93818-conjecture	93818	mathematics	3	statement				number theory,occurs,prime,sequence,oeis	open	https://github.com/google-deepmind/formal-conjectures/blob/main/FormalConjectures/OEIS/93818.lean	Apache-2.0
fc-oeis-945-every-prime-occurs	945	mathematics	3	statement				number theory,sequence,already,computational,computed	open	https://github.com/google-deepmind/formal-conjectures/blob/main/FormalConjectures/OEIS/945.lean	Apache-2.0
fc-oeis-96535-conjecture	96535	mathematics	3	statement				number theory,appear,brockhaus,frequency,index	open	https://github.com/google-deepmind/formal-conjectures/blob/main/FormalConjectures/OEIS/96535.lean	Apache-2.0
fc-openquantumproblems-13-mutuallyunbiasedbases-dim2	Open quantum problem 13	physics	3	statement				linear algebra,quantum theory,information theory,bases,dimension	solved	https://github.com/google-deepmind/formal-conjectures/blob/main/FormalConjectures/OpenQuantumProblems/13.lean	Apache-2.0
fc-openquantumproblems-23-hassicpovm-56	Open quantum problem 23	physics	3	statement				linear algebra,operator theory,quantum theory,benchmark,dimension	open	https://github.com/google-deepmind/formal-conjectures/blob/main/FormalConjectures/OpenQuantumProblems/23.lean	Apache-2.0
fc-openquantumproblems-35-ame-2-exists	Open quantum problem 35	physics	3	statement				linear algebra,quantum theory,information theory,dimension,existence	solved	https://github.com/google-deepmind/formal-conjectures/blob/main/FormalConjectures/OpenQuantumProblems/35.lean	Apache-2.0
fc-optimizationconstants-1a-c1a-lower-bound	1a	mathematics	3	statement				number theory,real functions,bound,lower,matolcsi-vinuesa	solved	https://github.com/google-deepmind/formal-conjectures/blob/main/FormalConjectures/OptimizationConstants/1a.lean	Apache-2.0
fc-other-beavermatholympiad-beaver-math-olympiad-problem-1	Beaver Math Olympiad	mathematics	3	statement				number theory,computer science,bbchallenge,https,machine	open	https://github.com/google-deepmind/formal-conjectures/blob/main/FormalConjectures/Other/BeaverMathOlympiad.lean	Apache-2.0
fc-other-beavermatholympiad-beaver-math-olympiad-problem-2-anti	Beaver Math Olympiad, variant set	mathematics	2	statement				number theory,computer science,antihydra,beaver,olympiad	open	https://github.com/google-deepmind/formal-conjectures/blob/main/FormalConjectures/Other/BeaverMathOlympiad.lean	Apache-2.0
fc-other-equationaltheories-677-255-equation255-not-implies-equ	Equational Theories 677 255	mathematics	3	statement				equation,imply,other,mathematics,solved	solved	https://github.com/google-deepmind/formal-conjectures/blob/main/FormalConjectures/Other/EquationalTheories_677_255.lean	Apache-2.0
fc-other-equationaltheories-677-255-finite-equation255-not-impl	Equational Theories 677 255, Equation255 not implies Equation677	mathematics	3	statement				equation,implies,stronger,other,mathematics	solved	https://github.com/google-deepmind/formal-conjectures/blob/main/FormalConjectures/Other/EquationalTheories_677_255.lean	Apache-2.0
fc-other-equationaltheories-677-255-finite-equation677-implies	Equational Theories 677 255, Equation677 implies Equation255	mathematics	3	statement				equation,finite,answer,equational,channel	open	https://github.com/google-deepmind/formal-conjectures/blob/main/FormalConjectures/Other/EquationalTheories_677_255.lean	Apache-2.0
fc-other-gerstenhaberthreematrices-finrank-adjoin-pair-le	Gerstenhaber Three Matrices	mathematics	3	statement				linear algebra,associative rings,algebra,commuting,dimension	solved	https://github.com/google-deepmind/formal-conjectures/blob/main/FormalConjectures/Other/GerstenhaberThreeMatrices.lean	Apache-2.0
fc-other-rule30-centercolumn-not-eventually-periodic	Rule30	mathematics	3	statement				dynamical systems,computer science,column,period,center	open	https://github.com/google-deepmind/formal-conjectures/blob/main/FormalConjectures/Other/Rule30.lean	Apache-2.0
fc-other-schurtruncatedexponential-schur-truncatedexp-galoisgro	Schur Truncated Exponential	mathematics	3	statement				field theory,group,galois,isomorphic,alternating	solved	https://github.com/google-deepmind/formal-conjectures/blob/main/FormalConjectures/Other/SchurTruncatedExponential.lean	Apache-2.0
fc-other-suffixprefixavoidance-suffix-prefix-avoidance-bound	Suffix Prefix Avoidance	mathematics	3	statement				overlap,alphabet,coincides,inequality,isoperimetric	solved	https://github.com/google-deepmind/formal-conjectures/blob/main/FormalConjectures/Other/SuffixPrefixAvoidance.lean	Apache-2.0
fc-other-symbollengthmilnorktheory-symbol-length-problem	Symbol Length Milnor KTheory	mathematics	3	statement				field theory,K-theory,function,length,symbol	open	https://github.com/google-deepmind/formal-conjectures/blob/main/FormalConjectures/Other/SymbolLengthMilnorKTheory.lean	Apache-2.0
fc-other-symbollengthmilnorktheory-symbol-length-problem-bounde	Symbol Length Milnor KTheory, variant bounded	mathematics	2	statement				field theory,K-theory,bound,class,krashen	open	https://github.com/google-deepmind/formal-conjectures/blob/main/FormalConjectures/Other/SymbolLengthMilnorKTheory.lean	Apache-2.0
fc-other-symbollengthmilnorktheory-symbol-length-problem-unifor	Symbol Length Milnor KTheory, variant uniform	mathematics	2	statement				field theory,K-theory,degree,length,prime	open	https://github.com/google-deepmind/formal-conjectures/blob/main/FormalConjectures/Other/SymbolLengthMilnorKTheory.lean	Apache-2.0
fc-other-symbollengthmilnorktheory-symbol-length-problem-degree	Symbol Length Milnor KTheory, variant degree two	mathematics	2	statement				field theory,associative rings,K-theory,matzri,theorem	solved	https://github.com/google-deepmind/formal-conjectures/blob/main/FormalConjectures/Other/SymbolLengthMilnorKTheory.lean	Apache-2.0
fc-other-symbollengthmilnorktheory-symbol-length-problem-degree-2	Symbol Length Milnor KTheory, variant degree two ge	mathematics	2	statement				field theory,associative rings,K-theory,symbol,algebra	solved	https://github.com/google-deepmind/formal-conjectures/blob/main/FormalConjectures/Other/SymbolLengthMilnorKTheory.lean	Apache-2.0
fc-other-symbollengthmilnorktheory-symbol-length-problem-degree-3	Symbol Length Milnor KTheory, variant degree two isLeast	mathematics	2	statement				field theory,associative rings,K-theory,symbol,length	open	https://github.com/google-deepmind/formal-conjectures/blob/main/FormalConjectures/Other/SymbolLengthMilnorKTheory.lean	Apache-2.0
fc-other-symbollengthmilnorktheory-symbol-length-problem-zero-m	Symbol Length Milnor KTheory, variant zero mem of lt	mathematics	2	statement				field theory,K-theory,cohomological,dimension,field	solved	https://github.com/google-deepmind/formal-conjectures/blob/main/FormalConjectures/Other/SymbolLengthMilnorKTheory.lean	Apache-2.0
fc-other-vcdimconvex-hasaddvcdimatmost-three-of-convex-r2	VCDim Convex	mathematics	3	statement				convex geometry,convex,dimension,other,mathematics	solved	https://github.com/google-deepmind/formal-conjectures/blob/main/FormalConjectures/Other/VCDimConvex.lean	Apache-2.0
fc-paper-auslanderreiten-auslander-reiten	Auslander Reiten	mathematics	3	statement				commutative algebra,associative rings,category theory,algebra,artin	open	https://github.com/google-deepmind/formal-conjectures/blob/main/FormalConjectures/Paper/AuslanderReiten.lean	Apache-2.0
fc-paper-auslanderreiten-auslander-reiten-commutative	Auslander Reiten, variant commutative	mathematics	2	statement				commutative algebra,category theory,commutative,noetherian,auslander-reiten	open	https://github.com/google-deepmind/formal-conjectures/blob/main/FormalConjectures/Paper/AuslanderReiten.lean	Apache-2.0
fc-paper-auslanderreiten-auslander-reiten-local-free	Auslander Reiten, variant local free	mathematics	2	statement				commutative algebra,category theory,finitely,following,generated	open	https://github.com/google-deepmind/formal-conjectures/blob/main/FormalConjectures/Paper/AuslanderReiten.lean	Apache-2.0
fc-paper-auslanderreiten-auslander-reiten-normal	Auslander Reiten, variant normal	mathematics	2	statement				commutative algebra,category theory,normal,rings,domains	solved	https://github.com/google-deepmind/formal-conjectures/blob/main/FormalConjectures/Paper/AuslanderReiten.lean	Apache-2.0
fc-paper-branchingvas-reachability-decidable	Branching VAS	mathematics	3	statement				computer science,dimension,vector,addition,branching	solved	https://github.com/google-deepmind/formal-conjectures/blob/main/FormalConjectures/Paper/BranchingVAS.lean	Apache-2.0
fc-paper-cardinalitylindelof-hasgsingletons-lindelof-card	Cardinality Lindelof, lindelof card	mathematics	3	statement				general topology,tychonoff,blanket,cardinality,cited	open	https://github.com/google-deepmind/formal-conjectures/blob/main/FormalConjectures/Paper/CardinalityLindelof.lean	Apache-2.0
fc-paper-casasalvero-casas-alvero-prime-power	Casas Alvero, prime power	mathematics	3	statement				field theory,casas-alvero,arxiv,bothmer,degree	solved	https://github.com/google-deepmind/formal-conjectures/blob/main/FormalConjectures/Paper/CasasAlvero.lean	Apache-2.0
fc-paper-casasalvero-casas-alvero-double-prime-power	Casas Alvero, double prime power	mathematics	3	statement				field theory,casas-alvero,arxiv,bothmer,degree	solved	https://github.com/google-deepmind/formal-conjectures/blob/main/FormalConjectures/Paper/CasasAlvero.lean	Apache-2.0
fc-paper-casasalvero-casas-alvero-positive-char-counterexample	Casas Alvero, positive char counterexample	mathematics	3	proved				field theory,casas-alvero,alphaproof,arxiv,bothmer	solved	https://github.com/google-deepmind/formal-conjectures/blob/main/FormalConjectures/Paper/CasasAlvero.lean	Apache-2.0
fc-paper-catchupconjecture-value-of-even-mul-succ-self-div-two	Catch Up Conjecture	mathematics	3	statement				number theory,game theory,catch-up,equivalently,optimal	open	https://github.com/google-deepmind/formal-conjectures/blob/main/FormalConjectures/Paper/CatchUpConjecture.lean	Apache-2.0
fc-paper-chvatal-exists-maximal-star	Chvatal	mathematics	3	statement				family,cardinality,consisting,containing,decreasing	open	https://github.com/google-deepmind/formal-conjectures/blob/main/FormalConjectures/Paper/Chvatal.lean	Apache-2.0
fc-paper-claudescycles-cube-hamiltonian-arc-decomposition	Claudes Cycles	mathematics	3	proved				cycles,decomposition,digraph,directed,hamiltonian	solved	https://github.com/google-deepmind/formal-conjectures/blob/main/FormalConjectures/Paper/ClaudesCycles.lean	Apache-2.0
fc-paper-conjugacyclasssizes-conjclasssizes-iff-sym-three	Conjugacy Class Sizes	mathematics	3	statement				group theory,ah-group,finite,general,groups	open	https://github.com/google-deepmind/formal-conjectures/blob/main/FormalConjectures/Paper/ConjugacyClassSizes.lean	Apache-2.0
fc-paper-degiorgi-degiorgi-le-eight	De Giorgi	mathematics	3	statement				partial differential equations,dimension,giorgi,paper,mathematics	open	https://github.com/google-deepmind/formal-conjectures/blob/main/FormalConjectures/Paper/DeGiorgi.lean	Apache-2.0
fc-paper-degreesequencestrianglefree-theorem1	Degree Sequences Triangle Free	mathematics	3	statement				degree,bipartite,compact,graph,minimum	solved	https://github.com/google-deepmind/formal-conjectures/blob/main/FormalConjectures/Paper/DegreeSequencesTriangleFree.lean	Apache-2.0
fc-paper-dubner-dubner-conjecture	Dubner	mathematics	3	statement				number theory,greater,primes,paper,mathematics	open	https://github.com/google-deepmind/formal-conjectures/blob/main/FormalConjectures/Paper/Dubner.lean	Apache-2.0
fc-paper-eisenbudgreenharris-eisenbud-green-harris	Eisenbud Green Harris	mathematics	3	statement				commutative algebra,ideal,containing,degrees,eisenbud-green-harris	open	https://github.com/google-deepmind/formal-conjectures/blob/main/FormalConjectures/Paper/EisenbudGreenHarris.lean	Apache-2.0
fc-paper-eisenbudgreenharris-eisenbud-green-harris-macaulay	Eisenbud Green Harris, variant macaulay	mathematics	2	statement				commutative algebra,ideal,eisenbud,function,green	solved	https://github.com/google-deepmind/formal-conjectures/blob/main/FormalConjectures/Paper/EisenbudGreenHarris.lean	Apache-2.0
fc-paper-eisenbudgreenharris-eisenbud-green-harris-clements-lin	Eisenbud Green Harris, variant clements lindstrom	mathematics	2	statement				commutative algebra,already,clements-lindstr,contains,ideal	solved	https://github.com/google-deepmind/formal-conjectures/blob/main/FormalConjectures/Paper/EisenbudGreenHarris.lean	Apache-2.0
fc-paper-eisenbudgreenharris-eisenbud-green-harris-caviglia-des	Eisenbud Green Harris, variant caviglia deStefani	mathematics	2	statement				commutative algebra,degrees,based,because,becomes	solved	https://github.com/google-deepmind/formal-conjectures/blob/main/FormalConjectures/Paper/EisenbudGreenHarris.lean	Apache-2.0
fc-paper-fusiblenumber-conj-7-1	Fusible Number	mathematics	3	statement				fusible,successor,instead,obtained,value	open	https://github.com/google-deepmind/formal-conjectures/blob/main/FormalConjectures/Paper/FusibleNumber.lean	Apache-2.0
fc-paper-gourevitch-gourevitch-series-identity	Gourevitch	mathematics	3	statement				number theory,special functions,identity,following,gourevitch	solved	https://github.com/google-deepmind/formal-conjectures/blob/main/FormalConjectures/Paper/Gourevitch.lean	Apache-2.0
fc-paper-hartshorneconjecture-harthshorne-conjecture	Hartshorne Conjecture	mathematics	3	statement				algebraic geometry,bundles,indecomposable,vector,paper	open	https://github.com/google-deepmind/formal-conjectures/blob/main/FormalConjectures/Paper/HartshorneConjecture.lean	Apache-2.0
fc-paper-homogenous-homogeneousspace-exists-inj-tendsto	Homogenous	mathematics	3	statement				general topology,compact,contains,convergent,hausdorff	open	https://github.com/google-deepmind/formal-conjectures/blob/main/FormalConjectures/Paper/Homogenous.lean	Apache-2.0
fc-paper-kaplanskyuinvariant-u-invariant-values	Kaplansky UInvariant	mathematics	3	statement				number theory,field theory,invariant,values,variants	open	https://github.com/google-deepmind/formal-conjectures/blob/main/FormalConjectures/Paper/KaplanskyUInvariant.lean	Apache-2.0
fc-paper-kaplanskyuinvariant-u-invariant-values-kaplansky-conje	Kaplansky UInvariant, variant kaplansky conjecture	mathematics	2	statement				number theory,field theory,invariant,field,kaplansky	solved	https://github.com/google-deepmind/formal-conjectures/blob/main/FormalConjectures/Paper/KaplanskyUInvariant.lean	Apache-2.0
fc-paper-kaplanskyuinvariant-u-invariant-values-not-three	Kaplansky UInvariant, variant not three	mathematics	2	statement				number theory,field theory,corollary,invariant,kaplansky	solved	https://github.com/google-deepmind/formal-conjectures/blob/main/FormalConjectures/Paper/KaplanskyUInvariant.lean	Apache-2.0
fc-paper-kaplanskyuinvariant-u-invariant-values-not-five	Kaplansky UInvariant, variant not five	mathematics	2	statement				number theory,field theory,corollary,invariant,never	solved	https://github.com/google-deepmind/formal-conjectures/blob/main/FormalConjectures/Paper/KaplanskyUInvariant.lean	Apache-2.0
fc-paper-kaplanskyuinvariant-u-invariant-values-not-seven	Kaplansky UInvariant, variant not seven	mathematics	2	statement				number theory,field theory,corollary,invariant,never	solved	https://github.com/google-deepmind/formal-conjectures/blob/main/FormalConjectures/Paper/KaplanskyUInvariant.lean	Apache-2.0
fc-paper-kaplanskyuinvariant-u-invariant-values-two-pow	Kaplansky UInvariant, variant two pow	mathematics	2	statement				number theory,field theory,kaplansky,gives,invariant	solved	https://github.com/google-deepmind/formal-conjectures/blob/main/FormalConjectures/Paper/KaplanskyUInvariant.lean	Apache-2.0
fc-paper-kaplanskyuinvariant-u-invariant-values-even	Kaplansky UInvariant, variant even	mathematics	2	statement				number theory,field theory,merkurjev,theorem,counterexample	solved	https://github.com/google-deepmind/formal-conjectures/blob/main/FormalConjectures/Paper/KaplanskyUInvariant.lean	Apache-2.0
fc-paper-kaplanskyuinvariant-u-invariant-values-nine	Kaplansky UInvariant, variant nine	mathematics	2	statement				number theory,field theory,invariant,izhboldin,example	solved	https://github.com/google-deepmind/formal-conjectures/blob/main/FormalConjectures/Paper/KaplanskyUInvariant.lean	Apache-2.0
fc-paper-kaplanskyuinvariant-u-invariant-values-two-pow-add-one	Kaplansky UInvariant, variant two pow add one	mathematics	2	statement				number theory,field theory,vishik,corollary,field	solved	https://github.com/google-deepmind/formal-conjectures/blob/main/FormalConjectures/Paper/KaplanskyUInvariant.lean	Apache-2.0
fc-paper-kaplanskyuinvariant-u-invariant-values-karpenko	Kaplansky UInvariant, variant karpenko	mathematics	2	statement				number theory,field theory,karpenko,theorem,covers	solved	https://github.com/google-deepmind/formal-conjectures/blob/main/FormalConjectures/Paper/KaplanskyUInvariant.lean	Apache-2.0
fc-paper-kaplanskyuinvariant-u-invariant-values-eleven	Kaplansky UInvariant, variant eleven	mathematics	2	statement				number theory,field theory,invariant,karpenko,absorbs	solved	https://github.com/google-deepmind/formal-conjectures/blob/main/FormalConjectures/Paper/KaplanskyUInvariant.lean	Apache-2.0
fc-paper-kaplanskyuinvariant-u-invariant-values-odd	Kaplansky UInvariant, variant odd	mathematics	2	statement				number theory,field theory,invariant,exactly,expectation	open	https://github.com/google-deepmind/formal-conjectures/blob/main/FormalConjectures/Paper/KaplanskyUInvariant.lean	Apache-2.0
fc-paper-kaplanskyuinvariant-u-invariant-values-thirteen	Kaplansky UInvariant, variant thirteen	mathematics	2	statement				number theory,field theory,field,invariant,smallest	open	https://github.com/google-deepmind/formal-conjectures/blob/main/FormalConjectures/Paper/KaplanskyUInvariant.lean	Apache-2.0
fc-paper-kaplanskyuinvariant-u-invariant-values-fifteen	Kaplansky UInvariant, variant fifteen	mathematics	2	statement				number theory,field theory,field,invariant,smallest	open	https://github.com/google-deepmind/formal-conjectures/blob/main/FormalConjectures/Paper/KaplanskyUInvariant.lean	Apache-2.0
fc-paper-kotzigconjecture-kotzig-conjecture	Kotzig Conjecture	mathematics	3	statement				copies,adding,complete,cyclic,decomposes	open	https://github.com/google-deepmind/formal-conjectures/blob/main/FormalConjectures/Paper/KotzigConjecture.lean	Apache-2.0
fc-paper-kurepa-kurepa-conjecture	Kurepa	mathematics	3	statement				number theory,appears,equiv,factorials,https	open	https://github.com/google-deepmind/formal-conjectures/blob/main/FormalConjectures/Paper/Kurepa.lean	Apache-2.0
fc-paper-kurepa-kurepa-conjecture-prime	Kurepa, variant prime	mathematics	2	statement				number theory,prime,reduced,statement,paper	open	https://github.com/google-deepmind/formal-conjectures/blob/main/FormalConjectures/Paper/Kurepa.lean	Apache-2.0
fc-paper-kurepa-kurepa-conjecture-gcd	Kurepa, variant gcd	mathematics	2	statement				number theory,equivalent,formulation,terms,paper	open	https://github.com/google-deepmind/formal-conjectures/blob/main/FormalConjectures/Paper/Kurepa.lean	Apache-2.0
fc-paper-latintableau-latintableauconjecture	Latin Tableau	mathematics	3	statement				cds-colorable,diagram,graph,latin,simple	open	https://github.com/google-deepmind/formal-conjectures/blob/main/FormalConjectures/Paper/LatinTableau.lean	Apache-2.0
fc-paper-monochromaticquantumgraph-eqsystem4-no-solution-nnreal	Monochromatic Quantum Graph	mathematics	3	statement				algebraic geometry,quantum theory,bogdanov,solution,paper	solved	https://github.com/google-deepmind/formal-conjectures/blob/main/FormalConjectures/Paper/MonochromaticQuantumGraph.lean	Apache-2.0
fc-paper-nlscritical-nls-apriori	NLSCritical	mathematics	3	statement				partial differential equations,estimate,local,priori,schwartz	solved	https://github.com/google-deepmind/formal-conjectures/blob/main/FormalConjectures/Paper/NLSCritical.lean	Apache-2.0
fc-paper-pfisterpythagorasnumber-pfister-problem	Pfister Pythagoras Number	mathematics	3	statement				number theory,field theory,algebraic geometry,pfister,variants	open	https://github.com/google-deepmind/formal-conjectures/blob/main/FormalConjectures/Paper/PfisterPythagorasNumber.lean	Apache-2.0
fc-paper-pfisterpythagorasnumber-pfister-problem-eq-two-pow	Pfister Pythagoras Number, variant eq two pow	mathematics	2	statement				number theory,field theory,algebraic geometry,pfister,benoist	open	https://github.com/google-deepmind/formal-conjectures/blob/main/FormalConjectures/Paper/PfisterPythagorasNumber.lean	Apache-2.0
fc-paper-pfisterpythagorasnumber-pfister-problem-upper-bound	Pfister Pythagoras Number, variant upper bound	mathematics	2	statement				number theory,field theory,algebraic geometry,pfister,theorem	solved	https://github.com/google-deepmind/formal-conjectures/blob/main/FormalConjectures/Paper/PfisterPythagorasNumber.lean	Apache-2.0
fc-paper-pfisterpythagorasnumber-pfister-problem-cassels	Pfister Pythagoras Number, variant cassels	mathematics	2	statement				number theory,field theory,algebraic geometry,cassels,pfister	solved	https://github.com/google-deepmind/formal-conjectures/blob/main/FormalConjectures/Paper/PfisterPythagorasNumber.lean	Apache-2.0
fc-paper-pfisterpythagorasnumber-pfister-problem-add-one-le	Pfister Pythagoras Number, variant add one le	mathematics	2	statement				number theory,field theory,algebraic geometry,pfister,bound	solved	https://github.com/google-deepmind/formal-conjectures/blob/main/FormalConjectures/Paper/PfisterPythagorasNumber.lean	Apache-2.0
fc-paper-pfisterpythagorasnumber-pfister-problem-lower-bound	Pfister Pythagoras Number, variant lower bound	mathematics	2	statement				number theory,field theory,algebraic geometry,pfister,bound	solved	https://github.com/google-deepmind/formal-conjectures/blob/main/FormalConjectures/Paper/PfisterPythagorasNumber.lean	Apache-2.0
fc-paper-pfisterpythagorasnumber-pfister-problem-two	Pfister Pythagoras Number, variant two	mathematics	2	statement				number theory,field theory,algebraic geometry,pfister,agree	solved	https://github.com/google-deepmind/formal-conjectures/blob/main/FormalConjectures/Paper/PfisterPythagorasNumber.lean	Apache-2.0
fc-paper-primetuples-prime-tuples-conjecture	Prime Tuples	mathematics	3	statement				number theory,prime,infinitely,integer,integers	open	https://github.com/google-deepmind/formal-conjectures/blob/main/FormalConjectures/Paper/PrimeTuples.lean	Apache-2.0
fc-paper-reedomegadeltachi-reed-omega-delta-chi-conjecture	Reed Omega Delta Chi	mathematics	3	statement				delta,omega,chromatic,clique,define	open	https://github.com/google-deepmind/formal-conjectures/blob/main/FormalConjectures/Paper/ReedOmegaDeltaChi.lean	Apache-2.0
fc-paper-ringelconjecture-ringel-conjecture	Ringel Conjecture	mathematics	3	statement				copies,edge-disjoint,complete,cover,decomposes	open	https://github.com/google-deepmind/formal-conjectures/blob/main/FormalConjectures/Paper/RingelConjecture.lean	Apache-2.0
fc-paper-rupert-is-every-convex-polyhedron-rupert	Rupert	mathematics	3	proved				convex geometry,convex,interior,nonempty,polyhedron	solved	https://github.com/google-deepmind/formal-conjectures/blob/main/FormalConjectures/Paper/Rupert.lean	Apache-2.0
fc-paper-serreuniformity-serre-uniformity	Serre Uniformity	mathematics	3	statement				number theory,algebraic geometry,bound,curve,elliptic	open	https://github.com/google-deepmind/formal-conjectures/blob/main/FormalConjectures/Paper/SerreUniformity.lean	Apache-2.0
fc-paper-serreuniformity-serre-uniformity-bound-37	Serre Uniformity, variant bound 37	mathematics	2	statement				number theory,algebraic geometry,believed,bound,curve	open	https://github.com/google-deepmind/formal-conjectures/blob/main/FormalConjectures/Paper/SerreUniformity.lean	Apache-2.0
fc-paper-sizeorderconnecteddomination-mukwembi-theorem-2-1	Size Order Connected Domination	mathematics	3	proved				connected,domination,corollary,graph,order	solved	https://github.com/google-deepmind/formal-conjectures/blob/main/FormalConjectures/Paper/SizeOrderConnectedDomination.lean	Apache-2.0
fc-paper-strongsensitivityconjecture-strong-sensitivity-conject	Strong Sensitivity Conjecture	mathematics	3	statement				computer science,sensitivity,bound,original,strong	open	https://github.com/google-deepmind/formal-conjectures/blob/main/FormalConjectures/Paper/StrongSensitivityConjecture.lean	Apache-2.0
fc-paper-tudengconjecture-tu-deng-conjecture	Tu Deng Conjecture	mathematics	3	statement				number theory,information theory,binary,development,independently	solved	https://github.com/google-deepmind/formal-conjectures/blob/main/FormalConjectures/Paper/TuDengConjecture.lean	Apache-2.0
fc-paper-voronovskajatypeformula-voronovskaja-theorem-bernstein	Voronovskaja Type Formula, bernstein operators	mathematics	3	statement				real functions,sequences and series,operator theory,classical,functions	solved	https://github.com/google-deepmind/formal-conjectures/blob/main/FormalConjectures/Paper/VoronovskajaTypeFormula.lean	Apache-2.0
fc-paper-voronovskajatypeformula-voronovskaja-theorem-bezier-be	Voronovskaja Type Formula, bezier bernstein operators	mathematics	3	proved				real functions,sequences and series,operator theory,alpha,assumption	solved	https://github.com/google-deepmind/formal-conjectures/blob/main/FormalConjectures/Paper/VoronovskajaTypeFormula.lean	Apache-2.0
fc-paper-weaktiling-problem-4-1	Weak Tiling	mathematics	3	statement				harmonic analysis,functional analysis,bounded,density,finite	open	https://github.com/google-deepmind/formal-conjectures/blob/main/FormalConjectures/Paper/WeakTiling.lean	Apache-2.0
fc-paper-weaklyfirstcountable-existsweaklyfirstcountablecompact	Weakly First Countable	mathematics	3	statement				general topology,compact,hausdorff,blanket,convention	open	https://github.com/google-deepmind/formal-conjectures/blob/main/FormalConjectures/Paper/WeaklyFirstCountable.lean	Apache-2.0
fc-paper-weaklyfirstcountable-ch-existsweaklyfirstcountablecomp	Weakly First Countable, existsWeaklyFirstCountableCompactNotFirstCountable	mathematics	3	statement				general topology,constructed,space,under,yakovlev	solved	https://github.com/google-deepmind/formal-conjectures/blob/main/FormalConjectures/Paper/WeaklyFirstCountable.lean	Apache-2.0
fc-paper-zagiermzv-zagier-conjecture	Zagier MZV	mathematics	3	statement				number theory,dimension,zagier,equals,multiple	open	https://github.com/google-deepmind/formal-conjectures/blob/main/FormalConjectures/Paper/ZagierMZV.lean	Apache-2.0
fc-wikipedia-abc-abc-lt-constant-mul	ABC, variant lt constant mul	mathematics	2	statement				number theory,positive,constant,coprime,integers	open	https://github.com/google-deepmind/formal-conjectures/blob/main/FormalConjectures/Wikipedia/ABC.lean	Apache-2.0
fc-wikipedia-abc-abc-quality	ABC, variant quality	mathematics	2	statement				number theory,positive,coprime,finitely,integers	open	https://github.com/google-deepmind/formal-conjectures/blob/main/FormalConjectures/Wikipedia/ABC.lean	Apache-2.0
fc-wikipedia-agohgiuga-agoh-giuga-giuga	Agoh Giuga, variant giuga	mathematics	2	statement				number theory,agoh-giuga,formulation,giuga,wikipedia	open	https://github.com/google-deepmind/formal-conjectures/blob/main/FormalConjectures/Wikipedia/AgohGiuga.lean	Apache-2.0
fc-wikipedia-agohgiuga-agoh-giuga-equivalence	Agoh Giuga, variant equivalence	mathematics	2	statement				number theory,equivalent,statements,wikipedia,mathematics	solved	https://github.com/google-deepmind/formal-conjectures/blob/main/FormalConjectures/Wikipedia/AgohGiuga.lean	Apache-2.0
fc-wikipedia-agohgiuga-agoh-giuga-isstronggiuga-implies-iscarmi	Agoh Giuga, variant isStrongGiuga implies isCarmichael	mathematics	2	statement				number theory,carmichael,giuga,strong,wikipedia	solved	https://github.com/google-deepmind/formal-conjectures/blob/main/FormalConjectures/Wikipedia/AgohGiuga.lean	Apache-2.0
fc-wikipedia-agohgiuga-agoh-giuga-le-primefactors-card-of-isstr	Agoh Giuga, variant le primeFactors card of isStrongGiuga	mathematics	2	statement				number theory,giuga,caratteristica,factors,least	solved	https://github.com/google-deepmind/formal-conjectures/blob/main/FormalConjectures/Wikipedia/AgohGiuga.lean	Apache-2.0
fc-wikipedia-agohgiuga-agoh-giuga-1000-le-digits-length-of-isst	Agoh Giuga, variant  1000 le digits length of isStrongGiuga	mathematics	2	statement				number theory,giuga,caratteristica,counterexample,digits	solved	https://github.com/google-deepmind/formal-conjectures/blob/main/FormalConjectures/Wikipedia/AgohGiuga.lean	Apache-2.0
fc-wikipedia-agohgiuga-agoh-giuga-1700-le-digits-length-of-isst	Agoh Giuga, variant  1700 le digits length of isStrongGiuga	mathematics	2	statement				number theory,bedocchi,about,digits,giuga	solved	https://github.com/google-deepmind/formal-conjectures/blob/main/FormalConjectures/Wikipedia/AgohGiuga.lean	Apache-2.0
fc-wikipedia-agohgiuga-agoh-giuga-13000-le-digits-length-of-iss	Agoh Giuga, variant  13000 le digits length of isStrongGiuga	mathematics	2	statement				number theory,borwein,girgensohn,giuga,digits	solved	https://github.com/google-deepmind/formal-conjectures/blob/main/FormalConjectures/Wikipedia/AgohGiuga.lean	Apache-2.0
fc-wikipedia-agohgiuga-agoh-giuga-isstronggiuga-growth	Agoh Giuga, variant isStrongGiuga growth	mathematics	2	statement				number theory,giuga,absolute,constant,denote	solved	https://github.com/google-deepmind/formal-conjectures/blob/main/FormalConjectures/Wikipedia/AgohGiuga.lean	Apache-2.0
fc-wikipedia-agrawal-agrawal-conjecture	Agrawal	mathematics	3	statement				number theory,direction,agrawal,congruence,exception	open	https://github.com/google-deepmind/formal-conjectures/blob/main/FormalConjectures/Wikipedia/Agrawal.lean	Apache-2.0
fc-wikipedia-agrawal-agrawal-conjecture-popovych	Agrawal, variant popovych	mathematics	2	statement				number theory,popovych,roman,agrawal,congruence	open	https://github.com/google-deepmind/formal-conjectures/blob/main/FormalConjectures/Wikipedia/Agrawal.lean	Apache-2.0
fc-wikipedia-algebraicnormality-irrational-algebraic-absolutely	Algebraic Normality	mathematics	3	statement				number theory,field theory,approximation,absolutely,algebraic	open	https://github.com/google-deepmind/formal-conjectures/blob/main/FormalConjectures/Wikipedia/AlgebraicNormality.lean	Apache-2.0
fc-wikipedia-almostperfectnumbers-exists-almost-perfect-not-pow	Almost Perfect Numbers	mathematics	3	statement				number theory,almost,perfect,non-power-of-,power	open	https://github.com/google-deepmind/formal-conjectures/blob/main/FormalConjectures/Wikipedia/AlmostPerfectNumbers.lean	Apache-2.0
fc-wikipedia-amicablenumbers-relatively-prime-amicable	Amicable Numbers	mathematics	3	statement				number theory,amicable,prime,relatively,wikipedia	open	https://github.com/google-deepmind/formal-conjectures/blob/main/FormalConjectures/Wikipedia/AmicableNumbers.lean	Apache-2.0
fc-wikipedia-andrica-andrica-conjecture	Andrica	mathematics	3	statement				number theory,andrica,inequality,prime,wikipedia	open	https://github.com/google-deepmind/formal-conjectures/blob/main/FormalConjectures/Wikipedia/Andrica.lean	Apache-2.0
fc-wikipedia-andrica-andrica-conjecture-ferreira-large-n	Andrica, ferreira large n	mathematics	3	statement				number theory,andrica,ferreira,large,sufficiently	solved	https://github.com/google-deepmind/formal-conjectures/blob/main/FormalConjectures/Wikipedia/Andrica.lean	Apache-2.0
fc-wikipedia-artinprimitiverootsconjecture-artin-primitive-root	Artin Primitive Roots Conjecture, i	mathematics	3	statement				number theory,primes,primitive,artin,asymptotic	open	https://github.com/google-deepmind/formal-conjectures/blob/main/FormalConjectures/Wikipedia/ArtinPrimitiveRootsConjecture.lean	Apache-2.0
fc-wikipedia-artinprimitiverootsconjecture-artin-primitive-root-2	Artin Primitive Roots Conjecture, ii	mathematics	3	statement				number theory,artin,primitive,conditions,constant	open	https://github.com/google-deepmind/formal-conjectures/blob/main/FormalConjectures/Wikipedia/ArtinPrimitiveRootsConjecture.lean	Apache-2.0
fc-wikipedia-artinprimitiverootsconjecture-artin-primitive-root-3	Artin Primitive Roots Conjecture, variant part ii power squarefreePart not modeq one	mathematics	2	statement				number theory,artin,power,primitive,constant	open	https://github.com/google-deepmind/formal-conjectures/blob/main/FormalConjectures/Wikipedia/ArtinPrimitiveRootsConjecture.lean	Apache-2.0
fc-wikipedia-artinprimitiverootsconjecture-artin-primitive-root-4	Artin Primitive Roots Conjecture, variant part ii power squarefreePart modeq one	mathematics	2	statement				number theory,artin,power,primitive,right	open	https://github.com/google-deepmind/formal-conjectures/blob/main/FormalConjectures/Wikipedia/ArtinPrimitiveRootsConjecture.lean	Apache-2.0
fc-wikipedia-balancedprimes-balanced-primes	Balanced Primes	mathematics	3	statement				number theory,prime,infinitely,wikipedia,mathematics	open	https://github.com/google-deepmind/formal-conjectures/blob/main/FormalConjectures/Wikipedia/BalancedPrimes.lean	Apache-2.0
fc-wikipedia-batemanhornconjecture-bateman-horn-conjecture	Bateman Horn Conjecture	mathematics	3	statement				number theory,field theory,product,positive,bateman-horn	open	https://github.com/google-deepmind/formal-conjectures/blob/main/FormalConjectures/Wikipedia/BatemanHornConjecture.lean	Apache-2.0
fc-wikipedia-bealconjecture-beal-conjecture	Beal Conjecture	mathematics	3	statement				number theory,common,divisor,integers,positive	open	https://github.com/google-deepmind/formal-conjectures/blob/main/FormalConjectures/Wikipedia/BealConjecture.lean	Apache-2.0
fc-wikipedia-beckfialaconjecture-beck-fiala-theorem	Beck Fiala Conjecture	mathematics	3	proved				degree,fiala,system,applied,colouring	solved	https://github.com/google-deepmind/formal-conjectures/blob/main/FormalConjectures/Wikipedia/BeckFialaConjecture.lean	Apache-2.0
fc-wikipedia-betrothednumbers-same-parity-betrothed	Betrothed Numbers	mathematics	3	statement				number theory,betrothed,parity,quasiperfect,consist	open	https://github.com/google-deepmind/formal-conjectures/blob/main/FormalConjectures/Wikipedia/BetrothedNumbers.lean	Apache-2.0
fc-wikipedia-bloch-blochconstant-lower-bound	Bloch	mathematics	3	statement				complex analysis,below,bloch,bounded,constant	solved	https://github.com/google-deepmind/formal-conjectures/blob/main/FormalConjectures/Wikipedia/Bloch.lean	Apache-2.0
fc-wikipedia-borsukconjecture-borsuk-conjecture	Borsuk Conjecture	mathematics	3	statement				convex geometry,borsuk,bounded,diameter,least	open	https://github.com/google-deepmind/formal-conjectures/blob/main/FormalConjectures/Wikipedia/BorsukConjecture.lean	Apache-2.0
fc-wikipedia-borsukconjecture-borsuk-conjecture-four	Borsuk Conjecture, four	mathematics	3	statement				convex geometry,borsuk,dimension,smallest,wikipedia	open	https://github.com/google-deepmind/formal-conjectures/blob/main/FormalConjectures/Wikipedia/BorsukConjecture.lean	Apache-2.0
fc-wikipedia-borsukconjecture-borsuk-conjecture-four-nine-parts	Borsuk Conjecture, nine parts	mathematics	3	statement				convex geometry,bounded,diameter,dimension,generally	solved	https://github.com/google-deepmind/formal-conjectures/blob/main/FormalConjectures/Wikipedia/BorsukConjecture.lean	Apache-2.0
fc-wikipedia-borsukconjecture-borsuk-conjecture-four-eight-part	Borsuk Conjecture, eight parts	mathematics	3	statement				convex geometry,bounded,claimed,computer-assisted,cover	solved	https://github.com/google-deepmind/formal-conjectures/blob/main/FormalConjectures/Wikipedia/BorsukConjecture.lean	Apache-2.0
fc-wikipedia-borsukconjecture-borsuk-conjecture-two	Borsuk Conjecture, two	mathematics	3	proved				convex geometry,borsuk,plane,wikipedia,mathematics	solved	https://github.com/google-deepmind/formal-conjectures/blob/main/FormalConjectures/Wikipedia/BorsukConjecture.lean	Apache-2.0
fc-wikipedia-borsukconjecture-borsuk-conjecture-three	Borsuk Conjecture, three	mathematics	3	proved				convex geometry,borsuk,dimension,eggleston,perkal	solved	https://github.com/google-deepmind/formal-conjectures/blob/main/FormalConjectures/Wikipedia/BorsukConjecture.lean	Apache-2.0
fc-wikipedia-borsukconjecture-borsuk-conjecture-not-forall	Borsuk Conjecture, not forall	mathematics	3	proved				convex geometry,dimension,borsuk,counterexamples,general	solved	https://github.com/google-deepmind/formal-conjectures/blob/main/FormalConjectures/Wikipedia/BorsukConjecture.lean	Apache-2.0
fc-wikipedia-borsukconjecture-borsuk-conjecture-not-sixty-five	Borsuk Conjecture, not sixty five	mathematics	3	proved				convex geometry,bondarenko,borsuk,dimension,fails	solved	https://github.com/google-deepmind/formal-conjectures/blob/main/FormalConjectures/Wikipedia/BorsukConjecture.lean	Apache-2.0
fc-wikipedia-borsukconjecture-borsuk-conjecture-not-sixty-four	Borsuk Conjecture, not sixty four	mathematics	3	proved				convex geometry,dimension,borsuk,brouwer,counterexample	solved	https://github.com/google-deepmind/formal-conjectures/blob/main/FormalConjectures/Wikipedia/BorsukConjecture.lean	Apache-2.0
fc-wikipedia-borsukconjecture-borsuk-conjecture-not-sixty-three	Borsuk Conjecture, not sixty three	mathematics	3	proved				convex geometry,dimension,borsuk,configuration,currently	solved	https://github.com/google-deepmind/formal-conjectures/blob/main/FormalConjectures/Wikipedia/BorsukConjecture.lean	Apache-2.0
fc-wikipedia-brennanconjecture-brennan-universalspectrum	Brennanconjecture	mathematics	3	statement				complex analysis,brennan,wikipedia,mathematics,open	open	https://github.com/google-deepmind/formal-conjectures/blob/main/FormalConjectures/Wikipedia/Brennanconjecture.lean	Apache-2.0
fc-wikipedia-brocardconjecture-brocard-conjecture	Brocard Conjecture	mathematics	3	statement				number theory,between,brocard,least,prime	open	https://github.com/google-deepmind/formal-conjectures/blob/main/FormalConjectures/Wikipedia/BrocardConjecture.lean	Apache-2.0
fc-wikipedia-brocardconjecture-brocard-conjecture-ferreira-larg	Brocard Conjecture, ferreira large n	mathematics	3	statement				number theory,brocard,ferreira,large,sufficiently	solved	https://github.com/google-deepmind/formal-conjectures/blob/main/FormalConjectures/Wikipedia/BrocardConjecture.lean	Apache-2.0
fc-wikipedia-buchi-buchi-problem	Buchi	mathematics	3	statement				number theory,consecutive,integer,integers,positive	open	https://github.com/google-deepmind/formal-conjectures/blob/main/FormalConjectures/Wikipedia/Buchi.lean	Apache-2.0
fc-wikipedia-busybeaver-bb-5	Busy Beaver	mathematics	3	statement				beaver,function,states,value,wikipedia	solved	https://github.com/google-deepmind/formal-conjectures/blob/main/FormalConjectures/Wikipedia/BusyBeaver.lean	Apache-2.0
fc-wikipedia-carmichaeltotient-charmichaeltotient	Carmichael Totient	mathematics	3	statement				number theory,natural,carmichael,function,positive	open	https://github.com/google-deepmind/formal-conjectures/blob/main/FormalConjectures/Wikipedia/CarmichaelTotient.lean	Apache-2.0
fc-wikipedia-catalan-catalans-conjecture	Catalan	mathematics	3	proved				number theory,equation,natural,solution,wikipedia	solved	https://github.com/google-deepmind/formal-conjectures/blob/main/FormalConjectures/Wikipedia/Catalan.lean	Apache-2.0
fc-wikipedia-classnumberproblem-class-number-problem-imaginary	Class Number Problem, variant imaginary	mathematics	2	statement				number theory,class,field,heegner,imaginary	solved	https://github.com/google-deepmind/formal-conjectures/blob/main/FormalConjectures/Wikipedia/ClassNumberProblem.lean	Apache-2.0
fc-wikipedia-conway99graph-conway99graph	Conway99 Graph	mathematics	3	statement				vertices,common,exactly,non-adjacent,should	open	https://github.com/google-deepmind/formal-conjectures/blob/main/FormalConjectures/Wikipedia/Conway99Graph.lean	Apache-2.0
fc-wikipedia-dedekindnumber-m-eq-kisielewiczformula	Dedekind Number	mathematics	3	statement				formula,arithmetic,computationally,dedekind,efficient	solved	https://github.com/google-deepmind/formal-conjectures/blob/main/FormalConjectures/Wikipedia/DedekindNumber.lean	Apache-2.0
fc-wikipedia-diametersimplefinitegroups-babai-seress-conjecture	Diameter Simple Finite Groups	mathematics	3	statement				group theory,computer science,babai,diameter,seress	open	https://github.com/google-deepmind/formal-conjectures/blob/main/FormalConjectures/Wikipedia/DiameterSimpleFiniteGroups.lean	Apache-2.0
fc-wikipedia-dickson-dickson-conjecture	Dickson	mathematics	3	statement				number theory,condition,dickson,finite,forms	open	https://github.com/google-deepmind/formal-conjectures/blob/main/FormalConjectures/Wikipedia/Dickson.lean	Apache-2.0
fc-wikipedia-diophantinetuple-nointegraldiophantinefivetuple	Diophantine Tuple	mathematics	3	statement				number theory,diophantine,tuple,integral,theorem	solved	https://github.com/google-deepmind/formal-conjectures/blob/main/FormalConjectures/Wikipedia/DiophantineTuple.lean	Apache-2.0
fc-wikipedia-elliotthalberstamconjecture-elliott-halberstam-bom	Elliott Halberstam Conjecture, variant bombieri vinogradov	mathematics	2	statement				number theory,averaged,bombieri,elliott,generalized	solved	https://github.com/google-deepmind/formal-conjectures/blob/main/FormalConjectures/Wikipedia/ElliottHalberstamConjecture.lean	Apache-2.0
fc-wikipedia-elliotthalberstamconjecture-elliott-halberstam-fri	Elliott Halberstam Conjecture, variant friedlander granville	mathematics	2	statement				number theory,elliott,endpoint,fails,friedlander	solved	https://github.com/google-deepmind/formal-conjectures/blob/main/FormalConjectures/Wikipedia/ElliottHalberstamConjecture.lean	Apache-2.0
fc-wikipedia-ellipticcurverank-mordell-weil	Elliptic Curve Rank	mathematics	3	proved				number theory,algebraic geometry,always,finite,mordell	solved	https://github.com/google-deepmind/formal-conjectures/blob/main/FormalConjectures/Wikipedia/EllipticCurveRank.lean	Apache-2.0
fc-wikipedia-ellipticcurverank-goldfeld-conjecture-two-le	Elliptic Curve Rank, variant two le	mathematics	2	statement				number theory,algebraic geometry,twists,corank,density	solved	https://github.com/google-deepmind/formal-conjectures/blob/main/FormalConjectures/Wikipedia/EllipticCurveRank.lean	Apache-2.0
fc-wikipedia-ellipticcurverank-goldfeld-conjecture-squarefree	Elliptic Curve Rank, variant squarefree	mathematics	2	statement				number theory,algebraic geometry,integers,squarefree,class	open	https://github.com/google-deepmind/formal-conjectures/blob/main/FormalConjectures/Wikipedia/EllipticCurveRank.lean	Apache-2.0
fc-wikipedia-euclid-infinite-prime-euclid-numbers	Euclid	mathematics	3	statement				number theory,euclid,infinite,prime,wikipedia	open	https://github.com/google-deepmind/formal-conjectures/blob/main/FormalConjectures/Wikipedia/Euclid.lean	Apache-2.0
fc-wikipedia-eulerbrick-perfect-euler-brick-existence	Euler Brick	mathematics	3	statement				number theory,brick,euler,perfect,wikipedia	open	https://github.com/google-deepmind/formal-conjectures/blob/main/FormalConjectures/Wikipedia/EulerBrick.lean	Apache-2.0
fc-wikipedia-eulersumofpowers-eulers-sum-of-powers-conjecture	Euler Sum Of Powers	mathematics	3	statement				number theory,integers,power,raised,another	open	https://github.com/google-deepmind/formal-conjectures/blob/main/FormalConjectures/Wikipedia/EulerSumOfPowers.lean	Apache-2.0
fc-wikipedia-eulersumofpowers-eulers-sum-of-powers-conjecture-f	Euler Sum Of Powers, false for k4	mathematics	3	statement				number theory,counterexample,euler,powers,wikipedia	solved	https://github.com/google-deepmind/formal-conjectures/blob/main/FormalConjectures/Wikipedia/EulerSumOfPowers.lean	Apache-2.0
fc-wikipedia-eulersumofpowers-eulers-sum-of-powers-conjecture-f-2	Euler Sum Of Powers, false for k5	mathematics	3	statement				number theory,counterexample,euler,powers,wikipedia	solved	https://github.com/google-deepmind/formal-conjectures/blob/main/FormalConjectures/Wikipedia/EulerSumOfPowers.lean	Apache-2.0
fc-wikipedia-exponentials-four-exponentials-conjecture	Exponentials	mathematics	3	statement				special functions,complex,exponentials,independent,linearly	open	https://github.com/google-deepmind/formal-conjectures/blob/main/FormalConjectures/Wikipedia/Exponentials.lean	Apache-2.0
fc-wikipedia-factorialprime-infinitely-many-factorial-primes	Factorial Prime	mathematics	3	statement				number theory,factorial,infinitely,primes,wikipedia	open	https://github.com/google-deepmind/formal-conjectures/blob/main/FormalConjectures/Wikipedia/FactorialPrime.lean	Apache-2.0
fc-wikipedia-falconer-falconer-conjecture-two	Falconer	mathematics	3	statement				measure theory,harmonic analysis,distance,falconer,wikipedia	open	https://github.com/google-deepmind/formal-conjectures/blob/main/FormalConjectures/Wikipedia/Falconer.lean	Apache-2.0
fc-wikipedia-feitthompsonprimeconjecture-feit-thompson-primes	Feit Thompson Prime Conjecture	mathematics	3	statement				number theory,distinct,divides,primes,wikipedia	open	https://github.com/google-deepmind/formal-conjectures/blob/main/FormalConjectures/Wikipedia/FeitThompsonPrimeConjecture.lean	Apache-2.0
fc-wikipedia-fermat-fermat-number-are-composite	Fermat	mathematics	3	statement				number theory,composite,fermat,wikipedia,mathematics	open	https://github.com/google-deepmind/formal-conjectures/blob/main/FormalConjectures/Wikipedia/Fermat.lean	Apache-2.0
fc-wikipedia-fermatcatalanconjecture-fermat-catalan-darmon-gran	Fermat Catalan Conjecture, variant darmon granville	mathematics	2	statement				number theory,choice,coprime,darmon-granville,finitely	solved	https://github.com/google-deepmind/formal-conjectures/blob/main/FormalConjectures/Wikipedia/FermatCatalanConjecture.lean	Apache-2.0
fc-wikipedia-fibonacciprimes-fib-primes-infinite	Fibonacci Primes	mathematics	3	statement				number theory,fibonacci,arxiv,barrier,benchmark	open	https://github.com/google-deepmind/formal-conjectures/blob/main/FormalConjectures/Wikipedia/FibonacciPrimes.lean	Apache-2.0
fc-wikipedia-fibonacciprimes-fib-primes-infinite-variant	Fibonacci Primes, variant	mathematics	3	statement				number theory,fibonacci,indices,infinitely,prime	open	https://github.com/google-deepmind/formal-conjectures/blob/main/FormalConjectures/Wikipedia/FibonacciPrimes.lean	Apache-2.0
fc-wikipedia-firoozbakht-firoozbakht-conjecture	Firoozbakht	mathematics	3	statement				number theory,firoozbakht,inequality,prime,wikipedia	open	https://github.com/google-deepmind/formal-conjectures/blob/main/FormalConjectures/Wikipedia/Firoozbakht.lean	Apache-2.0
fc-wikipedia-flintcooksonhills-flint-hills-series-converges	Flint Cookson Hills	mathematics	3	statement				sequences and series,series,below,converges,flint	open	https://github.com/google-deepmind/formal-conjectures/blob/main/FormalConjectures/Wikipedia/FlintCooksonHills.lean	Apache-2.0
fc-wikipedia-fortuneconjecture-fortune-conjecture	Fortune Conjecture	mathematics	3	statement				number theory,fortunate,fortune,prime,wikipedia	open	https://github.com/google-deepmind/formal-conjectures/blob/main/FormalConjectures/Wikipedia/FortuneConjecture.lean	Apache-2.0
fc-wikipedia-fuglede-fugledeconjecture-dim-1	Fuglede, variant dim 1	mathematics	2	statement				harmonic analysis,functional analysis,operator theory,bounded,dimension	open	https://github.com/google-deepmind/formal-conjectures/blob/main/FormalConjectures/Wikipedia/Fuglede.lean	Apache-2.0
fc-wikipedia-fuglede-fugledeconjecture-dim-2	Fuglede, variant dim 2	mathematics	2	statement				harmonic analysis,functional analysis,operator theory,announces,answer	open	https://github.com/google-deepmind/formal-conjectures/blob/main/FormalConjectures/Wikipedia/Fuglede.lean	Apache-2.0
fc-wikipedia-fuglede-fugledeconjecture-dim-3-or-higher	Fuglede, variant dim 3 or higher	mathematics	2	statement				harmonic analysis,functional analysis,operator theory,dimensions,spectral	solved	https://github.com/google-deepmind/formal-conjectures/blob/main/FormalConjectures/Wikipedia/Fuglede.lean	Apache-2.0
fc-wikipedia-gapconjecture-gap-conjecture	Gap Conjecture	mathematics	3	statement				group theory,growth,comparison,finite,finitely	open	https://github.com/google-deepmind/formal-conjectures/blob/main/FormalConjectures/Wikipedia/GapConjecture.lean	Apache-2.0
fc-wikipedia-gilbreath-gilbreath-conjecture	Gilbreath	mathematics	3	statement				number theory,gilbreath,equal,sequence,states	open	https://github.com/google-deepmind/formal-conjectures/blob/main/FormalConjectures/Wikipedia/Gilbreath.lean	Apache-2.0
fc-wikipedia-goodmanconjecture-goodman-conjecture	Goodman Conjecture	mathematics	3	statement				complex analysis,goodman,bound,bounded,coefficient	open	https://github.com/google-deepmind/formal-conjectures/blob/main/FormalConjectures/Wikipedia/GoodmanConjecture.lean	Apache-2.0
fc-wikipedia-gracefullabeling-graceful-tree-conjecture	Graceful Labeling	mathematics	3	statement				edges,graceful,labeling,absolute,admits	open	https://github.com/google-deepmind/formal-conjectures/blob/main/FormalConjectures/Wikipedia/GracefulLabeling.lean	Apache-2.0
fc-wikipedia-grimm-grimm-conjecture	Grimm	mathematics	3	statement				number theory,composite,distinct,divides,grimm	open	https://github.com/google-deepmind/formal-conjectures/blob/main/FormalConjectures/Wikipedia/Grimm.lean	Apache-2.0
fc-wikipedia-gromovpolynomialgrowth-gromovpolynomialgrowththeor	Gromov Polynomial Growth	mathematics	3	statement				group theory,growth,polynomial,finitely,generated	solved	https://github.com/google-deepmind/formal-conjectures/blob/main/FormalConjectures/Wikipedia/GromovPolynomialGrowth.lean	Apache-2.0
fc-wikipedia-hadamard-hadamardconjecture-first-cases	Hadamard, variant first cases	mathematics	2	statement				linear algebra,hadamard,matrix,wikipedia,mathematics	solved	https://github.com/google-deepmind/formal-conjectures/blob/main/FormalConjectures/Wikipedia/Hadamard.lean	Apache-2.0
fc-wikipedia-hadamard-hadamardconjecture-167	Hadamard, variant «167»	mathematics	2	statement				linear algebra,hadamard,matrix,order,presently	open	https://github.com/google-deepmind/formal-conjectures/blob/main/FormalConjectures/Wikipedia/Hadamard.lean	Apache-2.0
fc-wikipedia-hall-hall-conjecture	Hall	mathematics	3	statement				number theory,exponent,original,wikipedia,mathematics	open	https://github.com/google-deepmind/formal-conjectures/blob/main/FormalConjectures/Wikipedia/Hall.lean	Apache-2.0
fc-wikipedia-hardylittlewood-first-hardy-littlewood-conjecture	Hardy Littlewood	mathematics	3	statement				number theory,denote,distinct,prime,admissible	open	https://github.com/google-deepmind/formal-conjectures/blob/main/FormalConjectures/Wikipedia/HardyLittlewood.lean	Apache-2.0
fc-wikipedia-hasseweil-exists-hasmeromorphiccontinuation	Hasse Weil	mathematics	3	statement				number theory,algebraic geometry,gross,stated,birch	open	https://github.com/google-deepmind/formal-conjectures/blob/main/FormalConjectures/Wikipedia/HasseWeil.lean	Apache-2.0
fc-wikipedia-idonealcompleteness-idoneal-numbers-completeness	Idoneal Completeness	mathematics	3	statement				number theory,completeness,idoneal,wikipedia,mathematics	open	https://github.com/google-deepmind/formal-conjectures/blob/main/FormalConjectures/Wikipedia/IdonealCompleteness.lean	Apache-2.0
fc-wikipedia-inversegalois-inverse-galois-problem-cyclic	Inverse Galois, variant cyclic	mathematics	2	statement				field theory,cyclic,finite,group,realizable	solved	https://github.com/google-deepmind/formal-conjectures/blob/main/FormalConjectures/Wikipedia/InverseGalois.lean	Apache-2.0
fc-wikipedia-inversegalois-inverse-galois-problem-abelian	Inverse Galois, variant abelian	mathematics	2	statement				field theory,abelian,finite,group,realizable	solved	https://github.com/google-deepmind/formal-conjectures/blob/main/FormalConjectures/Wikipedia/InverseGalois.lean	Apache-2.0
fc-wikipedia-inversegalois-inverse-galois-problem-symmetric-gro	Inverse Galois, variant symmetric group	mathematics	2	statement				field theory,finite,group,realizable,symmetric	solved	https://github.com/google-deepmind/formal-conjectures/blob/main/FormalConjectures/Wikipedia/InverseGalois.lean	Apache-2.0
fc-wikipedia-inversegalois-inverse-galois-problem-complex-ratio	Inverse Galois, variant complex rational functions	mathematics	2	statement				field theory,coefficients,complex,field,finite	solved	https://github.com/google-deepmind/formal-conjectures/blob/main/FormalConjectures/Wikipedia/InverseGalois.lean	Apache-2.0
fc-wikipedia-inversegalois-inverse-galois-problem-complex-funct	Inverse Galois, variant complex function field	mathematics	2	statement				field theory,field,algebraically,characteristic,closed	solved	https://github.com/google-deepmind/formal-conjectures/blob/main/FormalConjectures/Wikipedia/InverseGalois.lean	Apache-2.0
fc-wikipedia-irrational-algebraicindependent-e-pi	Irrational	mathematics	3	statement				special functions,algebraically,independent,wikipedia,mathematics	open	https://github.com/google-deepmind/formal-conjectures/blob/main/FormalConjectures/Wikipedia/Irrational.lean	Apache-2.0
fc-wikipedia-jacobson-jacobson-conjecture	Jacobson	mathematics	3	statement				associative rings,jacobson,ideal,intersection,modern	open	https://github.com/google-deepmind/formal-conjectures/blob/main/FormalConjectures/Wikipedia/Jacobson.lean	Apache-2.0
fc-wikipedia-jugglerconjecture-juggler-conjecture	Juggler Conjecture	mathematics	3	statement				number theory,dynamical systems,integer,positive,sequence	open	https://github.com/google-deepmind/formal-conjectures/blob/main/FormalConjectures/Wikipedia/JugglerConjecture.lean	Apache-2.0
fc-wikipedia-kaplansky-zero-divisor-conjecture	Kaplansky	mathematics	3	statement				associative rings,group theory,algebra,divisors,group	open	https://github.com/google-deepmind/formal-conjectures/blob/main/FormalConjectures/Wikipedia/Kaplansky.lean	Apache-2.0
fc-wikipedia-kaplansky-unitconjecture-counterexamples-i	Kaplansky, i	mathematics	3	statement				associative rings,group theory,group,non-trivial,promislow	solved	https://github.com/google-deepmind/formal-conjectures/blob/main/FormalConjectures/Wikipedia/Kaplansky.lean	Apache-2.0
fc-wikipedia-kaplansky-unitconjecture-counterexamples-ii	Kaplansky, ii	mathematics	3	statement				associative rings,group theory,group,non-trivial,promislow	solved	https://github.com/google-deepmind/formal-conjectures/blob/main/FormalConjectures/Wikipedia/Kaplansky.lean	Apache-2.0
fc-wikipedia-koethe-kotheconjecture	Koethe	mathematics	3	statement				associative rings,ideals,wikipedia,mathematics,open	open	https://github.com/google-deepmind/formal-conjectures/blob/main/FormalConjectures/Wikipedia/Koethe.lean	Apache-2.0
fc-wikipedia-koethe-kotherconjecture-le-kotherradical	Koethe, variant le KotherRadical	mathematics	2	statement				associative rings,radical,contained,wikipedia,mathematics	open	https://github.com/google-deepmind/formal-conjectures/blob/main/FormalConjectures/Wikipedia/Koethe.lean	Apache-2.0
fc-wikipedia-koethe-kotherconjecture-general-matrix	Koethe, variant general matrix	mathematics	2	statement				associative rings,ideal,matrix,wikipedia,mathematics	open	https://github.com/google-deepmind/formal-conjectures/blob/main/FormalConjectures/Wikipedia/Koethe.lean	Apache-2.0
fc-wikipedia-koethe-kotherconjecture-two-by-two-matrix	Koethe, variant two by two matrix	mathematics	2	statement				associative rings,ideal,matrix,wikipedia,mathematics	open	https://github.com/google-deepmind/formal-conjectures/blob/main/FormalConjectures/Wikipedia/Koethe.lean	Apache-2.0
fc-wikipedia-koethe-kotherconjecture-matrixover-kotherradical	Koethe, variant matrixOver KotherRadical	mathematics	2	statement				associative rings,radical,entries,finite,ideal	open	https://github.com/google-deepmind/formal-conjectures/blob/main/FormalConjectures/Wikipedia/Koethe.lean	Apache-2.0
fc-wikipedia-koethe-kotherconjecture-general-matrix-of-kothecon	Koethe, variant general matrix of KotheConjecture	mathematics	2	statement				associative rings,universe,rings,formulation,general	solved	https://github.com/google-deepmind/formal-conjectures/blob/main/FormalConjectures/Wikipedia/Koethe.lean	Apache-2.0
fc-wikipedia-koethe-kotherconjecture-kotheconjecture-of-le-koth	Koethe, variant KotheConjecture of le KotherRadical	mathematics	2	statement				associative rings,contained,ideal,radical,wikipedia	solved	https://github.com/google-deepmind/formal-conjectures/blob/main/FormalConjectures/Wikipedia/Koethe.lean	Apache-2.0
fc-wikipedia-koethe-kotherconjecture-le-kotherradical-of-kothec	Koethe, variant le KotherRadical of KotheConjecture	mathematics	2	statement				associative rings,contained,ideal,implies,radical	solved	https://github.com/google-deepmind/formal-conjectures/blob/main/FormalConjectures/Wikipedia/Koethe.lean	Apache-2.0
fc-wikipedia-koethe-kotherconjecture-general-matrix-of-le-kothe	Koethe, variant general matrix of le KotherRadical	mathematics	2	statement				associative rings,contained,formulation,general,ideal	solved	https://github.com/google-deepmind/formal-conjectures/blob/main/FormalConjectures/Wikipedia/Koethe.lean	Apache-2.0
fc-wikipedia-koethe-kotherconjecture-general-matrix-of-two-by-t	Koethe, variant general matrix of two by two matrix	mathematics	2	statement				associative rings,formulation,matrix,corner,deduces	solved	https://github.com/google-deepmind/formal-conjectures/blob/main/FormalConjectures/Wikipedia/Koethe.lean	Apache-2.0
fc-wikipedia-koethe-kotherconjecture-general-matrix-of-matrixov	Koethe, variant general matrix of matrixOver KotherRadical	mathematics	2	statement				associative rings,formulation,matrix,general,implies	solved	https://github.com/google-deepmind/formal-conjectures/blob/main/FormalConjectures/Wikipedia/Koethe.lean	Apache-2.0
fc-wikipedia-koethe-kotherconjecture-matrixover-kotherradical-o	Koethe, variant matrixOver KotherRadical of general matrix	mathematics	2	statement				associative rings,formulation,matrix,general,implies	solved	https://github.com/google-deepmind/formal-conjectures/blob/main/FormalConjectures/Wikipedia/Koethe.lean	Apache-2.0
fc-wikipedia-komlosconjecture-komlos-conjecture	Komlos Conjecture	mathematics	3	proved				constant,coordinate,encoded,karingula,lovett	solved	https://github.com/google-deepmind/formal-conjectures/blob/main/FormalConjectures/Wikipedia/KomlosConjecture.lean	Apache-2.0
fc-wikipedia-komlosconjecture-komlos-conjecture-banaszczyk	Komlos Conjecture, variant banaszczyk	mathematics	2	proved				banaszczyk,vectors,algorithms,balancing,before	solved	https://github.com/google-deepmind/formal-conjectures/blob/main/FormalConjectures/Wikipedia/KomlosConjecture.lean	Apache-2.0
fc-wikipedia-landerparkinandselfridgeconjecture-lander-parkin-s	Lander Parkin And Selfridge Conjecture, variant five three	mathematics	2	statement				number theory,corresponds,counterexample,general,integers	open	https://github.com/google-deepmind/formal-conjectures/blob/main/FormalConjectures/Wikipedia/LanderParkinAndSelfridgeConjecture.lean	Apache-2.0
fc-wikipedia-legendreconjecture-legendre-conjecture	Legendre Conjecture	mathematics	3	statement				number theory,always,between,consecutive,least	open	https://github.com/google-deepmind/formal-conjectures/blob/main/FormalConjectures/Wikipedia/LegendreConjecture.lean	Apache-2.0
fc-wikipedia-legendreconjecture-legendre-conjecture-ferreira-la	Legendre Conjecture, ferreira large n	mathematics	3	statement				number theory,ferreira,large,sufficiently,wikipedia	solved	https://github.com/google-deepmind/formal-conjectures/blob/main/FormalConjectures/Wikipedia/LegendreConjecture.lean	Apache-2.0
fc-wikipedia-lehmermahlermeasureproblem-lehmer-mahler-measure-p	Lehmer Mahler Measure Problem	mathematics	3	statement				number theory,constant,denote,mahler,measure	open	https://github.com/google-deepmind/formal-conjectures/blob/main/FormalConjectures/Wikipedia/LehmerMahlerMeasureProblem.lean	Apache-2.0
fc-wikipedia-lehmermahlermeasureproblem-lehmer-mahler-measure-p-2	Lehmer Mahler Measure Problem, variant best	mathematics	2	statement				number theory,lehmer,mahler,measure,value	open	https://github.com/google-deepmind/formal-conjectures/blob/main/FormalConjectures/Wikipedia/LehmerMahlerMeasureProblem.lean	Apache-2.0
fc-wikipedia-lehmermahlermeasureproblem-lehmer-mahler-measure-p-3	Lehmer Mahler Measure Problem, variant not reciprocal	mathematics	2	statement				number theory,irreducible,reciprocal,wikipedia,mathematics	solved	https://github.com/google-deepmind/formal-conjectures/blob/main/FormalConjectures/Wikipedia/LehmerMahlerMeasureProblem.lean	Apache-2.0
fc-wikipedia-lehmermahlermeasureproblem-lehmer-mahler-measure-p-4	Lehmer Mahler Measure Problem, variant odd	mathematics	2	statement				number theory,coefficients,polynomial,reciprocal,degree	solved	https://github.com/google-deepmind/formal-conjectures/blob/main/FormalConjectures/Wikipedia/LehmerMahlerMeasureProblem.lean	Apache-2.0
fc-wikipedia-lehmertotient-lehmer-totient	Lehmer Totient	mathematics	3	statement				number theory,composite,divides,euler,function	open	https://github.com/google-deepmind/formal-conjectures/blob/main/FormalConjectures/Wikipedia/LehmerTotient.lean	Apache-2.0
fc-wikipedia-leinstergroup-infinitely-many-leinster-groups	Leinster Group	mathematics	3	statement				group theory,groups,leinster,infinitely,finite	open	https://github.com/google-deepmind/formal-conjectures/blob/main/FormalConjectures/Wikipedia/LeinsterGroup.lean	Apache-2.0
fc-wikipedia-lemoine-lemoine-conjecture	Lemoine	mathematics	3	statement				number theory,integers,prime,wikipedia,mathematics	open	https://github.com/google-deepmind/formal-conjectures/blob/main/FormalConjectures/Wikipedia/Lemoine.lean	Apache-2.0
fc-wikipedia-localuniformization-local-uniformization	Local Uniformization	mathematics	3	statement				field theory,commutative algebra,algebraic geometry,local,uniformization	open	https://github.com/google-deepmind/formal-conjectures/blob/main/FormalConjectures/Wikipedia/LocalUniformization.lean	Apache-2.0
fc-wikipedia-lonelyrunnerconjecture-lonely-runner-conjecture-ta	Lonely Runner Conjecture, variant tao 2017	mathematics	2	statement				number theory,absolute,arxiv,constant,large	solved	https://github.com/google-deepmind/formal-conjectures/blob/main/FormalConjectures/Wikipedia/LonelyRunnerConjecture.lean	Apache-2.0
fc-wikipedia-lovaszplummerconjecture-lovasz-plummer-conjecture	Lovasz Plummer Conjecture	mathematics	3	statement				matchings,perfect,bridgeless,constant,cubic	solved	https://github.com/google-deepmind/formal-conjectures/blob/main/FormalConjectures/Wikipedia/LovaszPlummerConjecture.lean	Apache-2.0
fc-wikipedia-lovaszplummerconjecture-lovasz-plummer-conjecture-2	Lovasz Plummer Conjecture, variant explicit	mathematics	2	statement				bound,bridgeless,cubic,ekkkn,esperet	solved	https://github.com/google-deepmind/formal-conjectures/blob/main/FormalConjectures/Wikipedia/LovaszPlummerConjecture.lean	Apache-2.0
fc-wikipedia-lovaszplummerconjecture-sheehan-conjecture-thomass	Lovasz Plummer Conjecture, variant thomassen	mathematics	2	statement				hamiltonian,regular,cycle,degree,graph	solved	https://github.com/google-deepmind/formal-conjectures/blob/main/FormalConjectures/Wikipedia/LovaszPlummerConjecture.lean	Apache-2.0
fc-wikipedia-lychrelnumbers-no-lychrel-numbers-base10	Lychrel Numbers	mathematics	3	statement				number theory,lychrel,becomes,conjecturally,equivalently	open	https://github.com/google-deepmind/formal-conjectures/blob/main/FormalConjectures/Wikipedia/LychrelNumbers.lean	Apache-2.0
fc-wikipedia-magicsquares-exists-magic-square-squares	Magic Squares	mathematics	3	statement				number theory,square,squares,distinct,magic	open	https://github.com/google-deepmind/formal-conjectures/blob/main/FormalConjectures/Wikipedia/MagicSquares.lean	Apache-2.0
fc-wikipedia-mahler32-mahler-conjecture	Mahler32	mathematics	3	statement				number theory,mahler,states,z-numbers,wikipedia	open	https://github.com/google-deepmind/formal-conjectures/blob/main/FormalConjectures/Wikipedia/Mahler32.lean	Apache-2.0
fc-wikipedia-mahler32-mahler-conjecture-flatto-lagarias-polling	Mahler32, variant flatto lagarias pollington	mathematics	2	statement				number theory,contained,flatto,interval,lagarias	solved	https://github.com/google-deepmind/formal-conjectures/blob/main/FormalConjectures/Wikipedia/Mahler32.lean	Apache-2.0
fc-wikipedia-mandelbrot-mlc	Mandelbrot	mathematics	3	statement				dynamical systems,connected,locally,mandelbrot,stating	open	https://github.com/google-deepmind/formal-conjectures/blob/main/FormalConjectures/Wikipedia/Mandelbrot.lean	Apache-2.0
fc-wikipedia-mersenne-new-mersenne-conjecture	Mersenne	mathematics	3	statement				number theory,prime,conditions,following,natural	open	https://github.com/google-deepmind/formal-conjectures/blob/main/FormalConjectures/Wikipedia/Mersenne.lean	Apache-2.0
fc-wikipedia-mersenne-new-mersenne-conjecture-prime	Mersenne, variant prime	mathematics	2	statement				number theory,mersenne,primes,statement,wikipedia	open	https://github.com/google-deepmind/formal-conjectures/blob/main/FormalConjectures/Wikipedia/Mersenne.lean	Apache-2.0
fc-wikipedia-mills-exists	Mills	mathematics	3	statement				number theory,mills,prime,theorem,wikipedia	solved	https://github.com/google-deepmind/formal-conjectures/blob/main/FormalConjectures/Wikipedia/Mills.lean	Apache-2.0
fc-wikipedia-modularityconjecture-modularity-conjecture	Modularity Conjecture	mathematics	3	statement				number theory,curve,elliptic,formerly,modular	solved	https://github.com/google-deepmind/formal-conjectures/blob/main/FormalConjectures/Wikipedia/ModularityConjecture.lean	Apache-2.0
fc-wikipedia-moserworm-mosers-worm-problem	Moser Worm	mathematics	3	statement				convex geometry,bound,cover,curve,greatest	open	https://github.com/google-deepmind/formal-conjectures/blob/main/FormalConjectures/Wikipedia/MoserWorm.lean	Apache-2.0
fc-wikipedia-noetherproblem-noether-problem	Noether Problem	mathematics	3	statement				field theory,algebraic geometry,field,indeterminates,noether	solved	https://github.com/google-deepmind/formal-conjectures/blob/main/FormalConjectures/Wikipedia/NoetherProblem.lean	Apache-2.0
fc-wikipedia-noetherproblem-noether-problem-two	Noether Problem, variant two	mathematics	2	statement				field theory,algebraic geometry,groups,indeterminates,noether	solved	https://github.com/google-deepmind/formal-conjectures/blob/main/FormalConjectures/Wikipedia/NoetherProblem.lean	Apache-2.0
fc-wikipedia-noetherproblem-noether-problem-three	Noether Problem, variant three	mathematics	2	statement				field theory,algebraic geometry,groups,indeterminates,noether	solved	https://github.com/google-deepmind/formal-conjectures/blob/main/FormalConjectures/Wikipedia/NoetherProblem.lean	Apache-2.0
fc-wikipedia-noetherproblem-noether-problem-four	Noether Problem, variant four	mathematics	2	statement				field theory,algebraic geometry,groups,indeterminates,noether	solved	https://github.com/google-deepmind/formal-conjectures/blob/main/FormalConjectures/Wikipedia/NoetherProblem.lean	Apache-2.0
fc-wikipedia-noetherproblem-noether-problem-forty-seven	Noether Problem, variant forty seven	mathematics	2	statement				field theory,algebraic geometry,claim,considering,counterexample	solved	https://github.com/google-deepmind/formal-conjectures/blob/main/FormalConjectures/Wikipedia/NoetherProblem.lean	Apache-2.0
fc-wikipedia-normalityofpi-pi-normal-base-ten	Normality Of Pi	mathematics	3	statement				number theory,normal,wikipedia,mathematics,open	open	https://github.com/google-deepmind/formal-conjectures/blob/main/FormalConjectures/Wikipedia/NormalityOfPi.lean	Apache-2.0
fc-wikipedia-oppermann-oppermann-conjecture-parts-i	Oppermann, i	mathematics	3	statement				number theory,between,integer,prime,wikipedia	open	https://github.com/google-deepmind/formal-conjectures/blob/main/FormalConjectures/Wikipedia/Oppermann.lean	Apache-2.0
fc-wikipedia-oppermann-oppermann-conjecture-parts-ii	Oppermann, ii	mathematics	3	statement				number theory,between,integer,prime,wikipedia	open	https://github.com/google-deepmind/formal-conjectures/blob/main/FormalConjectures/Wikipedia/Oppermann.lean	Apache-2.0
fc-wikipedia-oppermann-oppermann-conjecture	Oppermann	mathematics	3	statement				number theory,between,prime,following,integer	open	https://github.com/google-deepmind/formal-conjectures/blob/main/FormalConjectures/Wikipedia/Oppermann.lean	Apache-2.0
fc-wikipedia-oppermann-oppermann-conjecture-ferreira-large-x	Oppermann, ferreira large x	mathematics	3	statement				number theory,ferreira,large,oppermann,sufficiently	solved	https://github.com/google-deepmind/formal-conjectures/blob/main/FormalConjectures/Wikipedia/Oppermann.lean	Apache-2.0
fc-wikipedia-pebblingnumberconjecture-pebbling-number-conjectur	Pebbling Number Conjecture	mathematics	3	statement				pebbling,product,arxiv,asplund,cartesian	open	https://github.com/google-deepmind/formal-conjectures/blob/main/FormalConjectures/Wikipedia/PebblingNumberConjecture.lean	Apache-2.0
fc-wikipedia-pell-infinite-pellnumber-primes	Pell	mathematics	3	statement				number theory,infinitely,prime,wikipedia,mathematics	open	https://github.com/google-deepmind/formal-conjectures/blob/main/FormalConjectures/Wikipedia/Pell.lean	Apache-2.0
fc-wikipedia-perfectnumbers-infinitely-many-perfect	Perfect Numbers	mathematics	3	statement				number theory,perfect,infinitely,wikipedia,https	open	https://github.com/google-deepmind/formal-conjectures/blob/main/FormalConjectures/Wikipedia/PerfectNumbers.lean	Apache-2.0
fc-wikipedia-perfectnumbers-odd-perfect-number-lower-bound	Perfect Numbers, lower bound	mathematics	3	statement				number theory,greater,perfect,factors,including	solved	https://github.com/google-deepmind/formal-conjectures/blob/main/FormalConjectures/Wikipedia/PerfectNumbers.lean	Apache-2.0
fc-wikipedia-perfectnumbers-odd-perfect-number-euler-form	Perfect Numbers, euler form	mathematics	3	proved				number theory,perfect,alphaproof,euler,formal	solved	https://github.com/google-deepmind/formal-conjectures/blob/main/FormalConjectures/Wikipedia/PerfectNumbers.lean	Apache-2.0
fc-wikipedia-pierpontprime-infinitely-many-pierpont-primes	Pierpont Prime	mathematics	3	statement				number theory,infinitely,pierpont,primes,wikipedia	open	https://github.com/google-deepmind/formal-conjectures/blob/main/FormalConjectures/Wikipedia/PierpontPrime.lean	Apache-2.0
fc-wikipedia-pollocksconjecture-pollock-tetrahedral	Pollocks Conjecture	mathematics	3	statement				number theory,tetrahedral,integer,pollock,wikipedia	open	https://github.com/google-deepmind/formal-conjectures/blob/main/FormalConjectures/Wikipedia/PollocksConjecture.lean	Apache-2.0
fc-wikipedia-pollocksconjecture-pollock-tetrahedral-salzer-levi	Pollocks Conjecture, salzer levine	mathematics	3	statement				number theory,exactly,integers,largest,levine	open	https://github.com/google-deepmind/formal-conjectures/blob/main/FormalConjectures/Wikipedia/PollocksConjecture.lean	Apache-2.0
fc-wikipedia-polytimefunctions-ispolytime-primefactorslist	Poly Time Functions	mathematics	3	statement				computer science,factorization,integer,wikipedia,asking	open	https://github.com/google-deepmind/formal-conjectures/blob/main/FormalConjectures/Wikipedia/PolyTimeFunctions.lean	Apache-2.0
fc-wikipedia-powerfulnumbersdensity-asymptotic-erdos-szekeres	Powerful Numbers Density	mathematics	3	statement				number theory,integers,particular,powerful,satisfies	solved	https://github.com/google-deepmind/formal-conjectures/blob/main/FormalConjectures/Wikipedia/PowerfulNumbersDensity.lean	Apache-2.0
fc-wikipedia-primetriplets-prime-triplets	Prime Triplets	mathematics	3	statement				number theory,consecutive,infinitely,primes,tuples	open	https://github.com/google-deepmind/formal-conjectures/blob/main/FormalConjectures/Wikipedia/PrimeTriplets.lean	Apache-2.0
fc-wikipedia-primesandperfectsquares-infinite-prime-sq-add-one	Primes And Perfect Squares	mathematics	3	statement				number theory,infinitely,primes,perfect,square	open	https://github.com/google-deepmind/formal-conjectures/blob/main/FormalConjectures/Wikipedia/PrimesAndPerfectSquares.lean	Apache-2.0
fc-wikipedia-quasiperfectnumbers-exists-quasiperfect	Quasiperfect Numbers	mathematics	3	statement				number theory,quasiperfect,wikipedia,mathematics,open	open	https://github.com/google-deepmind/formal-conjectures/blob/main/FormalConjectures/Wikipedia/QuasiperfectNumbers.lean	Apache-2.0
fc-wikipedia-ramanujantau-ramanujan-petersson	Ramanujan Tau	mathematics	3	statement				number theory,primes,ramanujan-petersson,wikipedia,mathematics	solved	https://github.com/google-deepmind/formal-conjectures/blob/main/FormalConjectures/Wikipedia/RamanujanTau.lean	Apache-2.0
fc-wikipedia-rationaldistanceproblem-rational-distance-problem	Rational Distance Problem	mathematics	3	statement				number theory,geometry,distance,plane,point	open	https://github.com/google-deepmind/formal-conjectures/blob/main/FormalConjectures/Wikipedia/RationalDistanceProblem.lean	Apache-2.0
fc-wikipedia-regularprimes-infinitude-of-irregularprimes	Regular Primes	mathematics	3	statement				number theory,infinite,irregular,primes,wikipedia	solved	https://github.com/google-deepmind/formal-conjectures/blob/main/FormalConjectures/Wikipedia/RegularPrimes.lean	Apache-2.0
fc-wikipedia-riemannzetavalues-irrational-five	Riemann Zeta Values	mathematics	3	proved				number theory,special functions,irrational,fauzan,https	solved	https://github.com/google-deepmind/formal-conjectures/blob/main/FormalConjectures/Wikipedia/RiemannZetaValues.lean	Apache-2.0
fc-wikipedia-schanuel-schanuel-conjecture	Schanuel	mathematics	3	statement				number theory,special functions,complex,degree,extension	open	https://github.com/google-deepmind/formal-conjectures/blob/main/FormalConjectures/Wikipedia/Schanuel.lean	Apache-2.0
fc-wikipedia-schinzel-schinzel-conjecture	Schinzel	mathematics	3	statement				number theory,schinzel,bunyakovsky,conditions,finite	open	https://github.com/google-deepmind/formal-conjectures/blob/main/FormalConjectures/Wikipedia/Schinzel.lean	Apache-2.0
fc-wikipedia-selfridge-selfridge-conjecture	Selfridge	mathematics	3	statement				number theory,prime,selfridge,wikipedia,mathematics	open	https://github.com/google-deepmind/formal-conjectures/blob/main/FormalConjectures/Wikipedia/Selfridge.lean	Apache-2.0
fc-wikipedia-selfridge-selfridge-seq-conjecture-sufficient-cond	Selfridge, variant sufficient condition	mathematics	2	statement				number theory,fermat,prime,condition,factors	solved	https://github.com/google-deepmind/formal-conjectures/blob/main/FormalConjectures/Wikipedia/Selfridge.lean	Apache-2.0
fc-wikipedia-sendov-sendov-conjecture	Sendov	mathematics	3	proved				field theory,complex analysis,convex geometry,roots,cdots	solved	https://github.com/google-deepmind/formal-conjectures/blob/main/FormalConjectures/Wikipedia/Sendov.lean	Apache-2.0
fc-wikipedia-sendov-sendov-conjecture-le-eight	Sendov, variant le eight	mathematics	2	statement				field theory,complex analysis,convex geometry,roots,sendov	solved	https://github.com/google-deepmind/formal-conjectures/blob/main/FormalConjectures/Wikipedia/Sendov.lean	Apache-2.0
fc-wikipedia-sendov-sendov-conjecture-eventually-true	Sendov, variant eventually true	mathematics	2	statement				field theory,complex analysis,convex geometry,roots,sendov	solved	https://github.com/google-deepmind/formal-conjectures/blob/main/FormalConjectures/Wikipedia/Sendov.lean	Apache-2.0
fc-wikipedia-serremultiplicityconjectures-supportdim-add-suppor	Serre Multiplicity Conjectures	mathematics	3	statement				commutative algebra,algebraic geometry,local,regular,dimension	solved	https://github.com/google-deepmind/formal-conjectures/blob/main/FormalConjectures/Wikipedia/SerreMultiplicityConjectures.lean	Apache-2.0
fc-wikipedia-sidorenkoconjecture-sidorenko-conjecture	Sidorenko Conjecture	mathematics	3	statement				graph,finite,simple,bipartite,completegraph	open	https://github.com/google-deepmind/formal-conjectures/blob/main/FormalConjectures/Wikipedia/SidorenkoConjecture.lean	Apache-2.0
fc-wikipedia-sidorenkoconjecture-sidorenko-conjecture-complete	Sidorenko Conjecture, variant complete bipartite	mathematics	2	statement				sidorenko,bipartite,complete,inequality,applications	solved	https://github.com/google-deepmind/formal-conjectures/blob/main/FormalConjectures/Wikipedia/SidorenkoConjecture.lean	Apache-2.0
fc-wikipedia-sidorenkoconjecture-sidorenko-conjecture-even-cycl	Sidorenko Conjecture, variant even cycle	mathematics	2	statement				sidorenko,cycles,bipartite,coincides,cycle	solved	https://github.com/google-deepmind/formal-conjectures/blob/main/FormalConjectures/Wikipedia/SidorenkoConjecture.lean	Apache-2.0
fc-wikipedia-sidorenkoconjecture-sidorenko-conjecture-path-blak	Sidorenko Conjecture, variant path blakley roy	mathematics	2	statement				inequality,sidorenko,blakley,paths,before	solved	https://github.com/google-deepmind/formal-conjectures/blob/main/FormalConjectures/Wikipedia/SidorenkoConjecture.lean	Apache-2.0
fc-wikipedia-sidorenkoconjecture-sidorenko-conjecture-star	Sidorenko Conjecture, variant star	mathematics	2	statement				sidorenko,inequality,bipartite,complete,degree	solved	https://github.com/google-deepmind/formal-conjectures/blob/main/FormalConjectures/Wikipedia/SidorenkoConjecture.lean	Apache-2.0
fc-wikipedia-sidorenkoconjecture-sidorenko-conjecture-non-bipar	Sidorenko Conjecture, variant non bipartite necessary	mathematics	2	statement				sidorenko,graph,bipartite,bound,fails	solved	https://github.com/google-deepmind/formal-conjectures/blob/main/FormalConjectures/Wikipedia/SidorenkoConjecture.lean	Apache-2.0
fc-wikipedia-sierpinskinumber-selfridge-78557	Sierpinski Number	mathematics	3	statement				number theory,covering,factor,selfridge,showing	solved	https://github.com/google-deepmind/formal-conjectures/blob/main/FormalConjectures/Wikipedia/SierpinskiNumber.lean	Apache-2.0
fc-wikipedia-singmaster-singmaster	Singmaster	mathematics	3	statement				number theory,appears,bounded,pascal,singmaster	open	https://github.com/google-deepmind/formal-conjectures/blob/main/FormalConjectures/Wikipedia/Singmaster.lean	Apache-2.0
fc-wikipedia-sixstandarddeviations-six-standard-deviations	Six Standard Deviations	mathematics	3	statement				colouring,deviations,family,spencer,standard	solved	https://github.com/google-deepmind/formal-conjectures/blob/main/FormalConjectures/Wikipedia/SixStandardDeviations.lean	Apache-2.0
fc-wikipedia-sixstandarddeviations-six-standard-deviations-rand	Six Standard Deviations, variant random bound	mathematics	2	proved				colouring,bound,random,applied,benchmark	solved	https://github.com/google-deepmind/formal-conjectures/blob/main/FormalConjectures/Wikipedia/SixStandardDeviations.lean	Apache-2.0
fc-wikipedia-smallcohenmacaulaymodules-exists-issmallcohenmacau	Small Cohen Macaulay Modules	mathematics	3	statement				commutative algebra,complete,local,cohen-macaulay,module	open	https://github.com/google-deepmind/formal-conjectures/blob/main/FormalConjectures/Wikipedia/SmallCohenMacaulayModules.lean	Apache-2.0
fc-wikipedia-smallcohenmacaulaymodules-exists-issmallcohenmacau-2	Small Cohen Macaulay Modules, variant ringKrullDim le two	mathematics	2	statement				commutative algebra,closure,cohen-macaulay,complete,dimension	solved	https://github.com/google-deepmind/formal-conjectures/blob/main/FormalConjectures/Wikipedia/SmallCohenMacaulayModules.lean	Apache-2.0
fc-wikipedia-solitarynumber-is-ten-solitary	Solitary Number	mathematics	3	statement				number theory,solitary,abundancy,currently,index	open	https://github.com/google-deepmind/formal-conjectures/blob/main/FormalConjectures/Wikipedia/SolitaryNumber.lean	Apache-2.0
fc-wikipedia-sparseruler-wichmann-conjecture	Sparse Ruler	mathematics	3	statement				optimal,wichmann,ruler,length,rulers	open	https://github.com/google-deepmind/formal-conjectures/blob/main/FormalConjectures/Wikipedia/SparseRuler.lean	Apache-2.0
fc-wikipedia-squarepacking-least-eleven-square-packing-in-squar	Square Packing	mathematics	3	statement				geometry,square,wikipedia,contain,https	open	https://github.com/google-deepmind/formal-conjectures/blob/main/FormalConjectures/Wikipedia/SquarePacking.lean	Apache-2.0
fc-wikipedia-steinersystem-large-steiner-systems	Steiner System	mathematics	3	statement				steiner,large,system,systems,construct	open	https://github.com/google-deepmind/formal-conjectures/blob/main/FormalConjectures/Wikipedia/SteinerSystem.lean	Apache-2.0
fc-wikipedia-sumofthreecubes-issumofthreecubesrat-any	Sum Of Three Cubes	mathematics	3	statement				number theory,rational,cubes,answer,below	solved	https://github.com/google-deepmind/formal-conjectures/blob/main/FormalConjectures/Wikipedia/SumOfThreeCubes.lean	Apache-2.0
fc-wikipedia-superperfectnumbers-twofiveperfect	Superperfectnumbers	mathematics	3	statement				number theory,perfect,wikipedia,mathematics,open	open	https://github.com/google-deepmind/formal-conjectures/blob/main/FormalConjectures/Wikipedia/Superperfectnumbers.lean	Apache-2.0
fc-wikipedia-surjunctivegroup-gottschalk-surjunctivity-conjectu	Surjunctive Group	mathematics	3	statement				group theory,dynamical systems,group,alphabet,automaton	open	https://github.com/google-deepmind/formal-conjectures/blob/main/FormalConjectures/Wikipedia/SurjunctiveGroup.lean	Apache-2.0
fc-wikipedia-tarskiexponentialfunctionproblem-isdecidable-compl	Tarski Exponential Function Problem	mathematics	3	statement				field theory,decidable,field,first-order,ordered	solved	https://github.com/google-deepmind/formal-conjectures/blob/main/FormalConjectures/Wikipedia/TarskiExponentialFunctionProblem.lean	Apache-2.0
fc-wikipedia-taxicab-taxicab-for-5-2-2	Taxicab	mathematics	3	statement				number theory,taxicab,wikipedia,mathematics,open	open	https://github.com/google-deepmind/formal-conjectures/blob/main/FormalConjectures/Wikipedia/Taxicab.lean	Apache-2.0
fc-wikipedia-toronto-discretetopology-of-t2-of-torontospace	Toronto, of t2 of torontoSpace	mathematics	3	statement				general topology,discrete,space,toronto,wikipedia	open	https://github.com/google-deepmind/formal-conjectures/blob/main/FormalConjectures/Wikipedia/Toronto.lean	Apache-2.0
fc-wikipedia-transcendental-exp-add-pi-transcendental	Transcendental	mathematics	3	statement				number theory,special functions,transcendental,wikipedia,mathematics	open	https://github.com/google-deepmind/formal-conjectures/blob/main/FormalConjectures/Wikipedia/Transcendental.lean	Apache-2.0
fc-wikipedia-twinprimes-twin-primes	Twin Primes	mathematics	3	statement				number theory,infinitely,prime,primes,wikipedia	open	https://github.com/google-deepmind/formal-conjectures/blob/main/FormalConjectures/Wikipedia/TwinPrimes.lean	Apache-2.0
fc-wikipedia-unionclosed-union-closed	Union Closed	mathematics	3	statement				family,belongs,containing,element,empty	open	https://github.com/google-deepmind/formal-conjectures/blob/main/FormalConjectures/Wikipedia/UnionClosed.lean	Apache-2.0
fc-wikipedia-unionclosed-union-closed-yu	Union Closed, variant yu	mathematics	2	statement				union-closed,approximately,bounds,constant,dimension-free	solved	https://github.com/google-deepmind/formal-conjectures/blob/main/FormalConjectures/Wikipedia/UnionClosed.lean	Apache-2.0
fc-wikipedia-unionclosed-union-closed-univ-card	Union Closed, variant univ card	mathematics	2	statement				vuckovic,zivkovic,bojan,cardinality,element	solved	https://github.com/google-deepmind/formal-conjectures/blob/main/FormalConjectures/Wikipedia/UnionClosed.lean	Apache-2.0
fc-wikipedia-unionclosed-union-closed-family-card	Union Closed, variant family card	mathematics	2	statement				roberts,simpson,union-closed,australas,bojan	solved	https://github.com/google-deepmind/formal-conjectures/blob/main/FormalConjectures/Wikipedia/UnionClosed.lean	Apache-2.0
fc-wikipedia-unionclosed-union-closed-univ-card-two	Union Closed, variant univ card two	mathematics	2	statement				brute,cardinality,force,union-closed,universal	solved	https://github.com/google-deepmind/formal-conjectures/blob/main/FormalConjectures/Wikipedia/UnionClosed.lean	Apache-2.0
fc-wikipedia-unionclosed-union-closed-singleton-mem	Union Closed, variant singleton mem	mathematics	2	statement				contains,family,singleton,union-closed,wikipedia	solved	https://github.com/google-deepmind/formal-conjectures/blob/main/FormalConjectures/Wikipedia/UnionClosed.lean	Apache-2.0
fc-wikipedia-unionclosed-union-closed-sharpness	Union Closed, variant sharpness	mathematics	2	statement				constant,fails,larger,replace,sense	solved	https://github.com/google-deepmind/formal-conjectures/blob/main/FormalConjectures/Wikipedia/UnionClosed.lean	Apache-2.0
fc-wikipedia-unionclosed-union-closed-cardinality-even-of-union	Union Closed, variant cardinality even of union closed tight	mathematics	2	statement				family,union-closed,element,reference,tight	open	https://github.com/google-deepmind/formal-conjectures/blob/main/FormalConjectures/Wikipedia/UnionClosed.lean	Apache-2.0
fc-wikipedia-vizingconjecture-vizing-conjecture	Vizing Conjecture	mathematics	3	statement				cartesian,domination,finite,graphs,product	open	https://github.com/google-deepmind/formal-conjectures/blob/main/FormalConjectures/Wikipedia/VizingConjecture.lean	Apache-2.0
fc-wikipedia-vizingconjecture-vizing-conjecture-clark-suen	Vizing Conjecture, variant clark suen	mathematics	2	statement				clark,factor,finite,graphs,inequality	solved	https://github.com/google-deepmind/formal-conjectures/blob/main/FormalConjectures/Wikipedia/VizingConjecture.lean	Apache-2.0
fc-wikipedia-vizingconjecture-vizing-conjecture-suen-tarr	Vizing Conjecture, variant suen tarr	mathematics	2	statement				bound,clark,finite,graphs,improving	solved	https://github.com/google-deepmind/formal-conjectures/blob/main/FormalConjectures/Wikipedia/VizingConjecture.lean	Apache-2.0
fc-wikipedia-vizingconjecture-vizing-conjecture-dominationnumbe	Vizing Conjecture, variant dominationNumber eq one	mathematics	2	statement				dominationnumber,vizing,bdghhkr,bound,boxprod	solved	https://github.com/google-deepmind/formal-conjectures/blob/main/FormalConjectures/Wikipedia/VizingConjecture.lean	Apache-2.0
fc-wikipedia-wallsunsun-exists-iswallsunsunprime	Wall Sun Sun	mathematics	3	statement				number theory,prime,least,lucas,wikipedia	open	https://github.com/google-deepmind/formal-conjectures/blob/main/FormalConjectures/Wikipedia/WallSunSun.lean	Apache-2.0
fc-wikipedia-wieferichmirimanoffprime-exists-iswieferichprime-a	Wieferich Mirimanoff Prime	mathematics	3	statement				number theory,prime,dobson,against,argument	open	https://github.com/google-deepmind/formal-conjectures/blob/main/FormalConjectures/Wikipedia/WieferichMirimanoffPrime.lean	Apache-2.0
fc-wikipedia-wieferichprime-infinite-iswieferichprime	Wieferich Prime	mathematics	3	statement				number theory,infinitely,primes,wieferich,wikipedia	open	https://github.com/google-deepmind/formal-conjectures/blob/main/FormalConjectures/Wikipedia/WieferichPrime.lean	Apache-2.0
fc-wikipedia-wilsonprime-infinitely-many-wilson-primes	Wilson Prime	mathematics	3	statement				number theory,infinitely,primes,wilson,wikipedia	open	https://github.com/google-deepmind/formal-conjectures/blob/main/FormalConjectures/Wikipedia/WilsonPrime.lean	Apache-2.0
fc-wikipedia-wolstenholmeprime-wolstenholme-prime-infinite	Wolstenholme Prime	mathematics	3	statement				number theory,wolstenholme,primes,wikipedia,expected	open	https://github.com/google-deepmind/formal-conjectures/blob/main/FormalConjectures/Wikipedia/WolstenholmePrime.lean	Apache-2.0
fc-wikipedia-woodalprimes-infinitely-many-woodall-primes	Woodal Primes	mathematics	3	statement				number theory,infinitely,prime,wikipedia,mathematics	open	https://github.com/google-deepmind/formal-conjectures/blob/main/FormalConjectures/Wikipedia/WoodalPrimes.lean	Apache-2.0
fc-wikipedia-conjecture-1-3-to-2-3-conjecture-1-3-to-2-3	Conjecture 1 3 to 2 3	mathematics	3	statement				order,ordered,appears,before,between	open	https://github.com/google-deepmind/formal-conjectures/blob/main/FormalConjectures/Wikipedia/conjecture_1_3_to_2_3.lean	Apache-2.0
fc-writtenonthewallii-160-conjecture160	Written on the Wall II problem 160	mathematics	3	proved				maximum,wowii,analysis,bound,closest	solved	https://github.com/google-deepmind/formal-conjectures/blob/main/FormalConjectures/WrittenOnTheWallII/160.lean	Apache-2.0
fc-writtenonthewallii-graphconjecture1-conjecture1	Written on the Wall II problem GraphConjecture1	mathematics	3	proved				matching,leaves,maximum,non-leaves,spanning	solved	https://github.com/google-deepmind/formal-conjectures/blob/main/FormalConjectures/WrittenOnTheWallII/GraphConjecture1.lean	Apache-2.0
fc-writtenonthewallii-graphconjecture100-conjecture100	Written on the Wall II problem GraphConjecture100	mathematics	3	statement				degreel,independence,wowii,complement,connected	open	https://github.com/google-deepmind/formal-conjectures/blob/main/FormalConjectures/WrittenOnTheWallII/GraphConjecture100.lean	Apache-2.0
fc-writtenonthewallii-graphconjecture101-conjecture101	Written on the Wall II problem GraphConjecture101	mathematics	3	statement				independence,vertices,wowii,connected,decreases	solved	https://github.com/google-deepmind/formal-conjectures/blob/main/FormalConjectures/WrittenOnTheWallII/GraphConjecture101.lean	Apache-2.0
fc-writtenonthewallii-graphconjecture103-conjecture103	Written on the Wall II problem GraphConjecture103	mathematics	3	statement				wowii,average,bipartite,eccentricity,graph	solved	https://github.com/google-deepmind/formal-conjectures/blob/main/FormalConjectures/WrittenOnTheWallII/GraphConjecture103.lean	Apache-2.0
fc-writtenonthewallii-graphconjecture109-conjecture109	Written on the Wall II problem GraphConjecture109	mathematics	3	proved				bipartite,connected,graph,induced,residue	solved	https://github.com/google-deepmind/formal-conjectures/blob/main/FormalConjectures/WrittenOnTheWallII/GraphConjecture109.lean	Apache-2.0
fc-writtenonthewallii-graphconjecture13-conjecture13	Written on the Wall II problem GraphConjecture13	mathematics	3	statement				wowii,bipartite,connected,delavinae,diameter	solved	https://github.com/google-deepmind/formal-conjectures/blob/main/FormalConjectures/WrittenOnTheWallII/GraphConjecture13.lean	Apache-2.0
fc-writtenonthewallii-graphconjecture133-conjecture133	Written on the Wall II problem GraphConjecture133	mathematics	3	statement				graph,induced,wowii,average,characteristic	open	https://github.com/google-deepmind/formal-conjectures/blob/main/FormalConjectures/WrittenOnTheWallII/GraphConjecture133.lean	Apache-2.0
fc-writtenonthewallii-graphconjecture141-conjecture141	Written on the Wall II problem GraphConjecture141	mathematics	3	statement				wowii,acyclic,connected,cycle,delavinae	solved	https://github.com/google-deepmind/formal-conjectures/blob/main/FormalConjectures/WrittenOnTheWallII/GraphConjecture141.lean	Apache-2.0
fc-writtenonthewallii-graphconjecture142-conjecture142	Written on the Wall II problem GraphConjecture142	mathematics	3	proved				cycle,mathrm,descents,first,shortest	solved	https://github.com/google-deepmind/formal-conjectures/blob/main/FormalConjectures/WrittenOnTheWallII/GraphConjecture142.lean	Apache-2.0
fc-writtenonthewallii-graphconjecture143-conjecture143	Written on the Wall II problem GraphConjecture143	mathematics	3	statement				cycle,induced,vertices,wowii,acyclic	solved	https://github.com/google-deepmind/formal-conjectures/blob/main/FormalConjectures/WrittenOnTheWallII/GraphConjecture143.lean	Apache-2.0
fc-writtenonthewallii-graphconjecture144-conjecture144	Written on the Wall II problem GraphConjecture144	mathematics	3	proved				induced,vertices,center,vertex,acyclic	solved	https://github.com/google-deepmind/formal-conjectures/blob/main/FormalConjectures/WrittenOnTheWallII/GraphConjecture144.lean	Apache-2.0
fc-writtenonthewallii-graphconjecture145-conjecture145	Written on the Wall II problem GraphConjecture145	mathematics	3	proved				graph,vertices,wowii,argument,assisted	solved	https://github.com/google-deepmind/formal-conjectures/blob/main/FormalConjectures/WrittenOnTheWallII/GraphConjecture145.lean	Apache-2.0
fc-writtenonthewallii-graphconjecture146-conjecture146	Written on the Wall II problem GraphConjecture146	mathematics	3	proved				graph,vertices,diametral,distance,eccentricity	solved	https://github.com/google-deepmind/formal-conjectures/blob/main/FormalConjectures/WrittenOnTheWallII/GraphConjecture146.lean	Apache-2.0
fc-writtenonthewallii-graphconjecture16-conjecture16	Written on the Wall II problem GraphConjecture16	mathematics	3	statement				wowii,bipartite,connected,delavinae,eccentricity	solved	https://github.com/google-deepmind/formal-conjectures/blob/main/FormalConjectures/WrittenOnTheWallII/GraphConjecture16.lean	Apache-2.0
fc-writtenonthewallii-graphconjecture17-conjecture17	Written on the Wall II problem GraphConjecture17	mathematics	3	statement				wowii,bipartite,connected,delavinae,diameter	solved	https://github.com/google-deepmind/formal-conjectures/blob/main/FormalConjectures/WrittenOnTheWallII/GraphConjecture17.lean	Apache-2.0
fc-writtenonthewallii-graphconjecture172-conjecture172	Written on the Wall II problem GraphConjecture172	mathematics	3	proved				answer,asked,connected,finite,graph	solved	https://github.com/google-deepmind/formal-conjectures/blob/main/FormalConjectures/WrittenOnTheWallII/GraphConjecture172.lean	Apache-2.0
fc-writtenonthewallii-graphconjecture176-conjecture176	Written on the Wall II problem GraphConjecture176	mathematics	3	proved				answer,asked,connected,finite,graph	solved	https://github.com/google-deepmind/formal-conjectures/blob/main/FormalConjectures/WrittenOnTheWallII/GraphConjecture176.lean	Apache-2.0
fc-writtenonthewallii-graphconjecture18-conjecture18	Written on the Wall II problem GraphConjecture18	mathematics	3	statement				maximum-degree,vertices,wowii,benny,between	solved	https://github.com/google-deepmind/formal-conjectures/blob/main/FormalConjectures/WrittenOnTheWallII/GraphConjecture18.lean	Apache-2.0
fc-writtenonthewallii-graphconjecture181-conjecture181	Written on the Wall II problem GraphConjecture181	mathematics	3	proved				answer,asked,connected,finite,graph	solved	https://github.com/google-deepmind/formal-conjectures/blob/main/FormalConjectures/WrittenOnTheWallII/GraphConjecture181.lean	Apache-2.0
fc-writtenonthewallii-graphconjecture19-conjecture19	Written on the Wall II problem GraphConjecture19	mathematics	3	statement				wowii,bipartite,connected,delavinae,denotes	open	https://github.com/google-deepmind/formal-conjectures/blob/main/FormalConjectures/WrittenOnTheWallII/GraphConjecture19.lean	Apache-2.0
fc-writtenonthewallii-graphconjecture194-conjecture194	Written on the Wall II problem GraphConjecture194	mathematics	3	proved				graph,hamiltonian,independence,vertex,wowii	solved	https://github.com/google-deepmind/formal-conjectures/blob/main/FormalConjectures/WrittenOnTheWallII/GraphConjecture194.lean	Apache-2.0
fc-writtenonthewallii-graphconjecture198a-conjecture198a	Written on the Wall II problem GraphConjecture198a	mathematics	3	statement				hamiltonian,wowii,average,bipartite,connected	open	https://github.com/google-deepmind/formal-conjectures/blob/main/FormalConjectures/WrittenOnTheWallII/GraphConjecture198a.lean	Apache-2.0
fc-writtenonthewallii-graphconjecture2-conjecture2	Written on the Wall II problem GraphConjecture2	mathematics	3	proved				formal,arxiv,connected,independence,least	solved	https://github.com/google-deepmind/formal-conjectures/blob/main/FormalConjectures/WrittenOnTheWallII/GraphConjecture2.lean	Apache-2.0
fc-writtenonthewallii-graphconjecture20-conjecture20	Written on the Wall II problem GraphConjecture20	mathematics	3	statement				wowii,average,bipartite,connected,degree	solved	https://github.com/google-deepmind/formal-conjectures/blob/main/FormalConjectures/WrittenOnTheWallII/GraphConjecture20.lean	Apache-2.0
fc-writtenonthewallii-graphconjecture200-conjecture200	Written on the Wall II problem GraphConjecture200	mathematics	3	proved				hamiltonian,vertices,wowii,average,averageindepneighbors	solved	https://github.com/google-deepmind/formal-conjectures/blob/main/FormalConjectures/WrittenOnTheWallII/GraphConjecture200.lean	Apache-2.0
fc-writtenonthewallii-graphconjecture217-conjecture217	Written on the Wall II problem GraphConjecture217	mathematics	3	proved				wowii,connected,delavinae,faculty,finite	solved	https://github.com/google-deepmind/formal-conjectures/blob/main/FormalConjectures/WrittenOnTheWallII/GraphConjecture217.lean	Apache-2.0
fc-writtenonthewallii-graphconjecture23-conjecture23	Written on the Wall II problem GraphConjecture23	mathematics	3	statement				vertices,wowii,average,between,bipartite	solved	https://github.com/google-deepmind/formal-conjectures/blob/main/FormalConjectures/WrittenOnTheWallII/GraphConjecture23.lean	Apache-2.0
fc-writtenonthewallii-graphconjecture291-conjecture291	Written on the Wall II problem GraphConjecture291	mathematics	3	statement				conjectures,counterexample,source,vertices,wowii	solved	https://github.com/google-deepmind/formal-conjectures/blob/main/FormalConjectures/WrittenOnTheWallII/GraphConjecture291.lean	Apache-2.0
fc-writtenonthewallii-graphconjecture3-conjecture3	Written on the Wall II problem GraphConjecture3	mathematics	3	statement				indepdominationnumber,maxtemp,wowii,connected,delavinae	solved	https://github.com/google-deepmind/formal-conjectures/blob/main/FormalConjectures/WrittenOnTheWallII/GraphConjecture3.lean	Apache-2.0
fc-writtenonthewallii-graphconjecture309-conjecture309	Written on the Wall II problem GraphConjecture309	mathematics	3	proved				operatorname,overline,connected,disproved,disteven	solved	https://github.com/google-deepmind/formal-conjectures/blob/main/FormalConjectures/WrittenOnTheWallII/GraphConjecture309.lean	Apache-2.0
fc-writtenonthewallii-graphconjecture31-conjecture31	Written on the Wall II problem GraphConjecture31	mathematics	3	proved				graph,wowii,chung,connected,delavinae	solved	https://github.com/google-deepmind/formal-conjectures/blob/main/FormalConjectures/WrittenOnTheWallII/GraphConjecture31.lean	Apache-2.0
fc-writtenonthewallii-graphconjecture314-conjecture314	Written on the Wall II problem GraphConjecture314	mathematics	3	proved				dominating,minimal,total,vertices,connected	solved	https://github.com/google-deepmind/formal-conjectures/blob/main/FormalConjectures/WrittenOnTheWallII/GraphConjecture314.lean	Apache-2.0
fc-writtenonthewallii-graphconjecture315-conjecture315	Written on the Wall II problem GraphConjecture315	mathematics	3	proved				vertices,wowii,conjectures,connected,degree	solved	https://github.com/google-deepmind/formal-conjectures/blob/main/FormalConjectures/WrittenOnTheWallII/GraphConjecture315.lean	Apache-2.0
fc-writtenonthewallii-graphconjecture316-conjecture316	Written on the Wall II problem GraphConjecture316	mathematics	3	proved				vertices,dominated,totally,complete,degree	solved	https://github.com/google-deepmind/formal-conjectures/blob/main/FormalConjectures/WrittenOnTheWallII/GraphConjecture316.lean	Apache-2.0
fc-writtenonthewallii-graphconjecture32-conjecture32	Written on the Wall II problem GraphConjecture32	mathematics	3	statement				vertices,average,counterexample,eccentricity,wowii	solved	https://github.com/google-deepmind/formal-conjectures/blob/main/FormalConjectures/WrittenOnTheWallII/GraphConjecture32.lean	Apache-2.0
fc-writtenonthewallii-graphconjecture322-conjecture322	Written on the Wall II problem GraphConjecture322	mathematics	3	statement				graph,independence,neighborhood,vertices,wowii	solved	https://github.com/google-deepmind/formal-conjectures/blob/main/FormalConjectures/WrittenOnTheWallII/GraphConjecture322.lean	Apache-2.0
fc-writtenonthewallii-graphconjecture327-conjecture327	Written on the Wall II problem GraphConjecture327	mathematics	3	proved				domination,connected,graph,independent,vertices	solved	https://github.com/google-deepmind/formal-conjectures/blob/main/FormalConjectures/WrittenOnTheWallII/GraphConjecture327.lean	Apache-2.0
fc-writtenonthewallii-graphconjecture33-conjecture33	Written on the Wall II problem GraphConjecture33	mathematics	3	statement				vertices,wowii,average,connected,counterexample	solved	https://github.com/google-deepmind/formal-conjectures/blob/main/FormalConjectures/WrittenOnTheWallII/GraphConjecture33.lean	Apache-2.0
fc-writtenonthewallii-graphconjecture34-conjecture34	Written on the Wall II problem GraphConjecture34	mathematics	3	statement				vertices,wowii,average,binary,bound	solved	https://github.com/google-deepmind/formal-conjectures/blob/main/FormalConjectures/WrittenOnTheWallII/GraphConjecture34.lean	Apache-2.0
fc-writtenonthewallii-graphconjecture36-conjecture36	Written on the Wall II problem GraphConjecture36	mathematics	3	statement				pairs,radius,vertices,wowii,connected	solved	https://github.com/google-deepmind/formal-conjectures/blob/main/FormalConjectures/WrittenOnTheWallII/GraphConjecture36.lean	Apache-2.0
fc-writtenonthewallii-graphconjecture4-conjecture4	Written on the Wall II problem GraphConjecture4	mathematics	3	statement				wowii,connected,delavinae,faculty,graph	solved	https://github.com/google-deepmind/formal-conjectures/blob/main/FormalConjectures/WrittenOnTheWallII/GraphConjecture4.lean	Apache-2.0
fc-writtenonthewallii-graphconjecture40-conjecture40	Written on the Wall II problem GraphConjecture40	mathematics	3	statement				induced,largest,wowii,bipartite,connected	open	https://github.com/google-deepmind/formal-conjectures/blob/main/FormalConjectures/WrittenOnTheWallII/GraphConjecture40.lean	Apache-2.0
fc-writtenonthewallii-graphconjecture430a-conjecture430a	Written on the Wall II problem GraphConjecture430a	mathematics	3	proved				answer,asked,blow-up,clique,connected	solved	https://github.com/google-deepmind/formal-conjectures/blob/main/FormalConjectures/WrittenOnTheWallII/GraphConjecture430a.lean	Apache-2.0
fc-writtenonthewallii-graphconjecture438b-conjecture438b	Written on the Wall II problem GraphConjecture438b	mathematics	3	proved				alpha,connected,graph,greater,order	solved	https://github.com/google-deepmind/formal-conjectures/blob/main/FormalConjectures/WrittenOnTheWallII/GraphConjecture438b.lean	Apache-2.0
fc-writtenonthewallii-graphconjecture5-conjecture5	Written on the Wall II problem GraphConjecture5	mathematics	3	statement				radius,wowii,around,below,bounded	solved	https://github.com/google-deepmind/formal-conjectures/blob/main/FormalConjectures/WrittenOnTheWallII/GraphConjecture5.lean	Apache-2.0
fc-writtenonthewallii-graphconjecture58-conjecture58	Written on the Wall II problem GraphConjecture58	mathematics	3	proved				counterexample,graph,induced,largest,wowii	solved	https://github.com/google-deepmind/formal-conjectures/blob/main/FormalConjectures/WrittenOnTheWallII/GraphConjecture58.lean	Apache-2.0
fc-writtenonthewallii-graphconjecture59-conjecture59	Written on the Wall II problem GraphConjecture59	mathematics	3	proved				residue,induced,largest,bipartite,bound	solved	https://github.com/google-deepmind/formal-conjectures/blob/main/FormalConjectures/WrittenOnTheWallII/GraphConjecture59.lean	Apache-2.0
fc-writtenonthewallii-graphconjecture6-conjecture6	Written on the Wall II problem GraphConjecture6	mathematics	3	statement				wowii,connected,defined,delavinae,faculty	solved	https://github.com/google-deepmind/formal-conjectures/blob/main/FormalConjectures/WrittenOnTheWallII/GraphConjecture6.lean	Apache-2.0
fc-writtenonthewallii-graphconjecture61-conjecture61	Written on the Wall II problem GraphConjecture61	mathematics	3	statement				residue,wowii,connected,delavina,delavinae	open	https://github.com/google-deepmind/formal-conjectures/blob/main/FormalConjectures/WrittenOnTheWallII/GraphConjecture61.lean	Apache-2.0
fc-writtenonthewallii-graphconjecture63-conjecture63	Written on the Wall II problem GraphConjecture63	mathematics	3	proved				wowii,answer,asked,connected,delavinae	solved	https://github.com/google-deepmind/formal-conjectures/blob/main/FormalConjectures/WrittenOnTheWallII/GraphConjecture63.lean	Apache-2.0
fc-writtenonthewallii-graphconjecture65-conjecture65	Written on the Wall II problem GraphConjecture65	mathematics	3	statement				vertices,graph,wowii,answer,between	solved	https://github.com/google-deepmind/formal-conjectures/blob/main/FormalConjectures/WrittenOnTheWallII/GraphConjecture65.lean	Apache-2.0
fc-writtenonthewallii-graphconjecture7-conjecture7	Written on the Wall II problem GraphConjecture7	mathematics	3	statement				independence,wowii,connected,delavina,delavinae	solved	https://github.com/google-deepmind/formal-conjectures/blob/main/FormalConjectures/WrittenOnTheWallII/GraphConjecture7.lean	Apache-2.0
fc-writtenonthewallii-graphconjecture85-conjecture85	Written on the Wall II problem GraphConjecture85	mathematics	3	proved				wowii,answer,asked,connected,delavinae	solved	https://github.com/google-deepmind/formal-conjectures/blob/main/FormalConjectures/WrittenOnTheWallII/GraphConjecture85.lean	Apache-2.0
fc-books-bugeauddistributionmoduloone-intdistancedistribution-p	Int Distance Distribution	mathematics	3	statement				number theory,tends,infinity,positive,transcendental	open	https://github.com/google-deepmind/formal-conjectures/blob/main/FormalConjectures/Books/BugeaudDistributionModuloOne/IntDistanceDistribution.lean	Apache-2.0
fc-books-bugeauddistributionmoduloone-problem10-32-adamczewski	Problem10 32	mathematics	3	statement				number theory,computer science,automatic,independence,independent	solved	https://github.com/google-deepmind/formal-conjectures/blob/main/FormalConjectures/Books/BugeaudDistributionModuloOne/Problem10_32.lean	Apache-2.0
fc-books-bugeauddistributionmoduloone-problem10-32-problem-10-3	Problem10 32, variant strong	mathematics	2	statement				number theory,computer science,automatic,bases,broad	solved	https://github.com/google-deepmind/formal-conjectures/blob/main/FormalConjectures/Books/BugeaudDistributionModuloOne/Problem10_32.lean	Apache-2.0
fc-books-bugeauddistributionmoduloone-problem10-4-spectrum-xi-a	Problem10 4	mathematics	3	proved				number theory,spectrum,answer,contains,countable	solved	https://github.com/google-deepmind/formal-conjectures/blob/main/FormalConjectures/Books/BugeaudDistributionModuloOne/Problem10_4.lean	Apache-2.0
fc-books-bugeauddistributionmoduloone-problem10-5-problem-10-5	Problem10 5	mathematics	3	proved				number theory,kitaken,github,lacunary,bugeaud-	solved	https://github.com/google-deepmind/formal-conjectures/blob/main/FormalConjectures/Books/BugeaudDistributionModuloOne/Problem10_5.lean	Apache-2.0
fc-books-bugeauddistributionmoduloone-problem10-53-problem-10-5	Problem10 53	mathematics	3	statement				number theory,dynamical systems,answered,integer,irrational	solved	https://github.com/google-deepmind/formal-conjectures/blob/main/FormalConjectures/Books/BugeaudDistributionModuloOne/Problem10_53.lean	Apache-2.0
fc-books-bugeauddistributionmoduloone-problem10-53-problem-10-5-2	Problem10 53, variant all bases	mathematics	2	statement				number theory,dynamical systems,answered,integer,irrational	solved	https://github.com/google-deepmind/formal-conjectures/blob/main/FormalConjectures/Books/BugeaudDistributionModuloOne/Problem10_53.lean	Apache-2.0
fc-books-bugeauddistributionmoduloone-problem10-53-problem-10-5-3	Problem10 53, variant uncountable	mathematics	2	statement				number theory,dynamical systems,applied,bbfkw,broderick	solved	https://github.com/google-deepmind/formal-conjectures/blob/main/FormalConjectures/Books/BugeaudDistributionModuloOne/Problem10_53.lean	Apache-2.0
fc-books-bugeauddistributionmoduloone-problem10-53-problem-10-5-4	Problem10 53, variant temur	mathematics	2	statement				number theory,dynamical systems,gives,partial,quotients	solved	https://github.com/google-deepmind/formal-conjectures/blob/main/FormalConjectures/Books/BugeaudDistributionModuloOne/Problem10_53.lean	Apache-2.0
fc-books-bugeauddistributionmoduloone-problem10-6-pollington-de	Problem10 6	mathematics	3	statement				number theory,dense,dimension,hausdorff,integers	solved	https://github.com/google-deepmind/formal-conjectures/blob/main/FormalConjectures/Books/BugeaudDistributionModuloOne/Problem10_6.lean	Apache-2.0
fc-books-bugeauddistributionmoduloone-problem10-61-problem-10-6	Problem10 61	mathematics	3	statement				number theory,dynamical systems,distributed,modulo,pisot	open	https://github.com/google-deepmind/formal-conjectures/blob/main/FormalConjectures/Books/BugeaudDistributionModuloOne/Problem10_61.lean	Apache-2.0
fc-books-bugeauddistributionmoduloone-problem10-61-problem-10-6-2	Problem10 61, variant almost every	mathematics	2	statement				number theory,dynamical systems,almost-everywhere,cannot,defeat	solved	https://github.com/google-deepmind/formal-conjectures/blob/main/FormalConjectures/Books/BugeaudDistributionModuloOne/Problem10_61.lean	Apache-2.0
fc-books-bugeauddistributionmoduloone-problem10-61-problem-10-6-3	Problem10 61, variant covering criterion	mathematics	2	proved				number theory,dynamical systems,criterion,below,conjugate	solved	https://github.com/google-deepmind/formal-conjectures/blob/main/FormalConjectures/Books/BugeaudDistributionModuloOne/Problem10_61.lean	Apache-2.0
fc-books-bugeauddistributionmoduloone-problem10-61-problem-10-6-4	Problem10 61, variant covering criterion range	mathematics	2	proved				number theory,dynamical systems,criterion,quadratic,about	solved	https://github.com/google-deepmind/formal-conjectures/blob/main/FormalConjectures/Books/BugeaudDistributionModuloOne/Problem10_61.lean	Apache-2.0
fc-books-bugeauddistributionmoduloone-problem10-61-problem-10-6-5	Problem10 61, variant two add sqrt five	mathematics	2	proved				number theory,dynamical systems,covering,criterion,interval	solved	https://github.com/google-deepmind/formal-conjectures/blob/main/FormalConjectures/Books/BugeaudDistributionModuloOne/Problem10_61.lean	Apache-2.0
fc-books-bugeauddistributionmoduloone-problem10-61-problem-10-6-6	Problem10 61, variant two add sqrt three	mathematics	2	proved				number theory,dynamical systems,arithmetic,certificate,confinement-gap	solved	https://github.com/google-deepmind/formal-conjectures/blob/main/FormalConjectures/Books/BugeaudDistributionModuloOne/Problem10_61.lean	Apache-2.0
fc-books-bugeauddistributionmoduloone-problem10-7-problem-10-7	Problem10 7	mathematics	3	statement				number theory,arbitrarily,fractional,interval,large	open	https://github.com/google-deepmind/formal-conjectures/blob/main/FormalConjectures/Books/BugeaudDistributionModuloOne/Problem10_7.lean	Apache-2.0
fc-books-bugeauddistributionmoduloone-problem10-8-problem-10-8	Problem10 8	mathematics	3	statement				number theory,denotes,absolute,distance,integer	open	https://github.com/google-deepmind/formal-conjectures/blob/main/FormalConjectures/Books/BugeaudDistributionModuloOne/Problem10_8.lean	Apache-2.0
fc-books-bugeauddistributionmoduloone-problem10-8-problem-10-8-2	Problem10 8, variant quadratic	mathematics	2	statement				number theory,quadratic,littlewood,mathan,solved	solved	https://github.com/google-deepmind/formal-conjectures/blob/main/FormalConjectures/Books/BugeaudDistributionModuloOne/Problem10_8.lean	Apache-2.0
fc-books-bugeauddistributionmoduloone-problem10-8-problem-10-8-3	Problem10 8, variant exceptional set dimH zero	mathematics	2	statement				number theory,dimension,einsiedler,exceptional,hausdorff	solved	https://github.com/google-deepmind/formal-conjectures/blob/main/FormalConjectures/Books/BugeaudDistributionModuloOne/Problem10_8.lean	Apache-2.0
fc-books-bugeauddistributionmoduloone-problem10-9-problem-10-9	Problem10 9	mathematics	3	statement				number theory,integer,mahler,posed,positive	open	https://github.com/google-deepmind/formal-conjectures/blob/main/FormalConjectures/Books/BugeaudDistributionModuloOne/Problem10_9.lean	Apache-2.0
fc-books-bugeauddistributionmoduloone-problem10-9-problem-10-9-2	Problem10 9, variant measure zero	mathematics	2	statement				number theory,lebesgue,mahler,measure,z-numbers	solved	https://github.com/google-deepmind/formal-conjectures/blob/main/FormalConjectures/Books/BugeaudDistributionModuloOne/Problem10_9.lean	Apache-2.0
fc-books-bugeauddistributionmoduloone-problem10-9-problem-10-9-3	Problem10 9, variant dimH lt one	mathematics	2	statement				number theory,dimension,flatto,hausdorff,lagarias	solved	https://github.com/google-deepmind/formal-conjectures/blob/main/FormalConjectures/Books/BugeaudDistributionModuloOne/Problem10_9.lean	Apache-2.0
fc-books-uniformdistributionofsequences-equidistribution-isequi	Equidistribution	mathematics	3	statement				number theory,equidistributed,modulo,sequence,books	open	https://github.com/google-deepmind/formal-conjectures/blob/main/FormalConjectures/Books/UniformDistributionOfSequences/Equidistribution.lean	Apache-2.0
fc-arxiv-0805-3777-tensorrank-isgenericrank-of-gt-critical	Tensor Rank	mathematics	3	statement				algebraic geometry,linear algebra,above,critical,format	solved	https://github.com/google-deepmind/formal-conjectures/blob/main/FormalConjectures/Arxiv/0805.3777/TensorRank.lean	Apache-2.0
fc-arxiv-0911-2077-conjecture6-3-arxiv-id0911-2077-conjecture6	Conjecture6 3, conjecture6 3	mathematics	3	proved				probability,github,https,informal,logical-intelligence	solved	https://github.com/google-deepmind/formal-conjectures/blob/main/FormalConjectures/Arxiv/0911.2077/Conjecture6_3.lean	Apache-2.0
fc-arxiv-0912-2382-curlingnumberconjecture-curling-number-conje	Curling Number Conjecture	mathematics	3	statement				number theory,eventually,reach,sequence,arxiv	open	https://github.com/google-deepmind/formal-conjectures/blob/main/FormalConjectures/Arxiv/0912.2382/CurlingNumberConjecture.lean	Apache-2.0
fc-arxiv-1102-4662-atiyahsutcliffe-conjecture-one	Atiyah Sutcliffe	mathematics	3	statement				geometry,mechanics,https,arxiv,atiyah	open	https://github.com/google-deepmind/formal-conjectures/blob/main/FormalConjectures/Arxiv/1102.4662/AtiyahSutcliffe.lean	Apache-2.0
fc-arxiv-1104-1579-cunninghamchain-infinitely-many-firstkind-ch	Cunningham Chain	mathematics	3	statement				number theory,chain,cunningham,exactly,first	open	https://github.com/google-deepmind/formal-conjectures/blob/main/FormalConjectures/Arxiv/1104.1579/CunninghamChain.lean	Apache-2.0
fc-arxiv-1601-03081-uniquecrystalcomponents-crystals-components	Unique Crystal Components	mathematics	3	statement				number theory,real functions,components,couple,crystal	open	https://github.com/google-deepmind/formal-conjectures/blob/main/FormalConjectures/Arxiv/1601.03081/UniqueCrystalComponents.lean	Apache-2.0
fc-arxiv-1609-08688-sincreasingrtuples-maximallength-le	S Increasingr Tuples	mathematics	3	statement				applying,bound,coordinates,first,pigeonhole	solved	https://github.com/google-deepmind/formal-conjectures/blob/main/FormalConjectures/Arxiv/1609.08688/sIncreasingrTuples.lean	Apache-2.0
fc-arxiv-2104-00502-barkersequence-barker-conjecture	Barker Sequence	mathematics	3	statement				number theory,information theory,barker,length,sequence	open	https://github.com/google-deepmind/formal-conjectures/blob/main/FormalConjectures/Arxiv/2104.00502/BarkerSequence.lean	Apache-2.0
fc-arxiv-2107-00295-independentdomination-independentdomination	Independent Domination	mathematics	3	statement				arxiv,corollary,graph,https,isolate-free	solved	https://github.com/google-deepmind/formal-conjectures/blob/main/FormalConjectures/Arxiv/2107.00295/IndependentDomination.lean	Apache-2.0
fc-arxiv-2107-12475-collatzlike-collatzlike	Collatz Like	mathematics	3	statement				number theory,https,machine,turing,arxiv	open	https://github.com/google-deepmind/formal-conjectures/blob/main/FormalConjectures/Arxiv/2107.12475/CollatzLike.lean	Apache-2.0
fc-arxiv-2208-14736-zariskicancellation-zariski-cancellation-pr	Zariski Cancellation	mathematics	3	statement				commutative algebra,algebraic geometry,cancellation,cancellative,characteristic	open	https://github.com/google-deepmind/formal-conjectures/blob/main/FormalConjectures/Arxiv/2208.14736/ZariskiCancellation.lean	Apache-2.0
fc-arxiv-2208-14736-zariskicancellation-zariski-cancellation-pr-2	Zariski Cancellation, variant dim one	mathematics	2	statement				commutative algebra,algebraic geometry,cancellative,characteristic,polynomial	solved	https://github.com/google-deepmind/formal-conjectures/blob/main/FormalConjectures/Arxiv/2208.14736/ZariskiCancellation.lean	Apache-2.0
fc-arxiv-2208-14736-zariskicancellation-zariski-cancellation-pr-3	Zariski Cancellation, variant dim two	mathematics	2	statement				commutative algebra,algebraic geometry,cancellative,characteristic,polynomial	solved	https://github.com/google-deepmind/formal-conjectures/blob/main/FormalConjectures/Arxiv/2208.14736/ZariskiCancellation.lean	Apache-2.0
fc-arxiv-2208-14736-zariskicancellation-zariski-cancellation-pr-4	Zariski Cancellation, variant false pos card	mathematics	2	statement				commutative algebra,algebraic geometry,cancellation,characteristic,dimension	solved	https://github.com/google-deepmind/formal-conjectures/blob/main/FormalConjectures/Arxiv/2208.14736/ZariskiCancellation.lean	Apache-2.0
fc-arxiv-2209-04540-spectralsetsandweaktiling-exists-nowhereden	Spectral Sets And Weak Tiling	mathematics	3	statement				harmonic analysis,functional analysis,answer,bounded,dense	open	https://github.com/google-deepmind/formal-conjectures/blob/main/FormalConjectures/Arxiv/2209.04540/SpectralSetsAndWeakTiling.lean	Apache-2.0
fc-arxiv-2303-01089-furstenbergtimesptimesq-conjecture-1-3	Furstenberg Times PTimes Q	mathematics	3	statement				dynamical systems,measure,atomless,borel,invariant	open	https://github.com/google-deepmind/formal-conjectures/blob/main/FormalConjectures/Arxiv/2303.01089/FurstenbergTimesPTimesQ.lean	Apache-2.0
fc-arxiv-2402-13202-circulanthadamard-circulant-hadamard-conjec	Circulant Hadamard	mathematics	3	statement				linear algebra,circulant,hadamard,matrix,order	open	https://github.com/google-deepmind/formal-conjectures/blob/main/FormalConjectures/Arxiv/2402.13202/CirculantHadamard.lean	Apache-2.0
fc-arxiv-2501-03234-arithmeticsums-conjecture-1-1	Arithmetic Sum S	mathematics	3	statement				number theory,associated,classical,function,positive	open	https://github.com/google-deepmind/formal-conjectures/blob/main/FormalConjectures/Arxiv/2501.03234/ArithmeticSumS.lean	Apache-2.0
fc-arxiv-2507-17780-1-tx-graffiti-conjecture-1	1	mathematics	3	statement				arxiv,https,alpha,annihilation,argument	solved	https://github.com/google-deepmind/formal-conjectures/blob/main/FormalConjectures/Arxiv/2507.17780/1.lean	Apache-2.0
fc-arxiv-2507-17780-2-tx-graffiti-conjecture-2	2	mathematics	3	statement				alpha,arxiv,connected,graph,https	open	https://github.com/google-deepmind/formal-conjectures/blob/main/FormalConjectures/Arxiv/2507.17780/2.lean	Apache-2.0
fc-arxiv-2507-17780-3-tx-graffiti-conjecture-3	3	mathematics	3	statement				arxiv,graph,https,regular,txgraffiti	open	https://github.com/google-deepmind/formal-conjectures/blob/main/FormalConjectures/Arxiv/2507.17780/3.lean	Apache-2.0
fc-arxiv-2507-17780-4-tx-graffiti-conjecture-4	4	mathematics	3	statement				arxiv,edges,connected,contribute,counterexample	solved	https://github.com/google-deepmind/formal-conjectures/blob/main/FormalConjectures/Arxiv/2507.17780/4.lean	Apache-2.0
fc-arxiv-2602-05192-firstproof4-four	First Proof4	mathematics	3	proved				real functions,arxiv,boxplus,contains,degree	solved	https://github.com/google-deepmind/formal-conjectures/blob/main/FormalConjectures/Arxiv/2602.05192/FirstProof4.lean	Apache-2.0
fc-arxiv-2602-05192-firstproof6-epsilon-light-subset-exists	First Proof6	mathematics	3	proved				between,constant,contains,graph,least	solved	https://github.com/google-deepmind/formal-conjectures/blob/main/FormalConjectures/Arxiv/2602.05192/FirstProof6.lean	Apache-2.0
fc-arxiv-2604-08040-conjecture5-5-solvable-of-cyc-lt	Conjecture5 5	mathematics	3	proved				group theory,subgroups,arxiv,classification,finite	solved	https://github.com/google-deepmind/formal-conjectures/blob/main/FormalConjectures/Arxiv/2604.08040/Conjecture5_5.lean	Apache-2.0
fc-arxiv-2605-02731-deancycles-dean-conjecture	Dean Cycles	mathematics	3	statement				graph,cycle,least,length,contains	open	https://github.com/google-deepmind/formal-conjectures/blob/main/FormalConjectures/Arxiv/2605.02731/DeanCycles.lean	Apache-2.0
fc-arxiv-2605-02731-deancycles-dean-conjecture-five	Dean Cycles, variant five	mathematics	2	statement				still,arxiv,mathematics,open,formal conjectures	open	https://github.com/google-deepmind/formal-conjectures/blob/main/FormalConjectures/Arxiv/2605.02731/DeanCycles.lean	Apache-2.0
fc-arxiv-2605-02731-deancycles-dean-conjecture-three	Dean Cycles, variant three	mathematics	2	statement				saito,arxiv,mathematics,solved,formal conjectures	solved	https://github.com/google-deepmind/formal-conjectures/blob/main/FormalConjectures/Arxiv/2605.02731/DeanCycles.lean	Apache-2.0
fc-arxiv-2605-02731-deancycles-dean-conjecture-four	Dean Cycles, variant four	mathematics	2	statement				delesa,lesniak,saito,arxiv,mathematics	solved	https://github.com/google-deepmind/formal-conjectures/blob/main/FormalConjectures/Arxiv/2605.02731/DeanCycles.lean	Apache-2.0
fc-arxiv-2605-02731-deancycles-dean-conjecture-six-le	Dean Cycles, variant six le	mathematics	2	statement				cases,delesa,leaves,lumazh,variants	solved	https://github.com/google-deepmind/formal-conjectures/blob/main/FormalConjectures/Arxiv/2605.02731/DeanCycles.lean	Apache-2.0
fc-arxiv-2605-12342-conjecture1-conjecture-1	Conjecture1	mathematics	3	proved				group theory,mathrm,sigma,fernandes,closure	solved	https://github.com/google-deepmind/formal-conjectures/blob/main/FormalConjectures/Arxiv/2605.12342/Conjecture1.lean	Apache-2.0
fc-arxiv-2605-12342-conjecture1-conjecture-1-rank-2-2	Conjecture1, variant rank 2 2	mathematics	2	statement				group theory,cyclic,element,generated,single	solved	https://github.com/google-deepmind/formal-conjectures/blob/main/FormalConjectures/Arxiv/2605.12342/Conjecture1.lean	Apache-2.0
fc-arxiv-2605-12342-conjecture1-conjecture-1-rank-3-3	Conjecture1, variant rank 3 3	mathematics	2	statement				group theory,generated,arxiv,mathematics,solved	solved	https://github.com/google-deepmind/formal-conjectures/blob/main/FormalConjectures/Arxiv/2605.12342/Conjecture1.lean	Apache-2.0
fc-arxiv-2605-12342-conjecture1-conjecture-1-rank-4-3	Conjecture1, variant rank 4 3	mathematics	2	statement				group theory,generated,arxiv,mathematics,solved	solved	https://github.com/google-deepmind/formal-conjectures/blob/main/FormalConjectures/Arxiv/2605.12342/Conjecture1.lean	Apache-2.0
fc-arxiv-2605-12342-conjecture1-conjecture-1-rank-4-4	Conjecture1, variant rank 4 4	mathematics	2	statement				group theory,generated,arxiv,mathematics,solved	solved	https://github.com/google-deepmind/formal-conjectures/blob/main/FormalConjectures/Arxiv/2605.12342/Conjecture1.lean	Apache-2.0
fc-arxiv-2606-03696-bondylongestcycles-bondy-conjecture	Bondy Longest Cycles	mathematics	3	statement				cycle,vertices,longest,agree,because	open	https://github.com/google-deepmind/formal-conjectures/blob/main/FormalConjectures/Arxiv/2606.03696/BondyLongestCycles.lean	Apache-2.0
fc-arxiv-2606-03696-bondylongestcycles-bondy-conjecture-one	Bondy Longest Cycles, variant one	mathematics	2	statement				vertex,condition,covers,cycle,dirac	solved	https://github.com/google-deepmind/formal-conjectures/blob/main/FormalConjectures/Arxiv/2606.03696/BondyLongestCycles.lean	Apache-2.0
fc-arxiv-2606-03696-bondylongestcycles-bondy-conjecture-two	Bondy Longest Cycles, variant two	mathematics	2	statement				nash-williams,theorem,arxiv,mathematics,solved	solved	https://github.com/google-deepmind/formal-conjectures/blob/main/FormalConjectures/Arxiv/2606.03696/BondyLongestCycles.lean	Apache-2.0
fc-arxiv-2606-03696-bondylongestcycles-bondy-conjecture-three	Bondy Longest Cycles, variant three	mathematics	2	statement				arxiv,mathematics,solved,formal conjectures	solved	https://github.com/google-deepmind/formal-conjectures/blob/main/FormalConjectures/Arxiv/2606.03696/BondyLongestCycles.lean	Apache-2.0
fc-arxiv-2606-03696-bondylongestcycles-bondy-conjecture-large	Bondy Longest Cycles, variant large	mathematics	2	statement				enough,graph,graphs,ma-ning-zhao,stays	solved	https://github.com/google-deepmind/formal-conjectures/blob/main/FormalConjectures/Arxiv/2606.03696/BondyLongestCycles.lean	Apache-2.0
fc-arxiv-2607-03582-lprogersshephard-volume-lpsum-le	Lp Rogers Shephard	mathematics	3	statement				convex geometry,gamma,centre,conjugate,containing	solved	https://github.com/google-deepmind/formal-conjectures/blob/main/FormalConjectures/Arxiv/2607.03582/LpRogersShephard.lean	Apache-2.0
fc-arxiv-2607-05349-microscopicweighting-microscopic-weighting	Microscopic Weighting	mathematics	3	proved				linear algebra,geometry,finite,space,metric	solved	https://github.com/google-deepmind/formal-conjectures/blob/main/FormalConjectures/Arxiv/2607.05349/MicroscopicWeighting.lean	Apache-2.0
fc-arxiv-2607-05739-tanarctansum-tan-arctan-sum-not-integer	Tan Arctan Sum	mathematics	3	statement				number theory,arctan,integer,amdeberhan-medina-moll,cdots	open	https://github.com/google-deepmind/formal-conjectures/blob/main/FormalConjectures/Arxiv/2607.05739/TanArctanSum.lean	Apache-2.0
fc-arxiv-2607-06396-alontarsi-alon-tarsi-short-cycle-cover	Alon Tarsi	mathematics	3	statement				alon-tarsi,bridgeless,covering,cycles,graph	open	https://github.com/google-deepmind/formal-conjectures/blob/main/FormalConjectures/Arxiv/2607.06396/AlonTarsi.lean	Apache-2.0
fc-arxiv-2607-08366-minmodulus-min-modulus	Min Modulus	mathematics	3	statement				number theory,valid,modulus,attains,equivalently	open	https://github.com/google-deepmind/formal-conjectures/blob/main/FormalConjectures/Arxiv/2607.08366/MinModulus.lean	Apache-2.0
fc-arxiv-math-0110202-banachmazurrotation-banach-mazur-rotation	Banach Mazur Rotation	mathematics	3	statement				functional analysis,isometric,space,banach,banach--mazur	open	https://github.com/google-deepmind/formal-conjectures/blob/main/FormalConjectures/Arxiv/math.0110202/BanachMazurRotation.lean	Apache-2.0
fc-arxiv-math-0110202-banachmazurrotation-banach-mazur-rotation-2	Banach Mazur Rotation, finite dimensional	mathematics	3	statement				functional analysis,euclidean,finite-dimensional,group,isometry	solved	https://github.com/google-deepmind/formal-conjectures/blob/main/FormalConjectures/Arxiv/math.0110202/BanachMazurRotation.lean	Apache-2.0
fc-arxiv-math-0301027-finitegenerationofcohomology-cohomologyri	Finite Generation Of Cohomology	mathematics	3	statement				associative rings,category theory,algebra,cohomology,etingof	open	https://github.com/google-deepmind/formal-conjectures/blob/main/FormalConjectures/Arxiv/math.0301027/FiniteGenerationOfCohomology.lean	Apache-2.0
fc-arxiv-math-0608009-poissonconjecture-poisson-conjecture	Poisson Conjecture	mathematics	3	statement				algebraic geometry,nonassociative rings,characteristic,poisson,algebra	solved	https://github.com/google-deepmind/formal-conjectures/blob/main/FormalConjectures/Arxiv/math.0608009/PoissonConjecture.lean	Apache-2.0
fc-arxiv-math-0608009-poissonconjecture-poisson-conjecture-dime	Poisson Conjecture, variant dimension one	mathematics	2	statement				algebraic geometry,nonassociative rings,dimension,dixmier,algebra	open	https://github.com/google-deepmind/formal-conjectures/blob/main/FormalConjectures/Arxiv/math.0608009/PoissonConjecture.lean	Apache-2.0
fc-arxiv-math-0608009-poissonconjecture-poisson-conjecture-dime-2	Poisson Conjecture, variant dimension two	mathematics	2	statement				algebraic geometry,nonassociative rings,rational,endomorphism,gives	solved	https://github.com/google-deepmind/formal-conjectures/blob/main/FormalConjectures/Arxiv/math.0608009/PoissonConjecture.lean	Apache-2.0
fc-arxiv-math-0608009-poissonconjecture-poisson-conjecture-dime-3	Poisson Conjecture, variant dimension three	mathematics	2	statement				algebraic geometry,nonassociative rings,dimension,jacobian,poisson	solved	https://github.com/google-deepmind/formal-conjectures/blob/main/FormalConjectures/Arxiv/math.0608009/PoissonConjecture.lean	Apache-2.0
fc-arxiv-math-0608009-poissonconjecture-poisson-conjecture-dime-4	Poisson Conjecture, variant dimension ge two	mathematics	2	statement				algebraic geometry,nonassociative rings,dimension,canonical,counterexample	solved	https://github.com/google-deepmind/formal-conjectures/blob/main/FormalConjectures/Arxiv/math.0608009/PoissonConjecture.lean	Apache-2.0
fc-arxiv-math-0608009-poissonconjecture-poisson-conjecture-jaco	Poisson Conjecture, variant jacobian implication	mathematics	2	statement				algebraic geometry,nonassociative rings,dimension,theorem,implies	solved	https://github.com/google-deepmind/formal-conjectures/blob/main/FormalConjectures/Arxiv/math.0608009/PoissonConjecture.lean	Apache-2.0
fc-arxiv-math-0703548-farrelljonesconsequences-projective-modul	Farrell Jones Consequences	mathematics	3	statement				associative rings,K-theory,group theory,group,projective	open	https://github.com/google-deepmind/formal-conjectures/blob/main/FormalConjectures/Arxiv/math.0703548/FarrellJonesConsequences.lean	Apache-2.0
